task_id,repository,branch,checkpoint_days,replay_status,derived_failure_category,matched_rule,source_commit,failure_detail_sha256,evidence_line,source_id,evidence_role,claim_boundary
astropy__astropy-12907,astropy/astropy,human,7,future_textual_conflict,future_target_missing,No such file or directory,97be610d13cf314b28ffe8eddc20f9affa8a05ca,e2d1bdac2dcf851872187b834af4f6871150393424bac1ff09bd7b5b98b19ee1,98368901863b906b4cd5c1c7173d971961a16e1b: error: docs/changes/modeling/12907.bugfix.rst: No such file or directory,failure_log,primary,"Deterministic log classification only. Categories describe observed replay/tool states and do not prove patch quality, semantic failure, survival, or causality."
astropy__astropy-12907,astropy/astropy,OrcaLoca,7,future_textual_conflict,future_target_missing,No such file or directory,97be610d13cf314b28ffe8eddc20f9affa8a05ca,e2d1bdac2dcf851872187b834af4f6871150393424bac1ff09bd7b5b98b19ee1,98368901863b906b4cd5c1c7173d971961a16e1b: error: docs/changes/modeling/12907.bugfix.rst: No such file or directory,failure_log,primary,"Deterministic log classification only. Categories describe observed replay/tool states and do not prove patch quality, semantic failure, survival, or causality."
astropy__astropy-14182,astropy/astropy,human,7,checkpoint_replay_completed,completed,replay_status=checkpoint_replay_completed,a5ccc9522ca139df7a7cf4e2e506ffd288e55620,6d1cf48317840a6f1c6402200e6df1cb962baf94547f217179fea4bacf1e8095,"{""build"": {""returncode"": 0, ""timed_out"": false, ""duration_seconds"": 11.166, ""stdout_sha256"": ""e3b0c44298fc1c149afbf4c8996fb92427ae41e4649b934ca495991b7852b855"", ""stderr_sha256"": ""e3b0c44298fc1c149afbf4c8996fb92427ae41e4649b934ca495991b7852b855"", ""stdout_head"": """", ""stderr_head"": """", ""stdout_tail"": """", ""stderr_tail"": """"}, ""future_test"": {""returncode"": 4, ""timed_out"": false, ""duration_seconds"": 1.171, ""stdout_sha256"": ""e3b0c44298fc1c149afbf4c8996fb92427ae41e4649b934ca495991b7852b855"", ""stderr_sha2",failure_log,primary,"Deterministic log classification only. Categories describe observed replay/tool states and do not prove patch quality, semantic failure, survival, or causality."
astropy__astropy-14182,astropy/astropy,OrcaLoca,7,checkpoint_replay_completed,completed,replay_status=checkpoint_replay_completed,a5ccc9522ca139df7a7cf4e2e506ffd288e55620,73206dd0cae553eaf78f0e52d623d1818a4529b2e500d4d6c4e3bc0d072e09be,"{""build"": {""returncode"": 0, ""timed_out"": false, ""duration_seconds"": 7.336, ""stdout_sha256"": ""e3b0c44298fc1c149afbf4c8996fb92427ae41e4649b934ca495991b7852b855"", ""stderr_sha256"": ""e3b0c44298fc1c149afbf4c8996fb92427ae41e4649b934ca495991b7852b855"", ""stdout_head"": """", ""stderr_head"": """", ""stdout_tail"": """", ""stderr_tail"": """"}, ""future_test"": {""returncode"": 4, ""timed_out"": false, ""duration_seconds"": 0.353, ""stdout_sha256"": ""e3b0c44298fc1c149afbf4c8996fb92427ae41e4649b934ca495991b7852b855"", ""stderr_sha25",failure_log,primary,"Deterministic log classification only. Categories describe observed replay/tool states and do not prove patch quality, semantic failure, survival, or causality."
astropy__astropy-14365,astropy/astropy,human,7,checkpoint_replay_completed,completed,replay_status=checkpoint_replay_completed,5ac136ec0889b2829a7fb7e2065717c1b714a474,433d825493da472a61dc1416d76eefc42b477973925797d46a7bad717032c41f,"{""build"": {""returncode"": 0, ""timed_out"": false, ""duration_seconds"": 10.54, ""stdout_sha256"": ""e3b0c44298fc1c149afbf4c8996fb92427ae41e4649b934ca495991b7852b855"", ""stderr_sha256"": ""e3b0c44298fc1c149afbf4c8996fb92427ae41e4649b934ca495991b7852b855"", ""stdout_head"": """", ""stderr_head"": """", ""stdout_tail"": """", ""stderr_tail"": """"}, ""future_test"": {""returncode"": 4, ""timed_out"": false, ""duration_seconds"": 0.482, ""stdout_sha256"": ""e3b0c44298fc1c149afbf4c8996fb92427ae41e4649b934ca495991b7852b855"", ""stderr_sha25",failure_log,primary,"Deterministic log classification only. Categories describe observed replay/tool states and do not prove patch quality, semantic failure, survival, or causality."
astropy__astropy-14365,astropy/astropy,OrcaLoca,7,checkpoint_replay_completed,completed,replay_status=checkpoint_replay_completed,5ac136ec0889b2829a7fb7e2065717c1b714a474,19dd0e2a47e6a81eb282cb66db7e7b8cd16574062e2150bf8d3c655d5d1463b1,"{""build"": {""returncode"": 0, ""timed_out"": false, ""duration_seconds"": 10.708, ""stdout_sha256"": ""e3b0c44298fc1c149afbf4c8996fb92427ae41e4649b934ca495991b7852b855"", ""stderr_sha256"": ""e3b0c44298fc1c149afbf4c8996fb92427ae41e4649b934ca495991b7852b855"", ""stdout_head"": """", ""stderr_head"": """", ""stdout_tail"": """", ""stderr_tail"": """"}, ""future_test"": {""returncode"": 4, ""timed_out"": false, ""duration_seconds"": 0.705, ""stdout_sha256"": ""e3b0c44298fc1c149afbf4c8996fb92427ae41e4649b934ca495991b7852b855"", ""stderr_sha2",failure_log,primary,"Deterministic log classification only. Categories describe observed replay/tool states and do not prove patch quality, semantic failure, survival, or causality."
matplotlib__matplotlib-22711,matplotlib/matplotlib,human,7,checkpoint_replay_completed,completed,replay_status=checkpoint_replay_completed,33b301589f2a164110df15f6187853692fb0135b,0840825a984a42c64720773b0bf9f19e5ea55ff98a5e9b83b36873147f5e754e,"{""build"": {""returncode"": 0, ""timed_out"": false, ""duration_seconds"": 7.37, ""stdout_sha256"": ""e3b0c44298fc1c149afbf4c8996fb92427ae41e4649b934ca495991b7852b855"", ""stderr_sha256"": ""e3b0c44298fc1c149afbf4c8996fb92427ae41e4649b934ca495991b7852b855"", ""stdout_head"": """", ""stderr_head"": """", ""stdout_tail"": """", ""stderr_tail"": """"}, ""future_test"": {""returncode"": 4, ""timed_out"": false, ""duration_seconds"": 0.698, ""stdout_sha256"": ""e3b0c44298fc1c149afbf4c8996fb92427ae41e4649b934ca495991b7852b855"", ""stderr_sha256",failure_log,primary,"Deterministic log classification only. Categories describe observed replay/tool states and do not prove patch quality, semantic failure, survival, or causality."
matplotlib__matplotlib-22711,matplotlib/matplotlib,OrcaLoca,7,checkpoint_replay_completed,completed,replay_status=checkpoint_replay_completed,33b301589f2a164110df15f6187853692fb0135b,7e92d958670ef004c31546783b38f0ae510977cc199a77d1bfbe06557a42a299,"{""build"": {""returncode"": 0, ""timed_out"": false, ""duration_seconds"": 10.318, ""stdout_sha256"": ""e3b0c44298fc1c149afbf4c8996fb92427ae41e4649b934ca495991b7852b855"", ""stderr_sha256"": ""e3b0c44298fc1c149afbf4c8996fb92427ae41e4649b934ca495991b7852b855"", ""stdout_head"": """", ""stderr_head"": """", ""stdout_tail"": """", ""stderr_tail"": """"}, ""future_test"": {""returncode"": 4, ""timed_out"": false, ""duration_seconds"": 0.838, ""stdout_sha256"": ""e3b0c44298fc1c149afbf4c8996fb92427ae41e4649b934ca495991b7852b855"", ""stderr_sha2",failure_log,primary,"Deterministic log classification only. Categories describe observed replay/tool states and do not prove patch quality, semantic failure, survival, or causality."
matplotlib__matplotlib-23299,matplotlib/matplotlib,human,7,checkpoint_replay_completed,completed,replay_status=checkpoint_replay_completed,cd9d371cd473b286310845ada9e5a3e786630e1a,0d901b0979ae6c507257718e941cc916e22ee0db202b6838c3e4942f38c46f0d,"{""build"": {""returncode"": 0, ""timed_out"": false, ""duration_seconds"": 13.561, ""stdout_sha256"": ""e3b0c44298fc1c149afbf4c8996fb92427ae41e4649b934ca495991b7852b855"", ""stderr_sha256"": ""e3b0c44298fc1c149afbf4c8996fb92427ae41e4649b934ca495991b7852b855"", ""stdout_head"": """", ""stderr_head"": """", ""stdout_tail"": """", ""stderr_tail"": """"}, ""future_test"": {""returncode"": 4, ""timed_out"": false, ""duration_seconds"": 0.907, ""stdout_sha256"": ""e3b0c44298fc1c149afbf4c8996fb92427ae41e4649b934ca495991b7852b855"", ""stderr_sha2",failure_log,primary,"Deterministic log classification only. Categories describe observed replay/tool states and do not prove patch quality, semantic failure, survival, or causality."
matplotlib__matplotlib-23299,matplotlib/matplotlib,OrcaLoca,7,checkpoint_replay_completed,completed,replay_status=checkpoint_replay_completed,cd9d371cd473b286310845ada9e5a3e786630e1a,101e6dd041df05114e3443679d548ed0f1183e74a8a4c1e6a2ea977b16fa4309,"{""build"": {""returncode"": 0, ""timed_out"": false, ""duration_seconds"": 14.079, ""stdout_sha256"": ""e3b0c44298fc1c149afbf4c8996fb92427ae41e4649b934ca495991b7852b855"", ""stderr_sha256"": ""e3b0c44298fc1c149afbf4c8996fb92427ae41e4649b934ca495991b7852b855"", ""stdout_head"": """", ""stderr_head"": """", ""stdout_tail"": """", ""stderr_tail"": """"}, ""future_test"": {""returncode"": 4, ""timed_out"": false, ""duration_seconds"": 0.995, ""stdout_sha256"": ""e3b0c44298fc1c149afbf4c8996fb92427ae41e4649b934ca495991b7852b855"", ""stderr_sha2",failure_log,primary,"Deterministic log classification only. Categories describe observed replay/tool states and do not prove patch quality, semantic failure, survival, or causality."
matplotlib__matplotlib-23314,matplotlib/matplotlib,human,7,checkpoint_replay_completed,completed,replay_status=checkpoint_replay_completed,b02334b6e207bf155c1fa92e50a6607abdf4633a,258e66863ff1ffd87dc83b202496f55d48b3c60e39f8e9bd39fc7d36627f1e60,"{""build"": {""returncode"": 0, ""timed_out"": false, ""duration_seconds"": 13.484, ""stdout_sha256"": ""e3b0c44298fc1c149afbf4c8996fb92427ae41e4649b934ca495991b7852b855"", ""stderr_sha256"": ""e3b0c44298fc1c149afbf4c8996fb92427ae41e4649b934ca495991b7852b855"", ""stdout_head"": """", ""stderr_head"": """", ""stdout_tail"": """", ""stderr_tail"": """"}, ""future_test"": {""returncode"": 4, ""timed_out"": false, ""duration_seconds"": 1.243, ""stdout_sha256"": ""e3b0c44298fc1c149afbf4c8996fb92427ae41e4649b934ca495991b7852b855"", ""stderr_sha2",failure_log,primary,"Deterministic log classification only. Categories describe observed replay/tool states and do not prove patch quality, semantic failure, survival, or causality."
matplotlib__matplotlib-23314,matplotlib/matplotlib,OrcaLoca,7,checkpoint_replay_completed,completed,replay_status=checkpoint_replay_completed,b02334b6e207bf155c1fa92e50a6607abdf4633a,041406a79468fffd2c136ae6d3c558f59f7de18f8ba082c2ba1fce6b4dec1e31,"{""build"": {""returncode"": 0, ""timed_out"": false, ""duration_seconds"": 13.384, ""stdout_sha256"": ""e3b0c44298fc1c149afbf4c8996fb92427ae41e4649b934ca495991b7852b855"", ""stderr_sha256"": ""e3b0c44298fc1c149afbf4c8996fb92427ae41e4649b934ca495991b7852b855"", ""stdout_head"": """", ""stderr_head"": """", ""stdout_tail"": """", ""stderr_tail"": """"}, ""future_test"": {""returncode"": 4, ""timed_out"": false, ""duration_seconds"": 1.046, ""stdout_sha256"": ""e3b0c44298fc1c149afbf4c8996fb92427ae41e4649b934ca495991b7852b855"", ""stderr_sha2",failure_log,primary,"Deterministic log classification only. Categories describe observed replay/tool states and do not prove patch quality, semantic failure, survival, or causality."
mwaskom__seaborn-2848,mwaskom/seaborn,human,7,future_textual_conflict,future_patch_not_applicable,patch failed/does not apply,5ccd131e2b9abf7ebe335d429fba86fea9ca28d6,08dd30ee11e4aaeef1f38cd0a582ec5a91e72e89aeef001e822996da0795e7e4,1a27ce304d947bfdf77383ab452bd2ded812d057: error: patch failed: doc/releases/v0.12.0.txt:63,failure_log,primary,"Deterministic log classification only. Categories describe observed replay/tool states and do not prove patch quality, semantic failure, survival, or causality."
mwaskom__seaborn-2848,mwaskom/seaborn,OrcaLoca,7,future_textual_conflict,future_patch_not_applicable,patch failed/does not apply,5ccd131e2b9abf7ebe335d429fba86fea9ca28d6,08dd30ee11e4aaeef1f38cd0a582ec5a91e72e89aeef001e822996da0795e7e4,1a27ce304d947bfdf77383ab452bd2ded812d057: error: patch failed: doc/releases/v0.12.0.txt:63,failure_log,primary,"Deterministic log classification only. Categories describe observed replay/tool states and do not prove patch quality, semantic failure, survival, or causality."
mwaskom__seaborn-3010,mwaskom/seaborn,human,7,checkpoint_replay_completed,completed,replay_status=checkpoint_replay_completed,1d4bec6bfdb52a39ed465916ac93e0b5ad828cd2,40780d973e3b73038c93abbeafda771c4ccdb57d730c4da8bf61b48e5715772a,"{""build"": {""returncode"": 0, ""timed_out"": false, ""duration_seconds"": 2.254, ""stdout_sha256"": ""e3b0c44298fc1c149afbf4c8996fb92427ae41e4649b934ca495991b7852b855"", ""stderr_sha256"": ""9fba11ff97e771248f80b155196722b30e5ad83f0c1118d40d00203bba35f1e4"", ""stdout_head"": """", ""stderr_head"": "".\\doc\\conf.py:99: SyntaxWarning: invalid escape sequence '\\s'\r\n  .. |API| replace:: :raw-html:`<span class=\""badge badge-api\"">API</span>` :raw-latex:`{\\small\\sc [API]}`\r\n"", ""stdout_tail"": """", ""stderr_tail"": "".\",failure_log,primary,"Deterministic log classification only. Categories describe observed replay/tool states and do not prove patch quality, semantic failure, survival, or causality."
mwaskom__seaborn-3010,mwaskom/seaborn,OrcaLoca,7,checkpoint_replay_completed,completed,replay_status=checkpoint_replay_completed,1d4bec6bfdb52a39ed465916ac93e0b5ad828cd2,c7788ad02a612b2ece52630439e0ab7a1bc124f3d25fd0ee4b28eaf88fb50a35,"{""build"": {""returncode"": 0, ""timed_out"": false, ""duration_seconds"": 1.825, ""stdout_sha256"": ""e3b0c44298fc1c149afbf4c8996fb92427ae41e4649b934ca495991b7852b855"", ""stderr_sha256"": ""9fba11ff97e771248f80b155196722b30e5ad83f0c1118d40d00203bba35f1e4"", ""stdout_head"": """", ""stderr_head"": "".\\doc\\conf.py:99: SyntaxWarning: invalid escape sequence '\\s'\r\n  .. |API| replace:: :raw-html:`<span class=\""badge badge-api\"">API</span>` :raw-latex:`{\\small\\sc [API]}`\r\n"", ""stdout_tail"": """", ""stderr_tail"": "".\",failure_log,primary,"Deterministic log classification only. Categories describe observed replay/tool states and do not prove patch quality, semantic failure, survival, or causality."
mwaskom__seaborn-3190,mwaskom/seaborn,human,7,future_textual_conflict,future_patch_not_applicable,patch failed/does not apply,9b0baf65c879889489a4cce92aef552536e571eb,5ee20a1e21e718984af93caaa8244c5afef18bb3260ff0a54c30f44125392b44,10c3ed87a42bcaed74b115252eeb4b88ebc1597f: error: patch failed: doc/whatsnew/v0.12.2.rst:1,failure_log,primary,"Deterministic log classification only. Categories describe observed replay/tool states and do not prove patch quality, semantic failure, survival, or causality."
mwaskom__seaborn-3190,mwaskom/seaborn,OrcaLoca,7,future_textual_conflict,future_patch_not_applicable,patch failed/does not apply,9b0baf65c879889489a4cce92aef552536e571eb,5ee20a1e21e718984af93caaa8244c5afef18bb3260ff0a54c30f44125392b44,10c3ed87a42bcaed74b115252eeb4b88ebc1597f: error: patch failed: doc/whatsnew/v0.12.2.rst:1,failure_log,primary,"Deterministic log classification only. Categories describe observed replay/tool states and do not prove patch quality, semantic failure, survival, or causality."
pallets__flask-4045,pallets/flask,human,7,future_textual_conflict,future_patch_not_applicable,patch failed/does not apply,83f7efa04708a22c9701488f0f29b59c2b756bef,650be24e37128f4942bb55fa8aa93525482c384a7b3f2e524822012f2f677104,2846abaefed01f1da0d58ca3a83a2a09bea71e9c: error: patch failed: src/flask/__init__.py:43,failure_log,primary,"Deterministic log classification only. Categories describe observed replay/tool states and do not prove patch quality, semantic failure, survival, or causality."
pallets__flask-4045,pallets/flask,OrcaLoca,7,future_textual_conflict,future_patch_not_applicable,patch failed/does not apply,83f7efa04708a22c9701488f0f29b59c2b756bef,650be24e37128f4942bb55fa8aa93525482c384a7b3f2e524822012f2f677104,2846abaefed01f1da0d58ca3a83a2a09bea71e9c: error: patch failed: src/flask/__init__.py:43,failure_log,primary,"Deterministic log classification only. Categories describe observed replay/tool states and do not prove patch quality, semantic failure, survival, or causality."
pallets__flask-5063,pallets/flask,human,7,future_textual_conflict,future_patch_not_applicable,patch failed/does not apply,9659b11a45281662c6aa1194dc95b46b1f566ba6,141b44b87c115be4a34d384e04b1aeeccae75350216f6d9dad9320d099c46b8a,a4ea5df5d565128118b6ceaaf372233eef23e238: error: patch failed: CHANGES.rst:46,failure_log,primary,"Deterministic log classification only. Categories describe observed replay/tool states and do not prove patch quality, semantic failure, survival, or causality."
pallets__flask-5063,pallets/flask,OrcaLoca,7,future_textual_conflict,future_patch_not_applicable,patch failed/does not apply,9659b11a45281662c6aa1194dc95b46b1f566ba6,141b44b87c115be4a34d384e04b1aeeccae75350216f6d9dad9320d099c46b8a,a4ea5df5d565128118b6ceaaf372233eef23e238: error: patch failed: CHANGES.rst:46,failure_log,primary,"Deterministic log classification only. Categories describe observed replay/tool states and do not prove patch quality, semantic failure, survival, or causality."
pylint-dev__pylint-6506,pylint-dev/pylint,human,7,task_setup_failure,task_setup_failure,replay_status=task_setup_failure,f4d42c8f1d727d0f0ecada358ff3bf3abeb89fd3,8cf8436f37ed371b6e5d3367149d920128de251c60a9c70a12fb8520fa1781f2,Traceback (most recent call last):,failure_log,primary,"Deterministic log classification only. Categories describe observed replay/tool states and do not prove patch quality, semantic failure, survival, or causality."
pylint-dev__pylint-6506,pylint-dev/pylint,OrcaLoca,7,task_setup_failure,task_setup_failure,replay_status=task_setup_failure,f4d42c8f1d727d0f0ecada358ff3bf3abeb89fd3,8cf8436f37ed371b6e5d3367149d920128de251c60a9c70a12fb8520fa1781f2,Traceback (most recent call last):,failure_log,primary,"Deterministic log classification only. Categories describe observed replay/tool states and do not prove patch quality, semantic failure, survival, or causality."
pylint-dev__pylint-7080,pylint-dev/pylint,human,7,task_setup_failure,task_setup_failure,replay_status=task_setup_failure,c1ffa59508841c87e4720c72b2d40fc0ae795622,2c74e9496d3d8d8adaa33e7a52ceabdc623753ab9d9517a78dc06d2950973b6e,Traceback (most recent call last):,failure_log,primary,"Deterministic log classification only. Categories describe observed replay/tool states and do not prove patch quality, semantic failure, survival, or causality."
pylint-dev__pylint-7080,pylint-dev/pylint,OrcaLoca,7,task_setup_failure,task_setup_failure,replay_status=task_setup_failure,c1ffa59508841c87e4720c72b2d40fc0ae795622,2c74e9496d3d8d8adaa33e7a52ceabdc623753ab9d9517a78dc06d2950973b6e,Traceback (most recent call last):,failure_log,primary,"Deterministic log classification only. Categories describe observed replay/tool states and do not prove patch quality, semantic failure, survival, or causality."
pylint-dev__pylint-7228,pylint-dev/pylint,human,7,source_unavailable_during_replay,source_unavailable,replay_status=source_unavailable_during_replay,e0ecc35e93c4dc32b691cfb8a3ad526ebfafb086,ecf9718e95da696968496f34f216614eb0824085ba92df704939386002dfed3a,fatal: could not fetch 8f409a5c4f2fe371df7b12ca174c590543f904ea from promisor remote,failure_log,primary,"Deterministic log classification only. Categories describe observed replay/tool states and do not prove patch quality, semantic failure, survival, or causality."
pylint-dev__pylint-7228,pylint-dev/pylint,OrcaLoca,7,source_unavailable_during_replay,source_unavailable,replay_status=source_unavailable_during_replay,e0ecc35e93c4dc32b691cfb8a3ad526ebfafb086,ecf9718e95da696968496f34f216614eb0824085ba92df704939386002dfed3a,fatal: could not fetch 8f409a5c4f2fe371df7b12ca174c590543f904ea from promisor remote,failure_log,primary,"Deterministic log classification only. Categories describe observed replay/tool states and do not prove patch quality, semantic failure, survival, or causality."
pytest-dev__pytest-5221,pytest-dev/pytest,human,7,source_unavailable_during_replay,source_unavailable,replay_status=source_unavailable_during_replay,58e6a09db49f34886ff13f3b7520dd0bcd7063cd,48e98c8cd2f4912b6ac7406dc34e8ed859e5d1107281279cec70c90f8dda179c,fatal: could not fetch ecbba1255865a738c4a8f900d3c5c9e5ff5812e0 from promisor remote,failure_log,primary,"Deterministic log classification only. Categories describe observed replay/tool states and do not prove patch quality, semantic failure, survival, or causality."
pytest-dev__pytest-5221,pytest-dev/pytest,OrcaLoca,7,source_unavailable_during_replay,source_unavailable,replay_status=source_unavailable_during_replay,58e6a09db49f34886ff13f3b7520dd0bcd7063cd,48e98c8cd2f4912b6ac7406dc34e8ed859e5d1107281279cec70c90f8dda179c,fatal: could not fetch ecbba1255865a738c4a8f900d3c5c9e5ff5812e0 from promisor remote,failure_log,primary,"Deterministic log classification only. Categories describe observed replay/tool states and do not prove patch quality, semantic failure, survival, or causality."
pytest-dev__pytest-5227,pytest-dev/pytest,human,7,source_unavailable_during_replay,source_unavailable,replay_status=source_unavailable_during_replay,494ac28a320f9095d0a60d7d9a0158a04d1a09ed,48e98c8cd2f4912b6ac7406dc34e8ed859e5d1107281279cec70c90f8dda179c,fatal: could not fetch ecbba1255865a738c4a8f900d3c5c9e5ff5812e0 from promisor remote,failure_log,primary,"Deterministic log classification only. Categories describe observed replay/tool states and do not prove patch quality, semantic failure, survival, or causality."
pytest-dev__pytest-5227,pytest-dev/pytest,OrcaLoca,7,source_unavailable_during_replay,source_unavailable,replay_status=source_unavailable_during_replay,494ac28a320f9095d0a60d7d9a0158a04d1a09ed,48e98c8cd2f4912b6ac7406dc34e8ed859e5d1107281279cec70c90f8dda179c,fatal: could not fetch ecbba1255865a738c4a8f900d3c5c9e5ff5812e0 from promisor remote,failure_log,primary,"Deterministic log classification only. Categories describe observed replay/tool states and do not prove patch quality, semantic failure, survival, or causality."
scikit-learn__scikit-learn-10297,scikit-learn/scikit-learn,human,7,checkpoint_replay_completed,completed,replay_status=checkpoint_replay_completed,3bcfd07a5f65c4a218533f79048d7f6ee16e606c,15c56577fd750d0476fb2fde37cfd723afdd41d0aeb35c5dd82c012ab362b242,"{""build"": {""returncode"": 0, ""timed_out"": false, ""duration_seconds"": 6.523, ""stdout_sha256"": ""e3b0c44298fc1c149afbf4c8996fb92427ae41e4649b934ca495991b7852b855"", ""stderr_sha256"": ""c726aad25aa291e96a04ae8bef197ebede1008c423f0bdb028cc724e7394c5b6"", ""stdout_head"": """", ""stderr_head"": "".\\benchmarks\\bench_plot_randomized_svd.py:242: SyntaxWarning: \""is not\"" with 'str' literal. Did you mean \""!=\""?\r\n  if method is not 'fbpca':\r\n.\\examples\\applications\\svm_gui.py:171: SyntaxWarning: invalid esca",failure_log,primary,"Deterministic log classification only. Categories describe observed replay/tool states and do not prove patch quality, semantic failure, survival, or causality."
scikit-learn__scikit-learn-10297,scikit-learn/scikit-learn,OrcaLoca,7,checkpoint_replay_completed,completed,replay_status=checkpoint_replay_completed,3bcfd07a5f65c4a218533f79048d7f6ee16e606c,f4ed8f6296f82658c2ce4641ab930cf6c18e8fc59c281ab131d78a1cff8f23aa,"{""build"": {""returncode"": 0, ""timed_out"": false, ""duration_seconds"": 5.004, ""stdout_sha256"": ""e3b0c44298fc1c149afbf4c8996fb92427ae41e4649b934ca495991b7852b855"", ""stderr_sha256"": ""c726aad25aa291e96a04ae8bef197ebede1008c423f0bdb028cc724e7394c5b6"", ""stdout_head"": """", ""stderr_head"": "".\\benchmarks\\bench_plot_randomized_svd.py:242: SyntaxWarning: \""is not\"" with 'str' literal. Did you mean \""!=\""?\r\n  if method is not 'fbpca':\r\n.\\examples\\applications\\svm_gui.py:171: SyntaxWarning: invalid esca",failure_log,primary,"Deterministic log classification only. Categories describe observed replay/tool states and do not prove patch quality, semantic failure, survival, or causality."
scikit-learn__scikit-learn-10508,scikit-learn/scikit-learn,human,7,checkpoint_replay_completed,completed,replay_status=checkpoint_replay_completed,ad230bce1a418232ed3ee4141199b80eec9b214f,79f86b51cc4a65b447bac24b1d8e1339d6c45e6a629dc9dddb692b4b722509eb,"{""build"": {""returncode"": 0, ""timed_out"": false, ""duration_seconds"": 4.659, ""stdout_sha256"": ""e3b0c44298fc1c149afbf4c8996fb92427ae41e4649b934ca495991b7852b855"", ""stderr_sha256"": ""aa55c6f92dae19e9cae4c692b9eb140307ebde302d10b9c52343f661052d2b24"", ""stdout_head"": """", ""stderr_head"": "".\\benchmarks\\bench_plot_randomized_svd.py:242: SyntaxWarning: \""is not\"" with 'str' literal. Did you mean \""!=\""?\r\n  if method is not 'fbpca':\r\n.\\examples\\applications\\svm_gui.py:171: SyntaxWarning: invalid esca",failure_log,primary,"Deterministic log classification only. Categories describe observed replay/tool states and do not prove patch quality, semantic failure, survival, or causality."
scikit-learn__scikit-learn-10508,scikit-learn/scikit-learn,OrcaLoca,7,checkpoint_replay_completed,completed,replay_status=checkpoint_replay_completed,ad230bce1a418232ed3ee4141199b80eec9b214f,13ab697eb36ef935f9e89635c2e1561ab623bc9bb46ff46ef6a4ea640e911d1c,"{""build"": {""returncode"": 0, ""timed_out"": false, ""duration_seconds"": 5.111, ""stdout_sha256"": ""e3b0c44298fc1c149afbf4c8996fb92427ae41e4649b934ca495991b7852b855"", ""stderr_sha256"": ""aa55c6f92dae19e9cae4c692b9eb140307ebde302d10b9c52343f661052d2b24"", ""stdout_head"": """", ""stderr_head"": "".\\benchmarks\\bench_plot_randomized_svd.py:242: SyntaxWarning: \""is not\"" with 'str' literal. Did you mean \""!=\""?\r\n  if method is not 'fbpca':\r\n.\\examples\\applications\\svm_gui.py:171: SyntaxWarning: invalid esca",failure_log,primary,"Deterministic log classification only. Categories describe observed replay/tool states and do not prove patch quality, semantic failure, survival, or causality."
scikit-learn__scikit-learn-10949,scikit-learn/scikit-learn,human,7,checkpoint_replay_completed,completed,replay_status=checkpoint_replay_completed,ea05295a1c5617157a8a53019d84f6061b98a53b,076e8e140b45c803f07999cf44490d0cba6d9dbc2309f607daf775900530ba11,"{""build"": {""returncode"": 0, ""timed_out"": false, ""duration_seconds"": 6.143, ""stdout_sha256"": ""e3b0c44298fc1c149afbf4c8996fb92427ae41e4649b934ca495991b7852b855"", ""stderr_sha256"": ""1dee637bab47d2e64066d50238e4032561fbfa058113d0e050d5beb7e7bca311"", ""stdout_head"": """", ""stderr_head"": "".\\benchmarks\\bench_plot_randomized_svd.py:242: SyntaxWarning: \""is not\"" with 'str' literal. Did you mean \""!=\""?\r\n  if method is not 'fbpca':\r\n.\\examples\\applications\\svm_gui.py:171: SyntaxWarning: invalid esca",failure_log,primary,"Deterministic log classification only. Categories describe observed replay/tool states and do not prove patch quality, semantic failure, survival, or causality."
scikit-learn__scikit-learn-10949,scikit-learn/scikit-learn,OrcaLoca,7,checkpoint_replay_completed,completed,replay_status=checkpoint_replay_completed,ea05295a1c5617157a8a53019d84f6061b98a53b,3bf7418ad45a1b6b6e5b2cbd1b95d7a87354c56e7c8c70259f5239aa546045d8,"{""build"": {""returncode"": 0, ""timed_out"": false, ""duration_seconds"": 6.039, ""stdout_sha256"": ""e3b0c44298fc1c149afbf4c8996fb92427ae41e4649b934ca495991b7852b855"", ""stderr_sha256"": ""1dee637bab47d2e64066d50238e4032561fbfa058113d0e050d5beb7e7bca311"", ""stdout_head"": """", ""stderr_head"": "".\\benchmarks\\bench_plot_randomized_svd.py:242: SyntaxWarning: \""is not\"" with 'str' literal. Did you mean \""!=\""?\r\n  if method is not 'fbpca':\r\n.\\examples\\applications\\svm_gui.py:171: SyntaxWarning: invalid esca",failure_log,primary,"Deterministic log classification only. Categories describe observed replay/tool states and do not prove patch quality, semantic failure, survival, or causality."
sphinx-doc__sphinx-10325,sphinx-doc/sphinx,human,7,future_textual_conflict,future_patch_not_applicable,patch failed/does not apply,babc6a7f8f4968c7328922d04b8b8bc0f2a65beb,5f5357e9805f659ec0fd4c920ca11ae5a5ccc08acf7a568228f579b002e07d58,26a2e2935b3b18f197ca92aaa7a9808a5f567c21: error: patch failed: .github/workflows/transifex.yml:13,failure_log,primary,"Deterministic log classification only. Categories describe observed replay/tool states and do not prove patch quality, semantic failure, survival, or causality."
sphinx-doc__sphinx-10325,sphinx-doc/sphinx,OrcaLoca,7,future_textual_conflict,future_patch_not_applicable,patch failed/does not apply,babc6a7f8f4968c7328922d04b8b8bc0f2a65beb,5f5357e9805f659ec0fd4c920ca11ae5a5ccc08acf7a568228f579b002e07d58,26a2e2935b3b18f197ca92aaa7a9808a5f567c21: error: patch failed: .github/workflows/transifex.yml:13,failure_log,primary,"Deterministic log classification only. Categories describe observed replay/tool states and do not prove patch quality, semantic failure, survival, or causality."
sphinx-doc__sphinx-11445,sphinx-doc/sphinx,human,7,future_textual_conflict,future_patch_not_applicable,patch failed/does not apply,a549c6761520d4dc952ce0ced0d46330d123370b,829fd2097d5e3d337f67f28059dc560b32268f0d8ba2e7b06dc7911e8f166766,e11bf76919f4c2ccf6420fd7b4d2ab42901badf8: error: patch failed: CHANGES:58,failure_log,primary,"Deterministic log classification only. Categories describe observed replay/tool states and do not prove patch quality, semantic failure, survival, or causality."
sphinx-doc__sphinx-11445,sphinx-doc/sphinx,OrcaLoca,7,future_textual_conflict,future_patch_not_applicable,patch failed/does not apply,a549c6761520d4dc952ce0ced0d46330d123370b,829fd2097d5e3d337f67f28059dc560b32268f0d8ba2e7b06dc7911e8f166766,e11bf76919f4c2ccf6420fd7b4d2ab42901badf8: error: patch failed: CHANGES:58,failure_log,primary,"Deterministic log classification only. Categories describe observed replay/tool states and do not prove patch quality, semantic failure, survival, or causality."
sphinx-doc__sphinx-7686,sphinx-doc/sphinx,human,7,future_textual_conflict,future_patch_not_applicable,patch failed/does not apply,4ded1d5644b4d97e5bd7a82b102fb853fa1ceafa,4fa9aceaaa4e9276c371b8f5b44244cf893ddc70662ef7682e0097bf985951a8,ca15aacd6c92f72713a2e3d3aaa508f5fa9b5a1b: error: patch failed: CHANGES:1,failure_log,primary,"Deterministic log classification only. Categories describe observed replay/tool states and do not prove patch quality, semantic failure, survival, or causality."
sphinx-doc__sphinx-7686,sphinx-doc/sphinx,OrcaLoca,7,future_textual_conflict,future_patch_not_applicable,patch failed/does not apply,4ded1d5644b4d97e5bd7a82b102fb853fa1ceafa,4fa9aceaaa4e9276c371b8f5b44244cf893ddc70662ef7682e0097bf985951a8,ca15aacd6c92f72713a2e3d3aaa508f5fa9b5a1b: error: patch failed: CHANGES:1,failure_log,primary,"Deterministic log classification only. Categories describe observed replay/tool states and do not prove patch quality, semantic failure, survival, or causality."
sympy__sympy-11400,sympy/sympy,human,7,checkpoint_replay_completed,completed,replay_status=checkpoint_replay_completed,2befcc1014fe7ed8cd278f6f30edef98b33e3f2e,6f98f8d14150e84e112d822f81e1853b8cea066ca87ccc298d118270bdbbdae7,"{""build"": {""returncode"": 0, ""timed_out"": false, ""duration_seconds"": 13.109, ""stdout_sha256"": ""e3b0c44298fc1c149afbf4c8996fb92427ae41e4649b934ca495991b7852b855"", ""stderr_sha256"": ""affcdbb2b85bb5181e83efedeb386550d4d1c95f416fa54e7948230ac476385f"", ""stdout_head"": """", ""stderr_head"": "".\\doc\\ext\\docscrape.py:287: SyntaxWarning: invalid escape sequence '\\w'\r\n  if re.compile('^([\\w., ]+=)?\\s*[\\w\\.]+\\(.*\\)$').match(summary_str):\r\n.\\doc\\ext\\docscrape.py:341: SyntaxWarning: invalid escape ",failure_log,primary,"Deterministic log classification only. Categories describe observed replay/tool states and do not prove patch quality, semantic failure, survival, or causality."
sympy__sympy-11400,sympy/sympy,OrcaLoca,7,checkpoint_replay_completed,completed,replay_status=checkpoint_replay_completed,2befcc1014fe7ed8cd278f6f30edef98b33e3f2e,687990d4afa41bc666ef74b23a7fe2d14f4872eb3238169ee6f91fb4fd73bdae,"{""build"": {""returncode"": 0, ""timed_out"": false, ""duration_seconds"": 13.238, ""stdout_sha256"": ""e3b0c44298fc1c149afbf4c8996fb92427ae41e4649b934ca495991b7852b855"", ""stderr_sha256"": ""affcdbb2b85bb5181e83efedeb386550d4d1c95f416fa54e7948230ac476385f"", ""stdout_head"": """", ""stderr_head"": "".\\doc\\ext\\docscrape.py:287: SyntaxWarning: invalid escape sequence '\\w'\r\n  if re.compile('^([\\w., ]+=)?\\s*[\\w\\.]+\\(.*\\)$').match(summary_str):\r\n.\\doc\\ext\\docscrape.py:341: SyntaxWarning: invalid escape ",failure_log,primary,"Deterministic log classification only. Categories describe observed replay/tool states and do not prove patch quality, semantic failure, survival, or causality."
sympy__sympy-11870,sympy/sympy,human,7,checkpoint_replay_completed,completed,replay_status=checkpoint_replay_completed,41e59dd7e92350a90c792944953a7203325a6c4a,b51d34781bbfb613c8272964ae99a9300d9229d249a2291d142a7248f8c30d9f,"{""build"": {""returncode"": 0, ""timed_out"": false, ""duration_seconds"": 18.141, ""stdout_sha256"": ""e3b0c44298fc1c149afbf4c8996fb92427ae41e4649b934ca495991b7852b855"", ""stderr_sha256"": ""597a2215f3339f88a412fe5f7e6a9260da9612c459446f7a0c9b410a860c5601"", ""stdout_head"": """", ""stderr_head"": "".\\doc\\ext\\docscrape.py:287: SyntaxWarning: invalid escape sequence '\\w'\r\n  if re.compile('^([\\w., ]+=)?\\s*[\\w\\.]+\\(.*\\)$').match(summary_str):\r\n.\\doc\\ext\\docscrape.py:341: SyntaxWarning: invalid escape ",failure_log,primary,"Deterministic log classification only. Categories describe observed replay/tool states and do not prove patch quality, semantic failure, survival, or causality."
sympy__sympy-11870,sympy/sympy,OrcaLoca,7,checkpoint_replay_completed,completed,replay_status=checkpoint_replay_completed,41e59dd7e92350a90c792944953a7203325a6c4a,73c8190bc06c5526626ceb587de425c5303f81ad3f06e1cb3e621ea75eb8d255,"{""build"": {""returncode"": 0, ""timed_out"": false, ""duration_seconds"": 18.506, ""stdout_sha256"": ""e3b0c44298fc1c149afbf4c8996fb92427ae41e4649b934ca495991b7852b855"", ""stderr_sha256"": ""597a2215f3339f88a412fe5f7e6a9260da9612c459446f7a0c9b410a860c5601"", ""stdout_head"": """", ""stderr_head"": "".\\doc\\ext\\docscrape.py:287: SyntaxWarning: invalid escape sequence '\\w'\r\n  if re.compile('^([\\w., ]+=)?\\s*[\\w\\.]+\\(.*\\)$').match(summary_str):\r\n.\\doc\\ext\\docscrape.py:341: SyntaxWarning: invalid escape ",failure_log,primary,"Deterministic log classification only. Categories describe observed replay/tool states and do not prove patch quality, semantic failure, survival, or causality."
sympy__sympy-12171,sympy/sympy,human,7,checkpoint_replay_completed,completed,replay_status=checkpoint_replay_completed,b0cd9815155815fff24563f8483762f58c5a0139,c3d464be75a4ba7b56f8c09837aeac3a1089bf627c98ab9838d376f2686d9d81,"{""build"": {""returncode"": 0, ""timed_out"": false, ""duration_seconds"": 13.046, ""stdout_sha256"": ""e3b0c44298fc1c149afbf4c8996fb92427ae41e4649b934ca495991b7852b855"", ""stderr_sha256"": ""cdafa068024f63971cc0b761405c10e4d35e17e2f749dd8294aaa444563bc865"", ""stdout_head"": """", ""stderr_head"": "".\\doc\\ext\\docscrape.py:287: SyntaxWarning: invalid escape sequence '\\w'\r\n  if re.compile('^([\\w., ]+=)?\\s*[\\w\\.]+\\(.*\\)$').match(summary_str):\r\n.\\doc\\ext\\docscrape.py:341: SyntaxWarning: invalid escape ",failure_log,primary,"Deterministic log classification only. Categories describe observed replay/tool states and do not prove patch quality, semantic failure, survival, or causality."
sympy__sympy-12171,sympy/sympy,OrcaLoca,7,checkpoint_replay_completed,completed,replay_status=checkpoint_replay_completed,b0cd9815155815fff24563f8483762f58c5a0139,24aed941f52eea1426832af6d9e151260a02e151a0b2e677d81b0fe38ef3d4b8,"{""build"": {""returncode"": 0, ""timed_out"": false, ""duration_seconds"": 11.645, ""stdout_sha256"": ""e3b0c44298fc1c149afbf4c8996fb92427ae41e4649b934ca495991b7852b855"", ""stderr_sha256"": ""cdafa068024f63971cc0b761405c10e4d35e17e2f749dd8294aaa444563bc865"", ""stdout_head"": """", ""stderr_head"": "".\\doc\\ext\\docscrape.py:287: SyntaxWarning: invalid escape sequence '\\w'\r\n  if re.compile('^([\\w., ]+=)?\\s*[\\w\\.]+\\(.*\\)$').match(summary_str):\r\n.\\doc\\ext\\docscrape.py:341: SyntaxWarning: invalid escape ",failure_log,primary,"Deterministic log classification only. Categories describe observed replay/tool states and do not prove patch quality, semantic failure, survival, or causality."
astropy__astropy-14995,astropy/astropy,human,7,checkpoint_replay_completed,completed,replay_status=checkpoint_replay_completed,c0702dae400e4a3445afcb62e65e298b9d2f7465,e5d4c3b7ce9e3414aa47c67a516e32da20e1f619b011c72382d695c68ecd1981,"{""build"": {""returncode"": 0, ""timed_out"": false, ""duration_seconds"": 9.819, ""stdout_sha256"": ""e3b0c44298fc1c149afbf4c8996fb92427ae41e4649b934ca495991b7852b855"", ""stderr_sha256"": ""e3b0c44298fc1c149afbf4c8996fb92427ae41e4649b934ca495991b7852b855"", ""stdout_head"": """", ""stderr_head"": """", ""stdout_tail"": """", ""stderr_tail"": """"}, ""future_test"": {""returncode"": 4, ""timed_out"": false, ""duration_seconds"": 0.465, ""stdout_sha256"": ""e3b0c44298fc1c149afbf4c8996fb92427ae41e4649b934ca495991b7852b855"", ""stderr_sha25",failure_log,primary,"Deterministic log classification only. Categories describe observed replay/tool states and do not prove patch quality, semantic failure, survival, or causality."
astropy__astropy-14995,astropy/astropy,OrcaLoca,7,checkpoint_replay_completed,completed,replay_status=checkpoint_replay_completed,c0702dae400e4a3445afcb62e65e298b9d2f7465,575922568925a967cc0cb335a7518cc84a9072711c0e2a68526bade36fda3317,"{""build"": {""returncode"": 0, ""timed_out"": false, ""duration_seconds"": 9.802, ""stdout_sha256"": ""e3b0c44298fc1c149afbf4c8996fb92427ae41e4649b934ca495991b7852b855"", ""stderr_sha256"": ""e3b0c44298fc1c149afbf4c8996fb92427ae41e4649b934ca495991b7852b855"", ""stdout_head"": """", ""stderr_head"": """", ""stdout_tail"": """", ""stderr_tail"": """"}, ""future_test"": {""returncode"": 4, ""timed_out"": false, ""duration_seconds"": 0.422, ""stdout_sha256"": ""e3b0c44298fc1c149afbf4c8996fb92427ae41e4649b934ca495991b7852b855"", ""stderr_sha25",failure_log,primary,"Deterministic log classification only. Categories describe observed replay/tool states and do not prove patch quality, semantic failure, survival, or causality."
matplotlib__matplotlib-23476,matplotlib/matplotlib,human,7,checkpoint_replay_completed,completed,replay_status=checkpoint_replay_completed,3c748ff8a6e249d7f0812210198b6edf7952b6b1,5804b9797cde420baa64cc2f2b95b82b8b6e2a573375c63234a9fbf98f006c13,"{""build"": {""returncode"": 0, ""timed_out"": false, ""duration_seconds"": 9.105, ""stdout_sha256"": ""e3b0c44298fc1c149afbf4c8996fb92427ae41e4649b934ca495991b7852b855"", ""stderr_sha256"": ""e3b0c44298fc1c149afbf4c8996fb92427ae41e4649b934ca495991b7852b855"", ""stdout_head"": """", ""stderr_head"": """", ""stdout_tail"": """", ""stderr_tail"": """"}, ""future_test"": {""returncode"": 4, ""timed_out"": false, ""duration_seconds"": 1.046, ""stdout_sha256"": ""e3b0c44298fc1c149afbf4c8996fb92427ae41e4649b934ca495991b7852b855"", ""stderr_sha25",failure_log,primary,"Deterministic log classification only. Categories describe observed replay/tool states and do not prove patch quality, semantic failure, survival, or causality."
matplotlib__matplotlib-23476,matplotlib/matplotlib,OrcaLoca,7,checkpoint_replay_completed,completed,replay_status=checkpoint_replay_completed,3c748ff8a6e249d7f0812210198b6edf7952b6b1,e1cf36a9b6e40272dc157050ddc3026fa1201486b0fe9a6c477b07db4107d40d,"{""build"": {""returncode"": 0, ""timed_out"": false, ""duration_seconds"": 8.883, ""stdout_sha256"": ""e3b0c44298fc1c149afbf4c8996fb92427ae41e4649b934ca495991b7852b855"", ""stderr_sha256"": ""e3b0c44298fc1c149afbf4c8996fb92427ae41e4649b934ca495991b7852b855"", ""stdout_head"": """", ""stderr_head"": """", ""stdout_tail"": """", ""stderr_tail"": """"}, ""future_test"": {""returncode"": 4, ""timed_out"": false, ""duration_seconds"": 0.521, ""stdout_sha256"": ""e3b0c44298fc1c149afbf4c8996fb92427ae41e4649b934ca495991b7852b855"", ""stderr_sha25",failure_log,primary,"Deterministic log classification only. Categories describe observed replay/tool states and do not prove patch quality, semantic failure, survival, or causality."
matplotlib__matplotlib-23562,matplotlib/matplotlib,human,7,checkpoint_replay_completed,completed,replay_status=checkpoint_replay_completed,37300c359533828e87a3d2e0e3a90fb37c01cdf6,e873bd9b66f281320ea6c915c8839481a0cc9586101ceaeb001a4c0b6e6e89b4,"{""build"": {""returncode"": 0, ""timed_out"": false, ""duration_seconds"": 8.743, ""stdout_sha256"": ""e3b0c44298fc1c149afbf4c8996fb92427ae41e4649b934ca495991b7852b855"", ""stderr_sha256"": ""e3b0c44298fc1c149afbf4c8996fb92427ae41e4649b934ca495991b7852b855"", ""stdout_head"": """", ""stderr_head"": """", ""stdout_tail"": """", ""stderr_tail"": """"}, ""future_test"": {""returncode"": 4, ""timed_out"": false, ""duration_seconds"": 0.541, ""stdout_sha256"": ""e3b0c44298fc1c149afbf4c8996fb92427ae41e4649b934ca495991b7852b855"", ""stderr_sha25",failure_log,primary,"Deterministic log classification only. Categories describe observed replay/tool states and do not prove patch quality, semantic failure, survival, or causality."
matplotlib__matplotlib-23562,matplotlib/matplotlib,OrcaLoca,7,checkpoint_replay_completed,completed,replay_status=checkpoint_replay_completed,37300c359533828e87a3d2e0e3a90fb37c01cdf6,492079fe78af1af0f867befb9389ec57ec6301c188a59d5a95af64c2be32e66b,"{""build"": {""returncode"": 0, ""timed_out"": false, ""duration_seconds"": 8.781, ""stdout_sha256"": ""e3b0c44298fc1c149afbf4c8996fb92427ae41e4649b934ca495991b7852b855"", ""stderr_sha256"": ""e3b0c44298fc1c149afbf4c8996fb92427ae41e4649b934ca495991b7852b855"", ""stdout_head"": """", ""stderr_head"": """", ""stdout_tail"": """", ""stderr_tail"": """"}, ""future_test"": {""returncode"": 4, ""timed_out"": false, ""duration_seconds"": 0.556, ""stdout_sha256"": ""e3b0c44298fc1c149afbf4c8996fb92427ae41e4649b934ca495991b7852b855"", ""stderr_sha25",failure_log,primary,"Deterministic log classification only. Categories describe observed replay/tool states and do not prove patch quality, semantic failure, survival, or causality."
mwaskom__seaborn-3407,mwaskom/seaborn,human,7,checkpoint_replay_completed,completed,replay_status=checkpoint_replay_completed,7780305bae63d8be3416858ac35f6fa706bab4d6,69b901ef1e142edaa615cad3d2be6eb4a0f7e134dc1e82a44c93e23895628d7f,"{""build"": {""returncode"": 0, ""timed_out"": false, ""duration_seconds"": 1.529, ""stdout_sha256"": ""e3b0c44298fc1c149afbf4c8996fb92427ae41e4649b934ca495991b7852b855"", ""stderr_sha256"": ""9fba11ff97e771248f80b155196722b30e5ad83f0c1118d40d00203bba35f1e4"", ""stdout_head"": """", ""stderr_head"": "".\\doc\\conf.py:99: SyntaxWarning: invalid escape sequence '\\s'\r\n  .. |API| replace:: :raw-html:`<span class=\""badge badge-api\"">API</span>` :raw-latex:`{\\small\\sc [API]}`\r\n"", ""stdout_tail"": """", ""stderr_tail"": "".\",failure_log,primary,"Deterministic log classification only. Categories describe observed replay/tool states and do not prove patch quality, semantic failure, survival, or causality."
mwaskom__seaborn-3407,mwaskom/seaborn,OrcaLoca,7,checkpoint_replay_completed,completed,replay_status=checkpoint_replay_completed,7780305bae63d8be3416858ac35f6fa706bab4d6,65fa34f11412cc8a33044a14892312a778f30eb3365a82ae277eb3adf4cf51ae,"{""build"": {""returncode"": 0, ""timed_out"": false, ""duration_seconds"": 1.354, ""stdout_sha256"": ""e3b0c44298fc1c149afbf4c8996fb92427ae41e4649b934ca495991b7852b855"", ""stderr_sha256"": ""9fba11ff97e771248f80b155196722b30e5ad83f0c1118d40d00203bba35f1e4"", ""stdout_head"": """", ""stderr_head"": "".\\doc\\conf.py:99: SyntaxWarning: invalid escape sequence '\\s'\r\n  .. |API| replace:: :raw-html:`<span class=\""badge badge-api\"">API</span>` :raw-latex:`{\\small\\sc [API]}`\r\n"", ""stdout_tail"": """", ""stderr_tail"": "".\",failure_log,primary,"Deterministic log classification only. Categories describe observed replay/tool states and do not prove patch quality, semantic failure, survival, or causality."
scikit-learn__scikit-learn-11040,scikit-learn/scikit-learn,human,7,checkpoint_replay_completed,completed,replay_status=checkpoint_replay_completed,aca956b738c0a839eee473acea794662a2c65608,0c3a80631ef4ade450ae89e6df89a5cf6c10e9cbf554a03de30a30e6df1f2c55,"{""build"": {""returncode"": 0, ""timed_out"": false, ""duration_seconds"": 6.891, ""stdout_sha256"": ""e3b0c44298fc1c149afbf4c8996fb92427ae41e4649b934ca495991b7852b855"", ""stderr_sha256"": ""453ec17f067bc82203f4757ebbaab4142be80f64ffcc95af30e70726e33e08f8"", ""stdout_head"": """", ""stderr_head"": "".\\benchmarks\\bench_plot_randomized_svd.py:242: SyntaxWarning: \""is not\"" with 'str' literal. Did you mean \""!=\""?\r\n  if method is not 'fbpca':\r\n.\\examples\\applications\\svm_gui.py:171: SyntaxWarning: invalid esca",failure_log,primary,"Deterministic log classification only. Categories describe observed replay/tool states and do not prove patch quality, semantic failure, survival, or causality."
scikit-learn__scikit-learn-11040,scikit-learn/scikit-learn,OrcaLoca,7,checkpoint_replay_completed,completed,replay_status=checkpoint_replay_completed,aca956b738c0a839eee473acea794662a2c65608,813f54932d6400557e70b4ab32c6231d6d26655c61414886768eeb1d7a193c2a,"{""build"": {""returncode"": 0, ""timed_out"": false, ""duration_seconds"": 5.343, ""stdout_sha256"": ""e3b0c44298fc1c149afbf4c8996fb92427ae41e4649b934ca495991b7852b855"", ""stderr_sha256"": ""453ec17f067bc82203f4757ebbaab4142be80f64ffcc95af30e70726e33e08f8"", ""stdout_head"": """", ""stderr_head"": "".\\benchmarks\\bench_plot_randomized_svd.py:242: SyntaxWarning: \""is not\"" with 'str' literal. Did you mean \""!=\""?\r\n  if method is not 'fbpca':\r\n.\\examples\\applications\\svm_gui.py:171: SyntaxWarning: invalid esca",failure_log,primary,"Deterministic log classification only. Categories describe observed replay/tool states and do not prove patch quality, semantic failure, survival, or causality."
astropy__astropy-12907,astropy/astropy,human,30,future_textual_conflict,future_target_missing,No such file or directory,f5f39c0fff49347886f6d4e7670d7e67e37fd081,e2d1bdac2dcf851872187b834af4f6871150393424bac1ff09bd7b5b98b19ee1,98368901863b906b4cd5c1c7173d971961a16e1b: error: docs/changes/modeling/12907.bugfix.rst: No such file or directory,failure_log,primary,"Deterministic log classification only. Categories describe observed replay/tool states and do not prove patch quality, semantic failure, survival, or causality."
astropy__astropy-12907,astropy/astropy,OrcaLoca,30,future_textual_conflict,future_target_missing,No such file or directory,f5f39c0fff49347886f6d4e7670d7e67e37fd081,e2d1bdac2dcf851872187b834af4f6871150393424bac1ff09bd7b5b98b19ee1,98368901863b906b4cd5c1c7173d971961a16e1b: error: docs/changes/modeling/12907.bugfix.rst: No such file or directory,failure_log,primary,"Deterministic log classification only. Categories describe observed replay/tool states and do not prove patch quality, semantic failure, survival, or causality."
astropy__astropy-12907,astropy/astropy,human,90,future_textual_conflict,future_target_missing,No such file or directory,f7b1ac349183c4b88d74a4362654631b75e2559f,e2d1bdac2dcf851872187b834af4f6871150393424bac1ff09bd7b5b98b19ee1,98368901863b906b4cd5c1c7173d971961a16e1b: error: docs/changes/modeling/12907.bugfix.rst: No such file or directory,failure_log,primary,"Deterministic log classification only. Categories describe observed replay/tool states and do not prove patch quality, semantic failure, survival, or causality."
astropy__astropy-12907,astropy/astropy,OrcaLoca,90,future_textual_conflict,future_target_missing,No such file or directory,f7b1ac349183c4b88d74a4362654631b75e2559f,e2d1bdac2dcf851872187b834af4f6871150393424bac1ff09bd7b5b98b19ee1,98368901863b906b4cd5c1c7173d971961a16e1b: error: docs/changes/modeling/12907.bugfix.rst: No such file or directory,failure_log,primary,"Deterministic log classification only. Categories describe observed replay/tool states and do not prove patch quality, semantic failure, survival, or causality."
astropy__astropy-12907,astropy/astropy,human,180,future_textual_conflict,future_target_missing,No such file or directory,8d49de97158c32b69aef95cfbaf301b54593755e,e2d1bdac2dcf851872187b834af4f6871150393424bac1ff09bd7b5b98b19ee1,98368901863b906b4cd5c1c7173d971961a16e1b: error: docs/changes/modeling/12907.bugfix.rst: No such file or directory,failure_log,primary,"Deterministic log classification only. Categories describe observed replay/tool states and do not prove patch quality, semantic failure, survival, or causality."
astropy__astropy-12907,astropy/astropy,OrcaLoca,180,future_textual_conflict,future_target_missing,No such file or directory,8d49de97158c32b69aef95cfbaf301b54593755e,e2d1bdac2dcf851872187b834af4f6871150393424bac1ff09bd7b5b98b19ee1,98368901863b906b4cd5c1c7173d971961a16e1b: error: docs/changes/modeling/12907.bugfix.rst: No such file or directory,failure_log,primary,"Deterministic log classification only. Categories describe observed replay/tool states and do not prove patch quality, semantic failure, survival, or causality."
astropy__astropy-12907,astropy/astropy,human,365,future_textual_conflict,future_target_missing,No such file or directory,45d43bfda30130a2139b0db92c19fd0c982de66d,e2d1bdac2dcf851872187b834af4f6871150393424bac1ff09bd7b5b98b19ee1,98368901863b906b4cd5c1c7173d971961a16e1b: error: docs/changes/modeling/12907.bugfix.rst: No such file or directory,failure_log,primary,"Deterministic log classification only. Categories describe observed replay/tool states and do not prove patch quality, semantic failure, survival, or causality."
astropy__astropy-12907,astropy/astropy,OrcaLoca,365,future_textual_conflict,future_target_missing,No such file or directory,45d43bfda30130a2139b0db92c19fd0c982de66d,e2d1bdac2dcf851872187b834af4f6871150393424bac1ff09bd7b5b98b19ee1,98368901863b906b4cd5c1c7173d971961a16e1b: error: docs/changes/modeling/12907.bugfix.rst: No such file or directory,failure_log,primary,"Deterministic log classification only. Categories describe observed replay/tool states and do not prove patch quality, semantic failure, survival, or causality."
astropy__astropy-14182,astropy/astropy,human,30,checkpoint_replay_completed,completed,replay_status=checkpoint_replay_completed,adc70d859199969985522563a20a4744c09e8594,91813501a8567c52b038e0a4efc211805dd361b3e2bb85b9e3d668b1667fe277,"{""build"": {""returncode"": 0, ""timed_out"": false, ""duration_seconds"": 21.075, ""stdout_sha256"": ""e3b0c44298fc1c149afbf4c8996fb92427ae41e4649b934ca495991b7852b855"", ""stderr_sha256"": ""e3b0c44298fc1c149afbf4c8996fb92427ae41e4649b934ca495991b7852b855"", ""stdout_head"": """", ""stderr_head"": """", ""stdout_tail"": """", ""stderr_tail"": """"}, ""future_test"": {""returncode"": 4, ""timed_out"": false, ""duration_seconds"": 1.473, ""stdout_sha256"": ""e3b0c44298fc1c149afbf4c8996fb92427ae41e4649b934ca495991b7852b855"", ""stderr_sha2",failure_log,primary,"Deterministic log classification only. Categories describe observed replay/tool states and do not prove patch quality, semantic failure, survival, or causality."
astropy__astropy-14182,astropy/astropy,OrcaLoca,30,checkpoint_replay_completed,completed,replay_status=checkpoint_replay_completed,adc70d859199969985522563a20a4744c09e8594,1336747985b695b496679185a791b42af2887e02eb354727f8fc1eeb9f96f4d4,"{""build"": {""returncode"": 0, ""timed_out"": false, ""duration_seconds"": 20.845, ""stdout_sha256"": ""e3b0c44298fc1c149afbf4c8996fb92427ae41e4649b934ca495991b7852b855"", ""stderr_sha256"": ""e3b0c44298fc1c149afbf4c8996fb92427ae41e4649b934ca495991b7852b855"", ""stdout_head"": """", ""stderr_head"": """", ""stdout_tail"": """", ""stderr_tail"": """"}, ""future_test"": {""returncode"": 4, ""timed_out"": false, ""duration_seconds"": 1.677, ""stdout_sha256"": ""e3b0c44298fc1c149afbf4c8996fb92427ae41e4649b934ca495991b7852b855"", ""stderr_sha2",failure_log,primary,"Deterministic log classification only. Categories describe observed replay/tool states and do not prove patch quality, semantic failure, survival, or causality."
astropy__astropy-14182,astropy/astropy,human,90,checkpoint_replay_completed,completed,replay_status=checkpoint_replay_completed,f8877ac3ce7d6a175c17cc741ff688f0037caa8d,2af18ac0b3b9fe1fcba896c28b6657c7b5511c7bdcddb25fec1fda2e9cb0bfa0,"{""build"": {""returncode"": 0, ""timed_out"": false, ""duration_seconds"": 22.546, ""stdout_sha256"": ""e3b0c44298fc1c149afbf4c8996fb92427ae41e4649b934ca495991b7852b855"", ""stderr_sha256"": ""e3b0c44298fc1c149afbf4c8996fb92427ae41e4649b934ca495991b7852b855"", ""stdout_head"": """", ""stderr_head"": """", ""stdout_tail"": """", ""stderr_tail"": """"}, ""future_test"": {""returncode"": 4, ""timed_out"": false, ""duration_seconds"": 1.693, ""stdout_sha256"": ""e3b0c44298fc1c149afbf4c8996fb92427ae41e4649b934ca495991b7852b855"", ""stderr_sha2",failure_log,primary,"Deterministic log classification only. Categories describe observed replay/tool states and do not prove patch quality, semantic failure, survival, or causality."
astropy__astropy-14182,astropy/astropy,OrcaLoca,90,checkpoint_replay_completed,completed,replay_status=checkpoint_replay_completed,f8877ac3ce7d6a175c17cc741ff688f0037caa8d,c1c499deca8da16538d6edd1b5737d0dd9fd978ebc7155642608aa2eb40a5c28,"{""build"": {""returncode"": 0, ""timed_out"": false, ""duration_seconds"": 20.17, ""stdout_sha256"": ""e3b0c44298fc1c149afbf4c8996fb92427ae41e4649b934ca495991b7852b855"", ""stderr_sha256"": ""e3b0c44298fc1c149afbf4c8996fb92427ae41e4649b934ca495991b7852b855"", ""stdout_head"": """", ""stderr_head"": """", ""stdout_tail"": """", ""stderr_tail"": """"}, ""future_test"": {""returncode"": 4, ""timed_out"": false, ""duration_seconds"": 2.059, ""stdout_sha256"": ""e3b0c44298fc1c149afbf4c8996fb92427ae41e4649b934ca495991b7852b855"", ""stderr_sha25",failure_log,primary,"Deterministic log classification only. Categories describe observed replay/tool states and do not prove patch quality, semantic failure, survival, or causality."
astropy__astropy-14182,astropy/astropy,human,180,future_textual_conflict,future_target_missing,No such file or directory,aa2c05dc222f36630c4bff7ca2b0c1f676b29561,3fda24c25aded5d777691a983b42da8695c2bb08eb0727bc65e6ae2a655e19ba,ad55d5437f5ed3211f6397f288ec76dbbf1512f7: error: docs/changes/io.ascii/14182.feature.rst: No such file or directory,failure_log,primary,"Deterministic log classification only. Categories describe observed replay/tool states and do not prove patch quality, semantic failure, survival, or causality."
astropy__astropy-14182,astropy/astropy,OrcaLoca,180,future_textual_conflict,future_target_missing,No such file or directory,aa2c05dc222f36630c4bff7ca2b0c1f676b29561,3fda24c25aded5d777691a983b42da8695c2bb08eb0727bc65e6ae2a655e19ba,ad55d5437f5ed3211f6397f288ec76dbbf1512f7: error: docs/changes/io.ascii/14182.feature.rst: No such file or directory,failure_log,primary,"Deterministic log classification only. Categories describe observed replay/tool states and do not prove patch quality, semantic failure, survival, or causality."
astropy__astropy-14182,astropy/astropy,human,365,future_textual_conflict,future_target_missing,No such file or directory,103a55a1017d711779fb04d66efb02645b1c0da1,3fda24c25aded5d777691a983b42da8695c2bb08eb0727bc65e6ae2a655e19ba,ad55d5437f5ed3211f6397f288ec76dbbf1512f7: error: docs/changes/io.ascii/14182.feature.rst: No such file or directory,failure_log,primary,"Deterministic log classification only. Categories describe observed replay/tool states and do not prove patch quality, semantic failure, survival, or causality."
astropy__astropy-14182,astropy/astropy,OrcaLoca,365,future_textual_conflict,future_target_missing,No such file or directory,103a55a1017d711779fb04d66efb02645b1c0da1,3fda24c25aded5d777691a983b42da8695c2bb08eb0727bc65e6ae2a655e19ba,ad55d5437f5ed3211f6397f288ec76dbbf1512f7: error: docs/changes/io.ascii/14182.feature.rst: No such file or directory,failure_log,primary,"Deterministic log classification only. Categories describe observed replay/tool states and do not prove patch quality, semantic failure, survival, or causality."
astropy__astropy-14365,astropy/astropy,human,30,checkpoint_replay_completed,completed,replay_status=checkpoint_replay_completed,80f5a7181afcea9e32a106b94a81e129b6659754,2e6aadae204749f5d5b99b835aa9560a4d1d73cc65918ca663ec75f05363056a,"{""build"": {""returncode"": 0, ""timed_out"": false, ""duration_seconds"": 20.49, ""stdout_sha256"": ""e3b0c44298fc1c149afbf4c8996fb92427ae41e4649b934ca495991b7852b855"", ""stderr_sha256"": ""e3b0c44298fc1c149afbf4c8996fb92427ae41e4649b934ca495991b7852b855"", ""stdout_head"": """", ""stderr_head"": """", ""stdout_tail"": """", ""stderr_tail"": """"}, ""future_test"": {""returncode"": 4, ""timed_out"": false, ""duration_seconds"": 1.548, ""stdout_sha256"": ""e3b0c44298fc1c149afbf4c8996fb92427ae41e4649b934ca495991b7852b855"", ""stderr_sha25",failure_log,primary,"Deterministic log classification only. Categories describe observed replay/tool states and do not prove patch quality, semantic failure, survival, or causality."
astropy__astropy-14365,astropy/astropy,OrcaLoca,30,checkpoint_replay_completed,completed,replay_status=checkpoint_replay_completed,80f5a7181afcea9e32a106b94a81e129b6659754,398746c307e60c4eda4c3b712d842985b0f45f0cb80a077eb2b988a858924d7f,"{""build"": {""returncode"": 0, ""timed_out"": false, ""duration_seconds"": 21.049, ""stdout_sha256"": ""e3b0c44298fc1c149afbf4c8996fb92427ae41e4649b934ca495991b7852b855"", ""stderr_sha256"": ""e3b0c44298fc1c149afbf4c8996fb92427ae41e4649b934ca495991b7852b855"", ""stdout_head"": """", ""stderr_head"": """", ""stdout_tail"": """", ""stderr_tail"": """"}, ""future_test"": {""returncode"": 4, ""timed_out"": false, ""duration_seconds"": 2.358, ""stdout_sha256"": ""e3b0c44298fc1c149afbf4c8996fb92427ae41e4649b934ca495991b7852b855"", ""stderr_sha2",failure_log,primary,"Deterministic log classification only. Categories describe observed replay/tool states and do not prove patch quality, semantic failure, survival, or causality."
astropy__astropy-14365,astropy/astropy,human,90,future_textual_conflict,future_target_missing,No such file or directory,72e09571fa838081689b4e27603fa45225bdb458,d8a189d5875a8297ef78f397aa2226161981965fe4e6da2c5576099625636e88,ad55d5437f5ed3211f6397f288ec76dbbf1512f7: error: docs/changes/io.ascii/14365.bugfix.rst: No such file or directory,failure_log,primary,"Deterministic log classification only. Categories describe observed replay/tool states and do not prove patch quality, semantic failure, survival, or causality."
astropy__astropy-14365,astropy/astropy,OrcaLoca,90,future_textual_conflict,future_target_missing,No such file or directory,72e09571fa838081689b4e27603fa45225bdb458,d8a189d5875a8297ef78f397aa2226161981965fe4e6da2c5576099625636e88,ad55d5437f5ed3211f6397f288ec76dbbf1512f7: error: docs/changes/io.ascii/14365.bugfix.rst: No such file or directory,failure_log,primary,"Deterministic log classification only. Categories describe observed replay/tool states and do not prove patch quality, semantic failure, survival, or causality."
astropy__astropy-14365,astropy/astropy,human,180,future_textual_conflict,future_target_missing,No such file or directory,a99f8c02722608775e07e17b49b99ff6657dce3f,d8a189d5875a8297ef78f397aa2226161981965fe4e6da2c5576099625636e88,ad55d5437f5ed3211f6397f288ec76dbbf1512f7: error: docs/changes/io.ascii/14365.bugfix.rst: No such file or directory,failure_log,primary,"Deterministic log classification only. Categories describe observed replay/tool states and do not prove patch quality, semantic failure, survival, or causality."
astropy__astropy-14365,astropy/astropy,OrcaLoca,180,future_textual_conflict,future_target_missing,No such file or directory,a99f8c02722608775e07e17b49b99ff6657dce3f,d8a189d5875a8297ef78f397aa2226161981965fe4e6da2c5576099625636e88,ad55d5437f5ed3211f6397f288ec76dbbf1512f7: error: docs/changes/io.ascii/14365.bugfix.rst: No such file or directory,failure_log,primary,"Deterministic log classification only. Categories describe observed replay/tool states and do not prove patch quality, semantic failure, survival, or causality."
astropy__astropy-14365,astropy/astropy,human,365,future_textual_conflict,future_target_missing,No such file or directory,0501404f010461fd0a185faad3a2851977fb4ce2,d8a189d5875a8297ef78f397aa2226161981965fe4e6da2c5576099625636e88,ad55d5437f5ed3211f6397f288ec76dbbf1512f7: error: docs/changes/io.ascii/14365.bugfix.rst: No such file or directory,failure_log,primary,"Deterministic log classification only. Categories describe observed replay/tool states and do not prove patch quality, semantic failure, survival, or causality."
astropy__astropy-14365,astropy/astropy,OrcaLoca,365,future_textual_conflict,future_target_missing,No such file or directory,0501404f010461fd0a185faad3a2851977fb4ce2,d8a189d5875a8297ef78f397aa2226161981965fe4e6da2c5576099625636e88,ad55d5437f5ed3211f6397f288ec76dbbf1512f7: error: docs/changes/io.ascii/14365.bugfix.rst: No such file or directory,failure_log,primary,"Deterministic log classification only. Categories describe observed replay/tool states and do not prove patch quality, semantic failure, survival, or causality."
matplotlib__matplotlib-22711,matplotlib/matplotlib,human,30,checkpoint_replay_completed,completed,replay_status=checkpoint_replay_completed,1a016f0395c3a8d87b632a47d813db2491863164,099ce0485b803946eb65df25b0ea1d976a4b09f156f825784abc282ac880238f,"{""build"": {""returncode"": 0, ""timed_out"": false, ""duration_seconds"": 19.89, ""stdout_sha256"": ""e3b0c44298fc1c149afbf4c8996fb92427ae41e4649b934ca495991b7852b855"", ""stderr_sha256"": ""e3b0c44298fc1c149afbf4c8996fb92427ae41e4649b934ca495991b7852b855"", ""stdout_head"": """", ""stderr_head"": """", ""stdout_tail"": """", ""stderr_tail"": """"}, ""future_test"": {""returncode"": 4, ""timed_out"": false, ""duration_seconds"": 2.845, ""stdout_sha256"": ""e3b0c44298fc1c149afbf4c8996fb92427ae41e4649b934ca495991b7852b855"", ""stderr_sha25",failure_log,primary,"Deterministic log classification only. Categories describe observed replay/tool states and do not prove patch quality, semantic failure, survival, or causality."
matplotlib__matplotlib-22711,matplotlib/matplotlib,OrcaLoca,30,checkpoint_replay_completed,completed,replay_status=checkpoint_replay_completed,1a016f0395c3a8d87b632a47d813db2491863164,4371794dc7fe3546d1334ef0b9478421d25cab31af59921080ffe0ea55fc1dbd,"{""build"": {""returncode"": 0, ""timed_out"": false, ""duration_seconds"": 19.04, ""stdout_sha256"": ""e3b0c44298fc1c149afbf4c8996fb92427ae41e4649b934ca495991b7852b855"", ""stderr_sha256"": ""e3b0c44298fc1c149afbf4c8996fb92427ae41e4649b934ca495991b7852b855"", ""stdout_head"": """", ""stderr_head"": """", ""stdout_tail"": """", ""stderr_tail"": """"}, ""future_test"": {""returncode"": 4, ""timed_out"": false, ""duration_seconds"": 1.748, ""stdout_sha256"": ""e3b0c44298fc1c149afbf4c8996fb92427ae41e4649b934ca495991b7852b855"", ""stderr_sha25",failure_log,primary,"Deterministic log classification only. Categories describe observed replay/tool states and do not prove patch quality, semantic failure, survival, or causality."
matplotlib__matplotlib-22711,matplotlib/matplotlib,human,90,future_textual_conflict,future_patch_not_applicable,patch failed/does not apply,b02334b6e207bf155c1fa92e50a6607abdf4633a,74ad56532abdafd3b3d81da948e1ed63e763739555b6f0281966e5530a56ff81,bed236261a74045a0e4a85fc930bc0ad0da786bb: error: patch failed: lib/matplotlib/tests/test_widgets.py:1161,failure_log,primary,"Deterministic log classification only. Categories describe observed replay/tool states and do not prove patch quality, semantic failure, survival, or causality."
matplotlib__matplotlib-22711,matplotlib/matplotlib,OrcaLoca,90,future_textual_conflict,future_patch_not_applicable,patch failed/does not apply,b02334b6e207bf155c1fa92e50a6607abdf4633a,2ad72db4cee2f8be62ed72b685b6a7076cbd686f550522642295c202f3143058,bed236261a74045a0e4a85fc930bc0ad0da786bb: error: patch failed: lib/matplotlib/tests/test_widgets.py:1161,failure_log,primary,"Deterministic log classification only. Categories describe observed replay/tool states and do not prove patch quality, semantic failure, survival, or causality."
matplotlib__matplotlib-22711,matplotlib/matplotlib,human,180,future_textual_conflict,future_patch_not_applicable,patch failed/does not apply,d226954190e4d3299de4b600af0c19763a41edee,74ad56532abdafd3b3d81da948e1ed63e763739555b6f0281966e5530a56ff81,bed236261a74045a0e4a85fc930bc0ad0da786bb: error: patch failed: lib/matplotlib/tests/test_widgets.py:1161,failure_log,primary,"Deterministic log classification only. Categories describe observed replay/tool states and do not prove patch quality, semantic failure, survival, or causality."
matplotlib__matplotlib-22711,matplotlib/matplotlib,OrcaLoca,180,future_textual_conflict,future_patch_not_applicable,patch failed/does not apply,d226954190e4d3299de4b600af0c19763a41edee,2ad72db4cee2f8be62ed72b685b6a7076cbd686f550522642295c202f3143058,bed236261a74045a0e4a85fc930bc0ad0da786bb: error: patch failed: lib/matplotlib/tests/test_widgets.py:1161,failure_log,primary,"Deterministic log classification only. Categories describe observed replay/tool states and do not prove patch quality, semantic failure, survival, or causality."
matplotlib__matplotlib-22711,matplotlib/matplotlib,human,365,future_textual_conflict,future_patch_not_applicable,patch failed/does not apply,c8aaa903df68d6c82c59cb5a344b11232a4493e8,74ad56532abdafd3b3d81da948e1ed63e763739555b6f0281966e5530a56ff81,bed236261a74045a0e4a85fc930bc0ad0da786bb: error: patch failed: lib/matplotlib/tests/test_widgets.py:1161,failure_log,primary,"Deterministic log classification only. Categories describe observed replay/tool states and do not prove patch quality, semantic failure, survival, or causality."
matplotlib__matplotlib-22711,matplotlib/matplotlib,OrcaLoca,365,future_textual_conflict,future_patch_not_applicable,patch failed/does not apply,c8aaa903df68d6c82c59cb5a344b11232a4493e8,2ad72db4cee2f8be62ed72b685b6a7076cbd686f550522642295c202f3143058,bed236261a74045a0e4a85fc930bc0ad0da786bb: error: patch failed: lib/matplotlib/tests/test_widgets.py:1161,failure_log,primary,"Deterministic log classification only. Categories describe observed replay/tool states and do not prove patch quality, semantic failure, survival, or causality."
matplotlib__matplotlib-23299,matplotlib/matplotlib,human,30,checkpoint_replay_completed,completed,replay_status=checkpoint_replay_completed,5fc0441f3b5848ef864e6ed74e3b0e5edcea8dec,73e836cd4ec8ac14f878ed5f92d4d3f042acc48464e8debb1bc23dd468d42abb,"{""build"": {""returncode"": 0, ""timed_out"": false, ""duration_seconds"": 18.158, ""stdout_sha256"": ""e3b0c44298fc1c149afbf4c8996fb92427ae41e4649b934ca495991b7852b855"", ""stderr_sha256"": ""e3b0c44298fc1c149afbf4c8996fb92427ae41e4649b934ca495991b7852b855"", ""stdout_head"": """", ""stderr_head"": """", ""stdout_tail"": """", ""stderr_tail"": """"}, ""future_test"": {""returncode"": 4, ""timed_out"": false, ""duration_seconds"": 1.744, ""stdout_sha256"": ""e3b0c44298fc1c149afbf4c8996fb92427ae41e4649b934ca495991b7852b855"", ""stderr_sha2",failure_log,primary,"Deterministic log classification only. Categories describe observed replay/tool states and do not prove patch quality, semantic failure, survival, or causality."
matplotlib__matplotlib-23299,matplotlib/matplotlib,OrcaLoca,30,checkpoint_replay_completed,completed,replay_status=checkpoint_replay_completed,5fc0441f3b5848ef864e6ed74e3b0e5edcea8dec,fb52f3853c868423536821433c15d89cea20793b8a0419ebea8c99a80526740f,"{""build"": {""returncode"": 0, ""timed_out"": false, ""duration_seconds"": 17.342, ""stdout_sha256"": ""e3b0c44298fc1c149afbf4c8996fb92427ae41e4649b934ca495991b7852b855"", ""stderr_sha256"": ""e3b0c44298fc1c149afbf4c8996fb92427ae41e4649b934ca495991b7852b855"", ""stdout_head"": """", ""stderr_head"": """", ""stdout_tail"": """", ""stderr_tail"": """"}, ""future_test"": {""returncode"": 4, ""timed_out"": false, ""duration_seconds"": 2.265, ""stdout_sha256"": ""e3b0c44298fc1c149afbf4c8996fb92427ae41e4649b934ca495991b7852b855"", ""stderr_sha2",failure_log,primary,"Deterministic log classification only. Categories describe observed replay/tool states and do not prove patch quality, semantic failure, survival, or causality."
matplotlib__matplotlib-23299,matplotlib/matplotlib,human,90,future_textual_conflict,future_patch_not_applicable,patch failed/does not apply,363713442bdada82b5ce554be6e1da4c4db84184,932dce236fba3245885da49df417b695e054837422988fc136c83d81740addf9,a33a6fd1ad4b2fdeafc3367620b2146dcfc08ad6: error: patch failed: lib/matplotlib/tests/baseline_images/test_mathtext/mathtext_cm_77.pdf:1,failure_log,primary,"Deterministic log classification only. Categories describe observed replay/tool states and do not prove patch quality, semantic failure, survival, or causality."
matplotlib__matplotlib-23299,matplotlib/matplotlib,OrcaLoca,90,future_textual_conflict,future_patch_not_applicable,patch failed/does not apply,363713442bdada82b5ce554be6e1da4c4db84184,932dce236fba3245885da49df417b695e054837422988fc136c83d81740addf9,a33a6fd1ad4b2fdeafc3367620b2146dcfc08ad6: error: patch failed: lib/matplotlib/tests/baseline_images/test_mathtext/mathtext_cm_77.pdf:1,failure_log,primary,"Deterministic log classification only. Categories describe observed replay/tool states and do not prove patch quality, semantic failure, survival, or causality."
matplotlib__matplotlib-23299,matplotlib/matplotlib,human,180,future_textual_conflict,future_patch_not_applicable,patch failed/does not apply,65dc9be34efb3a8b7b3bd7ccebeb9fff1dc85137,932dce236fba3245885da49df417b695e054837422988fc136c83d81740addf9,a33a6fd1ad4b2fdeafc3367620b2146dcfc08ad6: error: patch failed: lib/matplotlib/tests/baseline_images/test_mathtext/mathtext_cm_77.pdf:1,failure_log,primary,"Deterministic log classification only. Categories describe observed replay/tool states and do not prove patch quality, semantic failure, survival, or causality."
matplotlib__matplotlib-23299,matplotlib/matplotlib,OrcaLoca,180,future_textual_conflict,future_patch_not_applicable,patch failed/does not apply,65dc9be34efb3a8b7b3bd7ccebeb9fff1dc85137,932dce236fba3245885da49df417b695e054837422988fc136c83d81740addf9,a33a6fd1ad4b2fdeafc3367620b2146dcfc08ad6: error: patch failed: lib/matplotlib/tests/baseline_images/test_mathtext/mathtext_cm_77.pdf:1,failure_log,primary,"Deterministic log classification only. Categories describe observed replay/tool states and do not prove patch quality, semantic failure, survival, or causality."
matplotlib__matplotlib-23299,matplotlib/matplotlib,human,365,future_textual_conflict,future_patch_not_applicable,patch failed/does not apply,c6f455bf35c15be1a5b131c8c1468c0f7a7d0163,932dce236fba3245885da49df417b695e054837422988fc136c83d81740addf9,a33a6fd1ad4b2fdeafc3367620b2146dcfc08ad6: error: patch failed: lib/matplotlib/tests/baseline_images/test_mathtext/mathtext_cm_77.pdf:1,failure_log,primary,"Deterministic log classification only. Categories describe observed replay/tool states and do not prove patch quality, semantic failure, survival, or causality."
matplotlib__matplotlib-23299,matplotlib/matplotlib,OrcaLoca,365,future_textual_conflict,future_patch_not_applicable,patch failed/does not apply,c6f455bf35c15be1a5b131c8c1468c0f7a7d0163,932dce236fba3245885da49df417b695e054837422988fc136c83d81740addf9,a33a6fd1ad4b2fdeafc3367620b2146dcfc08ad6: error: patch failed: lib/matplotlib/tests/baseline_images/test_mathtext/mathtext_cm_77.pdf:1,failure_log,primary,"Deterministic log classification only. Categories describe observed replay/tool states and do not prove patch quality, semantic failure, survival, or causality."
matplotlib__matplotlib-23314,matplotlib/matplotlib,human,30,checkpoint_replay_completed,completed,replay_status=checkpoint_replay_completed,11a3e1b81747558d0e36c6d967cc61360e9853c6,019e4b4cfe470ab72a300bd7b90fbef59080ae62f28cb847582fd1044d6dcf52,"{""build"": {""returncode"": 0, ""timed_out"": false, ""duration_seconds"": 18.345, ""stdout_sha256"": ""e3b0c44298fc1c149afbf4c8996fb92427ae41e4649b934ca495991b7852b855"", ""stderr_sha256"": ""e3b0c44298fc1c149afbf4c8996fb92427ae41e4649b934ca495991b7852b855"", ""stdout_head"": """", ""stderr_head"": """", ""stdout_tail"": """", ""stderr_tail"": """"}, ""future_test"": {""returncode"": 4, ""timed_out"": false, ""duration_seconds"": 1.852, ""stdout_sha256"": ""e3b0c44298fc1c149afbf4c8996fb92427ae41e4649b934ca495991b7852b855"", ""stderr_sha2",failure_log,primary,"Deterministic log classification only. Categories describe observed replay/tool states and do not prove patch quality, semantic failure, survival, or causality."
matplotlib__matplotlib-23314,matplotlib/matplotlib,OrcaLoca,30,checkpoint_replay_completed,completed,replay_status=checkpoint_replay_completed,11a3e1b81747558d0e36c6d967cc61360e9853c6,4890f4a4dd87608c63a99b105c703e10af056cd879545c0d5379e7321b2b33f8,"{""build"": {""returncode"": 0, ""timed_out"": false, ""duration_seconds"": 16.84, ""stdout_sha256"": ""e3b0c44298fc1c149afbf4c8996fb92427ae41e4649b934ca495991b7852b855"", ""stderr_sha256"": ""e3b0c44298fc1c149afbf4c8996fb92427ae41e4649b934ca495991b7852b855"", ""stdout_head"": """", ""stderr_head"": """", ""stdout_tail"": """", ""stderr_tail"": """"}, ""future_test"": {""returncode"": 4, ""timed_out"": false, ""duration_seconds"": 1.88, ""stdout_sha256"": ""e3b0c44298fc1c149afbf4c8996fb92427ae41e4649b934ca495991b7852b855"", ""stderr_sha256",failure_log,primary,"Deterministic log classification only. Categories describe observed replay/tool states and do not prove patch quality, semantic failure, survival, or causality."
matplotlib__matplotlib-23314,matplotlib/matplotlib,human,90,future_textual_conflict,future_patch_not_applicable,patch failed/does not apply,1b4db29308230b232b505d28d2dd6d471d7be91c,56d060c06c36819ddd6723a84d08ebb9f886609f7487754c46c304dbabaa7aa5,437158c1045644da2f744af6133042ad858971f9: error: patch failed: lib/mpl_toolkits/tests/test_mplot3d.py:29,failure_log,primary,"Deterministic log classification only. Categories describe observed replay/tool states and do not prove patch quality, semantic failure, survival, or causality."
matplotlib__matplotlib-23314,matplotlib/matplotlib,OrcaLoca,90,future_textual_conflict,future_patch_not_applicable,patch failed/does not apply,1b4db29308230b232b505d28d2dd6d471d7be91c,56d060c06c36819ddd6723a84d08ebb9f886609f7487754c46c304dbabaa7aa5,437158c1045644da2f744af6133042ad858971f9: error: patch failed: lib/mpl_toolkits/tests/test_mplot3d.py:29,failure_log,primary,"Deterministic log classification only. Categories describe observed replay/tool states and do not prove patch quality, semantic failure, survival, or causality."
matplotlib__matplotlib-23314,matplotlib/matplotlib,human,180,future_textual_conflict,future_patch_not_applicable,patch failed/does not apply,48747b29e67e9693ef98149a32672eb2f44589f0,56d060c06c36819ddd6723a84d08ebb9f886609f7487754c46c304dbabaa7aa5,437158c1045644da2f744af6133042ad858971f9: error: patch failed: lib/mpl_toolkits/tests/test_mplot3d.py:29,failure_log,primary,"Deterministic log classification only. Categories describe observed replay/tool states and do not prove patch quality, semantic failure, survival, or causality."
matplotlib__matplotlib-23314,matplotlib/matplotlib,OrcaLoca,180,future_textual_conflict,future_patch_not_applicable,patch failed/does not apply,48747b29e67e9693ef98149a32672eb2f44589f0,56d060c06c36819ddd6723a84d08ebb9f886609f7487754c46c304dbabaa7aa5,437158c1045644da2f744af6133042ad858971f9: error: patch failed: lib/mpl_toolkits/tests/test_mplot3d.py:29,failure_log,primary,"Deterministic log classification only. Categories describe observed replay/tool states and do not prove patch quality, semantic failure, survival, or causality."
matplotlib__matplotlib-23314,matplotlib/matplotlib,human,365,future_textual_conflict,future_patch_not_applicable,patch failed/does not apply,9b47f81bf68bd7925f6e1c8f67b9b5ead7342431,56d060c06c36819ddd6723a84d08ebb9f886609f7487754c46c304dbabaa7aa5,437158c1045644da2f744af6133042ad858971f9: error: patch failed: lib/mpl_toolkits/tests/test_mplot3d.py:29,failure_log,primary,"Deterministic log classification only. Categories describe observed replay/tool states and do not prove patch quality, semantic failure, survival, or causality."
matplotlib__matplotlib-23314,matplotlib/matplotlib,OrcaLoca,365,future_textual_conflict,future_patch_not_applicable,patch failed/does not apply,9b47f81bf68bd7925f6e1c8f67b9b5ead7342431,56d060c06c36819ddd6723a84d08ebb9f886609f7487754c46c304dbabaa7aa5,437158c1045644da2f744af6133042ad858971f9: error: patch failed: lib/mpl_toolkits/tests/test_mplot3d.py:29,failure_log,primary,"Deterministic log classification only. Categories describe observed replay/tool states and do not prove patch quality, semantic failure, survival, or causality."
mwaskom__seaborn-2848,mwaskom/seaborn,human,30,future_textual_conflict,future_patch_not_applicable,patch failed/does not apply,5910d6ef50196c8bd1f4ed40a5da202a39d7f62c,08dd30ee11e4aaeef1f38cd0a582ec5a91e72e89aeef001e822996da0795e7e4,1a27ce304d947bfdf77383ab452bd2ded812d057: error: patch failed: doc/releases/v0.12.0.txt:63,failure_log,primary,"Deterministic log classification only. Categories describe observed replay/tool states and do not prove patch quality, semantic failure, survival, or causality."
mwaskom__seaborn-2848,mwaskom/seaborn,OrcaLoca,30,future_textual_conflict,future_patch_not_applicable,patch failed/does not apply,5910d6ef50196c8bd1f4ed40a5da202a39d7f62c,08dd30ee11e4aaeef1f38cd0a582ec5a91e72e89aeef001e822996da0795e7e4,1a27ce304d947bfdf77383ab452bd2ded812d057: error: patch failed: doc/releases/v0.12.0.txt:63,failure_log,primary,"Deterministic log classification only. Categories describe observed replay/tool states and do not prove patch quality, semantic failure, survival, or causality."
mwaskom__seaborn-2848,mwaskom/seaborn,human,90,future_textual_conflict,future_patch_not_applicable,patch failed/does not apply,0929b9aca26dea1e97a08f8ee70b807058d175ed,08dd30ee11e4aaeef1f38cd0a582ec5a91e72e89aeef001e822996da0795e7e4,1a27ce304d947bfdf77383ab452bd2ded812d057: error: patch failed: doc/releases/v0.12.0.txt:63,failure_log,primary,"Deterministic log classification only. Categories describe observed replay/tool states and do not prove patch quality, semantic failure, survival, or causality."
mwaskom__seaborn-2848,mwaskom/seaborn,OrcaLoca,90,future_textual_conflict,future_patch_not_applicable,patch failed/does not apply,0929b9aca26dea1e97a08f8ee70b807058d175ed,08dd30ee11e4aaeef1f38cd0a582ec5a91e72e89aeef001e822996da0795e7e4,1a27ce304d947bfdf77383ab452bd2ded812d057: error: patch failed: doc/releases/v0.12.0.txt:63,failure_log,primary,"Deterministic log classification only. Categories describe observed replay/tool states and do not prove patch quality, semantic failure, survival, or causality."
mwaskom__seaborn-2848,mwaskom/seaborn,human,180,future_textual_conflict,future_patch_not_applicable,patch failed/does not apply,22cdfb0c93f8ec78492d87edb810f10cb7f57a31,08dd30ee11e4aaeef1f38cd0a582ec5a91e72e89aeef001e822996da0795e7e4,1a27ce304d947bfdf77383ab452bd2ded812d057: error: patch failed: doc/releases/v0.12.0.txt:63,failure_log,primary,"Deterministic log classification only. Categories describe observed replay/tool states and do not prove patch quality, semantic failure, survival, or causality."
mwaskom__seaborn-2848,mwaskom/seaborn,OrcaLoca,180,future_textual_conflict,future_patch_not_applicable,patch failed/does not apply,22cdfb0c93f8ec78492d87edb810f10cb7f57a31,08dd30ee11e4aaeef1f38cd0a582ec5a91e72e89aeef001e822996da0795e7e4,1a27ce304d947bfdf77383ab452bd2ded812d057: error: patch failed: doc/releases/v0.12.0.txt:63,failure_log,primary,"Deterministic log classification only. Categories describe observed replay/tool states and do not prove patch quality, semantic failure, survival, or causality."
mwaskom__seaborn-2848,mwaskom/seaborn,human,365,future_textual_conflict,future_patch_not_applicable,patch failed/does not apply,b6737d5aec9a91bb8840cdda896a7970e1830d56,08dd30ee11e4aaeef1f38cd0a582ec5a91e72e89aeef001e822996da0795e7e4,1a27ce304d947bfdf77383ab452bd2ded812d057: error: patch failed: doc/releases/v0.12.0.txt:63,failure_log,primary,"Deterministic log classification only. Categories describe observed replay/tool states and do not prove patch quality, semantic failure, survival, or causality."
mwaskom__seaborn-2848,mwaskom/seaborn,OrcaLoca,365,future_textual_conflict,future_patch_not_applicable,patch failed/does not apply,b6737d5aec9a91bb8840cdda896a7970e1830d56,08dd30ee11e4aaeef1f38cd0a582ec5a91e72e89aeef001e822996da0795e7e4,1a27ce304d947bfdf77383ab452bd2ded812d057: error: patch failed: doc/releases/v0.12.0.txt:63,failure_log,primary,"Deterministic log classification only. Categories describe observed replay/tool states and do not prove patch quality, semantic failure, survival, or causality."
mwaskom__seaborn-3010,mwaskom/seaborn,human,30,future_textual_conflict,future_target_missing,No such file or directory,85c8ed632a5e9ec45b7d69d89518bb784a6e05a5,44849dc0649246bbbdb16992c5315f3a0fd77a9fc844fb6cade34ad312882efc,e644793f0ac2b1be178425f20f529121f37f29de: error: doc/whatsnew/v0.12.1.rst: No such file or directory,failure_log,primary,"Deterministic log classification only. Categories describe observed replay/tool states and do not prove patch quality, semantic failure, survival, or causality."
mwaskom__seaborn-3010,mwaskom/seaborn,OrcaLoca,30,future_textual_conflict,future_target_missing,No such file or directory,85c8ed632a5e9ec45b7d69d89518bb784a6e05a5,44849dc0649246bbbdb16992c5315f3a0fd77a9fc844fb6cade34ad312882efc,e644793f0ac2b1be178425f20f529121f37f29de: error: doc/whatsnew/v0.12.1.rst: No such file or directory,failure_log,primary,"Deterministic log classification only. Categories describe observed replay/tool states and do not prove patch quality, semantic failure, survival, or causality."
mwaskom__seaborn-3010,mwaskom/seaborn,human,90,future_textual_conflict,future_target_missing,No such file or directory,9bd166565beea99ab2e43a0576c59efab196940b,44849dc0649246bbbdb16992c5315f3a0fd77a9fc844fb6cade34ad312882efc,e644793f0ac2b1be178425f20f529121f37f29de: error: doc/whatsnew/v0.12.1.rst: No such file or directory,failure_log,primary,"Deterministic log classification only. Categories describe observed replay/tool states and do not prove patch quality, semantic failure, survival, or causality."
mwaskom__seaborn-3010,mwaskom/seaborn,OrcaLoca,90,future_textual_conflict,future_target_missing,No such file or directory,9bd166565beea99ab2e43a0576c59efab196940b,44849dc0649246bbbdb16992c5315f3a0fd77a9fc844fb6cade34ad312882efc,e644793f0ac2b1be178425f20f529121f37f29de: error: doc/whatsnew/v0.12.1.rst: No such file or directory,failure_log,primary,"Deterministic log classification only. Categories describe observed replay/tool states and do not prove patch quality, semantic failure, survival, or causality."
mwaskom__seaborn-3010,mwaskom/seaborn,human,180,future_textual_conflict,future_target_missing,No such file or directory,7231fc24f6251fbc4b4757a56af7a0622a5b12f5,44849dc0649246bbbdb16992c5315f3a0fd77a9fc844fb6cade34ad312882efc,e644793f0ac2b1be178425f20f529121f37f29de: error: doc/whatsnew/v0.12.1.rst: No such file or directory,failure_log,primary,"Deterministic log classification only. Categories describe observed replay/tool states and do not prove patch quality, semantic failure, survival, or causality."
mwaskom__seaborn-3010,mwaskom/seaborn,OrcaLoca,180,future_textual_conflict,future_target_missing,No such file or directory,7231fc24f6251fbc4b4757a56af7a0622a5b12f5,44849dc0649246bbbdb16992c5315f3a0fd77a9fc844fb6cade34ad312882efc,e644793f0ac2b1be178425f20f529121f37f29de: error: doc/whatsnew/v0.12.1.rst: No such file or directory,failure_log,primary,"Deterministic log classification only. Categories describe observed replay/tool states and do not prove patch quality, semantic failure, survival, or causality."
mwaskom__seaborn-3010,mwaskom/seaborn,human,365,future_textual_conflict,future_target_missing,No such file or directory,1f788201822941a3aca7fedf0bcd49d16ebc313b,44849dc0649246bbbdb16992c5315f3a0fd77a9fc844fb6cade34ad312882efc,e644793f0ac2b1be178425f20f529121f37f29de: error: doc/whatsnew/v0.12.1.rst: No such file or directory,failure_log,primary,"Deterministic log classification only. Categories describe observed replay/tool states and do not prove patch quality, semantic failure, survival, or causality."
mwaskom__seaborn-3010,mwaskom/seaborn,OrcaLoca,365,future_textual_conflict,future_target_missing,No such file or directory,1f788201822941a3aca7fedf0bcd49d16ebc313b,44849dc0649246bbbdb16992c5315f3a0fd77a9fc844fb6cade34ad312882efc,e644793f0ac2b1be178425f20f529121f37f29de: error: doc/whatsnew/v0.12.1.rst: No such file or directory,failure_log,primary,"Deterministic log classification only. Categories describe observed replay/tool states and do not prove patch quality, semantic failure, survival, or causality."
mwaskom__seaborn-3190,mwaskom/seaborn,human,30,future_textual_conflict,future_patch_not_applicable,patch failed/does not apply,0ebc82e8580caab55eb7af1f66220eab6654af97,5ee20a1e21e718984af93caaa8244c5afef18bb3260ff0a54c30f44125392b44,10c3ed87a42bcaed74b115252eeb4b88ebc1597f: error: patch failed: doc/whatsnew/v0.12.2.rst:1,failure_log,primary,"Deterministic log classification only. Categories describe observed replay/tool states and do not prove patch quality, semantic failure, survival, or causality."
mwaskom__seaborn-3190,mwaskom/seaborn,OrcaLoca,30,future_textual_conflict,future_patch_not_applicable,patch failed/does not apply,0ebc82e8580caab55eb7af1f66220eab6654af97,5ee20a1e21e718984af93caaa8244c5afef18bb3260ff0a54c30f44125392b44,10c3ed87a42bcaed74b115252eeb4b88ebc1597f: error: patch failed: doc/whatsnew/v0.12.2.rst:1,failure_log,primary,"Deterministic log classification only. Categories describe observed replay/tool states and do not prove patch quality, semantic failure, survival, or causality."
mwaskom__seaborn-3190,mwaskom/seaborn,human,90,future_textual_conflict,future_patch_not_applicable,patch failed/does not apply,bd480f6280007b2ae6910ce4ee689f213f7a7e10,5ee20a1e21e718984af93caaa8244c5afef18bb3260ff0a54c30f44125392b44,10c3ed87a42bcaed74b115252eeb4b88ebc1597f: error: patch failed: doc/whatsnew/v0.12.2.rst:1,failure_log,primary,"Deterministic log classification only. Categories describe observed replay/tool states and do not prove patch quality, semantic failure, survival, or causality."
mwaskom__seaborn-3190,mwaskom/seaborn,OrcaLoca,90,future_textual_conflict,future_patch_not_applicable,patch failed/does not apply,bd480f6280007b2ae6910ce4ee689f213f7a7e10,5ee20a1e21e718984af93caaa8244c5afef18bb3260ff0a54c30f44125392b44,10c3ed87a42bcaed74b115252eeb4b88ebc1597f: error: patch failed: doc/whatsnew/v0.12.2.rst:1,failure_log,primary,"Deterministic log classification only. Categories describe observed replay/tool states and do not prove patch quality, semantic failure, survival, or causality."
mwaskom__seaborn-3190,mwaskom/seaborn,human,180,future_textual_conflict,future_patch_not_applicable,patch failed/does not apply,7780305bae63d8be3416858ac35f6fa706bab4d6,5ee20a1e21e718984af93caaa8244c5afef18bb3260ff0a54c30f44125392b44,10c3ed87a42bcaed74b115252eeb4b88ebc1597f: error: patch failed: doc/whatsnew/v0.12.2.rst:1,failure_log,primary,"Deterministic log classification only. Categories describe observed replay/tool states and do not prove patch quality, semantic failure, survival, or causality."
mwaskom__seaborn-3190,mwaskom/seaborn,OrcaLoca,180,future_textual_conflict,future_patch_not_applicable,patch failed/does not apply,7780305bae63d8be3416858ac35f6fa706bab4d6,5ee20a1e21e718984af93caaa8244c5afef18bb3260ff0a54c30f44125392b44,10c3ed87a42bcaed74b115252eeb4b88ebc1597f: error: patch failed: doc/whatsnew/v0.12.2.rst:1,failure_log,primary,"Deterministic log classification only. Categories describe observed replay/tool states and do not prove patch quality, semantic failure, survival, or causality."
mwaskom__seaborn-3190,mwaskom/seaborn,human,365,future_textual_conflict,future_patch_not_applicable,patch failed/does not apply,45a098fd254b6b7385e708b29a556017808ecd40,5ee20a1e21e718984af93caaa8244c5afef18bb3260ff0a54c30f44125392b44,10c3ed87a42bcaed74b115252eeb4b88ebc1597f: error: patch failed: doc/whatsnew/v0.12.2.rst:1,failure_log,primary,"Deterministic log classification only. Categories describe observed replay/tool states and do not prove patch quality, semantic failure, survival, or causality."
mwaskom__seaborn-3190,mwaskom/seaborn,OrcaLoca,365,future_textual_conflict,future_patch_not_applicable,patch failed/does not apply,45a098fd254b6b7385e708b29a556017808ecd40,5ee20a1e21e718984af93caaa8244c5afef18bb3260ff0a54c30f44125392b44,10c3ed87a42bcaed74b115252eeb4b88ebc1597f: error: patch failed: doc/whatsnew/v0.12.2.rst:1,failure_log,primary,"Deterministic log classification only. Categories describe observed replay/tool states and do not prove patch quality, semantic failure, survival, or causality."
pallets__flask-4045,pallets/flask,human,30,future_textual_conflict,future_patch_not_applicable,patch failed/does not apply,ba6db2e30783f81673bb8a6b5218f7bb8efa8f27,650be24e37128f4942bb55fa8aa93525482c384a7b3f2e524822012f2f677104,2846abaefed01f1da0d58ca3a83a2a09bea71e9c: error: patch failed: src/flask/__init__.py:43,failure_log,primary,"Deterministic log classification only. Categories describe observed replay/tool states and do not prove patch quality, semantic failure, survival, or causality."
pallets__flask-4045,pallets/flask,OrcaLoca,30,future_textual_conflict,future_patch_not_applicable,patch failed/does not apply,ba6db2e30783f81673bb8a6b5218f7bb8efa8f27,650be24e37128f4942bb55fa8aa93525482c384a7b3f2e524822012f2f677104,2846abaefed01f1da0d58ca3a83a2a09bea71e9c: error: patch failed: src/flask/__init__.py:43,failure_log,primary,"Deterministic log classification only. Categories describe observed replay/tool states and do not prove patch quality, semantic failure, survival, or causality."
pallets__flask-4045,pallets/flask,human,90,future_textual_conflict,future_patch_not_applicable,patch failed/does not apply,53eef278efd59222be406ff5be737f48c92f8313,650be24e37128f4942bb55fa8aa93525482c384a7b3f2e524822012f2f677104,2846abaefed01f1da0d58ca3a83a2a09bea71e9c: error: patch failed: src/flask/__init__.py:43,failure_log,primary,"Deterministic log classification only. Categories describe observed replay/tool states and do not prove patch quality, semantic failure, survival, or causality."
pallets__flask-4045,pallets/flask,OrcaLoca,90,future_textual_conflict,future_patch_not_applicable,patch failed/does not apply,53eef278efd59222be406ff5be737f48c92f8313,650be24e37128f4942bb55fa8aa93525482c384a7b3f2e524822012f2f677104,2846abaefed01f1da0d58ca3a83a2a09bea71e9c: error: patch failed: src/flask/__init__.py:43,failure_log,primary,"Deterministic log classification only. Categories describe observed replay/tool states and do not prove patch quality, semantic failure, survival, or causality."
pallets__flask-4045,pallets/flask,human,180,future_textual_conflict,future_patch_not_applicable,patch failed/does not apply,ea93a52d7d94ba093bbce4680c622cc4fc9771d8,650be24e37128f4942bb55fa8aa93525482c384a7b3f2e524822012f2f677104,2846abaefed01f1da0d58ca3a83a2a09bea71e9c: error: patch failed: src/flask/__init__.py:43,failure_log,primary,"Deterministic log classification only. Categories describe observed replay/tool states and do not prove patch quality, semantic failure, survival, or causality."
pallets__flask-4045,pallets/flask,OrcaLoca,180,future_textual_conflict,future_patch_not_applicable,patch failed/does not apply,ea93a52d7d94ba093bbce4680c622cc4fc9771d8,650be24e37128f4942bb55fa8aa93525482c384a7b3f2e524822012f2f677104,2846abaefed01f1da0d58ca3a83a2a09bea71e9c: error: patch failed: src/flask/__init__.py:43,failure_log,primary,"Deterministic log classification only. Categories describe observed replay/tool states and do not prove patch quality, semantic failure, survival, or causality."
pallets__flask-4045,pallets/flask,human,365,future_textual_conflict,future_patch_not_applicable,patch failed/does not apply,00e2aac9371d94011279a6340ec3e7ecc86f097e,650be24e37128f4942bb55fa8aa93525482c384a7b3f2e524822012f2f677104,2846abaefed01f1da0d58ca3a83a2a09bea71e9c: error: patch failed: src/flask/__init__.py:43,failure_log,primary,"Deterministic log classification only. Categories describe observed replay/tool states and do not prove patch quality, semantic failure, survival, or causality."
pallets__flask-4045,pallets/flask,OrcaLoca,365,future_textual_conflict,future_patch_not_applicable,patch failed/does not apply,00e2aac9371d94011279a6340ec3e7ecc86f097e,650be24e37128f4942bb55fa8aa93525482c384a7b3f2e524822012f2f677104,2846abaefed01f1da0d58ca3a83a2a09bea71e9c: error: patch failed: src/flask/__init__.py:43,failure_log,primary,"Deterministic log classification only. Categories describe observed replay/tool states and do not prove patch quality, semantic failure, survival, or causality."
pallets__flask-5063,pallets/flask,human,30,future_textual_conflict,future_patch_not_applicable,patch failed/does not apply,31fd9c87912a7020a00d83d2135559433173708c,141b44b87c115be4a34d384e04b1aeeccae75350216f6d9dad9320d099c46b8a,a4ea5df5d565128118b6ceaaf372233eef23e238: error: patch failed: CHANGES.rst:46,failure_log,primary,"Deterministic log classification only. Categories describe observed replay/tool states and do not prove patch quality, semantic failure, survival, or causality."
pallets__flask-5063,pallets/flask,OrcaLoca,30,future_textual_conflict,future_patch_not_applicable,patch failed/does not apply,31fd9c87912a7020a00d83d2135559433173708c,141b44b87c115be4a34d384e04b1aeeccae75350216f6d9dad9320d099c46b8a,a4ea5df5d565128118b6ceaaf372233eef23e238: error: patch failed: CHANGES.rst:46,failure_log,primary,"Deterministic log classification only. Categories describe observed replay/tool states and do not prove patch quality, semantic failure, survival, or causality."
pallets__flask-5063,pallets/flask,human,90,future_textual_conflict,future_patch_not_applicable,patch failed/does not apply,6a5277d3417b30d6e7f5c93745e8a445dcb02b1c,141b44b87c115be4a34d384e04b1aeeccae75350216f6d9dad9320d099c46b8a,a4ea5df5d565128118b6ceaaf372233eef23e238: error: patch failed: CHANGES.rst:46,failure_log,primary,"Deterministic log classification only. Categories describe observed replay/tool states and do not prove patch quality, semantic failure, survival, or causality."
pallets__flask-5063,pallets/flask,OrcaLoca,90,future_textual_conflict,future_patch_not_applicable,patch failed/does not apply,6a5277d3417b30d6e7f5c93745e8a445dcb02b1c,141b44b87c115be4a34d384e04b1aeeccae75350216f6d9dad9320d099c46b8a,a4ea5df5d565128118b6ceaaf372233eef23e238: error: patch failed: CHANGES.rst:46,failure_log,primary,"Deterministic log classification only. Categories describe observed replay/tool states and do not prove patch quality, semantic failure, survival, or causality."
pallets__flask-5063,pallets/flask,human,180,future_textual_conflict,future_patch_not_applicable,patch failed/does not apply,beedaa4eff3919f250fad49a5092cf07c4d638e1,141b44b87c115be4a34d384e04b1aeeccae75350216f6d9dad9320d099c46b8a,a4ea5df5d565128118b6ceaaf372233eef23e238: error: patch failed: CHANGES.rst:46,failure_log,primary,"Deterministic log classification only. Categories describe observed replay/tool states and do not prove patch quality, semantic failure, survival, or causality."
pallets__flask-5063,pallets/flask,OrcaLoca,180,future_textual_conflict,future_patch_not_applicable,patch failed/does not apply,beedaa4eff3919f250fad49a5092cf07c4d638e1,141b44b87c115be4a34d384e04b1aeeccae75350216f6d9dad9320d099c46b8a,a4ea5df5d565128118b6ceaaf372233eef23e238: error: patch failed: CHANGES.rst:46,failure_log,primary,"Deterministic log classification only. Categories describe observed replay/tool states and do not prove patch quality, semantic failure, survival, or causality."
pallets__flask-5063,pallets/flask,human,365,future_textual_conflict,future_patch_not_applicable,patch failed/does not apply,db0fe9436e9da7f7bd14683542bbf33ba3c6d5e4,141b44b87c115be4a34d384e04b1aeeccae75350216f6d9dad9320d099c46b8a,a4ea5df5d565128118b6ceaaf372233eef23e238: error: patch failed: CHANGES.rst:46,failure_log,primary,"Deterministic log classification only. Categories describe observed replay/tool states and do not prove patch quality, semantic failure, survival, or causality."
pallets__flask-5063,pallets/flask,OrcaLoca,365,future_textual_conflict,future_patch_not_applicable,patch failed/does not apply,db0fe9436e9da7f7bd14683542bbf33ba3c6d5e4,141b44b87c115be4a34d384e04b1aeeccae75350216f6d9dad9320d099c46b8a,a4ea5df5d565128118b6ceaaf372233eef23e238: error: patch failed: CHANGES.rst:46,failure_log,primary,"Deterministic log classification only. Categories describe observed replay/tool states and do not prove patch quality, semantic failure, survival, or causality."
pylint-dev__pylint-6506,pylint-dev/pylint,human,30,task_setup_failure,task_setup_failure,replay_status=task_setup_failure,aa40a36083473ea3fdfff910132873259e7c7a8a,8cf8436f37ed371b6e5d3367149d920128de251c60a9c70a12fb8520fa1781f2,Traceback (most recent call last):,failure_log,primary,"Deterministic log classification only. Categories describe observed replay/tool states and do not prove patch quality, semantic failure, survival, or causality."
pylint-dev__pylint-6506,pylint-dev/pylint,OrcaLoca,30,task_setup_failure,task_setup_failure,replay_status=task_setup_failure,aa40a36083473ea3fdfff910132873259e7c7a8a,8cf8436f37ed371b6e5d3367149d920128de251c60a9c70a12fb8520fa1781f2,Traceback (most recent call last):,failure_log,primary,"Deterministic log classification only. Categories describe observed replay/tool states and do not prove patch quality, semantic failure, survival, or causality."
pylint-dev__pylint-6506,pylint-dev/pylint,human,90,task_setup_failure,task_setup_failure,replay_status=task_setup_failure,dbc60af70fced751859377f6377b186c6403cdee,8cf8436f37ed371b6e5d3367149d920128de251c60a9c70a12fb8520fa1781f2,Traceback (most recent call last):,failure_log,primary,"Deterministic log classification only. Categories describe observed replay/tool states and do not prove patch quality, semantic failure, survival, or causality."
pylint-dev__pylint-6506,pylint-dev/pylint,OrcaLoca,90,task_setup_failure,task_setup_failure,replay_status=task_setup_failure,dbc60af70fced751859377f6377b186c6403cdee,8cf8436f37ed371b6e5d3367149d920128de251c60a9c70a12fb8520fa1781f2,Traceback (most recent call last):,failure_log,primary,"Deterministic log classification only. Categories describe observed replay/tool states and do not prove patch quality, semantic failure, survival, or causality."
pylint-dev__pylint-6506,pylint-dev/pylint,human,180,task_setup_failure,task_setup_failure,replay_status=task_setup_failure,c8cd3353f53c7d5e843a3420d69b7b7b56ecb2e8,8cf8436f37ed371b6e5d3367149d920128de251c60a9c70a12fb8520fa1781f2,Traceback (most recent call last):,failure_log,primary,"Deterministic log classification only. Categories describe observed replay/tool states and do not prove patch quality, semantic failure, survival, or causality."
pylint-dev__pylint-6506,pylint-dev/pylint,OrcaLoca,180,task_setup_failure,task_setup_failure,replay_status=task_setup_failure,c8cd3353f53c7d5e843a3420d69b7b7b56ecb2e8,8cf8436f37ed371b6e5d3367149d920128de251c60a9c70a12fb8520fa1781f2,Traceback (most recent call last):,failure_log,primary,"Deterministic log classification only. Categories describe observed replay/tool states and do not prove patch quality, semantic failure, survival, or causality."
pylint-dev__pylint-6506,pylint-dev/pylint,human,365,task_setup_failure,task_setup_failure,replay_status=task_setup_failure,7574f6beaf9defdbc551bbe2f18064659caa870c,8cf8436f37ed371b6e5d3367149d920128de251c60a9c70a12fb8520fa1781f2,Traceback (most recent call last):,failure_log,primary,"Deterministic log classification only. Categories describe observed replay/tool states and do not prove patch quality, semantic failure, survival, or causality."
pylint-dev__pylint-6506,pylint-dev/pylint,OrcaLoca,365,task_setup_failure,task_setup_failure,replay_status=task_setup_failure,7574f6beaf9defdbc551bbe2f18064659caa870c,8cf8436f37ed371b6e5d3367149d920128de251c60a9c70a12fb8520fa1781f2,Traceback (most recent call last):,failure_log,primary,"Deterministic log classification only. Categories describe observed replay/tool states and do not prove patch quality, semantic failure, survival, or causality."
pylint-dev__pylint-7080,pylint-dev/pylint,human,30,task_setup_failure,task_setup_failure,replay_status=task_setup_failure,c33d237e6ea5795632295bb6390778a21e6f4080,2c74e9496d3d8d8adaa33e7a52ceabdc623753ab9d9517a78dc06d2950973b6e,Traceback (most recent call last):,failure_log,primary,"Deterministic log classification only. Categories describe observed replay/tool states and do not prove patch quality, semantic failure, survival, or causality."
pylint-dev__pylint-7080,pylint-dev/pylint,OrcaLoca,30,task_setup_failure,task_setup_failure,replay_status=task_setup_failure,c33d237e6ea5795632295bb6390778a21e6f4080,2c74e9496d3d8d8adaa33e7a52ceabdc623753ab9d9517a78dc06d2950973b6e,Traceback (most recent call last):,failure_log,primary,"Deterministic log classification only. Categories describe observed replay/tool states and do not prove patch quality, semantic failure, survival, or causality."
pylint-dev__pylint-7080,pylint-dev/pylint,human,90,task_setup_failure,task_setup_failure,replay_status=task_setup_failure,c3740d81918d83c91be698c674d2dd5f063e9530,2c74e9496d3d8d8adaa33e7a52ceabdc623753ab9d9517a78dc06d2950973b6e,Traceback (most recent call last):,failure_log,primary,"Deterministic log classification only. Categories describe observed replay/tool states and do not prove patch quality, semantic failure, survival, or causality."
pylint-dev__pylint-7080,pylint-dev/pylint,OrcaLoca,90,task_setup_failure,task_setup_failure,replay_status=task_setup_failure,c3740d81918d83c91be698c674d2dd5f063e9530,2c74e9496d3d8d8adaa33e7a52ceabdc623753ab9d9517a78dc06d2950973b6e,Traceback (most recent call last):,failure_log,primary,"Deterministic log classification only. Categories describe observed replay/tool states and do not prove patch quality, semantic failure, survival, or causality."
pylint-dev__pylint-7080,pylint-dev/pylint,human,180,task_setup_failure,task_setup_failure,replay_status=task_setup_failure,4a5f5be479952d5c865a18520f14db321d2432b2,2c74e9496d3d8d8adaa33e7a52ceabdc623753ab9d9517a78dc06d2950973b6e,Traceback (most recent call last):,failure_log,primary,"Deterministic log classification only. Categories describe observed replay/tool states and do not prove patch quality, semantic failure, survival, or causality."
pylint-dev__pylint-7080,pylint-dev/pylint,OrcaLoca,180,task_setup_failure,task_setup_failure,replay_status=task_setup_failure,4a5f5be479952d5c865a18520f14db321d2432b2,2c74e9496d3d8d8adaa33e7a52ceabdc623753ab9d9517a78dc06d2950973b6e,Traceback (most recent call last):,failure_log,primary,"Deterministic log classification only. Categories describe observed replay/tool states and do not prove patch quality, semantic failure, survival, or causality."
pylint-dev__pylint-7080,pylint-dev/pylint,human,365,task_setup_failure,task_setup_failure,replay_status=task_setup_failure,bf8051b632afdba6792e55c20faec712b0ebebaf,2c74e9496d3d8d8adaa33e7a52ceabdc623753ab9d9517a78dc06d2950973b6e,Traceback (most recent call last):,failure_log,primary,"Deterministic log classification only. Categories describe observed replay/tool states and do not prove patch quality, semantic failure, survival, or causality."
pylint-dev__pylint-7080,pylint-dev/pylint,OrcaLoca,365,task_setup_failure,task_setup_failure,replay_status=task_setup_failure,bf8051b632afdba6792e55c20faec712b0ebebaf,2c74e9496d3d8d8adaa33e7a52ceabdc623753ab9d9517a78dc06d2950973b6e,Traceback (most recent call last):,failure_log,primary,"Deterministic log classification only. Categories describe observed replay/tool states and do not prove patch quality, semantic failure, survival, or causality."
pylint-dev__pylint-7228,pylint-dev/pylint,human,30,source_unavailable_during_replay,source_unavailable,replay_status=source_unavailable_during_replay,ac8641e32d262b18c528951523d8ff7da07cf72c,ecf9718e95da696968496f34f216614eb0824085ba92df704939386002dfed3a,fatal: could not fetch 8f409a5c4f2fe371df7b12ca174c590543f904ea from promisor remote,failure_log,primary,"Deterministic log classification only. Categories describe observed replay/tool states and do not prove patch quality, semantic failure, survival, or causality."
pylint-dev__pylint-7228,pylint-dev/pylint,OrcaLoca,30,source_unavailable_during_replay,source_unavailable,replay_status=source_unavailable_during_replay,ac8641e32d262b18c528951523d8ff7da07cf72c,ecf9718e95da696968496f34f216614eb0824085ba92df704939386002dfed3a,fatal: could not fetch 8f409a5c4f2fe371df7b12ca174c590543f904ea from promisor remote,failure_log,primary,"Deterministic log classification only. Categories describe observed replay/tool states and do not prove patch quality, semantic failure, survival, or causality."
pylint-dev__pylint-7228,pylint-dev/pylint,human,90,source_unavailable_during_replay,source_unavailable,replay_status=source_unavailable_during_replay,5c7f98099c719038fa07eba61f288c0a7cc48f92,ecf9718e95da696968496f34f216614eb0824085ba92df704939386002dfed3a,fatal: could not fetch 8f409a5c4f2fe371df7b12ca174c590543f904ea from promisor remote,failure_log,primary,"Deterministic log classification only. Categories describe observed replay/tool states and do not prove patch quality, semantic failure, survival, or causality."
pylint-dev__pylint-7228,pylint-dev/pylint,OrcaLoca,90,source_unavailable_during_replay,source_unavailable,replay_status=source_unavailable_during_replay,5c7f98099c719038fa07eba61f288c0a7cc48f92,ecf9718e95da696968496f34f216614eb0824085ba92df704939386002dfed3a,fatal: could not fetch 8f409a5c4f2fe371df7b12ca174c590543f904ea from promisor remote,failure_log,primary,"Deterministic log classification only. Categories describe observed replay/tool states and do not prove patch quality, semantic failure, survival, or causality."
pylint-dev__pylint-7228,pylint-dev/pylint,human,180,source_unavailable_during_replay,source_unavailable,replay_status=source_unavailable_during_replay,660405e6218258cee90570e8037c3b5e1440dcb6,ecf9718e95da696968496f34f216614eb0824085ba92df704939386002dfed3a,fatal: could not fetch 8f409a5c4f2fe371df7b12ca174c590543f904ea from promisor remote,failure_log,primary,"Deterministic log classification only. Categories describe observed replay/tool states and do not prove patch quality, semantic failure, survival, or causality."
pylint-dev__pylint-7228,pylint-dev/pylint,OrcaLoca,180,source_unavailable_during_replay,source_unavailable,replay_status=source_unavailable_during_replay,660405e6218258cee90570e8037c3b5e1440dcb6,ecf9718e95da696968496f34f216614eb0824085ba92df704939386002dfed3a,fatal: could not fetch 8f409a5c4f2fe371df7b12ca174c590543f904ea from promisor remote,failure_log,primary,"Deterministic log classification only. Categories describe observed replay/tool states and do not prove patch quality, semantic failure, survival, or causality."
pylint-dev__pylint-7228,pylint-dev/pylint,human,365,source_unavailable_during_replay,source_unavailable,replay_status=source_unavailable_during_replay,68a79b2504c96205437ee9c3f09c4d7d90284bc5,ecf9718e95da696968496f34f216614eb0824085ba92df704939386002dfed3a,fatal: could not fetch 8f409a5c4f2fe371df7b12ca174c590543f904ea from promisor remote,failure_log,primary,"Deterministic log classification only. Categories describe observed replay/tool states and do not prove patch quality, semantic failure, survival, or causality."
pylint-dev__pylint-7228,pylint-dev/pylint,OrcaLoca,365,source_unavailable_during_replay,source_unavailable,replay_status=source_unavailable_during_replay,68a79b2504c96205437ee9c3f09c4d7d90284bc5,ecf9718e95da696968496f34f216614eb0824085ba92df704939386002dfed3a,fatal: could not fetch 8f409a5c4f2fe371df7b12ca174c590543f904ea from promisor remote,failure_log,primary,"Deterministic log classification only. Categories describe observed replay/tool states and do not prove patch quality, semantic failure, survival, or causality."
pytest-dev__pytest-5221,pytest-dev/pytest,human,30,source_unavailable_during_replay,source_unavailable,replay_status=source_unavailable_during_replay,0f4992c223bbf4757e83c20818538eb755604734,48e98c8cd2f4912b6ac7406dc34e8ed859e5d1107281279cec70c90f8dda179c,fatal: could not fetch ecbba1255865a738c4a8f900d3c5c9e5ff5812e0 from promisor remote,failure_log,primary,"Deterministic log classification only. Categories describe observed replay/tool states and do not prove patch quality, semantic failure, survival, or causality."
pytest-dev__pytest-5221,pytest-dev/pytest,OrcaLoca,30,source_unavailable_during_replay,source_unavailable,replay_status=source_unavailable_during_replay,0f4992c223bbf4757e83c20818538eb755604734,48e98c8cd2f4912b6ac7406dc34e8ed859e5d1107281279cec70c90f8dda179c,fatal: could not fetch ecbba1255865a738c4a8f900d3c5c9e5ff5812e0 from promisor remote,failure_log,primary,"Deterministic log classification only. Categories describe observed replay/tool states and do not prove patch quality, semantic failure, survival, or causality."
pytest-dev__pytest-5221,pytest-dev/pytest,human,90,source_unavailable_during_replay,source_unavailable,replay_status=source_unavailable_during_replay,73e0bf92f7e1fc365b77ed57699c37454db6d812,48e98c8cd2f4912b6ac7406dc34e8ed859e5d1107281279cec70c90f8dda179c,fatal: could not fetch ecbba1255865a738c4a8f900d3c5c9e5ff5812e0 from promisor remote,failure_log,primary,"Deterministic log classification only. Categories describe observed replay/tool states and do not prove patch quality, semantic failure, survival, or causality."
pytest-dev__pytest-5221,pytest-dev/pytest,OrcaLoca,90,source_unavailable_during_replay,source_unavailable,replay_status=source_unavailable_during_replay,73e0bf92f7e1fc365b77ed57699c37454db6d812,48e98c8cd2f4912b6ac7406dc34e8ed859e5d1107281279cec70c90f8dda179c,fatal: could not fetch ecbba1255865a738c4a8f900d3c5c9e5ff5812e0 from promisor remote,failure_log,primary,"Deterministic log classification only. Categories describe observed replay/tool states and do not prove patch quality, semantic failure, survival, or causality."
pytest-dev__pytest-5221,pytest-dev/pytest,human,180,source_unavailable_during_replay,source_unavailable,replay_status=source_unavailable_during_replay,0760406480495ceaf54755bdeed08e47570ffa2f,48e98c8cd2f4912b6ac7406dc34e8ed859e5d1107281279cec70c90f8dda179c,fatal: could not fetch ecbba1255865a738c4a8f900d3c5c9e5ff5812e0 from promisor remote,failure_log,primary,"Deterministic log classification only. Categories describe observed replay/tool states and do not prove patch quality, semantic failure, survival, or causality."
pytest-dev__pytest-5221,pytest-dev/pytest,OrcaLoca,180,source_unavailable_during_replay,source_unavailable,replay_status=source_unavailable_during_replay,0760406480495ceaf54755bdeed08e47570ffa2f,48e98c8cd2f4912b6ac7406dc34e8ed859e5d1107281279cec70c90f8dda179c,fatal: could not fetch ecbba1255865a738c4a8f900d3c5c9e5ff5812e0 from promisor remote,failure_log,primary,"Deterministic log classification only. Categories describe observed replay/tool states and do not prove patch quality, semantic failure, survival, or causality."
pytest-dev__pytest-5221,pytest-dev/pytest,human,365,source_unavailable_during_replay,source_unavailable,replay_status=source_unavailable_during_replay,b4c46da278d26acbd2aa06195d67d4b8f538e726,48e98c8cd2f4912b6ac7406dc34e8ed859e5d1107281279cec70c90f8dda179c,fatal: could not fetch ecbba1255865a738c4a8f900d3c5c9e5ff5812e0 from promisor remote,failure_log,primary,"Deterministic log classification only. Categories describe observed replay/tool states and do not prove patch quality, semantic failure, survival, or causality."
pytest-dev__pytest-5221,pytest-dev/pytest,OrcaLoca,365,source_unavailable_during_replay,source_unavailable,replay_status=source_unavailable_during_replay,b4c46da278d26acbd2aa06195d67d4b8f538e726,48e98c8cd2f4912b6ac7406dc34e8ed859e5d1107281279cec70c90f8dda179c,fatal: could not fetch ecbba1255865a738c4a8f900d3c5c9e5ff5812e0 from promisor remote,failure_log,primary,"Deterministic log classification only. Categories describe observed replay/tool states and do not prove patch quality, semantic failure, survival, or causality."
pytest-dev__pytest-5227,pytest-dev/pytest,human,30,source_unavailable_during_replay,source_unavailable,replay_status=source_unavailable_during_replay,9f5c356784cd03d38704b1cdd49bdbaf275489f4,48e98c8cd2f4912b6ac7406dc34e8ed859e5d1107281279cec70c90f8dda179c,fatal: could not fetch ecbba1255865a738c4a8f900d3c5c9e5ff5812e0 from promisor remote,failure_log,primary,"Deterministic log classification only. Categories describe observed replay/tool states and do not prove patch quality, semantic failure, survival, or causality."
pytest-dev__pytest-5227,pytest-dev/pytest,OrcaLoca,30,source_unavailable_during_replay,source_unavailable,replay_status=source_unavailable_during_replay,9f5c356784cd03d38704b1cdd49bdbaf275489f4,48e98c8cd2f4912b6ac7406dc34e8ed859e5d1107281279cec70c90f8dda179c,fatal: could not fetch ecbba1255865a738c4a8f900d3c5c9e5ff5812e0 from promisor remote,failure_log,primary,"Deterministic log classification only. Categories describe observed replay/tool states and do not prove patch quality, semantic failure, survival, or causality."
pytest-dev__pytest-5227,pytest-dev/pytest,human,90,source_unavailable_during_replay,source_unavailable,replay_status=source_unavailable_during_replay,28fabc52bd3a35f1007ab82866940c9afdf7cefc,48e98c8cd2f4912b6ac7406dc34e8ed859e5d1107281279cec70c90f8dda179c,fatal: could not fetch ecbba1255865a738c4a8f900d3c5c9e5ff5812e0 from promisor remote,failure_log,primary,"Deterministic log classification only. Categories describe observed replay/tool states and do not prove patch quality, semantic failure, survival, or causality."
pytest-dev__pytest-5227,pytest-dev/pytest,OrcaLoca,90,source_unavailable_during_replay,source_unavailable,replay_status=source_unavailable_during_replay,28fabc52bd3a35f1007ab82866940c9afdf7cefc,48e98c8cd2f4912b6ac7406dc34e8ed859e5d1107281279cec70c90f8dda179c,fatal: could not fetch ecbba1255865a738c4a8f900d3c5c9e5ff5812e0 from promisor remote,failure_log,primary,"Deterministic log classification only. Categories describe observed replay/tool states and do not prove patch quality, semantic failure, survival, or causality."
pytest-dev__pytest-5227,pytest-dev/pytest,human,180,source_unavailable_during_replay,source_unavailable,replay_status=source_unavailable_during_replay,0760406480495ceaf54755bdeed08e47570ffa2f,48e98c8cd2f4912b6ac7406dc34e8ed859e5d1107281279cec70c90f8dda179c,fatal: could not fetch ecbba1255865a738c4a8f900d3c5c9e5ff5812e0 from promisor remote,failure_log,primary,"Deterministic log classification only. Categories describe observed replay/tool states and do not prove patch quality, semantic failure, survival, or causality."
pytest-dev__pytest-5227,pytest-dev/pytest,OrcaLoca,180,source_unavailable_during_replay,source_unavailable,replay_status=source_unavailable_during_replay,0760406480495ceaf54755bdeed08e47570ffa2f,48e98c8cd2f4912b6ac7406dc34e8ed859e5d1107281279cec70c90f8dda179c,fatal: could not fetch ecbba1255865a738c4a8f900d3c5c9e5ff5812e0 from promisor remote,failure_log,primary,"Deterministic log classification only. Categories describe observed replay/tool states and do not prove patch quality, semantic failure, survival, or causality."
pytest-dev__pytest-5227,pytest-dev/pytest,human,365,source_unavailable_during_replay,source_unavailable,replay_status=source_unavailable_during_replay,81da5dac4840597ed05e2d216a2229acce62b26f,48e98c8cd2f4912b6ac7406dc34e8ed859e5d1107281279cec70c90f8dda179c,fatal: could not fetch ecbba1255865a738c4a8f900d3c5c9e5ff5812e0 from promisor remote,failure_log,primary,"Deterministic log classification only. Categories describe observed replay/tool states and do not prove patch quality, semantic failure, survival, or causality."
pytest-dev__pytest-5227,pytest-dev/pytest,OrcaLoca,365,source_unavailable_during_replay,source_unavailable,replay_status=source_unavailable_during_replay,81da5dac4840597ed05e2d216a2229acce62b26f,48e98c8cd2f4912b6ac7406dc34e8ed859e5d1107281279cec70c90f8dda179c,fatal: could not fetch ecbba1255865a738c4a8f900d3c5c9e5ff5812e0 from promisor remote,failure_log,primary,"Deterministic log classification only. Categories describe observed replay/tool states and do not prove patch quality, semantic failure, survival, or causality."
scikit-learn__scikit-learn-10297,scikit-learn/scikit-learn,human,30,future_textual_conflict,future_patch_not_applicable,patch failed/does not apply,47ce5e1c9d0a63ed3b56b4a9f44fb51a1b35b7cd,e06beafa9ca7e2f9f4e6cb6021f9b8162f740fb2cb4a6625b3c473b6f0cf1e97,03dd2870157490f1f8f484d9b81bfe0ac1df4917: error: patch failed: sklearn/linear_model/ridge.py:1328,failure_log,primary,"Deterministic log classification only. Categories describe observed replay/tool states and do not prove patch quality, semantic failure, survival, or causality."
scikit-learn__scikit-learn-10297,scikit-learn/scikit-learn,OrcaLoca,30,future_textual_conflict,future_patch_not_applicable,patch failed/does not apply,47ce5e1c9d0a63ed3b56b4a9f44fb51a1b35b7cd,e06beafa9ca7e2f9f4e6cb6021f9b8162f740fb2cb4a6625b3c473b6f0cf1e97,03dd2870157490f1f8f484d9b81bfe0ac1df4917: error: patch failed: sklearn/linear_model/ridge.py:1328,failure_log,primary,"Deterministic log classification only. Categories describe observed replay/tool states and do not prove patch quality, semantic failure, survival, or causality."
scikit-learn__scikit-learn-10297,scikit-learn/scikit-learn,human,90,future_textual_conflict,future_patch_not_applicable,patch failed/does not apply,83a9eab8e1539480698c0452424746031ce68248,e06beafa9ca7e2f9f4e6cb6021f9b8162f740fb2cb4a6625b3c473b6f0cf1e97,03dd2870157490f1f8f484d9b81bfe0ac1df4917: error: patch failed: sklearn/linear_model/ridge.py:1328,failure_log,primary,"Deterministic log classification only. Categories describe observed replay/tool states and do not prove patch quality, semantic failure, survival, or causality."
scikit-learn__scikit-learn-10297,scikit-learn/scikit-learn,OrcaLoca,90,future_textual_conflict,future_patch_not_applicable,patch failed/does not apply,83a9eab8e1539480698c0452424746031ce68248,e06beafa9ca7e2f9f4e6cb6021f9b8162f740fb2cb4a6625b3c473b6f0cf1e97,03dd2870157490f1f8f484d9b81bfe0ac1df4917: error: patch failed: sklearn/linear_model/ridge.py:1328,failure_log,primary,"Deterministic log classification only. Categories describe observed replay/tool states and do not prove patch quality, semantic failure, survival, or causality."
scikit-learn__scikit-learn-10297,scikit-learn/scikit-learn,human,180,future_textual_conflict,future_patch_not_applicable,patch failed/does not apply,790af8db833d868b3206db78f89fb5d96a0d8dea,e06beafa9ca7e2f9f4e6cb6021f9b8162f740fb2cb4a6625b3c473b6f0cf1e97,03dd2870157490f1f8f484d9b81bfe0ac1df4917: error: patch failed: sklearn/linear_model/ridge.py:1328,failure_log,primary,"Deterministic log classification only. Categories describe observed replay/tool states and do not prove patch quality, semantic failure, survival, or causality."
scikit-learn__scikit-learn-10297,scikit-learn/scikit-learn,OrcaLoca,180,future_textual_conflict,future_patch_not_applicable,patch failed/does not apply,790af8db833d868b3206db78f89fb5d96a0d8dea,e06beafa9ca7e2f9f4e6cb6021f9b8162f740fb2cb4a6625b3c473b6f0cf1e97,03dd2870157490f1f8f484d9b81bfe0ac1df4917: error: patch failed: sklearn/linear_model/ridge.py:1328,failure_log,primary,"Deterministic log classification only. Categories describe observed replay/tool states and do not prove patch quality, semantic failure, survival, or causality."
scikit-learn__scikit-learn-10297,scikit-learn/scikit-learn,human,365,future_textual_conflict,future_patch_not_applicable,patch failed/does not apply,0a1ee74a14ed8fe94bb0c7c10c9e3d99db9cd2b8,e06beafa9ca7e2f9f4e6cb6021f9b8162f740fb2cb4a6625b3c473b6f0cf1e97,03dd2870157490f1f8f484d9b81bfe0ac1df4917: error: patch failed: sklearn/linear_model/ridge.py:1328,failure_log,primary,"Deterministic log classification only. Categories describe observed replay/tool states and do not prove patch quality, semantic failure, survival, or causality."
scikit-learn__scikit-learn-10297,scikit-learn/scikit-learn,OrcaLoca,365,future_textual_conflict,future_patch_not_applicable,patch failed/does not apply,0a1ee74a14ed8fe94bb0c7c10c9e3d99db9cd2b8,e06beafa9ca7e2f9f4e6cb6021f9b8162f740fb2cb4a6625b3c473b6f0cf1e97,03dd2870157490f1f8f484d9b81bfe0ac1df4917: error: patch failed: sklearn/linear_model/ridge.py:1328,failure_log,primary,"Deterministic log classification only. Categories describe observed replay/tool states and do not prove patch quality, semantic failure, survival, or causality."
scikit-learn__scikit-learn-10508,scikit-learn/scikit-learn,human,30,future_textual_conflict,future_patch_not_applicable,patch failed/does not apply,ff5aac0c9e5555f52165ccfbf489e6592a58cf9c,05ec030f2201645cdf7c52c7282006d325cce568f3c30c869aef64fc4feceeed,6bd1cf594b05fdf16f827077e719a4ab0c0bd7ab: error: patch failed: doc/whats_new/v0.20.rst:311,failure_log,primary,"Deterministic log classification only. Categories describe observed replay/tool states and do not prove patch quality, semantic failure, survival, or causality."
scikit-learn__scikit-learn-10508,scikit-learn/scikit-learn,OrcaLoca,30,future_textual_conflict,future_patch_not_applicable,patch failed/does not apply,ff5aac0c9e5555f52165ccfbf489e6592a58cf9c,05ec030f2201645cdf7c52c7282006d325cce568f3c30c869aef64fc4feceeed,6bd1cf594b05fdf16f827077e719a4ab0c0bd7ab: error: patch failed: doc/whats_new/v0.20.rst:311,failure_log,primary,"Deterministic log classification only. Categories describe observed replay/tool states and do not prove patch quality, semantic failure, survival, or causality."
scikit-learn__scikit-learn-10508,scikit-learn/scikit-learn,human,90,future_textual_conflict,future_patch_not_applicable,patch failed/does not apply,e070611bdb4884c222b40e4f59b65e8c6ca35380,05ec030f2201645cdf7c52c7282006d325cce568f3c30c869aef64fc4feceeed,6bd1cf594b05fdf16f827077e719a4ab0c0bd7ab: error: patch failed: doc/whats_new/v0.20.rst:311,failure_log,primary,"Deterministic log classification only. Categories describe observed replay/tool states and do not prove patch quality, semantic failure, survival, or causality."
scikit-learn__scikit-learn-10508,scikit-learn/scikit-learn,OrcaLoca,90,future_textual_conflict,future_patch_not_applicable,patch failed/does not apply,e070611bdb4884c222b40e4f59b65e8c6ca35380,05ec030f2201645cdf7c52c7282006d325cce568f3c30c869aef64fc4feceeed,6bd1cf594b05fdf16f827077e719a4ab0c0bd7ab: error: patch failed: doc/whats_new/v0.20.rst:311,failure_log,primary,"Deterministic log classification only. Categories describe observed replay/tool states and do not prove patch quality, semantic failure, survival, or causality."
scikit-learn__scikit-learn-10508,scikit-learn/scikit-learn,human,180,future_textual_conflict,future_patch_not_applicable,patch failed/does not apply,4fd7332b19a9d3227315a2582b9676ef65d0bd75,05ec030f2201645cdf7c52c7282006d325cce568f3c30c869aef64fc4feceeed,6bd1cf594b05fdf16f827077e719a4ab0c0bd7ab: error: patch failed: doc/whats_new/v0.20.rst:311,failure_log,primary,"Deterministic log classification only. Categories describe observed replay/tool states and do not prove patch quality, semantic failure, survival, or causality."
scikit-learn__scikit-learn-10508,scikit-learn/scikit-learn,OrcaLoca,180,future_textual_conflict,future_patch_not_applicable,patch failed/does not apply,4fd7332b19a9d3227315a2582b9676ef65d0bd75,05ec030f2201645cdf7c52c7282006d325cce568f3c30c869aef64fc4feceeed,6bd1cf594b05fdf16f827077e719a4ab0c0bd7ab: error: patch failed: doc/whats_new/v0.20.rst:311,failure_log,primary,"Deterministic log classification only. Categories describe observed replay/tool states and do not prove patch quality, semantic failure, survival, or causality."
scikit-learn__scikit-learn-10508,scikit-learn/scikit-learn,human,365,future_textual_conflict,future_patch_not_applicable,patch failed/does not apply,db17f3e2221fb6cec256d2d3501e259c5d5db934,05ec030f2201645cdf7c52c7282006d325cce568f3c30c869aef64fc4feceeed,6bd1cf594b05fdf16f827077e719a4ab0c0bd7ab: error: patch failed: doc/whats_new/v0.20.rst:311,failure_log,primary,"Deterministic log classification only. Categories describe observed replay/tool states and do not prove patch quality, semantic failure, survival, or causality."
scikit-learn__scikit-learn-10508,scikit-learn/scikit-learn,OrcaLoca,365,future_textual_conflict,future_patch_not_applicable,patch failed/does not apply,db17f3e2221fb6cec256d2d3501e259c5d5db934,05ec030f2201645cdf7c52c7282006d325cce568f3c30c869aef64fc4feceeed,6bd1cf594b05fdf16f827077e719a4ab0c0bd7ab: error: patch failed: doc/whats_new/v0.20.rst:311,failure_log,primary,"Deterministic log classification only. Categories describe observed replay/tool states and do not prove patch quality, semantic failure, survival, or causality."
scikit-learn__scikit-learn-10949,scikit-learn/scikit-learn,human,30,checkpoint_replay_completed,completed,replay_status=checkpoint_replay_completed,e3984fb3828bc0575895512ad47e85ecc9521fd9,db2b2bdae38c4c99b114b30c116754d746afd9aad57858b584c9f9fdcd879cde,"{""build"": {""returncode"": 0, ""timed_out"": false, ""duration_seconds"": 24.29, ""stdout_sha256"": ""e3b0c44298fc1c149afbf4c8996fb92427ae41e4649b934ca495991b7852b855"", ""stderr_sha256"": ""6b2cb268de786dfdb90dd7bba947de22eab52691b1e2d306077cfc472dc41335"", ""stdout_head"": """", ""stderr_head"": "".\\benchmarks\\bench_plot_randomized_svd.py:242: SyntaxWarning: \""is not\"" with 'str' literal. Did you mean \""!=\""?\r\n  if method is not 'fbpca':\r\n.\\examples\\applications\\svm_gui.py:171: SyntaxWarning: invalid esca",failure_log,primary,"Deterministic log classification only. Categories describe observed replay/tool states and do not prove patch quality, semantic failure, survival, or causality."
scikit-learn__scikit-learn-10949,scikit-learn/scikit-learn,OrcaLoca,30,checkpoint_replay_completed,completed,replay_status=checkpoint_replay_completed,e3984fb3828bc0575895512ad47e85ecc9521fd9,778b02aa2bf99cc73551c0a7ff47b87e53eb5db4f07336e5de908cba5632c3b2,"{""build"": {""returncode"": 0, ""timed_out"": false, ""duration_seconds"": 34.977, ""stdout_sha256"": ""e3b0c44298fc1c149afbf4c8996fb92427ae41e4649b934ca495991b7852b855"", ""stderr_sha256"": ""6b2cb268de786dfdb90dd7bba947de22eab52691b1e2d306077cfc472dc41335"", ""stdout_head"": """", ""stderr_head"": "".\\benchmarks\\bench_plot_randomized_svd.py:242: SyntaxWarning: \""is not\"" with 'str' literal. Did you mean \""!=\""?\r\n  if method is not 'fbpca':\r\n.\\examples\\applications\\svm_gui.py:171: SyntaxWarning: invalid esc",failure_log,primary,"Deterministic log classification only. Categories describe observed replay/tool states and do not prove patch quality, semantic failure, survival, or causality."
scikit-learn__scikit-learn-10949,scikit-learn/scikit-learn,human,90,checkpoint_replay_completed,completed,replay_status=checkpoint_replay_completed,2d6603448a9d98212caaec9595b9b39067df54be,99667e28fc44f0f2dcbc6fe6c6c2ebe535f94fa32f2e0f29792f439e34827038,"{""build"": {""returncode"": 0, ""timed_out"": false, ""duration_seconds"": 29.925, ""stdout_sha256"": ""e3b0c44298fc1c149afbf4c8996fb92427ae41e4649b934ca495991b7852b855"", ""stderr_sha256"": ""e5d6436ba770c23601e2e8b1cdb14533d750c0529809e6e996e8ceb91d1bd549"", ""stdout_head"": """", ""stderr_head"": "".\\benchmarks\\bench_plot_randomized_svd.py:242: SyntaxWarning: \""is not\"" with 'str' literal. Did you mean \""!=\""?\r\n  if method is not 'fbpca':\r\n.\\examples\\applications\\svm_gui.py:171: SyntaxWarning: invalid esc",failure_log,primary,"Deterministic log classification only. Categories describe observed replay/tool states and do not prove patch quality, semantic failure, survival, or causality."
scikit-learn__scikit-learn-10949,scikit-learn/scikit-learn,OrcaLoca,90,checkpoint_replay_completed,completed,replay_status=checkpoint_replay_completed,2d6603448a9d98212caaec9595b9b39067df54be,c85af62daadaed696864b9299b9f3de05be40169b436f9d26966d191bef71f9a,"{""build"": {""returncode"": 0, ""timed_out"": false, ""duration_seconds"": 40.273, ""stdout_sha256"": ""e3b0c44298fc1c149afbf4c8996fb92427ae41e4649b934ca495991b7852b855"", ""stderr_sha256"": ""e5d6436ba770c23601e2e8b1cdb14533d750c0529809e6e996e8ceb91d1bd549"", ""stdout_head"": """", ""stderr_head"": "".\\benchmarks\\bench_plot_randomized_svd.py:242: SyntaxWarning: \""is not\"" with 'str' literal. Did you mean \""!=\""?\r\n  if method is not 'fbpca':\r\n.\\examples\\applications\\svm_gui.py:171: SyntaxWarning: invalid esc",failure_log,primary,"Deterministic log classification only. Categories describe observed replay/tool states and do not prove patch quality, semantic failure, survival, or causality."
scikit-learn__scikit-learn-10949,scikit-learn/scikit-learn,human,180,source_unavailable_during_replay,source_unavailable,replay_status=source_unavailable_during_replay,3cb31de2e5b2f071a9c56ae7619f8f9881fce2a1,e791f376493e1c2050b727add390111c64239cbe4142b16337a6f4b6c1ba276c,3a3a78a485571b45b3686f4fae1b132387a1ee1b: available,failure_log,primary,"Deterministic log classification only. Categories describe observed replay/tool states and do not prove patch quality, semantic failure, survival, or causality."
scikit-learn__scikit-learn-10949,scikit-learn/scikit-learn,OrcaLoca,180,source_unavailable_during_replay,source_unavailable,replay_status=source_unavailable_during_replay,3cb31de2e5b2f071a9c56ae7619f8f9881fce2a1,e791f376493e1c2050b727add390111c64239cbe4142b16337a6f4b6c1ba276c,3a3a78a485571b45b3686f4fae1b132387a1ee1b: available,failure_log,primary,"Deterministic log classification only. Categories describe observed replay/tool states and do not prove patch quality, semantic failure, survival, or causality."
scikit-learn__scikit-learn-10949,scikit-learn/scikit-learn,human,365,source_unavailable_during_replay,source_unavailable,replay_status=source_unavailable_during_replay,3f25ea034cca6fa719dec024e0cbba608bce07e6,e791f376493e1c2050b727add390111c64239cbe4142b16337a6f4b6c1ba276c,3a3a78a485571b45b3686f4fae1b132387a1ee1b: available,failure_log,primary,"Deterministic log classification only. Categories describe observed replay/tool states and do not prove patch quality, semantic failure, survival, or causality."
scikit-learn__scikit-learn-10949,scikit-learn/scikit-learn,OrcaLoca,365,source_unavailable_during_replay,source_unavailable,replay_status=source_unavailable_during_replay,3f25ea034cca6fa719dec024e0cbba608bce07e6,e791f376493e1c2050b727add390111c64239cbe4142b16337a6f4b6c1ba276c,3a3a78a485571b45b3686f4fae1b132387a1ee1b: available,failure_log,primary,"Deterministic log classification only. Categories describe observed replay/tool states and do not prove patch quality, semantic failure, survival, or causality."
sphinx-doc__sphinx-10325,sphinx-doc/sphinx,human,30,future_textual_conflict,future_patch_not_applicable,patch failed/does not apply,eb7f84d72618b084828b1dc6b20d2237601cd129,5f5357e9805f659ec0fd4c920ca11ae5a5ccc08acf7a568228f579b002e07d58,26a2e2935b3b18f197ca92aaa7a9808a5f567c21: error: patch failed: .github/workflows/transifex.yml:13,failure_log,primary,"Deterministic log classification only. Categories describe observed replay/tool states and do not prove patch quality, semantic failure, survival, or causality."
sphinx-doc__sphinx-10325,sphinx-doc/sphinx,OrcaLoca,30,future_textual_conflict,future_patch_not_applicable,patch failed/does not apply,eb7f84d72618b084828b1dc6b20d2237601cd129,5f5357e9805f659ec0fd4c920ca11ae5a5ccc08acf7a568228f579b002e07d58,26a2e2935b3b18f197ca92aaa7a9808a5f567c21: error: patch failed: .github/workflows/transifex.yml:13,failure_log,primary,"Deterministic log classification only. Categories describe observed replay/tool states and do not prove patch quality, semantic failure, survival, or causality."
sphinx-doc__sphinx-10325,sphinx-doc/sphinx,human,90,future_textual_conflict,future_patch_not_applicable,patch failed/does not apply,3d175d9a2423e52e549f003700abb42c7a9db21f,5f5357e9805f659ec0fd4c920ca11ae5a5ccc08acf7a568228f579b002e07d58,26a2e2935b3b18f197ca92aaa7a9808a5f567c21: error: patch failed: .github/workflows/transifex.yml:13,failure_log,primary,"Deterministic log classification only. Categories describe observed replay/tool states and do not prove patch quality, semantic failure, survival, or causality."
sphinx-doc__sphinx-10325,sphinx-doc/sphinx,OrcaLoca,90,future_textual_conflict,future_patch_not_applicable,patch failed/does not apply,3d175d9a2423e52e549f003700abb42c7a9db21f,5f5357e9805f659ec0fd4c920ca11ae5a5ccc08acf7a568228f579b002e07d58,26a2e2935b3b18f197ca92aaa7a9808a5f567c21: error: patch failed: .github/workflows/transifex.yml:13,failure_log,primary,"Deterministic log classification only. Categories describe observed replay/tool states and do not prove patch quality, semantic failure, survival, or causality."
sphinx-doc__sphinx-10325,sphinx-doc/sphinx,human,180,future_textual_conflict,future_patch_not_applicable,patch failed/does not apply,63dea6172aa3d5351a80085b9bebf02985c267e5,5f5357e9805f659ec0fd4c920ca11ae5a5ccc08acf7a568228f579b002e07d58,26a2e2935b3b18f197ca92aaa7a9808a5f567c21: error: patch failed: .github/workflows/transifex.yml:13,failure_log,primary,"Deterministic log classification only. Categories describe observed replay/tool states and do not prove patch quality, semantic failure, survival, or causality."
sphinx-doc__sphinx-10325,sphinx-doc/sphinx,OrcaLoca,180,future_textual_conflict,future_patch_not_applicable,patch failed/does not apply,63dea6172aa3d5351a80085b9bebf02985c267e5,5f5357e9805f659ec0fd4c920ca11ae5a5ccc08acf7a568228f579b002e07d58,26a2e2935b3b18f197ca92aaa7a9808a5f567c21: error: patch failed: .github/workflows/transifex.yml:13,failure_log,primary,"Deterministic log classification only. Categories describe observed replay/tool states and do not prove patch quality, semantic failure, survival, or causality."
sphinx-doc__sphinx-10325,sphinx-doc/sphinx,human,365,future_textual_conflict,future_patch_not_applicable,patch failed/does not apply,126737c3cda13d063565d48499d0a5b0fe685eb9,5f5357e9805f659ec0fd4c920ca11ae5a5ccc08acf7a568228f579b002e07d58,26a2e2935b3b18f197ca92aaa7a9808a5f567c21: error: patch failed: .github/workflows/transifex.yml:13,failure_log,primary,"Deterministic log classification only. Categories describe observed replay/tool states and do not prove patch quality, semantic failure, survival, or causality."
sphinx-doc__sphinx-10325,sphinx-doc/sphinx,OrcaLoca,365,future_textual_conflict,future_patch_not_applicable,patch failed/does not apply,126737c3cda13d063565d48499d0a5b0fe685eb9,5f5357e9805f659ec0fd4c920ca11ae5a5ccc08acf7a568228f579b002e07d58,26a2e2935b3b18f197ca92aaa7a9808a5f567c21: error: patch failed: .github/workflows/transifex.yml:13,failure_log,primary,"Deterministic log classification only. Categories describe observed replay/tool states and do not prove patch quality, semantic failure, survival, or causality."
sphinx-doc__sphinx-11445,sphinx-doc/sphinx,human,30,future_textual_conflict,future_patch_not_applicable,patch failed/does not apply,a73fb59a71f205b9bae90ac28f65dd5c1e48ed9b,829fd2097d5e3d337f67f28059dc560b32268f0d8ba2e7b06dc7911e8f166766,e11bf76919f4c2ccf6420fd7b4d2ab42901badf8: error: patch failed: CHANGES:58,failure_log,primary,"Deterministic log classification only. Categories describe observed replay/tool states and do not prove patch quality, semantic failure, survival, or causality."
sphinx-doc__sphinx-11445,sphinx-doc/sphinx,OrcaLoca,30,future_textual_conflict,future_patch_not_applicable,patch failed/does not apply,a73fb59a71f205b9bae90ac28f65dd5c1e48ed9b,829fd2097d5e3d337f67f28059dc560b32268f0d8ba2e7b06dc7911e8f166766,e11bf76919f4c2ccf6420fd7b4d2ab42901badf8: error: patch failed: CHANGES:58,failure_log,primary,"Deterministic log classification only. Categories describe observed replay/tool states and do not prove patch quality, semantic failure, survival, or causality."
sphinx-doc__sphinx-11445,sphinx-doc/sphinx,human,90,future_textual_conflict,future_patch_not_applicable,patch failed/does not apply,2d1e60748fe8bef6958c4747ce0a59b36f284c06,829fd2097d5e3d337f67f28059dc560b32268f0d8ba2e7b06dc7911e8f166766,e11bf76919f4c2ccf6420fd7b4d2ab42901badf8: error: patch failed: CHANGES:58,failure_log,primary,"Deterministic log classification only. Categories describe observed replay/tool states and do not prove patch quality, semantic failure, survival, or causality."
sphinx-doc__sphinx-11445,sphinx-doc/sphinx,OrcaLoca,90,future_textual_conflict,future_patch_not_applicable,patch failed/does not apply,2d1e60748fe8bef6958c4747ce0a59b36f284c06,829fd2097d5e3d337f67f28059dc560b32268f0d8ba2e7b06dc7911e8f166766,e11bf76919f4c2ccf6420fd7b4d2ab42901badf8: error: patch failed: CHANGES:58,failure_log,primary,"Deterministic log classification only. Categories describe observed replay/tool states and do not prove patch quality, semantic failure, survival, or causality."
sphinx-doc__sphinx-11445,sphinx-doc/sphinx,human,180,future_textual_conflict,future_patch_not_applicable,patch failed/does not apply,2ccc9d315ef062855e8040d8de5407c99e13dbf9,829fd2097d5e3d337f67f28059dc560b32268f0d8ba2e7b06dc7911e8f166766,e11bf76919f4c2ccf6420fd7b4d2ab42901badf8: error: patch failed: CHANGES:58,failure_log,primary,"Deterministic log classification only. Categories describe observed replay/tool states and do not prove patch quality, semantic failure, survival, or causality."
sphinx-doc__sphinx-11445,sphinx-doc/sphinx,OrcaLoca,180,future_textual_conflict,future_patch_not_applicable,patch failed/does not apply,2ccc9d315ef062855e8040d8de5407c99e13dbf9,829fd2097d5e3d337f67f28059dc560b32268f0d8ba2e7b06dc7911e8f166766,e11bf76919f4c2ccf6420fd7b4d2ab42901badf8: error: patch failed: CHANGES:58,failure_log,primary,"Deterministic log classification only. Categories describe observed replay/tool states and do not prove patch quality, semantic failure, survival, or causality."
sphinx-doc__sphinx-11445,sphinx-doc/sphinx,human,365,future_textual_conflict,future_patch_not_applicable,patch failed/does not apply,8c6d234e961eaf945567755863d377fa27dc6f22,829fd2097d5e3d337f67f28059dc560b32268f0d8ba2e7b06dc7911e8f166766,e11bf76919f4c2ccf6420fd7b4d2ab42901badf8: error: patch failed: CHANGES:58,failure_log,primary,"Deterministic log classification only. Categories describe observed replay/tool states and do not prove patch quality, semantic failure, survival, or causality."
sphinx-doc__sphinx-11445,sphinx-doc/sphinx,OrcaLoca,365,future_textual_conflict,future_patch_not_applicable,patch failed/does not apply,8c6d234e961eaf945567755863d377fa27dc6f22,829fd2097d5e3d337f67f28059dc560b32268f0d8ba2e7b06dc7911e8f166766,e11bf76919f4c2ccf6420fd7b4d2ab42901badf8: error: patch failed: CHANGES:58,failure_log,primary,"Deterministic log classification only. Categories describe observed replay/tool states and do not prove patch quality, semantic failure, survival, or causality."
sphinx-doc__sphinx-7686,sphinx-doc/sphinx,human,30,future_textual_conflict,future_patch_not_applicable,patch failed/does not apply,44f4b2ad97bd36f938b1a64462ebb466334c8c80,4fa9aceaaa4e9276c371b8f5b44244cf893ddc70662ef7682e0097bf985951a8,ca15aacd6c92f72713a2e3d3aaa508f5fa9b5a1b: error: patch failed: CHANGES:1,failure_log,primary,"Deterministic log classification only. Categories describe observed replay/tool states and do not prove patch quality, semantic failure, survival, or causality."
sphinx-doc__sphinx-7686,sphinx-doc/sphinx,OrcaLoca,30,future_textual_conflict,future_patch_not_applicable,patch failed/does not apply,44f4b2ad97bd36f938b1a64462ebb466334c8c80,4fa9aceaaa4e9276c371b8f5b44244cf893ddc70662ef7682e0097bf985951a8,ca15aacd6c92f72713a2e3d3aaa508f5fa9b5a1b: error: patch failed: CHANGES:1,failure_log,primary,"Deterministic log classification only. Categories describe observed replay/tool states and do not prove patch quality, semantic failure, survival, or causality."
sphinx-doc__sphinx-7686,sphinx-doc/sphinx,human,90,future_textual_conflict,future_patch_not_applicable,patch failed/does not apply,bec30596a8f7487cad23df532bf02d1b29024dbc,4fa9aceaaa4e9276c371b8f5b44244cf893ddc70662ef7682e0097bf985951a8,ca15aacd6c92f72713a2e3d3aaa508f5fa9b5a1b: error: patch failed: CHANGES:1,failure_log,primary,"Deterministic log classification only. Categories describe observed replay/tool states and do not prove patch quality, semantic failure, survival, or causality."
sphinx-doc__sphinx-7686,sphinx-doc/sphinx,OrcaLoca,90,future_textual_conflict,future_patch_not_applicable,patch failed/does not apply,bec30596a8f7487cad23df532bf02d1b29024dbc,4fa9aceaaa4e9276c371b8f5b44244cf893ddc70662ef7682e0097bf985951a8,ca15aacd6c92f72713a2e3d3aaa508f5fa9b5a1b: error: patch failed: CHANGES:1,failure_log,primary,"Deterministic log classification only. Categories describe observed replay/tool states and do not prove patch quality, semantic failure, survival, or causality."
sphinx-doc__sphinx-7686,sphinx-doc/sphinx,human,180,future_textual_conflict,future_patch_not_applicable,patch failed/does not apply,801999133f03c65b14a9432b631c5b781f81abf9,4fa9aceaaa4e9276c371b8f5b44244cf893ddc70662ef7682e0097bf985951a8,ca15aacd6c92f72713a2e3d3aaa508f5fa9b5a1b: error: patch failed: CHANGES:1,failure_log,primary,"Deterministic log classification only. Categories describe observed replay/tool states and do not prove patch quality, semantic failure, survival, or causality."
sphinx-doc__sphinx-7686,sphinx-doc/sphinx,OrcaLoca,180,future_textual_conflict,future_patch_not_applicable,patch failed/does not apply,801999133f03c65b14a9432b631c5b781f81abf9,4fa9aceaaa4e9276c371b8f5b44244cf893ddc70662ef7682e0097bf985951a8,ca15aacd6c92f72713a2e3d3aaa508f5fa9b5a1b: error: patch failed: CHANGES:1,failure_log,primary,"Deterministic log classification only. Categories describe observed replay/tool states and do not prove patch quality, semantic failure, survival, or causality."
sphinx-doc__sphinx-7686,sphinx-doc/sphinx,human,365,future_textual_conflict,future_patch_not_applicable,patch failed/does not apply,1f711d0c089bf909bfce1de1649e98d9ceded7c3,4fa9aceaaa4e9276c371b8f5b44244cf893ddc70662ef7682e0097bf985951a8,ca15aacd6c92f72713a2e3d3aaa508f5fa9b5a1b: error: patch failed: CHANGES:1,failure_log,primary,"Deterministic log classification only. Categories describe observed replay/tool states and do not prove patch quality, semantic failure, survival, or causality."
sphinx-doc__sphinx-7686,sphinx-doc/sphinx,OrcaLoca,365,future_textual_conflict,future_patch_not_applicable,patch failed/does not apply,1f711d0c089bf909bfce1de1649e98d9ceded7c3,4fa9aceaaa4e9276c371b8f5b44244cf893ddc70662ef7682e0097bf985951a8,ca15aacd6c92f72713a2e3d3aaa508f5fa9b5a1b: error: patch failed: CHANGES:1,failure_log,primary,"Deterministic log classification only. Categories describe observed replay/tool states and do not prove patch quality, semantic failure, survival, or causality."
sympy__sympy-11400,sympy/sympy,human,30,checkpoint_replay_completed,completed,replay_status=checkpoint_replay_completed,9f1cf7f71ac64c4aeadbef56866bb825156f4cc9,2eae635cf76142d63e809b7a318328de527059049e6e2e2dbf997d94b61ce739,"{""build"": {""returncode"": 0, ""timed_out"": false, ""duration_seconds"": 48.416, ""stdout_sha256"": ""e3b0c44298fc1c149afbf4c8996fb92427ae41e4649b934ca495991b7852b855"", ""stderr_sha256"": ""efd0aeddcd68797ff5514ecd156f897d7b7c6a4b5e62e5ea67e2311d7093539c"", ""stdout_head"": """", ""stderr_head"": "".\\doc\\ext\\docscrape.py:287: SyntaxWarning: invalid escape sequence '\\w'\r\n  if re.compile('^([\\w., ]+=)?\\s*[\\w\\.]+\\(.*\\)$').match(summary_str):\r\n.\\doc\\ext\\docscrape.py:341: SyntaxWarning: invalid escape ",failure_log,primary,"Deterministic log classification only. Categories describe observed replay/tool states and do not prove patch quality, semantic failure, survival, or causality."
sympy__sympy-11400,sympy/sympy,OrcaLoca,30,checkpoint_replay_completed,completed,replay_status=checkpoint_replay_completed,9f1cf7f71ac64c4aeadbef56866bb825156f4cc9,c169001074756945f6d95ea3124e442d312b1aff63b5f7190332d2601cde8d57,"{""build"": {""returncode"": 0, ""timed_out"": false, ""duration_seconds"": 58.875, ""stdout_sha256"": ""e3b0c44298fc1c149afbf4c8996fb92427ae41e4649b934ca495991b7852b855"", ""stderr_sha256"": ""efd0aeddcd68797ff5514ecd156f897d7b7c6a4b5e62e5ea67e2311d7093539c"", ""stdout_head"": """", ""stderr_head"": "".\\doc\\ext\\docscrape.py:287: SyntaxWarning: invalid escape sequence '\\w'\r\n  if re.compile('^([\\w., ]+=)?\\s*[\\w\\.]+\\(.*\\)$').match(summary_str):\r\n.\\doc\\ext\\docscrape.py:341: SyntaxWarning: invalid escape ",failure_log,primary,"Deterministic log classification only. Categories describe observed replay/tool states and do not prove patch quality, semantic failure, survival, or causality."
sympy__sympy-11400,sympy/sympy,human,90,checkpoint_replay_completed,completed,replay_status=checkpoint_replay_completed,cdf6b67fbf6e5fe8a23377f36f42ee82c797bb15,7570234da132432a44f2f670e9a438693324e40d13c11177f070649368e6ee9d,"{""build"": {""returncode"": 0, ""timed_out"": false, ""duration_seconds"": 56.137, ""stdout_sha256"": ""e3b0c44298fc1c149afbf4c8996fb92427ae41e4649b934ca495991b7852b855"", ""stderr_sha256"": ""2d2a195a26b5039accd4ab8d264d1a3002ebfea5643e89496529d96b8d086209"", ""stdout_head"": """", ""stderr_head"": "".\\doc\\ext\\docscrape.py:287: SyntaxWarning: invalid escape sequence '\\w'\r\n  if re.compile('^([\\w., ]+=)?\\s*[\\w\\.]+\\(.*\\)$').match(summary_str):\r\n.\\doc\\ext\\docscrape.py:341: SyntaxWarning: invalid escape ",failure_log,primary,"Deterministic log classification only. Categories describe observed replay/tool states and do not prove patch quality, semantic failure, survival, or causality."
sympy__sympy-11400,sympy/sympy,OrcaLoca,90,checkpoint_replay_completed,completed,replay_status=checkpoint_replay_completed,cdf6b67fbf6e5fe8a23377f36f42ee82c797bb15,e706f60bf3b628e1eb638639bacb3b07d7379ad950ada501d39b989bba87bc44,"{""build"": {""returncode"": 0, ""timed_out"": false, ""duration_seconds"": 48.559, ""stdout_sha256"": ""e3b0c44298fc1c149afbf4c8996fb92427ae41e4649b934ca495991b7852b855"", ""stderr_sha256"": ""2d2a195a26b5039accd4ab8d264d1a3002ebfea5643e89496529d96b8d086209"", ""stdout_head"": """", ""stderr_head"": "".\\doc\\ext\\docscrape.py:287: SyntaxWarning: invalid escape sequence '\\w'\r\n  if re.compile('^([\\w., ]+=)?\\s*[\\w\\.]+\\(.*\\)$').match(summary_str):\r\n.\\doc\\ext\\docscrape.py:341: SyntaxWarning: invalid escape ",failure_log,primary,"Deterministic log classification only. Categories describe observed replay/tool states and do not prove patch quality, semantic failure, survival, or causality."
sympy__sympy-11400,sympy/sympy,human,180,checkpoint_replay_completed,completed,replay_status=checkpoint_replay_completed,1c752feee4167d13e326cca5f7bce67d8ab5bc36,a2def48d7ec0d8c455cc19fe2f1b5b1b7eb97fdf40d05218a43c1f66b97a9eed,"{""build"": {""returncode"": 0, ""timed_out"": false, ""duration_seconds"": 64.517, ""stdout_sha256"": ""e3b0c44298fc1c149afbf4c8996fb92427ae41e4649b934ca495991b7852b855"", ""stderr_sha256"": ""4dfaa1aa01a280b13554428848f484a09db7d6c51dc4a46989e2a7681adfc037"", ""stdout_head"": """", ""stderr_head"": "".\\doc\\ext\\docscrape.py:287: SyntaxWarning: invalid escape sequence '\\w'\r\n  if re.compile('^([\\w., ]+=)?\\s*[\\w\\.]+\\(.*\\)$').match(summary_str):\r\n.\\doc\\ext\\docscrape.py:341: SyntaxWarning: invalid escape ",failure_log,primary,"Deterministic log classification only. Categories describe observed replay/tool states and do not prove patch quality, semantic failure, survival, or causality."
sympy__sympy-11400,sympy/sympy,OrcaLoca,180,checkpoint_replay_completed,completed,replay_status=checkpoint_replay_completed,1c752feee4167d13e326cca5f7bce67d8ab5bc36,ed396b50269400647d845aa6c2bbb1407fdad02cd8562e7e57ec1a19797052bd,"{""build"": {""returncode"": 0, ""timed_out"": false, ""duration_seconds"": 52.383, ""stdout_sha256"": ""e3b0c44298fc1c149afbf4c8996fb92427ae41e4649b934ca495991b7852b855"", ""stderr_sha256"": ""4dfaa1aa01a280b13554428848f484a09db7d6c51dc4a46989e2a7681adfc037"", ""stdout_head"": """", ""stderr_head"": "".\\doc\\ext\\docscrape.py:287: SyntaxWarning: invalid escape sequence '\\w'\r\n  if re.compile('^([\\w., ]+=)?\\s*[\\w\\.]+\\(.*\\)$').match(summary_str):\r\n.\\doc\\ext\\docscrape.py:341: SyntaxWarning: invalid escape ",failure_log,primary,"Deterministic log classification only. Categories describe observed replay/tool states and do not prove patch quality, semantic failure, survival, or causality."
sympy__sympy-11400,sympy/sympy,human,365,checkpoint_replay_completed,completed,replay_status=checkpoint_replay_completed,34ad4bd03e81f44ce4ed630efcc8c88b9e0b108f,d537e022c4db939822875a48675848771e6fcefa4572f0931121c4618fc5fe7a,"{""build"": {""returncode"": 0, ""timed_out"": false, ""duration_seconds"": 77.21, ""stdout_sha256"": ""e3b0c44298fc1c149afbf4c8996fb92427ae41e4649b934ca495991b7852b855"", ""stderr_sha256"": ""037e662c68cf669c15b4231fa2012f0ff1b7b582786344049f4753e1e8c1822d"", ""stdout_head"": """", ""stderr_head"": "".\\doc\\ext\\docscrape.py:287: SyntaxWarning: invalid escape sequence '\\w'\r\n  if re.compile('^([\\w., ]+=)?\\s*[\\w\\.]+\\(.*\\)$').match(summary_str):\r\n.\\doc\\ext\\docscrape.py:341: SyntaxWarning: invalid escape s",failure_log,primary,"Deterministic log classification only. Categories describe observed replay/tool states and do not prove patch quality, semantic failure, survival, or causality."
sympy__sympy-11400,sympy/sympy,OrcaLoca,365,future_textual_conflict,future_patch_not_applicable,patch failed/does not apply,34ad4bd03e81f44ce4ed630efcc8c88b9e0b108f,df260462c3b151e17bcdb3be83ecd342fde3999cc682ce0d198afbc9b789661b,50b5818ef1a0175aefd8c8592defb5e54206559d: error: patch failed: sympy/printing/ccode.py:34,failure_log,primary,"Deterministic log classification only. Categories describe observed replay/tool states and do not prove patch quality, semantic failure, survival, or causality."
sympy__sympy-11870,sympy/sympy,human,30,checkpoint_replay_completed,completed,replay_status=checkpoint_replay_completed,23c2a4624f3f28702b80a6ad8aa9d9e0dbbec67b,aa5d08ae25e39cf9dd4ca9c33637a80048738eaf4ca9183de0218d0eafc24778,"{""build"": {""returncode"": 0, ""timed_out"": false, ""duration_seconds"": 63.95, ""stdout_sha256"": ""e3b0c44298fc1c149afbf4c8996fb92427ae41e4649b934ca495991b7852b855"", ""stderr_sha256"": ""597a2215f3339f88a412fe5f7e6a9260da9612c459446f7a0c9b410a860c5601"", ""stdout_head"": """", ""stderr_head"": "".\\doc\\ext\\docscrape.py:287: SyntaxWarning: invalid escape sequence '\\w'\r\n  if re.compile('^([\\w., ]+=)?\\s*[\\w\\.]+\\(.*\\)$').match(summary_str):\r\n.\\doc\\ext\\docscrape.py:341: SyntaxWarning: invalid escape s",failure_log,primary,"Deterministic log classification only. Categories describe observed replay/tool states and do not prove patch quality, semantic failure, survival, or causality."
sympy__sympy-11870,sympy/sympy,OrcaLoca,30,checkpoint_replay_completed,completed,replay_status=checkpoint_replay_completed,23c2a4624f3f28702b80a6ad8aa9d9e0dbbec67b,a5999e43ddb1b31c724d68200e49c243286b59e3b7a140f2cbec6405d6a566d7,"{""build"": {""returncode"": 0, ""timed_out"": false, ""duration_seconds"": 65.477, ""stdout_sha256"": ""e3b0c44298fc1c149afbf4c8996fb92427ae41e4649b934ca495991b7852b855"", ""stderr_sha256"": ""597a2215f3339f88a412fe5f7e6a9260da9612c459446f7a0c9b410a860c5601"", ""stdout_head"": """", ""stderr_head"": "".\\doc\\ext\\docscrape.py:287: SyntaxWarning: invalid escape sequence '\\w'\r\n  if re.compile('^([\\w., ]+=)?\\s*[\\w\\.]+\\(.*\\)$').match(summary_str):\r\n.\\doc\\ext\\docscrape.py:341: SyntaxWarning: invalid escape ",failure_log,primary,"Deterministic log classification only. Categories describe observed replay/tool states and do not prove patch quality, semantic failure, survival, or causality."
sympy__sympy-11870,sympy/sympy,human,90,future_textual_conflict,future_patch_not_applicable,patch failed/does not apply,d716108eca73061c2d5f8704774c12fff68255a9,5762b6119cf64c552c692fb560ddd944cc5a140a9e35c21c67743f351128b800,a5e6a101869e027e7930e694f8b1cfb082603453: error: patch failed: sympy/functions/elementary/tests/test_trigonometric.py:1541,failure_log,primary,"Deterministic log classification only. Categories describe observed replay/tool states and do not prove patch quality, semantic failure, survival, or causality."
sympy__sympy-11870,sympy/sympy,OrcaLoca,90,future_textual_conflict,future_patch_not_applicable,patch failed/does not apply,d716108eca73061c2d5f8704774c12fff68255a9,5762b6119cf64c552c692fb560ddd944cc5a140a9e35c21c67743f351128b800,a5e6a101869e027e7930e694f8b1cfb082603453: error: patch failed: sympy/functions/elementary/tests/test_trigonometric.py:1541,failure_log,primary,"Deterministic log classification only. Categories describe observed replay/tool states and do not prove patch quality, semantic failure, survival, or causality."
sympy__sympy-11870,sympy/sympy,human,180,future_textual_conflict,future_patch_not_applicable,patch failed/does not apply,8c9ff258ff14c9607fb37f5e09c4ddc904778be7,5762b6119cf64c552c692fb560ddd944cc5a140a9e35c21c67743f351128b800,a5e6a101869e027e7930e694f8b1cfb082603453: error: patch failed: sympy/functions/elementary/tests/test_trigonometric.py:1541,failure_log,primary,"Deterministic log classification only. Categories describe observed replay/tool states and do not prove patch quality, semantic failure, survival, or causality."
sympy__sympy-11870,sympy/sympy,OrcaLoca,180,future_textual_conflict,future_patch_not_applicable,patch failed/does not apply,8c9ff258ff14c9607fb37f5e09c4ddc904778be7,5762b6119cf64c552c692fb560ddd944cc5a140a9e35c21c67743f351128b800,a5e6a101869e027e7930e694f8b1cfb082603453: error: patch failed: sympy/functions/elementary/tests/test_trigonometric.py:1541,failure_log,primary,"Deterministic log classification only. Categories describe observed replay/tool states and do not prove patch quality, semantic failure, survival, or causality."
sympy__sympy-11870,sympy/sympy,human,365,future_textual_conflict,future_patch_not_applicable,patch failed/does not apply,27390f4b254714ad56217fa26328554a0952862c,5762b6119cf64c552c692fb560ddd944cc5a140a9e35c21c67743f351128b800,a5e6a101869e027e7930e694f8b1cfb082603453: error: patch failed: sympy/functions/elementary/tests/test_trigonometric.py:1541,failure_log,primary,"Deterministic log classification only. Categories describe observed replay/tool states and do not prove patch quality, semantic failure, survival, or causality."
sympy__sympy-11870,sympy/sympy,OrcaLoca,365,future_textual_conflict,future_patch_not_applicable,patch failed/does not apply,27390f4b254714ad56217fa26328554a0952862c,5762b6119cf64c552c692fb560ddd944cc5a140a9e35c21c67743f351128b800,a5e6a101869e027e7930e694f8b1cfb082603453: error: patch failed: sympy/functions/elementary/tests/test_trigonometric.py:1541,failure_log,primary,"Deterministic log classification only. Categories describe observed replay/tool states and do not prove patch quality, semantic failure, survival, or causality."
sympy__sympy-12171,sympy/sympy,human,30,checkpoint_replay_completed,completed,replay_status=checkpoint_replay_completed,c9d60afad4326c6059e2202b577155081f6b19cb,0c5e8dd5aad5cf5ddd462f7026613fcaad733d398a67c0eb70f62b2ebdf4db86,"{""build"": {""returncode"": 0, ""timed_out"": false, ""duration_seconds"": 53.289, ""stdout_sha256"": ""e3b0c44298fc1c149afbf4c8996fb92427ae41e4649b934ca495991b7852b855"", ""stderr_sha256"": ""b59a8379bee32b36abcf55d1ab1eff098f3fea92e39501df65f69dd136db5fef"", ""stdout_head"": """", ""stderr_head"": "".\\doc\\ext\\docscrape.py:287: SyntaxWarning: invalid escape sequence '\\w'\r\n  if re.compile('^([\\w., ]+=)?\\s*[\\w\\.]+\\(.*\\)$').match(summary_str):\r\n.\\doc\\ext\\docscrape.py:341: SyntaxWarning: invalid escape ",failure_log,primary,"Deterministic log classification only. Categories describe observed replay/tool states and do not prove patch quality, semantic failure, survival, or causality."
sympy__sympy-12171,sympy/sympy,OrcaLoca,30,checkpoint_replay_completed,completed,replay_status=checkpoint_replay_completed,c9d60afad4326c6059e2202b577155081f6b19cb,ceed5913dd464899cdeed23dca1d824a41b6e31bcdd370b7ada448e95a2f526b,"{""build"": {""returncode"": 0, ""timed_out"": false, ""duration_seconds"": 61.014, ""stdout_sha256"": ""e3b0c44298fc1c149afbf4c8996fb92427ae41e4649b934ca495991b7852b855"", ""stderr_sha256"": ""b59a8379bee32b36abcf55d1ab1eff098f3fea92e39501df65f69dd136db5fef"", ""stdout_head"": """", ""stderr_head"": "".\\doc\\ext\\docscrape.py:287: SyntaxWarning: invalid escape sequence '\\w'\r\n  if re.compile('^([\\w., ]+=)?\\s*[\\w\\.]+\\(.*\\)$').match(summary_str):\r\n.\\doc\\ext\\docscrape.py:341: SyntaxWarning: invalid escape ",failure_log,primary,"Deterministic log classification only. Categories describe observed replay/tool states and do not prove patch quality, semantic failure, survival, or causality."
sympy__sympy-12171,sympy/sympy,human,90,checkpoint_replay_completed,completed,replay_status=checkpoint_replay_completed,7d8917b0b45932d6c495906a7e6ea4b0dc9ed72b,834c9338e8d76b820e0bd475eddb4a4104c5f18fc4383816286f9e32cccda573,"{""build"": {""returncode"": 0, ""timed_out"": false, ""duration_seconds"": 36.606, ""stdout_sha256"": ""e3b0c44298fc1c149afbf4c8996fb92427ae41e4649b934ca495991b7852b855"", ""stderr_sha256"": ""3a154efa9897472ba2d7ceb5e75ce6307594d8ee28a6c3e31f2f851f92ad675c"", ""stdout_head"": """", ""stderr_head"": "".\\doc\\ext\\docscrape.py:287: SyntaxWarning: invalid escape sequence '\\w'\r\n  if re.compile('^([\\w., ]+=)?\\s*[\\w\\.]+\\(.*\\)$').match(summary_str):\r\n.\\doc\\ext\\docscrape.py:341: SyntaxWarning: invalid escape ",failure_log,primary,"Deterministic log classification only. Categories describe observed replay/tool states and do not prove patch quality, semantic failure, survival, or causality."
sympy__sympy-12171,sympy/sympy,OrcaLoca,90,checkpoint_replay_completed,completed,replay_status=checkpoint_replay_completed,7d8917b0b45932d6c495906a7e6ea4b0dc9ed72b,b34fad4a24a79994cff54d131ec7e95dfe7af8ceca8f5a836149f2838f4cbb0a,"{""build"": {""returncode"": 0, ""timed_out"": false, ""duration_seconds"": 48.646, ""stdout_sha256"": ""e3b0c44298fc1c149afbf4c8996fb92427ae41e4649b934ca495991b7852b855"", ""stderr_sha256"": ""3a154efa9897472ba2d7ceb5e75ce6307594d8ee28a6c3e31f2f851f92ad675c"", ""stdout_head"": """", ""stderr_head"": "".\\doc\\ext\\docscrape.py:287: SyntaxWarning: invalid escape sequence '\\w'\r\n  if re.compile('^([\\w., ]+=)?\\s*[\\w\\.]+\\(.*\\)$').match(summary_str):\r\n.\\doc\\ext\\docscrape.py:341: SyntaxWarning: invalid escape ",failure_log,primary,"Deterministic log classification only. Categories describe observed replay/tool states and do not prove patch quality, semantic failure, survival, or causality."
sympy__sympy-12171,sympy/sympy,human,180,future_textual_conflict,future_target_already_exists,already exists in working directory,662cfb818e865f580e18b59efbb3540c34232beb,125df58d3c399eeb0986a9392c6cd1318425380f8278c18389d4f7a6f4604036,b678d8103e48fdb1af335dbf0080b3d5366f2d17: error: sympy/physics/units/systems/si.py: already exists in working directory,failure_log,primary,"Deterministic log classification only. Categories describe observed replay/tool states and do not prove patch quality, semantic failure, survival, or causality."
sympy__sympy-12171,sympy/sympy,OrcaLoca,180,future_textual_conflict,future_target_already_exists,already exists in working directory,662cfb818e865f580e18b59efbb3540c34232beb,125df58d3c399eeb0986a9392c6cd1318425380f8278c18389d4f7a6f4604036,b678d8103e48fdb1af335dbf0080b3d5366f2d17: error: sympy/physics/units/systems/si.py: already exists in working directory,failure_log,primary,"Deterministic log classification only. Categories describe observed replay/tool states and do not prove patch quality, semantic failure, survival, or causality."
sympy__sympy-12171,sympy/sympy,human,365,future_textual_conflict,future_target_already_exists,already exists in working directory,84a58dd33abb1de9e9cf5b06e2a50d01477831c1,125df58d3c399eeb0986a9392c6cd1318425380f8278c18389d4f7a6f4604036,b678d8103e48fdb1af335dbf0080b3d5366f2d17: error: sympy/physics/units/systems/si.py: already exists in working directory,failure_log,primary,"Deterministic log classification only. Categories describe observed replay/tool states and do not prove patch quality, semantic failure, survival, or causality."
sympy__sympy-12171,sympy/sympy,OrcaLoca,365,future_textual_conflict,future_target_already_exists,already exists in working directory,84a58dd33abb1de9e9cf5b06e2a50d01477831c1,125df58d3c399eeb0986a9392c6cd1318425380f8278c18389d4f7a6f4604036,b678d8103e48fdb1af335dbf0080b3d5366f2d17: error: sympy/physics/units/systems/si.py: already exists in working directory,failure_log,primary,"Deterministic log classification only. Categories describe observed replay/tool states and do not prove patch quality, semantic failure, survival, or causality."
astropy__astropy-14995,astropy/astropy,human,30,checkpoint_replay_completed,completed,replay_status=checkpoint_replay_completed,bb0e1f61719a3be6ccddb802a3044ae5f264405b,0a1a8d8d35b193bc4280b1dbc6ac91d60f040a570927e21a148d922d2660acad,"{""build"": {""returncode"": 0, ""timed_out"": false, ""duration_seconds"": 34.913, ""stdout_sha256"": ""e3b0c44298fc1c149afbf4c8996fb92427ae41e4649b934ca495991b7852b855"", ""stderr_sha256"": ""e3b0c44298fc1c149afbf4c8996fb92427ae41e4649b934ca495991b7852b855"", ""stdout_head"": """", ""stderr_head"": """", ""stdout_tail"": """", ""stderr_tail"": """"}, ""future_test"": {""returncode"": 4, ""timed_out"": false, ""duration_seconds"": 4.185, ""stdout_sha256"": ""e3b0c44298fc1c149afbf4c8996fb92427ae41e4649b934ca495991b7852b855"", ""stderr_sha2",failure_log,primary,"Deterministic log classification only. Categories describe observed replay/tool states and do not prove patch quality, semantic failure, survival, or causality."
astropy__astropy-14995,astropy/astropy,OrcaLoca,30,future_textual_conflict,future_patch_not_applicable,patch failed/does not apply,bb0e1f61719a3be6ccddb802a3044ae5f264405b,68546296cbd339ecf7e8ddd3b2b205c158f3de25ecd2ec309b563fa8cf0bd4fa,fa84475a5ae8f821b3034e0c95ea18be01c75012: error: patch failed: astropy/nddata/mixins/ndarithmetic.py:520,failure_log,primary,"Deterministic log classification only. Categories describe observed replay/tool states and do not prove patch quality, semantic failure, survival, or causality."
astropy__astropy-14995,astropy/astropy,human,90,source_unavailable_during_replay,source_unavailable,replay_status=source_unavailable_during_replay,568e2e32072cbb89f9edaa52c6c0ec440a46f1ac,a43e9864013f43c29a4bb7e027020fb7c70968fe1b9d04bbe163f44f762c85b6,291414a3b600a12738762b7c50bfc6709f3cbf13: available,failure_log,primary,"Deterministic log classification only. Categories describe observed replay/tool states and do not prove patch quality, semantic failure, survival, or causality."
astropy__astropy-14995,astropy/astropy,OrcaLoca,90,future_textual_conflict,future_patch_not_applicable,patch failed/does not apply,568e2e32072cbb89f9edaa52c6c0ec440a46f1ac,68546296cbd339ecf7e8ddd3b2b205c158f3de25ecd2ec309b563fa8cf0bd4fa,fa84475a5ae8f821b3034e0c95ea18be01c75012: error: patch failed: astropy/nddata/mixins/ndarithmetic.py:520,failure_log,primary,"Deterministic log classification only. Categories describe observed replay/tool states and do not prove patch quality, semantic failure, survival, or causality."
astropy__astropy-14995,astropy/astropy,human,180,source_unavailable_during_replay,source_unavailable,replay_status=source_unavailable_during_replay,6568d90661f12a144ec9a2ccc814a3e2eaaf8a82,a43e9864013f43c29a4bb7e027020fb7c70968fe1b9d04bbe163f44f762c85b6,291414a3b600a12738762b7c50bfc6709f3cbf13: available,failure_log,primary,"Deterministic log classification only. Categories describe observed replay/tool states and do not prove patch quality, semantic failure, survival, or causality."
astropy__astropy-14995,astropy/astropy,OrcaLoca,180,future_textual_conflict,future_patch_not_applicable,patch failed/does not apply,6568d90661f12a144ec9a2ccc814a3e2eaaf8a82,68546296cbd339ecf7e8ddd3b2b205c158f3de25ecd2ec309b563fa8cf0bd4fa,fa84475a5ae8f821b3034e0c95ea18be01c75012: error: patch failed: astropy/nddata/mixins/ndarithmetic.py:520,failure_log,primary,"Deterministic log classification only. Categories describe observed replay/tool states and do not prove patch quality, semantic failure, survival, or causality."
astropy__astropy-14995,astropy/astropy,human,365,source_unavailable_during_replay,source_unavailable,replay_status=source_unavailable_during_replay,49127d6650cd2ccd076b88a8219d87166e5c57cb,a43e9864013f43c29a4bb7e027020fb7c70968fe1b9d04bbe163f44f762c85b6,291414a3b600a12738762b7c50bfc6709f3cbf13: available,failure_log,primary,"Deterministic log classification only. Categories describe observed replay/tool states and do not prove patch quality, semantic failure, survival, or causality."
astropy__astropy-14995,astropy/astropy,OrcaLoca,365,future_textual_conflict,future_patch_not_applicable,patch failed/does not apply,49127d6650cd2ccd076b88a8219d87166e5c57cb,68546296cbd339ecf7e8ddd3b2b205c158f3de25ecd2ec309b563fa8cf0bd4fa,fa84475a5ae8f821b3034e0c95ea18be01c75012: error: patch failed: astropy/nddata/mixins/ndarithmetic.py:520,failure_log,primary,"Deterministic log classification only. Categories describe observed replay/tool states and do not prove patch quality, semantic failure, survival, or causality."
matplotlib__matplotlib-23476,matplotlib/matplotlib,human,30,future_textual_conflict,future_patch_not_applicable,patch failed/does not apply,5773bf9a5ce11b7ba0c9bc1d6693ad99a39426cb,932dce236fba3245885da49df417b695e054837422988fc136c83d81740addf9,a33a6fd1ad4b2fdeafc3367620b2146dcfc08ad6: error: patch failed: lib/matplotlib/tests/baseline_images/test_mathtext/mathtext_cm_77.pdf:1,failure_log,primary,"Deterministic log classification only. Categories describe observed replay/tool states and do not prove patch quality, semantic failure, survival, or causality."
matplotlib__matplotlib-23476,matplotlib/matplotlib,OrcaLoca,30,future_textual_conflict,future_patch_not_applicable,patch failed/does not apply,5773bf9a5ce11b7ba0c9bc1d6693ad99a39426cb,932dce236fba3245885da49df417b695e054837422988fc136c83d81740addf9,a33a6fd1ad4b2fdeafc3367620b2146dcfc08ad6: error: patch failed: lib/matplotlib/tests/baseline_images/test_mathtext/mathtext_cm_77.pdf:1,failure_log,primary,"Deterministic log classification only. Categories describe observed replay/tool states and do not prove patch quality, semantic failure, survival, or causality."
matplotlib__matplotlib-23476,matplotlib/matplotlib,human,90,future_textual_conflict,future_patch_not_applicable,patch failed/does not apply,407e8d89a6221cb7ae149f41d49ea5873bd518f7,932dce236fba3245885da49df417b695e054837422988fc136c83d81740addf9,a33a6fd1ad4b2fdeafc3367620b2146dcfc08ad6: error: patch failed: lib/matplotlib/tests/baseline_images/test_mathtext/mathtext_cm_77.pdf:1,failure_log,primary,"Deterministic log classification only. Categories describe observed replay/tool states and do not prove patch quality, semantic failure, survival, or causality."
matplotlib__matplotlib-23476,matplotlib/matplotlib,OrcaLoca,90,future_textual_conflict,future_patch_not_applicable,patch failed/does not apply,407e8d89a6221cb7ae149f41d49ea5873bd518f7,932dce236fba3245885da49df417b695e054837422988fc136c83d81740addf9,a33a6fd1ad4b2fdeafc3367620b2146dcfc08ad6: error: patch failed: lib/matplotlib/tests/baseline_images/test_mathtext/mathtext_cm_77.pdf:1,failure_log,primary,"Deterministic log classification only. Categories describe observed replay/tool states and do not prove patch quality, semantic failure, survival, or causality."
matplotlib__matplotlib-23476,matplotlib/matplotlib,human,180,future_textual_conflict,future_patch_not_applicable,patch failed/does not apply,6d95491ea272db702f50493a01297db27f278d4a,932dce236fba3245885da49df417b695e054837422988fc136c83d81740addf9,a33a6fd1ad4b2fdeafc3367620b2146dcfc08ad6: error: patch failed: lib/matplotlib/tests/baseline_images/test_mathtext/mathtext_cm_77.pdf:1,failure_log,primary,"Deterministic log classification only. Categories describe observed replay/tool states and do not prove patch quality, semantic failure, survival, or causality."
matplotlib__matplotlib-23476,matplotlib/matplotlib,OrcaLoca,180,future_textual_conflict,future_patch_not_applicable,patch failed/does not apply,6d95491ea272db702f50493a01297db27f278d4a,932dce236fba3245885da49df417b695e054837422988fc136c83d81740addf9,a33a6fd1ad4b2fdeafc3367620b2146dcfc08ad6: error: patch failed: lib/matplotlib/tests/baseline_images/test_mathtext/mathtext_cm_77.pdf:1,failure_log,primary,"Deterministic log classification only. Categories describe observed replay/tool states and do not prove patch quality, semantic failure, survival, or causality."
matplotlib__matplotlib-23476,matplotlib/matplotlib,human,365,future_textual_conflict,future_patch_not_applicable,patch failed/does not apply,6eeede6a1a96272c9f87ea2a0774baa79f8503b6,932dce236fba3245885da49df417b695e054837422988fc136c83d81740addf9,a33a6fd1ad4b2fdeafc3367620b2146dcfc08ad6: error: patch failed: lib/matplotlib/tests/baseline_images/test_mathtext/mathtext_cm_77.pdf:1,failure_log,primary,"Deterministic log classification only. Categories describe observed replay/tool states and do not prove patch quality, semantic failure, survival, or causality."
matplotlib__matplotlib-23476,matplotlib/matplotlib,OrcaLoca,365,future_textual_conflict,future_patch_not_applicable,patch failed/does not apply,6eeede6a1a96272c9f87ea2a0774baa79f8503b6,932dce236fba3245885da49df417b695e054837422988fc136c83d81740addf9,a33a6fd1ad4b2fdeafc3367620b2146dcfc08ad6: error: patch failed: lib/matplotlib/tests/baseline_images/test_mathtext/mathtext_cm_77.pdf:1,failure_log,primary,"Deterministic log classification only. Categories describe observed replay/tool states and do not prove patch quality, semantic failure, survival, or causality."
matplotlib__matplotlib-23562,matplotlib/matplotlib,human,30,future_textual_conflict,future_patch_not_applicable,patch failed/does not apply,4ad86c8ed5e3dc6cd426abdfe73346f6502787ba,6f74c298e2db30d4c4b94199fd5142c41c6016d75f8a1499b2f72470e6773b5b,a68f21f589b1747cccf30d2f9bd460bacf397003: error: patch failed: .git_archival.txt:1,failure_log,primary,"Deterministic log classification only. Categories describe observed replay/tool states and do not prove patch quality, semantic failure, survival, or causality."
matplotlib__matplotlib-23562,matplotlib/matplotlib,OrcaLoca,30,future_textual_conflict,future_patch_not_applicable,patch failed/does not apply,4ad86c8ed5e3dc6cd426abdfe73346f6502787ba,6f74c298e2db30d4c4b94199fd5142c41c6016d75f8a1499b2f72470e6773b5b,a68f21f589b1747cccf30d2f9bd460bacf397003: error: patch failed: .git_archival.txt:1,failure_log,primary,"Deterministic log classification only. Categories describe observed replay/tool states and do not prove patch quality, semantic failure, survival, or causality."
matplotlib__matplotlib-23562,matplotlib/matplotlib,human,90,future_textual_conflict,future_patch_not_applicable,patch failed/does not apply,6c09a56fa6f3f3c0cb5160af7207bf628c43405b,6f74c298e2db30d4c4b94199fd5142c41c6016d75f8a1499b2f72470e6773b5b,a68f21f589b1747cccf30d2f9bd460bacf397003: error: patch failed: .git_archival.txt:1,failure_log,primary,"Deterministic log classification only. Categories describe observed replay/tool states and do not prove patch quality, semantic failure, survival, or causality."
matplotlib__matplotlib-23562,matplotlib/matplotlib,OrcaLoca,90,future_textual_conflict,future_patch_not_applicable,patch failed/does not apply,6c09a56fa6f3f3c0cb5160af7207bf628c43405b,6f74c298e2db30d4c4b94199fd5142c41c6016d75f8a1499b2f72470e6773b5b,a68f21f589b1747cccf30d2f9bd460bacf397003: error: patch failed: .git_archival.txt:1,failure_log,primary,"Deterministic log classification only. Categories describe observed replay/tool states and do not prove patch quality, semantic failure, survival, or causality."
matplotlib__matplotlib-23562,matplotlib/matplotlib,human,180,future_textual_conflict,future_patch_not_applicable,patch failed/does not apply,faf88bf807b9266263459afe01770814b7603d07,6f74c298e2db30d4c4b94199fd5142c41c6016d75f8a1499b2f72470e6773b5b,a68f21f589b1747cccf30d2f9bd460bacf397003: error: patch failed: .git_archival.txt:1,failure_log,primary,"Deterministic log classification only. Categories describe observed replay/tool states and do not prove patch quality, semantic failure, survival, or causality."
matplotlib__matplotlib-23562,matplotlib/matplotlib,OrcaLoca,180,future_textual_conflict,future_patch_not_applicable,patch failed/does not apply,faf88bf807b9266263459afe01770814b7603d07,6f74c298e2db30d4c4b94199fd5142c41c6016d75f8a1499b2f72470e6773b5b,a68f21f589b1747cccf30d2f9bd460bacf397003: error: patch failed: .git_archival.txt:1,failure_log,primary,"Deterministic log classification only. Categories describe observed replay/tool states and do not prove patch quality, semantic failure, survival, or causality."
matplotlib__matplotlib-23562,matplotlib/matplotlib,human,365,future_textual_conflict,future_patch_not_applicable,patch failed/does not apply,5140177a69f4bfc195975aa24f244e97e2ff1ab6,6f74c298e2db30d4c4b94199fd5142c41c6016d75f8a1499b2f72470e6773b5b,a68f21f589b1747cccf30d2f9bd460bacf397003: error: patch failed: .git_archival.txt:1,failure_log,primary,"Deterministic log classification only. Categories describe observed replay/tool states and do not prove patch quality, semantic failure, survival, or causality."
matplotlib__matplotlib-23562,matplotlib/matplotlib,OrcaLoca,365,future_textual_conflict,future_patch_not_applicable,patch failed/does not apply,5140177a69f4bfc195975aa24f244e97e2ff1ab6,6f74c298e2db30d4c4b94199fd5142c41c6016d75f8a1499b2f72470e6773b5b,a68f21f589b1747cccf30d2f9bd460bacf397003: error: patch failed: .git_archival.txt:1,failure_log,primary,"Deterministic log classification only. Categories describe observed replay/tool states and do not prove patch quality, semantic failure, survival, or causality."
mwaskom__seaborn-3407,mwaskom/seaborn,human,30,checkpoint_replay_completed,completed,replay_status=checkpoint_replay_completed,3ef2a0f9580e5a4715be878c73751454089c945d,fc74d3b3e8e004d4d651fd77151314c9330233da826d0c1e381e897d7c84ad0f,"{""build"": {""returncode"": 0, ""timed_out"": false, ""duration_seconds"": 6.323, ""stdout_sha256"": ""e3b0c44298fc1c149afbf4c8996fb92427ae41e4649b934ca495991b7852b855"", ""stderr_sha256"": ""9fba11ff97e771248f80b155196722b30e5ad83f0c1118d40d00203bba35f1e4"", ""stdout_head"": """", ""stderr_head"": "".\\doc\\conf.py:99: SyntaxWarning: invalid escape sequence '\\s'\r\n  .. |API| replace:: :raw-html:`<span class=\""badge badge-api\"">API</span>` :raw-latex:`{\\small\\sc [API]}`\r\n"", ""stdout_tail"": """", ""stderr_tail"": "".\",failure_log,primary,"Deterministic log classification only. Categories describe observed replay/tool states and do not prove patch quality, semantic failure, survival, or causality."
mwaskom__seaborn-3407,mwaskom/seaborn,OrcaLoca,30,checkpoint_replay_completed,completed,replay_status=checkpoint_replay_completed,3ef2a0f9580e5a4715be878c73751454089c945d,f74badc41294e5f18ab56c49811187329ce68b9ca35dfbe708cfc07f511d2f18,"{""build"": {""returncode"": 0, ""timed_out"": false, ""duration_seconds"": 9.99, ""stdout_sha256"": ""e3b0c44298fc1c149afbf4c8996fb92427ae41e4649b934ca495991b7852b855"", ""stderr_sha256"": ""9fba11ff97e771248f80b155196722b30e5ad83f0c1118d40d00203bba35f1e4"", ""stdout_head"": """", ""stderr_head"": "".\\doc\\conf.py:99: SyntaxWarning: invalid escape sequence '\\s'\r\n  .. |API| replace:: :raw-html:`<span class=\""badge badge-api\"">API</span>` :raw-latex:`{\\small\\sc [API]}`\r\n"", ""stdout_tail"": """", ""stderr_tail"": "".\\",failure_log,primary,"Deterministic log classification only. Categories describe observed replay/tool states and do not prove patch quality, semantic failure, survival, or causality."
mwaskom__seaborn-3407,mwaskom/seaborn,human,90,checkpoint_replay_completed,completed,replay_status=checkpoint_replay_completed,1f788201822941a3aca7fedf0bcd49d16ebc313b,bf9a0623c5faa3a9d7976bc9efa7cbdf0450bb180276ca7a33a067b568456270,"{""build"": {""returncode"": 0, ""timed_out"": false, ""duration_seconds"": 5.939, ""stdout_sha256"": ""e3b0c44298fc1c149afbf4c8996fb92427ae41e4649b934ca495991b7852b855"", ""stderr_sha256"": ""9fba11ff97e771248f80b155196722b30e5ad83f0c1118d40d00203bba35f1e4"", ""stdout_head"": """", ""stderr_head"": "".\\doc\\conf.py:99: SyntaxWarning: invalid escape sequence '\\s'\r\n  .. |API| replace:: :raw-html:`<span class=\""badge badge-api\"">API</span>` :raw-latex:`{\\small\\sc [API]}`\r\n"", ""stdout_tail"": """", ""stderr_tail"": "".\",failure_log,primary,"Deterministic log classification only. Categories describe observed replay/tool states and do not prove patch quality, semantic failure, survival, or causality."
mwaskom__seaborn-3407,mwaskom/seaborn,OrcaLoca,90,checkpoint_replay_completed,completed,replay_status=checkpoint_replay_completed,1f788201822941a3aca7fedf0bcd49d16ebc313b,4ed970262ee49de26800cad1c9e3e66eff9140bf44c3627234e2c819ee95b6b4,"{""build"": {""returncode"": 0, ""timed_out"": false, ""duration_seconds"": 11.438, ""stdout_sha256"": ""e3b0c44298fc1c149afbf4c8996fb92427ae41e4649b934ca495991b7852b855"", ""stderr_sha256"": ""9fba11ff97e771248f80b155196722b30e5ad83f0c1118d40d00203bba35f1e4"", ""stdout_head"": """", ""stderr_head"": "".\\doc\\conf.py:99: SyntaxWarning: invalid escape sequence '\\s'\r\n  .. |API| replace:: :raw-html:`<span class=\""badge badge-api\"">API</span>` :raw-latex:`{\\small\\sc [API]}`\r\n"", ""stdout_tail"": """", ""stderr_tail"": "".",failure_log,primary,"Deterministic log classification only. Categories describe observed replay/tool states and do not prove patch quality, semantic failure, survival, or causality."
mwaskom__seaborn-3407,mwaskom/seaborn,human,180,checkpoint_replay_completed,completed,replay_status=checkpoint_replay_completed,d8476676a066c137ac43d50ad49b3ee586ea580f,d06adc486474d8d2f606ec711c6a86024febd9503f274f02b63615ff8fc3bd97,"{""build"": {""returncode"": 0, ""timed_out"": false, ""duration_seconds"": 8.203, ""stdout_sha256"": ""e3b0c44298fc1c149afbf4c8996fb92427ae41e4649b934ca495991b7852b855"", ""stderr_sha256"": ""9fba11ff97e771248f80b155196722b30e5ad83f0c1118d40d00203bba35f1e4"", ""stdout_head"": """", ""stderr_head"": "".\\doc\\conf.py:99: SyntaxWarning: invalid escape sequence '\\s'\r\n  .. |API| replace:: :raw-html:`<span class=\""badge badge-api\"">API</span>` :raw-latex:`{\\small\\sc [API]}`\r\n"", ""stdout_tail"": """", ""stderr_tail"": "".\",failure_log,primary,"Deterministic log classification only. Categories describe observed replay/tool states and do not prove patch quality, semantic failure, survival, or causality."
mwaskom__seaborn-3407,mwaskom/seaborn,OrcaLoca,180,checkpoint_replay_completed,completed,replay_status=checkpoint_replay_completed,d8476676a066c137ac43d50ad49b3ee586ea580f,5f8ff8a68cfe3fb35c743076b5bba2686e99dd5b4e914ab3d07d5cd6862bb0fd,"{""build"": {""returncode"": 0, ""timed_out"": false, ""duration_seconds"": 6.776, ""stdout_sha256"": ""e3b0c44298fc1c149afbf4c8996fb92427ae41e4649b934ca495991b7852b855"", ""stderr_sha256"": ""9fba11ff97e771248f80b155196722b30e5ad83f0c1118d40d00203bba35f1e4"", ""stdout_head"": """", ""stderr_head"": "".\\doc\\conf.py:99: SyntaxWarning: invalid escape sequence '\\s'\r\n  .. |API| replace:: :raw-html:`<span class=\""badge badge-api\"">API</span>` :raw-latex:`{\\small\\sc [API]}`\r\n"", ""stdout_tail"": """", ""stderr_tail"": "".\",failure_log,primary,"Deterministic log classification only. Categories describe observed replay/tool states and do not prove patch quality, semantic failure, survival, or causality."
mwaskom__seaborn-3407,mwaskom/seaborn,human,365,checkpoint_replay_completed,completed,replay_status=checkpoint_replay_completed,2f5ea60930b96b461107a564ee706aca9d00a6d3,2a4de5170cdc1818ae9962f51c75c1abcac0cd5f93474e496e490d2e0c056afc,"{""build"": {""returncode"": 0, ""timed_out"": false, ""duration_seconds"": 7.108, ""stdout_sha256"": ""e3b0c44298fc1c149afbf4c8996fb92427ae41e4649b934ca495991b7852b855"", ""stderr_sha256"": ""e3b0c44298fc1c149afbf4c8996fb92427ae41e4649b934ca495991b7852b855"", ""stdout_head"": """", ""stderr_head"": """", ""stdout_tail"": """", ""stderr_tail"": """"}, ""future_test"": {""returncode"": 4, ""timed_out"": false, ""duration_seconds"": 15.083, ""stdout_sha256"": ""016e94b8c0fa1728236eb0ea387209e533510d14a696fb9ce94f48be412b0a83"", ""stderr_sha2",failure_log,primary,"Deterministic log classification only. Categories describe observed replay/tool states and do not prove patch quality, semantic failure, survival, or causality."
mwaskom__seaborn-3407,mwaskom/seaborn,OrcaLoca,365,checkpoint_replay_completed,completed,replay_status=checkpoint_replay_completed,2f5ea60930b96b461107a564ee706aca9d00a6d3,f008f1a1bc6d92bd85f5c07dc0e12771deb5db77fd3fa2ba65608fb545d524a0,"{""build"": {""returncode"": 0, ""timed_out"": false, ""duration_seconds"": 4.458, ""stdout_sha256"": ""e3b0c44298fc1c149afbf4c8996fb92427ae41e4649b934ca495991b7852b855"", ""stderr_sha256"": ""e3b0c44298fc1c149afbf4c8996fb92427ae41e4649b934ca495991b7852b855"", ""stdout_head"": """", ""stderr_head"": """", ""stdout_tail"": """", ""stderr_tail"": """"}, ""future_test"": {""returncode"": 4, ""timed_out"": false, ""duration_seconds"": 25.072, ""stdout_sha256"": ""125f82e59eb633cde81f6b2f96a6ab82de40010ef1ff6c5126d6d7dd34c0aa9d"", ""stderr_sha2",failure_log,primary,"Deterministic log classification only. Categories describe observed replay/tool states and do not prove patch quality, semantic failure, survival, or causality."
scikit-learn__scikit-learn-11040,scikit-learn/scikit-learn,human,30,checkpoint_replay_completed,completed,replay_status=checkpoint_replay_completed,cb3c704fa12ff42d15bac7e241208df3d58c3cf8,af996a96fc77f3854f5dd67c59ff490fb9384e1ffc02562d3a4c05f77b2a98fd,"{""build"": {""returncode"": 0, ""timed_out"": false, ""duration_seconds"": 22.356, ""stdout_sha256"": ""e3b0c44298fc1c149afbf4c8996fb92427ae41e4649b934ca495991b7852b855"", ""stderr_sha256"": ""c84198da0ebd74c4280fa69acd0b43dccbb98a6808a6229d05c6d54ce1586699"", ""stdout_head"": """", ""stderr_head"": "".\\benchmarks\\bench_plot_randomized_svd.py:242: SyntaxWarning: \""is not\"" with 'str' literal. Did you mean \""!=\""?\r\n  if method is not 'fbpca':\r\n.\\examples\\applications\\svm_gui.py:171: SyntaxWarning: invalid esc",failure_log,primary,"Deterministic log classification only. Categories describe observed replay/tool states and do not prove patch quality, semantic failure, survival, or causality."
scikit-learn__scikit-learn-11040,scikit-learn/scikit-learn,OrcaLoca,30,checkpoint_replay_completed,completed,replay_status=checkpoint_replay_completed,cb3c704fa12ff42d15bac7e241208df3d58c3cf8,2e50522a4e132a2ffcae83dc10b70355d25e1f592073d24cafdb56d881cbb444,"{""build"": {""returncode"": 0, ""timed_out"": false, ""duration_seconds"": 17.331, ""stdout_sha256"": ""e3b0c44298fc1c149afbf4c8996fb92427ae41e4649b934ca495991b7852b855"", ""stderr_sha256"": ""c84198da0ebd74c4280fa69acd0b43dccbb98a6808a6229d05c6d54ce1586699"", ""stdout_head"": """", ""stderr_head"": "".\\benchmarks\\bench_plot_randomized_svd.py:242: SyntaxWarning: \""is not\"" with 'str' literal. Did you mean \""!=\""?\r\n  if method is not 'fbpca':\r\n.\\examples\\applications\\svm_gui.py:171: SyntaxWarning: invalid esc",failure_log,primary,"Deterministic log classification only. Categories describe observed replay/tool states and do not prove patch quality, semantic failure, survival, or causality."
scikit-learn__scikit-learn-11040,scikit-learn/scikit-learn,human,90,checkpoint_replay_completed,completed,replay_status=checkpoint_replay_completed,f1c967883b0ab5efe06a205a404ec6899abc5048,d4c46a48c9e65f9a0fd56018234e6c409008d71982578c255b44f1b121e23426,"{""build"": {""returncode"": 0, ""timed_out"": false, ""duration_seconds"": 21.578, ""stdout_sha256"": ""e3b0c44298fc1c149afbf4c8996fb92427ae41e4649b934ca495991b7852b855"", ""stderr_sha256"": ""6b2cb268de786dfdb90dd7bba947de22eab52691b1e2d306077cfc472dc41335"", ""stdout_head"": """", ""stderr_head"": "".\\benchmarks\\bench_plot_randomized_svd.py:242: SyntaxWarning: \""is not\"" with 'str' literal. Did you mean \""!=\""?\r\n  if method is not 'fbpca':\r\n.\\examples\\applications\\svm_gui.py:171: SyntaxWarning: invalid esc",failure_log,primary,"Deterministic log classification only. Categories describe observed replay/tool states and do not prove patch quality, semantic failure, survival, or causality."
scikit-learn__scikit-learn-11040,scikit-learn/scikit-learn,OrcaLoca,90,checkpoint_replay_completed,completed,replay_status=checkpoint_replay_completed,f1c967883b0ab5efe06a205a404ec6899abc5048,e267630dbf9f503fc4344f8f8e6ea8df04db414e0056c8f15417a911c8ee7ce6,"{""build"": {""returncode"": 0, ""timed_out"": false, ""duration_seconds"": 14.003, ""stdout_sha256"": ""e3b0c44298fc1c149afbf4c8996fb92427ae41e4649b934ca495991b7852b855"", ""stderr_sha256"": ""6b2cb268de786dfdb90dd7bba947de22eab52691b1e2d306077cfc472dc41335"", ""stdout_head"": """", ""stderr_head"": "".\\benchmarks\\bench_plot_randomized_svd.py:242: SyntaxWarning: \""is not\"" with 'str' literal. Did you mean \""!=\""?\r\n  if method is not 'fbpca':\r\n.\\examples\\applications\\svm_gui.py:171: SyntaxWarning: invalid esc",failure_log,primary,"Deterministic log classification only. Categories describe observed replay/tool states and do not prove patch quality, semantic failure, survival, or causality."
scikit-learn__scikit-learn-11040,scikit-learn/scikit-learn,human,180,future_textual_conflict,future_patch_not_applicable,patch failed/does not apply,dc883c7d9e64bd78854c63435c666af880043d76,13d10e4bb2fc21359c7a562d1237077df53ccb34bc223a39a67b68f1bd99b545,5bcd84be205ebfba6bb625615d3d1de6390a42cb: error: patch failed: sklearn/neighbors/tests/test_neighbors.py:128,failure_log,primary,"Deterministic log classification only. Categories describe observed replay/tool states and do not prove patch quality, semantic failure, survival, or causality."
scikit-learn__scikit-learn-11040,scikit-learn/scikit-learn,OrcaLoca,180,future_textual_conflict,future_patch_not_applicable,patch failed/does not apply,dc883c7d9e64bd78854c63435c666af880043d76,28437a933f868d0aff82abb9d31d8a8ef01a13e4885dcd6f6c5f8be2d3ae2272,error: patch failed: sklearn/neighbors/base.py:109,failure_log,primary,"Deterministic log classification only. Categories describe observed replay/tool states and do not prove patch quality, semantic failure, survival, or causality."
scikit-learn__scikit-learn-11040,scikit-learn/scikit-learn,human,365,future_textual_conflict,future_patch_not_applicable,patch failed/does not apply,5d168ddaaa54d477bedcc135890b8cddbe248b23,13d10e4bb2fc21359c7a562d1237077df53ccb34bc223a39a67b68f1bd99b545,5bcd84be205ebfba6bb625615d3d1de6390a42cb: error: patch failed: sklearn/neighbors/tests/test_neighbors.py:128,failure_log,primary,"Deterministic log classification only. Categories describe observed replay/tool states and do not prove patch quality, semantic failure, survival, or causality."
scikit-learn__scikit-learn-11040,scikit-learn/scikit-learn,OrcaLoca,365,future_textual_conflict,future_patch_not_applicable,patch failed/does not apply,5d168ddaaa54d477bedcc135890b8cddbe248b23,28437a933f868d0aff82abb9d31d8a8ef01a13e4885dcd6f6c5f8be2d3ae2272,error: patch failed: sklearn/neighbors/base.py:109,failure_log,primary,"Deterministic log classification only. Categories describe observed replay/tool states and do not prove patch quality, semantic failure, survival, or causality."
