task_id,task_family,repository,language,branch,checkpoint_id,days_after_t0,replay_status,diagnostic_class,diagnostic_basis,build_success,future_test_pass_ratio,textual_conflict,semantic_conflict,adaptation_loc,corrective_commit_count,source_commit,evaluator_version,evidence_hash,failure_detail,behavior_observed,adaptation_observed,survival_claim_eligible,claim_boundary,source_id,evidence_role
astropy__astropy-12907,issue_resolution,astropy/astropy,python,human,astropy__astropy-12907-d7,7,future_textual_conflict,F2_textual_conflict,replay status explicitly reports textual conflict,NA,NA,True,NA,NA,NA,97be610d13cf314b28ffe8eddc20f9affa8a05ca,SWE-bench Lite local record; F2P-only pilot,0f3e44432ed8540e9526edff4f83793948a2f139fc3971b67c30043c1eb7964a,"98368901863b906b4cd5c1c7173d971961a16e1b: error: docs/changes/modeling/12907.bugfix.rst: No such file or directory
",0,0,0,"Provider-free replay diagnostics and checkpoint transitions. F1 labels are setup/source proxies, F2 is an observed textual-conflict status, and none of these rows estimate survival, behavior, adaptation, cost, causality or population effects.",failure_diagnostics,diagnostic
astropy__astropy-12907,issue_resolution,astropy/astropy,python,OrcaLoca,astropy__astropy-12907-d7,7,future_textual_conflict,F2_textual_conflict,replay status explicitly reports textual conflict,NA,NA,True,NA,NA,NA,97be610d13cf314b28ffe8eddc20f9affa8a05ca,SWE-bench Lite local record; F2P-only pilot,9ad64b2d5711f3da10ac19251857e6825ebc29d53d5fd296079b13d7c25dbc6f,"98368901863b906b4cd5c1c7173d971961a16e1b: error: docs/changes/modeling/12907.bugfix.rst: No such file or directory
",0,0,0,"Provider-free replay diagnostics and checkpoint transitions. F1 labels are setup/source proxies, F2 is an observed textual-conflict status, and none of these rows estimate survival, behavior, adaptation, cost, causality or population effects.",failure_diagnostics,diagnostic
astropy__astropy-14182,issue_resolution,astropy/astropy,python,human,astropy__astropy-14182-d7,7,checkpoint_replay_completed,replay_completed,replay status explicitly completed,True,0.0,NA,NA,NA,NA,a5ccc9522ca139df7a7cf4e2e506ffd288e55620,SWE-bench Lite local record; F2P-only pilot,1c80b57d515ed4da42842dff56cfec5b5c72fee6a469c9bb33f2f6b59dba0f3c,"{""build"": {""returncode"": 0, ""timed_out"": false, ""duration_seconds"": 9.116, ""stdout_sha256"": ""e3b0c44298fc1c149afbf4c8996fb92427ae41e4649b934ca495991b7852b855"", ""stderr_sha256"": ""e3b0c44298fc1c149afbf4c8996fb92427ae41e4649b934ca495991b7852b855"", ""stdout_head"": """", ""stderr_head"": """", ""stdout_tail"": """", ""stderr_tail"": """"}, ""future_test"": {""returncode"": 4, ""timed_out"": false, ""duration_seconds"": 0.679, ""stdout_sha256"": ""e3b0c44298fc1c149afbf4c8996fb92427ae41e4649b934ca495991b7852b855"", ""stderr_sha256"": ""7acaa9323fd4e6a41375966af2aaaa8445bf730151953181b6a6709b5f2758ae"", ""stdout_head"": """", ""stderr_head"": ""ImportError while loading conftest '[LOCAL_DRIVE]/lossoracc\\analysis_outputs\\work2_30_task_first_checkpoint_replay_current_20260901_v2\\scratch\\task_8m9qpcb9\\branch_human\\conftest.py'.\r\nconftest.py:9: in <module>\r\n    import hypothesis\r\nE   ModuleNotFoundError: No module named 'hypothesis'\r\n"", ""stdout_tail"": """", ""stderr_tail"": ""ImportError while loading conftest '[LOCAL_DRIVE]/lossoracc\\analysis_outputs\\work2_30_task_first_checkpoint_replay_current_20260901_v2\\scratch\\task_8m9qpcb9\\branch_human\\conftest.py'.\r\nconftest.py:9: in <module>\r\n    import hypothesis\r\nE   ModuleNotFoundError: No module named 'hypothesis'\r\n""}}",0,0,0,"Provider-free replay diagnostics and checkpoint transitions. F1 labels are setup/source proxies, F2 is an observed textual-conflict status, and none of these rows estimate survival, behavior, adaptation, cost, causality or population effects.",failure_diagnostics,diagnostic
astropy__astropy-14182,issue_resolution,astropy/astropy,python,OrcaLoca,astropy__astropy-14182-d7,7,checkpoint_replay_completed,replay_completed,replay status explicitly completed,True,0.0,NA,NA,NA,NA,a5ccc9522ca139df7a7cf4e2e506ffd288e55620,SWE-bench Lite local record; F2P-only pilot,436d728fe211fb292872f83c7d33c3ca8e5da7e8ef08352b0ddeef66eee14297,"{""build"": {""returncode"": 0, ""timed_out"": false, ""duration_seconds"": 7.485, ""stdout_sha256"": ""e3b0c44298fc1c149afbf4c8996fb92427ae41e4649b934ca495991b7852b855"", ""stderr_sha256"": ""e3b0c44298fc1c149afbf4c8996fb92427ae41e4649b934ca495991b7852b855"", ""stdout_head"": """", ""stderr_head"": """", ""stdout_tail"": """", ""stderr_tail"": """"}, ""future_test"": {""returncode"": 4, ""timed_out"": false, ""duration_seconds"": 0.379, ""stdout_sha256"": ""e3b0c44298fc1c149afbf4c8996fb92427ae41e4649b934ca495991b7852b855"", ""stderr_sha256"": ""b5c628fc5efc1b29b952a310298e2f01be5e01d0e40364d58a4d905be12cd87d"", ""stdout_head"": """", ""stderr_head"": ""ImportError while loading conftest '[LOCAL_DRIVE]/lossoracc\\analysis_outputs\\work2_30_task_first_checkpoint_replay_current_20260901_v2\\scratch\\task_8m9qpcb9\\branch_OrcaLoca\\conftest.py'.\r\nconftest.py:9: in <module>\r\n    import hypothesis\r\nE   ModuleNotFoundError: No module named 'hypothesis'\r\n"", ""stdout_tail"": """", ""stderr_tail"": ""ImportError while loading conftest '[LOCAL_DRIVE]/lossoracc\\analysis_outputs\\work2_30_task_first_checkpoint_replay_current_20260901_v2\\scratch\\task_8m9qpcb9\\branch_OrcaLoca\\conftest.py'.\r\nconftest.py:9: in <module>\r\n    import hypothesis\r\nE   ModuleNotFoundError: No module named 'hypothesis'\r\n""}}",0,0,0,"Provider-free replay diagnostics and checkpoint transitions. F1 labels are setup/source proxies, F2 is an observed textual-conflict status, and none of these rows estimate survival, behavior, adaptation, cost, causality or population effects.",failure_diagnostics,diagnostic
astropy__astropy-14365,issue_resolution,astropy/astropy,python,human,astropy__astropy-14365-d7,7,checkpoint_replay_completed,replay_completed,replay status explicitly completed,True,0.0,NA,NA,NA,NA,5ac136ec0889b2829a7fb7e2065717c1b714a474,SWE-bench Lite local record; F2P-only pilot,42420ff7003feddd01ddde186a66486ab686dc91af2a3155970dea6ca4df63c3,"{""build"": {""returncode"": 0, ""timed_out"": false, ""duration_seconds"": 7.277, ""stdout_sha256"": ""e3b0c44298fc1c149afbf4c8996fb92427ae41e4649b934ca495991b7852b855"", ""stderr_sha256"": ""e3b0c44298fc1c149afbf4c8996fb92427ae41e4649b934ca495991b7852b855"", ""stdout_head"": """", ""stderr_head"": """", ""stdout_tail"": """", ""stderr_tail"": """"}, ""future_test"": {""returncode"": 4, ""timed_out"": false, ""duration_seconds"": 0.67, ""stdout_sha256"": ""e3b0c44298fc1c149afbf4c8996fb92427ae41e4649b934ca495991b7852b855"", ""stderr_sha256"": ""4eb29a7ae8d1636a39c90518d02b217d4cd3a1985d14cbcb33ee2b8a0447f998"", ""stdout_head"": """", ""stderr_head"": ""ImportError while loading conftest '[LOCAL_DRIVE]/lossoracc\\analysis_outputs\\work2_30_task_first_checkpoint_replay_current_20260901_v2\\scratch\\task_lrgp3oyb\\branch_human\\conftest.py'.\r\nconftest.py:9: in <module>\r\n    import hypothesis\r\nE   ModuleNotFoundError: No module named 'hypothesis'\r\n"", ""stdout_tail"": """", ""stderr_tail"": ""ImportError while loading conftest '[LOCAL_DRIVE]/lossoracc\\analysis_outputs\\work2_30_task_first_checkpoint_replay_current_20260901_v2\\scratch\\task_lrgp3oyb\\branch_human\\conftest.py'.\r\nconftest.py:9: in <module>\r\n    import hypothesis\r\nE   ModuleNotFoundError: No module named 'hypothesis'\r\n""}}",0,0,0,"Provider-free replay diagnostics and checkpoint transitions. F1 labels are setup/source proxies, F2 is an observed textual-conflict status, and none of these rows estimate survival, behavior, adaptation, cost, causality or population effects.",failure_diagnostics,diagnostic
astropy__astropy-14365,issue_resolution,astropy/astropy,python,OrcaLoca,astropy__astropy-14365-d7,7,checkpoint_replay_completed,replay_completed,replay status explicitly completed,True,0.0,NA,NA,NA,NA,5ac136ec0889b2829a7fb7e2065717c1b714a474,SWE-bench Lite local record; F2P-only pilot,765f1a0d453527d020e3002e62fdc569cb35b46016a4355d3e96891b79c810b6,"{""build"": {""returncode"": 0, ""timed_out"": false, ""duration_seconds"": 6.749, ""stdout_sha256"": ""e3b0c44298fc1c149afbf4c8996fb92427ae41e4649b934ca495991b7852b855"", ""stderr_sha256"": ""e3b0c44298fc1c149afbf4c8996fb92427ae41e4649b934ca495991b7852b855"", ""stdout_head"": """", ""stderr_head"": """", ""stdout_tail"": """", ""stderr_tail"": """"}, ""future_test"": {""returncode"": 4, ""timed_out"": false, ""duration_seconds"": 0.349, ""stdout_sha256"": ""e3b0c44298fc1c149afbf4c8996fb92427ae41e4649b934ca495991b7852b855"", ""stderr_sha256"": ""47fe0514162f358600700ad1471b67f5f7be150e0fcc4b4281c3f93e837a5701"", ""stdout_head"": """", ""stderr_head"": ""ImportError while loading conftest '[LOCAL_DRIVE]/lossoracc\\analysis_outputs\\work2_30_task_first_checkpoint_replay_current_20260901_v2\\scratch\\task_lrgp3oyb\\branch_OrcaLoca\\conftest.py'.\r\nconftest.py:9: in <module>\r\n    import hypothesis\r\nE   ModuleNotFoundError: No module named 'hypothesis'\r\n"", ""stdout_tail"": """", ""stderr_tail"": ""ImportError while loading conftest '[LOCAL_DRIVE]/lossoracc\\analysis_outputs\\work2_30_task_first_checkpoint_replay_current_20260901_v2\\scratch\\task_lrgp3oyb\\branch_OrcaLoca\\conftest.py'.\r\nconftest.py:9: in <module>\r\n    import hypothesis\r\nE   ModuleNotFoundError: No module named 'hypothesis'\r\n""}}",0,0,0,"Provider-free replay diagnostics and checkpoint transitions. F1 labels are setup/source proxies, F2 is an observed textual-conflict status, and none of these rows estimate survival, behavior, adaptation, cost, causality or population effects.",failure_diagnostics,diagnostic
matplotlib__matplotlib-22711,issue_resolution,matplotlib/matplotlib,python,human,matplotlib__matplotlib-22711-d7,7,checkpoint_replay_completed,replay_completed,replay status explicitly completed,True,0.0,NA,NA,NA,NA,33b301589f2a164110df15f6187853692fb0135b,SWE-bench Lite local record; F2P-only pilot,ce5c888976765166d051a0bc8d0916683610e8e2380ac37ea85e08cb3a61ee4a,"{""build"": {""returncode"": 0, ""timed_out"": false, ""duration_seconds"": 8.258, ""stdout_sha256"": ""e3b0c44298fc1c149afbf4c8996fb92427ae41e4649b934ca495991b7852b855"", ""stderr_sha256"": ""e3b0c44298fc1c149afbf4c8996fb92427ae41e4649b934ca495991b7852b855"", ""stdout_head"": """", ""stderr_head"": """", ""stdout_tail"": """", ""stderr_tail"": """"}, ""future_test"": {""returncode"": 4, ""timed_out"": false, ""duration_seconds"": 0.981, ""stdout_sha256"": ""e3b0c44298fc1c149afbf4c8996fb92427ae41e4649b934ca495991b7852b855"", ""stderr_sha256"": ""6f85b8e1f6eba92fbd715aa12a3981491ff5b8c330647b862bd0f5d8a7920e3b"", ""stdout_head"": """", ""stderr_head"": ""ImportError while loading conftest '[LOCAL_DRIVE]/lossoracc\\analysis_outputs\\work2_30_task_first_checkpoint_replay_current_20260901_v2\\scratch\\task_hhdzozsm\\branch_human\\lib\\matplotlib\\tests\\conftest.py'.\r\nlib\\matplotlib\\__init__.py:109: in <module>\r\n    from . import _api, _version, cbook, _docstring, rcsetup\r\nlib\\matplotlib\\cbook\\__init__.py:31: in <module>\r\n    from matplotlib import _api, _c_internal_utils\r\nE   ImportError: cannot import name '_c_internal_utils' from partially initialized module 'matplotlib' (most likely due to a circular import) ([LOCAL_DRIVE]/lossoracc\\analysis_outputs\\work2_30_task_first_checkpoint_replay_current_20260901_v2\\scratch\\task_hhdzozsm\\branch_human\\lib\\matplotlib\\__init__.py)\r\n"", ""stdout_tail"": """", ""stderr_tail"": ""ImportError while loading conftest '[LOCAL_DRIVE]/lossoracc\\analysis_outputs\\work2_30_task_first_checkpoint_replay_current_20260901_v2\\scratch\\task_hhdzozsm\\branch_human\\lib\\matplotlib\\tests\\conftest.py'.\r\nlib\\matplotlib\\__init__.py:109: in <module>\r\n    from . import _api, _version, cbook, _docstring, rcsetup\r\nlib\\matplotlib\\cbook\\__init__.py:31: in <module>\r\n    from matplotlib import _api, _c_internal_utils\r\nE   ImportError: cannot import name '_c_internal_utils' from partially initialized module 'matplotlib' (most likely due to a circular import) ([LOCAL_DRIVE]/lossoracc\\analysis_outputs\\work2_30_task_first_checkpoint_replay_current_20260901_v2\\scratch\\task_hhdzozsm\\branch_human\\lib\\matplotlib\\__init__.py)\r\n""}}",0,0,0,"Provider-free replay diagnostics and checkpoint transitions. F1 labels are setup/source proxies, F2 is an observed textual-conflict status, and none of these rows estimate survival, behavior, adaptation, cost, causality or population effects.",failure_diagnostics,diagnostic
matplotlib__matplotlib-22711,issue_resolution,matplotlib/matplotlib,python,OrcaLoca,matplotlib__matplotlib-22711-d7,7,checkpoint_replay_completed,replay_completed,replay status explicitly completed,True,0.0,NA,NA,NA,NA,33b301589f2a164110df15f6187853692fb0135b,SWE-bench Lite local record; F2P-only pilot,e6175179a125f5d2786310ed098deca74a434ed77258b5dd26a00cad34ff43c5,"{""build"": {""returncode"": 0, ""timed_out"": false, ""duration_seconds"": 6.332, ""stdout_sha256"": ""e3b0c44298fc1c149afbf4c8996fb92427ae41e4649b934ca495991b7852b855"", ""stderr_sha256"": ""e3b0c44298fc1c149afbf4c8996fb92427ae41e4649b934ca495991b7852b855"", ""stdout_head"": """", ""stderr_head"": """", ""stdout_tail"": """", ""stderr_tail"": """"}, ""future_test"": {""returncode"": 4, ""timed_out"": false, ""duration_seconds"": 0.666, ""stdout_sha256"": ""e3b0c44298fc1c149afbf4c8996fb92427ae41e4649b934ca495991b7852b855"", ""stderr_sha256"": ""d7a8e9bc34de152af083822d18b702ed0803b30392669948ba5bfe476f6ee767"", ""stdout_head"": """", ""stderr_head"": ""ImportError while loading conftest '[LOCAL_DRIVE]/lossoracc\\analysis_outputs\\work2_30_task_first_checkpoint_replay_current_20260901_v2\\scratch\\task_hhdzozsm\\branch_OrcaLoca\\lib\\matplotlib\\tests\\conftest.py'.\r\nlib\\matplotlib\\__init__.py:109: in <module>\r\n    from . import _api, _version, cbook, _docstring, rcsetup\r\nlib\\matplotlib\\cbook\\__init__.py:31: in <module>\r\n    from matplotlib import _api, _c_internal_utils\r\nE   ImportError: cannot import name '_c_internal_utils' from partially initialized module 'matplotlib' (most likely due to a circular import) ([LOCAL_DRIVE]/lossoracc\\analysis_outputs\\work2_30_task_first_checkpoint_replay_current_20260901_v2\\scratch\\task_hhdzozsm\\branch_OrcaLoca\\lib\\matplotlib\\__init__.py)\r\n"", ""stdout_tail"": """", ""stderr_tail"": ""ImportError while loading conftest '[LOCAL_DRIVE]/lossoracc\\analysis_outputs\\work2_30_task_first_checkpoint_replay_current_20260901_v2\\scratch\\task_hhdzozsm\\branch_OrcaLoca\\lib\\matplotlib\\tests\\conftest.py'.\r\nlib\\matplotlib\\__init__.py:109: in <module>\r\n    from . import _api, _version, cbook, _docstring, rcsetup\r\nlib\\matplotlib\\cbook\\__init__.py:31: in <module>\r\n    from matplotlib import _api, _c_internal_utils\r\nE   ImportError: cannot import name '_c_internal_utils' from partially initialized module 'matplotlib' (most likely due to a circular import) ([LOCAL_DRIVE]/lossoracc\\analysis_outputs\\work2_30_task_first_checkpoint_replay_current_20260901_v2\\scratch\\task_hhdzozsm\\branch_OrcaLoca\\lib\\matplotlib\\__init__.py)\r\n""}}",0,0,0,"Provider-free replay diagnostics and checkpoint transitions. F1 labels are setup/source proxies, F2 is an observed textual-conflict status, and none of these rows estimate survival, behavior, adaptation, cost, causality or population effects.",failure_diagnostics,diagnostic
matplotlib__matplotlib-23299,issue_resolution,matplotlib/matplotlib,python,human,matplotlib__matplotlib-23299-d7,7,checkpoint_replay_completed,replay_completed,replay status explicitly completed,True,0.0,NA,NA,NA,NA,cd9d371cd473b286310845ada9e5a3e786630e1a,SWE-bench Lite local record; F2P-only pilot,b15079ba0b887c4386893f5beb03cc077d9ff65b167d1910de6bfbc8151cfb2e,"{""build"": {""returncode"": 0, ""timed_out"": false, ""duration_seconds"": 5.759, ""stdout_sha256"": ""e3b0c44298fc1c149afbf4c8996fb92427ae41e4649b934ca495991b7852b855"", ""stderr_sha256"": ""e3b0c44298fc1c149afbf4c8996fb92427ae41e4649b934ca495991b7852b855"", ""stdout_head"": """", ""stderr_head"": """", ""stdout_tail"": """", ""stderr_tail"": """"}, ""future_test"": {""returncode"": 4, ""timed_out"": false, ""duration_seconds"": 0.632, ""stdout_sha256"": ""e3b0c44298fc1c149afbf4c8996fb92427ae41e4649b934ca495991b7852b855"", ""stderr_sha256"": ""285125998ca09ffa5ca1e182a88db9a41469d30cc7dcf3b2eb476fa36598da4e"", ""stdout_head"": """", ""stderr_head"": ""ImportError while loading conftest '[LOCAL_DRIVE]/lossoracc\\analysis_outputs\\work2_30_task_first_checkpoint_replay_current_20260901_v2\\scratch\\task_j0wx14zf\\branch_human\\lib\\matplotlib\\tests\\conftest.py'.\r\nlib\\matplotlib\\__init__.py:113: in <module>\r\n    from . import _api, _version, cbook, _docstring, rcsetup\r\nlib\\matplotlib\\cbook\\__init__.py:31: in <module>\r\n    from matplotlib import _api, _c_internal_utils\r\nE   ImportError: cannot import name '_c_internal_utils' from partially initialized module 'matplotlib' (most likely due to a circular import) ([LOCAL_DRIVE]/lossoracc\\analysis_outputs\\work2_30_task_first_checkpoint_replay_current_20260901_v2\\scratch\\task_j0wx14zf\\branch_human\\lib\\matplotlib\\__init__.py)\r\n"", ""stdout_tail"": """", ""stderr_tail"": ""ImportError while loading conftest '[LOCAL_DRIVE]/lossoracc\\analysis_outputs\\work2_30_task_first_checkpoint_replay_current_20260901_v2\\scratch\\task_j0wx14zf\\branch_human\\lib\\matplotlib\\tests\\conftest.py'.\r\nlib\\matplotlib\\__init__.py:113: in <module>\r\n    from . import _api, _version, cbook, _docstring, rcsetup\r\nlib\\matplotlib\\cbook\\__init__.py:31: in <module>\r\n    from matplotlib import _api, _c_internal_utils\r\nE   ImportError: cannot import name '_c_internal_utils' from partially initialized module 'matplotlib' (most likely due to a circular import) ([LOCAL_DRIVE]/lossoracc\\analysis_outputs\\work2_30_task_first_checkpoint_replay_current_20260901_v2\\scratch\\task_j0wx14zf\\branch_human\\lib\\matplotlib\\__init__.py)\r\n""}}",0,0,0,"Provider-free replay diagnostics and checkpoint transitions. F1 labels are setup/source proxies, F2 is an observed textual-conflict status, and none of these rows estimate survival, behavior, adaptation, cost, causality or population effects.",failure_diagnostics,diagnostic
matplotlib__matplotlib-23299,issue_resolution,matplotlib/matplotlib,python,OrcaLoca,matplotlib__matplotlib-23299-d7,7,checkpoint_replay_completed,replay_completed,replay status explicitly completed,True,0.0,NA,NA,NA,NA,cd9d371cd473b286310845ada9e5a3e786630e1a,SWE-bench Lite local record; F2P-only pilot,7baf90c72e78a8d69d2e0fe5d65d51d8f876344f448ffc481b99ad6801209d43,"{""build"": {""returncode"": 0, ""timed_out"": false, ""duration_seconds"": 5.579, ""stdout_sha256"": ""e3b0c44298fc1c149afbf4c8996fb92427ae41e4649b934ca495991b7852b855"", ""stderr_sha256"": ""e3b0c44298fc1c149afbf4c8996fb92427ae41e4649b934ca495991b7852b855"", ""stdout_head"": """", ""stderr_head"": """", ""stdout_tail"": """", ""stderr_tail"": """"}, ""future_test"": {""returncode"": 4, ""timed_out"": false, ""duration_seconds"": 0.609, ""stdout_sha256"": ""e3b0c44298fc1c149afbf4c8996fb92427ae41e4649b934ca495991b7852b855"", ""stderr_sha256"": ""0804592c974e72029385fada16325cce2fd907b8e1dd4b52ec2bd1fb67858bec"", ""stdout_head"": """", ""stderr_head"": ""ImportError while loading conftest '[LOCAL_DRIVE]/lossoracc\\analysis_outputs\\work2_30_task_first_checkpoint_replay_current_20260901_v2\\scratch\\task_j0wx14zf\\branch_OrcaLoca\\lib\\matplotlib\\tests\\conftest.py'.\r\nlib\\matplotlib\\__init__.py:113: in <module>\r\n    from . import _api, _version, cbook, _docstring, rcsetup\r\nlib\\matplotlib\\cbook\\__init__.py:31: in <module>\r\n    from matplotlib import _api, _c_internal_utils\r\nE   ImportError: cannot import name '_c_internal_utils' from partially initialized module 'matplotlib' (most likely due to a circular import) ([LOCAL_DRIVE]/lossoracc\\analysis_outputs\\work2_30_task_first_checkpoint_replay_current_20260901_v2\\scratch\\task_j0wx14zf\\branch_OrcaLoca\\lib\\matplotlib\\__init__.py)\r\n"", ""stdout_tail"": """", ""stderr_tail"": ""ImportError while loading conftest '[LOCAL_DRIVE]/lossoracc\\analysis_outputs\\work2_30_task_first_checkpoint_replay_current_20260901_v2\\scratch\\task_j0wx14zf\\branch_OrcaLoca\\lib\\matplotlib\\tests\\conftest.py'.\r\nlib\\matplotlib\\__init__.py:113: in <module>\r\n    from . import _api, _version, cbook, _docstring, rcsetup\r\nlib\\matplotlib\\cbook\\__init__.py:31: in <module>\r\n    from matplotlib import _api, _c_internal_utils\r\nE   ImportError: cannot import name '_c_internal_utils' from partially initialized module 'matplotlib' (most likely due to a circular import) ([LOCAL_DRIVE]/lossoracc\\analysis_outputs\\work2_30_task_first_checkpoint_replay_current_20260901_v2\\scratch\\task_j0wx14zf\\branch_OrcaLoca\\lib\\matplotlib\\__init__.py)\r\n""}}",0,0,0,"Provider-free replay diagnostics and checkpoint transitions. F1 labels are setup/source proxies, F2 is an observed textual-conflict status, and none of these rows estimate survival, behavior, adaptation, cost, causality or population effects.",failure_diagnostics,diagnostic
matplotlib__matplotlib-23314,issue_resolution,matplotlib/matplotlib,python,human,matplotlib__matplotlib-23314-d7,7,checkpoint_replay_completed,replay_completed,replay status explicitly completed,True,0.0,NA,NA,NA,NA,b02334b6e207bf155c1fa92e50a6607abdf4633a,SWE-bench Lite local record; F2P-only pilot,b6d8952d0d9b8851d9ddd2a7f97980a3cee631902f1b92f9965ac62159d58fc4,"{""build"": {""returncode"": 0, ""timed_out"": false, ""duration_seconds"": 5.53, ""stdout_sha256"": ""e3b0c44298fc1c149afbf4c8996fb92427ae41e4649b934ca495991b7852b855"", ""stderr_sha256"": ""e3b0c44298fc1c149afbf4c8996fb92427ae41e4649b934ca495991b7852b855"", ""stdout_head"": """", ""stderr_head"": """", ""stdout_tail"": """", ""stderr_tail"": """"}, ""future_test"": {""returncode"": 4, ""timed_out"": false, ""duration_seconds"": 0.558, ""stdout_sha256"": ""e3b0c44298fc1c149afbf4c8996fb92427ae41e4649b934ca495991b7852b855"", ""stderr_sha256"": ""3fad0755c2cf46e6cb6838d1246bffd11e5e884d1f3d78aae48ff2d2780b8532"", ""stdout_head"": """", ""stderr_head"": ""ImportError while loading conftest '[LOCAL_DRIVE]/lossoracc\\analysis_outputs\\work2_30_task_first_checkpoint_replay_current_20260901_v2\\scratch\\task_inpltyoz\\branch_human\\lib\\mpl_toolkits\\tests\\conftest.py'.\r\nlib\\mpl_toolkits\\tests\\conftest.py:1: in <module>\r\n    from matplotlib.testing.conftest import (mpl_test_settings,\r\nlib\\matplotlib\\__init__.py:113: in <module>\r\n    from . import _api, _version, cbook, _docstring, rcsetup\r\nlib\\matplotlib\\cbook\\__init__.py:31: in <module>\r\n    from matplotlib import _api, _c_internal_utils\r\nE   ImportError: cannot import name '_c_internal_utils' from partially initialized module 'matplotlib' (most likely due to a circular import) ([LOCAL_DRIVE]/lossoracc\\analysis_outputs\\work2_30_task_first_checkpoint_replay_current_20260901_v2\\scratch\\task_inpltyoz\\branch_human\\lib\\matplotlib\\__init__.py)\r\n"", ""stdout_tail"": """", ""stderr_tail"": ""ImportError while loading conftest '[LOCAL_DRIVE]/lossoracc\\analysis_outputs\\work2_30_task_first_checkpoint_replay_current_20260901_v2\\scratch\\task_inpltyoz\\branch_human\\lib\\mpl_toolkits\\tests\\conftest.py'.\r\nlib\\mpl_toolkits\\tests\\conftest.py:1: in <module>\r\n    from matplotlib.testing.conftest import (mpl_test_settings,\r\nlib\\matplotlib\\__init__.py:113: in <module>\r\n    from . import _api, _version, cbook, _docstring, rcsetup\r\nlib\\matplotlib\\cbook\\__init__.py:31: in <module>\r\n    from matplotlib import _api, _c_internal_utils\r\nE   ImportError: cannot import name '_c_internal_utils' from partially initialized module 'matplotlib' (most likely due to a circular import) ([LOCAL_DRIVE]/lossoracc\\analysis_outputs\\work2_30_task_first_checkpoint_replay_current_20260901_v2\\scratch\\task_inpltyoz\\branch_human\\lib\\matplotlib\\__init__.py)\r\n""}}",0,0,0,"Provider-free replay diagnostics and checkpoint transitions. F1 labels are setup/source proxies, F2 is an observed textual-conflict status, and none of these rows estimate survival, behavior, adaptation, cost, causality or population effects.",failure_diagnostics,diagnostic
matplotlib__matplotlib-23314,issue_resolution,matplotlib/matplotlib,python,OrcaLoca,matplotlib__matplotlib-23314-d7,7,checkpoint_replay_completed,replay_completed,replay status explicitly completed,True,0.0,NA,NA,NA,NA,b02334b6e207bf155c1fa92e50a6607abdf4633a,SWE-bench Lite local record; F2P-only pilot,d84de209e0805bb299b368a5f58949f0752d8bd80e9a38dfa4d4562b3642282c,"{""build"": {""returncode"": 0, ""timed_out"": false, ""duration_seconds"": 5.161, ""stdout_sha256"": ""e3b0c44298fc1c149afbf4c8996fb92427ae41e4649b934ca495991b7852b855"", ""stderr_sha256"": ""e3b0c44298fc1c149afbf4c8996fb92427ae41e4649b934ca495991b7852b855"", ""stdout_head"": """", ""stderr_head"": """", ""stdout_tail"": """", ""stderr_tail"": """"}, ""future_test"": {""returncode"": 4, ""timed_out"": false, ""duration_seconds"": 0.656, ""stdout_sha256"": ""e3b0c44298fc1c149afbf4c8996fb92427ae41e4649b934ca495991b7852b855"", ""stderr_sha256"": ""d70f757fdc75fdd8ffac04edb5940c72dbaa07f5f606e52dd40d8d4c2afc4b4a"", ""stdout_head"": """", ""stderr_head"": ""ImportError while loading conftest '[LOCAL_DRIVE]/lossoracc\\analysis_outputs\\work2_30_task_first_checkpoint_replay_current_20260901_v2\\scratch\\task_inpltyoz\\branch_OrcaLoca\\lib\\mpl_toolkits\\tests\\conftest.py'.\r\nlib\\mpl_toolkits\\tests\\conftest.py:1: in <module>\r\n    from matplotlib.testing.conftest import (mpl_test_settings,\r\nlib\\matplotlib\\__init__.py:113: in <module>\r\n    from . import _api, _version, cbook, _docstring, rcsetup\r\nlib\\matplotlib\\cbook\\__init__.py:31: in <module>\r\n    from matplotlib import _api, _c_internal_utils\r\nE   ImportError: cannot import name '_c_internal_utils' from partially initialized module 'matplotlib' (most likely due to a circular import) ([LOCAL_DRIVE]/lossoracc\\analysis_outputs\\work2_30_task_first_checkpoint_replay_current_20260901_v2\\scratch\\task_inpltyoz\\branch_OrcaLoca\\lib\\matplotlib\\__init__.py)\r\n"", ""stdout_tail"": """", ""stderr_tail"": ""ImportError while loading conftest '[LOCAL_DRIVE]/lossoracc\\analysis_outputs\\work2_30_task_first_checkpoint_replay_current_20260901_v2\\scratch\\task_inpltyoz\\branch_OrcaLoca\\lib\\mpl_toolkits\\tests\\conftest.py'.\r\nlib\\mpl_toolkits\\tests\\conftest.py:1: in <module>\r\n    from matplotlib.testing.conftest import (mpl_test_settings,\r\nlib\\matplotlib\\__init__.py:113: in <module>\r\n    from . import _api, _version, cbook, _docstring, rcsetup\r\nlib\\matplotlib\\cbook\\__init__.py:31: in <module>\r\n    from matplotlib import _api, _c_internal_utils\r\nE   ImportError: cannot import name '_c_internal_utils' from partially initialized module 'matplotlib' (most likely due to a circular import) ([LOCAL_DRIVE]/lossoracc\\analysis_outputs\\work2_30_task_first_checkpoint_replay_current_20260901_v2\\scratch\\task_inpltyoz\\branch_OrcaLoca\\lib\\matplotlib\\__init__.py)\r\n""}}",0,0,0,"Provider-free replay diagnostics and checkpoint transitions. F1 labels are setup/source proxies, F2 is an observed textual-conflict status, and none of these rows estimate survival, behavior, adaptation, cost, causality or population effects.",failure_diagnostics,diagnostic
mwaskom__seaborn-2848,issue_resolution,mwaskom/seaborn,python,human,mwaskom__seaborn-2848-d7,7,future_textual_conflict,F2_textual_conflict,replay status explicitly reports textual conflict,NA,NA,True,NA,NA,NA,5ccd131e2b9abf7ebe335d429fba86fea9ca28d6,SWE-bench Lite local record; F2P-only pilot,c57a9e1c3469d1fa115576ec277fa828a7a5e4b32c41e3975bc5b426cf33048d,"1a27ce304d947bfdf77383ab452bd2ded812d057: error: patch failed: doc/releases/v0.12.0.txt:63
error: doc/releases/v0.12.0.txt: patch does not apply
",0,0,0,"Provider-free replay diagnostics and checkpoint transitions. F1 labels are setup/source proxies, F2 is an observed textual-conflict status, and none of these rows estimate survival, behavior, adaptation, cost, causality or population effects.",failure_diagnostics,diagnostic
mwaskom__seaborn-2848,issue_resolution,mwaskom/seaborn,python,OrcaLoca,mwaskom__seaborn-2848-d7,7,future_textual_conflict,F2_textual_conflict,replay status explicitly reports textual conflict,NA,NA,True,NA,NA,NA,5ccd131e2b9abf7ebe335d429fba86fea9ca28d6,SWE-bench Lite local record; F2P-only pilot,f8640d8c6e03491a1a9b21b198b6b055c6dce8472351edecae7b3e49c467b5a5,"1a27ce304d947bfdf77383ab452bd2ded812d057: error: patch failed: doc/releases/v0.12.0.txt:63
error: doc/releases/v0.12.0.txt: patch does not apply
",0,0,0,"Provider-free replay diagnostics and checkpoint transitions. F1 labels are setup/source proxies, F2 is an observed textual-conflict status, and none of these rows estimate survival, behavior, adaptation, cost, causality or population effects.",failure_diagnostics,diagnostic
mwaskom__seaborn-3010,issue_resolution,mwaskom/seaborn,python,human,mwaskom__seaborn-3010-d7,7,checkpoint_replay_completed,replay_completed,replay status explicitly completed,True,0.0,NA,NA,NA,NA,1d4bec6bfdb52a39ed465916ac93e0b5ad828cd2,SWE-bench Lite local record; F2P-only pilot,2d282a78db2b88dc42330fea5dc78b0551629b7d15c6d5b22f20c57a2ee3d1d7,"{""build"": {""returncode"": 0, ""timed_out"": false, ""duration_seconds"": 1.516, ""stdout_sha256"": ""e3b0c44298fc1c149afbf4c8996fb92427ae41e4649b934ca495991b7852b855"", ""stderr_sha256"": ""9fba11ff97e771248f80b155196722b30e5ad83f0c1118d40d00203bba35f1e4"", ""stdout_head"": """", ""stderr_head"": "".\\doc\\conf.py:99: SyntaxWarning: invalid escape sequence '\\s'\r\n  .. |API| replace:: :raw-html:`<span class=\""badge badge-api\"">API</span>` :raw-latex:`{\\small\\sc [API]}`\r\n"", ""stdout_tail"": """", ""stderr_tail"": "".\\doc\\conf.py:99: SyntaxWarning: invalid escape sequence '\\s'\r\n  .. |API| replace:: :raw-html:`<span class=\""badge badge-api\"">API</span>` :raw-latex:`{\\small\\sc [API]}`\r\n""}, ""future_test"": {""returncode"": 4, ""timed_out"": false, ""duration_seconds"": 2.275, ""stdout_sha256"": ""e3b0c44298fc1c149afbf4c8996fb92427ae41e4649b934ca495991b7852b855"", ""stderr_sha256"": ""794d54e26ca82193fb0cee0c5cc7338ab0621c2146289e5bd21ec41fc1b1c124"", ""stdout_head"": """", ""stderr_head"": ""ImportError while loading conftest '[LOCAL_DRIVE]/lossoracc\\analysis_outputs\\work2_30_task_first_checkpoint_replay_current_20260901_v2\\scratch\\task_75winor2\\branch_human\\tests\\conftest.py'.\r\ntests\\conftest.py:4: in <module>\r\n    import matplotlib as mpl\r\nE   ModuleNotFoundError: No module named 'matplotlib'\r\n"", ""stdout_tail"": """", ""stderr_tail"": ""ImportError while loading conftest '[LOCAL_DRIVE]/lossoracc\\analysis_outputs\\work2_30_task_first_checkpoint_replay_current_20260901_v2\\scratch\\task_75winor2\\branch_human\\tests\\conftest.py'.\r\ntests\\conftest.py:4: in <module>\r\n    import matplotlib as mpl\r\nE   ModuleNotFoundError: No module named 'matplotlib'\r\n""}}",0,0,0,"Provider-free replay diagnostics and checkpoint transitions. F1 labels are setup/source proxies, F2 is an observed textual-conflict status, and none of these rows estimate survival, behavior, adaptation, cost, causality or population effects.",failure_diagnostics,diagnostic
mwaskom__seaborn-3010,issue_resolution,mwaskom/seaborn,python,OrcaLoca,mwaskom__seaborn-3010-d7,7,checkpoint_replay_completed,replay_completed,replay status explicitly completed,True,0.0,NA,NA,NA,NA,1d4bec6bfdb52a39ed465916ac93e0b5ad828cd2,SWE-bench Lite local record; F2P-only pilot,9f81b90b769ad369c59f8236878432f058d570e13bca625b02e4bb1966aaee08,"{""build"": {""returncode"": 0, ""timed_out"": false, ""duration_seconds"": 1.143, ""stdout_sha256"": ""e3b0c44298fc1c149afbf4c8996fb92427ae41e4649b934ca495991b7852b855"", ""stderr_sha256"": ""9fba11ff97e771248f80b155196722b30e5ad83f0c1118d40d00203bba35f1e4"", ""stdout_head"": """", ""stderr_head"": "".\\doc\\conf.py:99: SyntaxWarning: invalid escape sequence '\\s'\r\n  .. |API| replace:: :raw-html:`<span class=\""badge badge-api\"">API</span>` :raw-latex:`{\\small\\sc [API]}`\r\n"", ""stdout_tail"": """", ""stderr_tail"": "".\\doc\\conf.py:99: SyntaxWarning: invalid escape sequence '\\s'\r\n  .. |API| replace:: :raw-html:`<span class=\""badge badge-api\"">API</span>` :raw-latex:`{\\small\\sc [API]}`\r\n""}, ""future_test"": {""returncode"": 4, ""timed_out"": false, ""duration_seconds"": 0.893, ""stdout_sha256"": ""e3b0c44298fc1c149afbf4c8996fb92427ae41e4649b934ca495991b7852b855"", ""stderr_sha256"": ""41d8904143beb4d2f896c60d0b9f9eb6967fdf26f222b8c59385b2360c67b6d5"", ""stdout_head"": """", ""stderr_head"": ""ImportError while loading conftest '[LOCAL_DRIVE]/lossoracc\\analysis_outputs\\work2_30_task_first_checkpoint_replay_current_20260901_v2\\scratch\\task_75winor2\\branch_OrcaLoca\\tests\\conftest.py'.\r\ntests\\conftest.py:4: in <module>\r\n    import matplotlib as mpl\r\nE   ModuleNotFoundError: No module named 'matplotlib'\r\n"", ""stdout_tail"": """", ""stderr_tail"": ""ImportError while loading conftest '[LOCAL_DRIVE]/lossoracc\\analysis_outputs\\work2_30_task_first_checkpoint_replay_current_20260901_v2\\scratch\\task_75winor2\\branch_OrcaLoca\\tests\\conftest.py'.\r\ntests\\conftest.py:4: in <module>\r\n    import matplotlib as mpl\r\nE   ModuleNotFoundError: No module named 'matplotlib'\r\n""}}",0,0,0,"Provider-free replay diagnostics and checkpoint transitions. F1 labels are setup/source proxies, F2 is an observed textual-conflict status, and none of these rows estimate survival, behavior, adaptation, cost, causality or population effects.",failure_diagnostics,diagnostic
mwaskom__seaborn-3190,issue_resolution,mwaskom/seaborn,python,human,mwaskom__seaborn-3190-d7,7,future_textual_conflict,F2_textual_conflict,replay status explicitly reports textual conflict,NA,NA,True,NA,NA,NA,9b0baf65c879889489a4cce92aef552536e571eb,SWE-bench Lite local record; F2P-only pilot,e014761e43e1a1d3eb8879a4ac67aadc810db3aab87701a8f499ba7c4571fe77,"10c3ed87a42bcaed74b115252eeb4b88ebc1597f: error: patch failed: doc/whatsnew/v0.12.2.rst:1
error: doc/whatsnew/v0.12.2.rst: patch does not apply
",0,0,0,"Provider-free replay diagnostics and checkpoint transitions. F1 labels are setup/source proxies, F2 is an observed textual-conflict status, and none of these rows estimate survival, behavior, adaptation, cost, causality or population effects.",failure_diagnostics,diagnostic
mwaskom__seaborn-3190,issue_resolution,mwaskom/seaborn,python,OrcaLoca,mwaskom__seaborn-3190-d7,7,future_textual_conflict,F2_textual_conflict,replay status explicitly reports textual conflict,NA,NA,True,NA,NA,NA,9b0baf65c879889489a4cce92aef552536e571eb,SWE-bench Lite local record; F2P-only pilot,828414df06e182d0810475018cdf07b36068d3cee8456764948fbecf3969ba61,"10c3ed87a42bcaed74b115252eeb4b88ebc1597f: error: patch failed: doc/whatsnew/v0.12.2.rst:1
error: doc/whatsnew/v0.12.2.rst: patch does not apply
",0,0,0,"Provider-free replay diagnostics and checkpoint transitions. F1 labels are setup/source proxies, F2 is an observed textual-conflict status, and none of these rows estimate survival, behavior, adaptation, cost, causality or population effects.",failure_diagnostics,diagnostic
pallets__flask-4045,issue_resolution,pallets/flask,python,human,pallets__flask-4045-d7,7,future_textual_conflict,F2_textual_conflict,replay status explicitly reports textual conflict,NA,NA,True,NA,NA,NA,83f7efa04708a22c9701488f0f29b59c2b756bef,SWE-bench Lite local record; F2P-only pilot,6c4055e1cb35cf9c5d50bbba639af1787d6f5d5146f9539cedc364a43d01c687,"2846abaefed01f1da0d58ca3a83a2a09bea71e9c: error: patch failed: src/flask/__init__.py:43
error: src/flask/__init__.py: patch does not apply
",0,0,0,"Provider-free replay diagnostics and checkpoint transitions. F1 labels are setup/source proxies, F2 is an observed textual-conflict status, and none of these rows estimate survival, behavior, adaptation, cost, causality or population effects.",failure_diagnostics,diagnostic
pallets__flask-4045,issue_resolution,pallets/flask,python,OrcaLoca,pallets__flask-4045-d7,7,future_textual_conflict,F2_textual_conflict,replay status explicitly reports textual conflict,NA,NA,True,NA,NA,NA,83f7efa04708a22c9701488f0f29b59c2b756bef,SWE-bench Lite local record; F2P-only pilot,a4c6fe2be97d5432bb1390e952537318d3735ba2874f760c30f728ed5c1e1377,"2846abaefed01f1da0d58ca3a83a2a09bea71e9c: error: patch failed: src/flask/__init__.py:43
error: src/flask/__init__.py: patch does not apply
",0,0,0,"Provider-free replay diagnostics and checkpoint transitions. F1 labels are setup/source proxies, F2 is an observed textual-conflict status, and none of these rows estimate survival, behavior, adaptation, cost, causality or population effects.",failure_diagnostics,diagnostic
pallets__flask-5063,issue_resolution,pallets/flask,python,human,pallets__flask-5063-d7,7,future_textual_conflict,F2_textual_conflict,replay status explicitly reports textual conflict,NA,NA,True,NA,NA,NA,9659b11a45281662c6aa1194dc95b46b1f566ba6,SWE-bench Lite local record; F2P-only pilot,f9c1ef426acac91e34d551f80f34dfe27fc124ac316af71d70eec1764b4a6497,"a4ea5df5d565128118b6ceaaf372233eef23e238: error: patch failed: CHANGES.rst:46
error: CHANGES.rst: patch does not apply
",0,0,0,"Provider-free replay diagnostics and checkpoint transitions. F1 labels are setup/source proxies, F2 is an observed textual-conflict status, and none of these rows estimate survival, behavior, adaptation, cost, causality or population effects.",failure_diagnostics,diagnostic
pallets__flask-5063,issue_resolution,pallets/flask,python,OrcaLoca,pallets__flask-5063-d7,7,future_textual_conflict,F2_textual_conflict,replay status explicitly reports textual conflict,NA,NA,True,NA,NA,NA,9659b11a45281662c6aa1194dc95b46b1f566ba6,SWE-bench Lite local record; F2P-only pilot,6ed719799e679a461b29df8bf1916ee615a1fd487add99ddc733f33beb74002c,"a4ea5df5d565128118b6ceaaf372233eef23e238: error: patch failed: CHANGES.rst:46
error: CHANGES.rst: patch does not apply
",0,0,0,"Provider-free replay diagnostics and checkpoint transitions. F1 labels are setup/source proxies, F2 is an observed textual-conflict status, and none of these rows estimate survival, behavior, adaptation, cost, causality or population effects.",failure_diagnostics,diagnostic
pylint-dev__pylint-6506,issue_resolution,pylint-dev/pylint,python,human,pylint-dev__pylint-6506-d7,7,task_setup_failure,F1_proxy_task_setup_failure,"setup failure is observed, but human-branch parity is not established",NA,NA,NA,NA,NA,NA,f4d42c8f1d727d0f0ecada358ff3bf3abeb89fd3,SWE-bench local record 4.3; F2P-only pilot,NA,"Traceback (most recent call last):
  File ""[LOCAL_DRIVE]/lossoracc\run_work2_30_task_first_checkpoint_replay_worker_20260901.py"", line 81, in run_task
    raise RuntimeError(json.dumps(archive_status, ensure_ascii=False))
RuntimeError: {""status"": ""base_archive_failed"", ""returncode"": 128, ""stderr"": ""warning: lazy fetching disabled; some objects may not be available\nfatal: could not fetch 98d71e9627f0c4ee5701c1b8a599d9b5fb6fc749 from promisor remote\n""}
",0,0,0,"Provider-free replay diagnostics and checkpoint transitions. F1 labels are setup/source proxies, F2 is an observed textual-conflict status, and none of these rows estimate survival, behavior, adaptation, cost, causality or population effects.",failure_diagnostics,diagnostic
pylint-dev__pylint-6506,issue_resolution,pylint-dev/pylint,python,OrcaLoca,pylint-dev__pylint-6506-d7,7,task_setup_failure,F1_proxy_task_setup_failure,"setup failure is observed, but human-branch parity is not established",NA,NA,NA,NA,NA,NA,f4d42c8f1d727d0f0ecada358ff3bf3abeb89fd3,SWE-bench local record 4.3; F2P-only pilot,NA,"Traceback (most recent call last):
  File ""[LOCAL_DRIVE]/lossoracc\run_work2_30_task_first_checkpoint_replay_worker_20260901.py"", line 81, in run_task
    raise RuntimeError(json.dumps(archive_status, ensure_ascii=False))
RuntimeError: {""status"": ""base_archive_failed"", ""returncode"": 128, ""stderr"": ""warning: lazy fetching disabled; some objects may not be available\nfatal: could not fetch 98d71e9627f0c4ee5701c1b8a599d9b5fb6fc749 from promisor remote\n""}
",0,0,0,"Provider-free replay diagnostics and checkpoint transitions. F1 labels are setup/source proxies, F2 is an observed textual-conflict status, and none of these rows estimate survival, behavior, adaptation, cost, causality or population effects.",failure_diagnostics,diagnostic
pylint-dev__pylint-7080,issue_resolution,pylint-dev/pylint,python,human,pylint-dev__pylint-7080-d7,7,task_setup_failure,F1_proxy_task_setup_failure,"setup failure is observed, but human-branch parity is not established",NA,NA,NA,NA,NA,NA,c1ffa59508841c87e4720c72b2d40fc0ae795622,SWE-bench local record 4.3; F2P-only pilot,NA,"Traceback (most recent call last):
  File ""[LOCAL_DRIVE]/lossoracc\run_work2_30_task_first_checkpoint_replay_worker_20260901.py"", line 81, in run_task
    raise RuntimeError(json.dumps(archive_status, ensure_ascii=False))
RuntimeError: {""status"": ""base_archive_failed"", ""returncode"": 128, ""stderr"": ""warning: lazy fetching disabled; some objects may not be available\nfatal: could not fetch 90a6b12c3afaac2d999c8a1e047cf0a55450d1c5 from promisor remote\n""}
",0,0,0,"Provider-free replay diagnostics and checkpoint transitions. F1 labels are setup/source proxies, F2 is an observed textual-conflict status, and none of these rows estimate survival, behavior, adaptation, cost, causality or population effects.",failure_diagnostics,diagnostic
pylint-dev__pylint-7080,issue_resolution,pylint-dev/pylint,python,OrcaLoca,pylint-dev__pylint-7080-d7,7,task_setup_failure,F1_proxy_task_setup_failure,"setup failure is observed, but human-branch parity is not established",NA,NA,NA,NA,NA,NA,c1ffa59508841c87e4720c72b2d40fc0ae795622,SWE-bench local record 4.3; F2P-only pilot,NA,"Traceback (most recent call last):
  File ""[LOCAL_DRIVE]/lossoracc\run_work2_30_task_first_checkpoint_replay_worker_20260901.py"", line 81, in run_task
    raise RuntimeError(json.dumps(archive_status, ensure_ascii=False))
RuntimeError: {""status"": ""base_archive_failed"", ""returncode"": 128, ""stderr"": ""warning: lazy fetching disabled; some objects may not be available\nfatal: could not fetch 90a6b12c3afaac2d999c8a1e047cf0a55450d1c5 from promisor remote\n""}
",0,0,0,"Provider-free replay diagnostics and checkpoint transitions. F1 labels are setup/source proxies, F2 is an observed textual-conflict status, and none of these rows estimate survival, behavior, adaptation, cost, causality or population effects.",failure_diagnostics,diagnostic
pylint-dev__pylint-7228,issue_resolution,pylint-dev/pylint,python,human,pylint-dev__pylint-7228-d7,7,source_unavailable_during_replay,F1_proxy_source_unavailable,"source unavailable is observed, but environment-cause attribution is not established",NA,NA,NA,NA,NA,NA,e0ecc35e93c4dc32b691cfb8a3ad526ebfafb086,SWE-bench Lite local record; F2P-only pilot,8b6796ff816cae34a8ba96c465e367f321f95931a64b9dff5932f0f9ab701d1b,"c7afe9940c2b80738cfc0c99bff479a2dfc50fbe: warning: lazy fetching disabled; some objects may not be available
fatal: could not fetch 8f409a5c4f2fe371df7b12ca174c590543f904ea from promisor remote
",0,0,0,"Provider-free replay diagnostics and checkpoint transitions. F1 labels are setup/source proxies, F2 is an observed textual-conflict status, and none of these rows estimate survival, behavior, adaptation, cost, causality or population effects.",failure_diagnostics,diagnostic
pylint-dev__pylint-7228,issue_resolution,pylint-dev/pylint,python,OrcaLoca,pylint-dev__pylint-7228-d7,7,source_unavailable_during_replay,F1_proxy_source_unavailable,"source unavailable is observed, but environment-cause attribution is not established",NA,NA,NA,NA,NA,NA,e0ecc35e93c4dc32b691cfb8a3ad526ebfafb086,SWE-bench Lite local record; F2P-only pilot,719f9a10d0b1d37e263a449ceab7878360459827601703aacfa1392e73a35fc3,"c7afe9940c2b80738cfc0c99bff479a2dfc50fbe: warning: lazy fetching disabled; some objects may not be available
fatal: could not fetch 8f409a5c4f2fe371df7b12ca174c590543f904ea from promisor remote
",0,0,0,"Provider-free replay diagnostics and checkpoint transitions. F1 labels are setup/source proxies, F2 is an observed textual-conflict status, and none of these rows estimate survival, behavior, adaptation, cost, causality or population effects.",failure_diagnostics,diagnostic
pytest-dev__pytest-5221,issue_resolution,pytest-dev/pytest,python,human,pytest-dev__pytest-5221-d7,7,source_unavailable_during_replay,F1_proxy_source_unavailable,"source unavailable is observed, but environment-cause attribution is not established",NA,NA,NA,NA,NA,NA,58e6a09db49f34886ff13f3b7520dd0bcd7063cd,SWE-bench Lite local record; F2P-only pilot,be5549ceff2ee5643ad3743e8919241e16ebf9549c79c68cd56a0ee3aaaf666b,"7f7f84757d2b34c8e9e3ef2bab76a67771d57dd4: warning: lazy fetching disabled; some objects may not be available
fatal: could not fetch ecbba1255865a738c4a8f900d3c5c9e5ff5812e0 from promisor remote
",0,0,0,"Provider-free replay diagnostics and checkpoint transitions. F1 labels are setup/source proxies, F2 is an observed textual-conflict status, and none of these rows estimate survival, behavior, adaptation, cost, causality or population effects.",failure_diagnostics,diagnostic
pytest-dev__pytest-5221,issue_resolution,pytest-dev/pytest,python,OrcaLoca,pytest-dev__pytest-5221-d7,7,source_unavailable_during_replay,F1_proxy_source_unavailable,"source unavailable is observed, but environment-cause attribution is not established",NA,NA,NA,NA,NA,NA,58e6a09db49f34886ff13f3b7520dd0bcd7063cd,SWE-bench Lite local record; F2P-only pilot,4125ea2ac0a60ededa317c455120b5f44d91a444df879edc1e264a7c8bdfe483,"7f7f84757d2b34c8e9e3ef2bab76a67771d57dd4: warning: lazy fetching disabled; some objects may not be available
fatal: could not fetch ecbba1255865a738c4a8f900d3c5c9e5ff5812e0 from promisor remote
",0,0,0,"Provider-free replay diagnostics and checkpoint transitions. F1 labels are setup/source proxies, F2 is an observed textual-conflict status, and none of these rows estimate survival, behavior, adaptation, cost, causality or population effects.",failure_diagnostics,diagnostic
pytest-dev__pytest-5227,issue_resolution,pytest-dev/pytest,python,human,pytest-dev__pytest-5227-d7,7,source_unavailable_during_replay,F1_proxy_source_unavailable,"source unavailable is observed, but environment-cause attribution is not established",NA,NA,NA,NA,NA,NA,494ac28a320f9095d0a60d7d9a0158a04d1a09ed,SWE-bench Lite local record; F2P-only pilot,e8193ea0dee0989323f0f7756f492d73cdc2e584b61f9142b8695d9ed2737893,"7f7f84757d2b34c8e9e3ef2bab76a67771d57dd4: warning: lazy fetching disabled; some objects may not be available
fatal: could not fetch ecbba1255865a738c4a8f900d3c5c9e5ff5812e0 from promisor remote
",0,0,0,"Provider-free replay diagnostics and checkpoint transitions. F1 labels are setup/source proxies, F2 is an observed textual-conflict status, and none of these rows estimate survival, behavior, adaptation, cost, causality or population effects.",failure_diagnostics,diagnostic
pytest-dev__pytest-5227,issue_resolution,pytest-dev/pytest,python,OrcaLoca,pytest-dev__pytest-5227-d7,7,source_unavailable_during_replay,F1_proxy_source_unavailable,"source unavailable is observed, but environment-cause attribution is not established",NA,NA,NA,NA,NA,NA,494ac28a320f9095d0a60d7d9a0158a04d1a09ed,SWE-bench Lite local record; F2P-only pilot,2eb1ac3fd8b4d7b36f6fc008d8353269f0e229be3849884da2b171830a858bfa,"7f7f84757d2b34c8e9e3ef2bab76a67771d57dd4: warning: lazy fetching disabled; some objects may not be available
fatal: could not fetch ecbba1255865a738c4a8f900d3c5c9e5ff5812e0 from promisor remote
",0,0,0,"Provider-free replay diagnostics and checkpoint transitions. F1 labels are setup/source proxies, F2 is an observed textual-conflict status, and none of these rows estimate survival, behavior, adaptation, cost, causality or population effects.",failure_diagnostics,diagnostic
scikit-learn__scikit-learn-10297,issue_resolution,scikit-learn/scikit-learn,python,human,scikit-learn__scikit-learn-10297-d7,7,checkpoint_replay_completed,replay_completed,replay status explicitly completed,True,0.0,NA,NA,NA,NA,3bcfd07a5f65c4a218533f79048d7f6ee16e606c,SWE-bench Lite local record; F2P-only pilot,36db36590ab75976c976fa4aef8b12d64caf9a65f849e7147b56fb67c4e2aa09,"{""build"": {""returncode"": 0, ""timed_out"": false, ""duration_seconds"": 6.729, ""stdout_sha256"": ""e3b0c44298fc1c149afbf4c8996fb92427ae41e4649b934ca495991b7852b855"", ""stderr_sha256"": ""c726aad25aa291e96a04ae8bef197ebede1008c423f0bdb028cc724e7394c5b6"", ""stdout_head"": """", ""stderr_head"": "".\\benchmarks\\bench_plot_randomized_svd.py:242: SyntaxWarning: \""is not\"" with 'str' literal. Did you mean \""!=\""?\r\n  if method is not 'fbpca':\r\n.\\examples\\applications\\svm_gui.py:171: SyntaxWarning: invalid escape sequence '\\e'\r\n  self.ax.text(-20, -60, \""RBF: $\\exp (-\\gamma \\| u-v \\|^2)$\"")\r\n.\\examples\\applications\\svm_gui.py:172: SyntaxWarning: invalid escape sequence '\\g'\r\n  self.ax.text(10, -60, \""Poly: $(\\gamma \\, u^T v + r)^d$\"")\r\n.\\examples\\decomposition\\plot_kernel_pca.py:67: SyntaxWarning: invalid escape sequence '\\p'\r\n  plt.xlabel(\""1st principal component in space induced by $\\phi$\"")\r\n.\\examples\\ensemble\\plot_adaboost_multiclass.py:11: SyntaxWarning: invalid escape sequence '\\c'\r\n  of the :math:`\\chi^2` distribution).\r\n.\\examples\\ensemble\\plot_bias_variance.py:164: SyntaxWarning: invalid escape sequence '\\^'\r\n  plt.plot(X_test, y_predict[:, i], \""r\"", label=\""$\\^y(x)$\"")\r\n.\\examples\\ensemble\\plot_bias_variance.py:169: SyntaxWarning: invalid escape sequence '\\m'\r\n  label=\""$\\mathbb{E}_{LS} \\^y(x)$\"")\r\n.\\examples\\ensemble\\plot_gradient_boosting_quantile.py:67: SyntaxWarning: invalid escape sequence '\\,'\r\n  plt.plot(xx, f(xx), 'g:', label=u'$f(x) = x\\,\\sin(x)$')\r\n.\\examples\\gaussian_process\\plot_gpc_isoprobability.py:81: SyntaxWarning: invalid escape sequence '\\m'\r\n  cb.set_label('${\\\\rm \\mathbb{P}}\\left[\\widehat{G}(\\mathbf{x}) \\leq 0\\\\right]$')\r\n.\\examples\\gaussian_process\\plot_gpr_noisy_targets.py:65: SyntaxWarning: invalid escape sequence '\\,'\r\n  plt.plot(x, f(x), 'r:', label=u'$f(x) = x\\,\\sin(x)$')\r\n.\\examples\\gaussian_process\\plot_gpr_noisy_targets.py:101: SyntaxWarning: invalid escape sequence '\\,'\r\n  plt.plot(x, f(x), 'r:', label=u'$f(x) = x\\,\\sin(x)$')\r\n.\\examples\\model_selection\\plot_learning_curve.py:109: SyntaxWarning: invalid escape sequence '\\g'\r\n  title = \""Learning Curves (SVM, RBF kernel, $\\gamma=0.001$)\""\r\n.\\examples\\model_selection\\plot_validation_curve.py:36: SyntaxWarning: invalid escape sequence '\\g'\r\n  plt.xlabel(\""$\\gamma$\"")\r\n.\\examples\\preprocessing\\plot_power_transformer.py:103: SyntaxWarning: invalid escape sequence '\\l'\r\n  ax_trans.set_title('{} after Box-Cox, $\\lambda$ = {}'.format(name, lmbda),\r\n.\\examples\\svm\\plot_svm_scale_c.py:15: SyntaxWarning: invalid escape sequence '\\s'\r\n  C \\sum_{i=1, n} \\mathcal{L} (f(x_i), y_i) + \\Omega (w)\r\n.\\sklearn\\cluster\\tests\\test_k_means.py:874: SyntaxWarning: invalid escape sequence '\\('\r\n  msg = \""The shape of the initial centers \\(\\(4L?, 4L?\\)\\) \"" \\\r\n.\\sklearn\\datasets\\lfw.py:174: SyntaxWarning: \""is\"" w"", ""stdout_tail"": """", ""stderr_tail"": ""r_transformer.py:103: SyntaxWarning: invalid escape sequence '\\l'\r\n  ax_trans.set_title('{} after Box-Cox, $\\lambda$ = {}'.format(name, lmbda),\r\n.\\examples\\svm\\plot_svm_scale_c.py:15: SyntaxWarning: invalid escape sequence '\\s'\r\n  C \\sum_{i=1, n} \\mathcal{L} (f(x_i), y_i) + \\Omega (w)\r\n.\\sklearn\\cluster\\tests\\test_k_means.py:874: SyntaxWarning: invalid escape sequence '\\('\r\n  msg = \""The shape of the initial centers \\(\\(4L?, 4L?\\)\\) \"" \\\r\n.\\sklearn\\datasets\\lfw.py:174: SyntaxWarning: \""is\"" with 'int' literal. Did you mean \""==\""?\r\n  if img.ndim is 0:\r\n.\\sklearn\\model_selection\\tests\\test_search.py:838: SyntaxWarning: \""is not\"" with 'str' literal. Did you mean \""!=\""?\r\n  if k is not 'rank_test_score')\r\n.\\sklearn\\model_selection\\tests\\test_search.py:841: SyntaxWarning: \""is not\"" with 'str' literal. Did you mean \""!=\""?\r\n  k is not 'rank_test_score')\r\n.\\sklearn\\model_selection\\tests\\test_validation.py:1333: SyntaxWarning: \""is\"" with 'str' literal. Did you mean \""==\""?\r\n  if method is 'predict_proba':\r\n""}, ""future_test"": {""returncode"": 4, ""timed_out"": false, ""duration_seconds"": 0.693, ""stdout_sha256"": ""97e7a56e40efb85aba2911badf639289682d09ec76d87a6caaa73b8aab55cd40"", ""stderr_sha256"": ""6f461f9b086b6a4de3134c542b25e6a899f123095b7e3790438a008c847ea604"", ""stdout_head"": ""\r\n=================================== ERRORS ====================================\r\n__________ ERROR collecting sklearn/linear_model/tests/test_ridge.py __________\r\nImportError while importing test module '[LOCAL_DRIVE]/lossoracc\\analysis_outputs\\work2_30_task_first_checkpoint_replay_current_20260901_v2\\scratch\\task_vjxujar7\\branch_human\\sklearn\\linear_model\\tests\\test_ridge.py'.\r\nHint: make sure your test modules/packages have valid Python names.\r\nTraceback:\r\nsklearn\\__check_build\\__init__.py:44: in <module>\r\n    from ._check_build import check_build  # noqa\r\n    ^^^^^^^^^^^^^^^^^^^^^^^^^^^^^^^^^^^^^\r\nE   ModuleNotFoundError: No module named 'sklearn.__check_build._check_build'\r\n\r\nDuring handling of the above exception, another exception occurred:\r\nD:\\python13\\Lib\\importlib\\__init__.py:88: in import_module\r\n    return _bootstrap._gcd_import(name[level:], package, level)\r\n           ^^^^^^^^^^^^^^^^^^^^^^^^^^^^^^^^^^^^^^^^^^^^^^^^^^^^\r\nsklearn\\__init__.py:63: in <module>\r\n    from . import __check_build\r\nsklearn\\__check_build\\__init__.py:46: in <module>\r\n    raise_build_error(e)\r\nsklearn\\__check_build\\__init__.py:31: in raise_build_error\r\n    raise ImportError(\""\""\""%s\r\nE   ImportError: No module named 'sklearn.__check_build._check_build'\r\nE   ___________________________________________________________________________\r\nE   Contents of [LOCAL_DRIVE]/lossoracc\\analysis_outputs\\work2_30_task_first_checkpoint_replay_current_20260901_v2\\scratch\\task_vjxujar7\\branch_human\\sklearn\\__check_build:\r\nE   setup.py                  _check_build.pyx          __init__.py\r\nE   __pycache__\r\nE   ___________________________________________________________________________\r\nE   It seems that scikit-learn has not been built correctly.\r\nE   \r\nE   If you have installed scikit-learn from source, please do not forget\r\nE   to build the package before using it: run `python setup.py install` or\r\nE   `make` in the source directory.\r\nE   \r\nE   If you have used an installer, please check that it is suited for your\r\nE   Python version, your operating system and your platform.\r\n=========================== short test summary info ===========================\r\nERROR sklearn/linear_model/tests/test_ridge.py\r\n1 error in 0.06s\r\n"", ""stderr_head"": ""ERROR: found no collectors for [LOCAL_DRIVE]/lossoracc\\analysis_outputs\\work2_30_task_first_checkpoint_replay_current_20260901_v2\\scratch\\task_vjxujar7\\branch_human\\sklearn\\linear_model\\tests\\test_ridge.py::test_ridge_classifier_cv_store_cv_values\r\n\r\n"", ""stdout_tail"": ""amed 'sklearn.__check_build._check_build'\r\nE   ___________________________________________________________________________\r\nE   Contents of [LOCAL_DRIVE]/lossoracc\\analysis_outputs\\work2_30_task_first_checkpoint_replay_current_20260901_v2\\scratch\\task_vjxujar7\\branch_human\\sklearn\\__check_build:\r\nE   setup.py                  _check_build.pyx          __init__.py\r\nE   __pycache__\r\nE   ___________________________________________________________________________\r\nE   It seems that scikit-learn has not been built correctly.\r\nE   \r\nE   If you have installed scikit-learn from source, please do not forget\r\nE   to build the package before using it: run `python setup.py install` or\r\nE   `make` in the source directory.\r\nE   \r\nE   If you have used an installer, please check that it is suited for your\r\nE   Python version, your operating system and your platform.\r\n=========================== short test summary info ===========================\r\nERROR sklearn/linear_model/tests/test_ridge.py\r\n1 error in 0.06s\r\n"", ""stderr_tail"": ""ERROR: found no collectors for [LOCAL_DRIVE]/lossoracc\\analysis_outputs\\work2_30_task_first_checkpoint_replay_current_20260901_v2\\scratch\\task_vjxujar7\\branch_human\\sklearn\\linear_model\\tests\\test_ridge.py::test_ridge_classifier_cv_store_cv_values\r\n\r\n""}}",0,0,0,"Provider-free replay diagnostics and checkpoint transitions. F1 labels are setup/source proxies, F2 is an observed textual-conflict status, and none of these rows estimate survival, behavior, adaptation, cost, causality or population effects.",failure_diagnostics,diagnostic
scikit-learn__scikit-learn-10297,issue_resolution,scikit-learn/scikit-learn,python,OrcaLoca,scikit-learn__scikit-learn-10297-d7,7,checkpoint_replay_completed,replay_completed,replay status explicitly completed,True,0.0,NA,NA,NA,NA,3bcfd07a5f65c4a218533f79048d7f6ee16e606c,SWE-bench Lite local record; F2P-only pilot,b64462c0c7dc0426b6144f207da03fb71d5e961fa778bd4617607878b402d6eb,"{""build"": {""returncode"": 0, ""timed_out"": false, ""duration_seconds"": 4.265, ""stdout_sha256"": ""e3b0c44298fc1c149afbf4c8996fb92427ae41e4649b934ca495991b7852b855"", ""stderr_sha256"": ""c726aad25aa291e96a04ae8bef197ebede1008c423f0bdb028cc724e7394c5b6"", ""stdout_head"": """", ""stderr_head"": "".\\benchmarks\\bench_plot_randomized_svd.py:242: SyntaxWarning: \""is not\"" with 'str' literal. Did you mean \""!=\""?\r\n  if method is not 'fbpca':\r\n.\\examples\\applications\\svm_gui.py:171: SyntaxWarning: invalid escape sequence '\\e'\r\n  self.ax.text(-20, -60, \""RBF: $\\exp (-\\gamma \\| u-v \\|^2)$\"")\r\n.\\examples\\applications\\svm_gui.py:172: SyntaxWarning: invalid escape sequence '\\g'\r\n  self.ax.text(10, -60, \""Poly: $(\\gamma \\, u^T v + r)^d$\"")\r\n.\\examples\\decomposition\\plot_kernel_pca.py:67: SyntaxWarning: invalid escape sequence '\\p'\r\n  plt.xlabel(\""1st principal component in space induced by $\\phi$\"")\r\n.\\examples\\ensemble\\plot_adaboost_multiclass.py:11: SyntaxWarning: invalid escape sequence '\\c'\r\n  of the :math:`\\chi^2` distribution).\r\n.\\examples\\ensemble\\plot_bias_variance.py:164: SyntaxWarning: invalid escape sequence '\\^'\r\n  plt.plot(X_test, y_predict[:, i], \""r\"", label=\""$\\^y(x)$\"")\r\n.\\examples\\ensemble\\plot_bias_variance.py:169: SyntaxWarning: invalid escape sequence '\\m'\r\n  label=\""$\\mathbb{E}_{LS} \\^y(x)$\"")\r\n.\\examples\\ensemble\\plot_gradient_boosting_quantile.py:67: SyntaxWarning: invalid escape sequence '\\,'\r\n  plt.plot(xx, f(xx), 'g:', label=u'$f(x) = x\\,\\sin(x)$')\r\n.\\examples\\gaussian_process\\plot_gpc_isoprobability.py:81: SyntaxWarning: invalid escape sequence '\\m'\r\n  cb.set_label('${\\\\rm \\mathbb{P}}\\left[\\widehat{G}(\\mathbf{x}) \\leq 0\\\\right]$')\r\n.\\examples\\gaussian_process\\plot_gpr_noisy_targets.py:65: SyntaxWarning: invalid escape sequence '\\,'\r\n  plt.plot(x, f(x), 'r:', label=u'$f(x) = x\\,\\sin(x)$')\r\n.\\examples\\gaussian_process\\plot_gpr_noisy_targets.py:101: SyntaxWarning: invalid escape sequence '\\,'\r\n  plt.plot(x, f(x), 'r:', label=u'$f(x) = x\\,\\sin(x)$')\r\n.\\examples\\model_selection\\plot_learning_curve.py:109: SyntaxWarning: invalid escape sequence '\\g'\r\n  title = \""Learning Curves (SVM, RBF kernel, $\\gamma=0.001$)\""\r\n.\\examples\\model_selection\\plot_validation_curve.py:36: SyntaxWarning: invalid escape sequence '\\g'\r\n  plt.xlabel(\""$\\gamma$\"")\r\n.\\examples\\preprocessing\\plot_power_transformer.py:103: SyntaxWarning: invalid escape sequence '\\l'\r\n  ax_trans.set_title('{} after Box-Cox, $\\lambda$ = {}'.format(name, lmbda),\r\n.\\examples\\svm\\plot_svm_scale_c.py:15: SyntaxWarning: invalid escape sequence '\\s'\r\n  C \\sum_{i=1, n} \\mathcal{L} (f(x_i), y_i) + \\Omega (w)\r\n.\\sklearn\\cluster\\tests\\test_k_means.py:874: SyntaxWarning: invalid escape sequence '\\('\r\n  msg = \""The shape of the initial centers \\(\\(4L?, 4L?\\)\\) \"" \\\r\n.\\sklearn\\datasets\\lfw.py:174: SyntaxWarning: \""is\"" w"", ""stdout_tail"": """", ""stderr_tail"": ""r_transformer.py:103: SyntaxWarning: invalid escape sequence '\\l'\r\n  ax_trans.set_title('{} after Box-Cox, $\\lambda$ = {}'.format(name, lmbda),\r\n.\\examples\\svm\\plot_svm_scale_c.py:15: SyntaxWarning: invalid escape sequence '\\s'\r\n  C \\sum_{i=1, n} \\mathcal{L} (f(x_i), y_i) + \\Omega (w)\r\n.\\sklearn\\cluster\\tests\\test_k_means.py:874: SyntaxWarning: invalid escape sequence '\\('\r\n  msg = \""The shape of the initial centers \\(\\(4L?, 4L?\\)\\) \"" \\\r\n.\\sklearn\\datasets\\lfw.py:174: SyntaxWarning: \""is\"" with 'int' literal. Did you mean \""==\""?\r\n  if img.ndim is 0:\r\n.\\sklearn\\model_selection\\tests\\test_search.py:838: SyntaxWarning: \""is not\"" with 'str' literal. Did you mean \""!=\""?\r\n  if k is not 'rank_test_score')\r\n.\\sklearn\\model_selection\\tests\\test_search.py:841: SyntaxWarning: \""is not\"" with 'str' literal. Did you mean \""!=\""?\r\n  k is not 'rank_test_score')\r\n.\\sklearn\\model_selection\\tests\\test_validation.py:1333: SyntaxWarning: \""is\"" with 'str' literal. Did you mean \""==\""?\r\n  if method is 'predict_proba':\r\n""}, ""future_test"": {""returncode"": 4, ""timed_out"": false, ""duration_seconds"": 0.613, ""stdout_sha256"": ""f3366f44a2f08d241e1ce12e50add0b79c8cef6c8f408096fdc68c1b0e35b755"", ""stderr_sha256"": ""9889811f9eb70d8b5690f02b5d139e7850e009d127af2be4cebbf524433715f3"", ""stdout_head"": ""\r\n=================================== ERRORS ====================================\r\n__________ ERROR collecting sklearn/linear_model/tests/test_ridge.py __________\r\nImportError while importing test module '[LOCAL_DRIVE]/lossoracc\\analysis_outputs\\work2_30_task_first_checkpoint_replay_current_20260901_v2\\scratch\\task_vjxujar7\\branch_OrcaLoca\\sklearn\\linear_model\\tests\\test_ridge.py'.\r\nHint: make sure your test modules/packages have valid Python names.\r\nTraceback:\r\nsklearn\\__check_build\\__init__.py:44: in <module>\r\n    from ._check_build import check_build  # noqa\r\n    ^^^^^^^^^^^^^^^^^^^^^^^^^^^^^^^^^^^^^\r\nE   ModuleNotFoundError: No module named 'sklearn.__check_build._check_build'\r\n\r\nDuring handling of the above exception, another exception occurred:\r\nD:\\python13\\Lib\\importlib\\__init__.py:88: in import_module\r\n    return _bootstrap._gcd_import(name[level:], package, level)\r\n           ^^^^^^^^^^^^^^^^^^^^^^^^^^^^^^^^^^^^^^^^^^^^^^^^^^^^\r\nsklearn\\__init__.py:63: in <module>\r\n    from . import __check_build\r\nsklearn\\__check_build\\__init__.py:46: in <module>\r\n    raise_build_error(e)\r\nsklearn\\__check_build\\__init__.py:31: in raise_build_error\r\n    raise ImportError(\""\""\""%s\r\nE   ImportError: No module named 'sklearn.__check_build._check_build'\r\nE   ___________________________________________________________________________\r\nE   Contents of [LOCAL_DRIVE]/lossoracc\\analysis_outputs\\work2_30_task_first_checkpoint_replay_current_20260901_v2\\scratch\\task_vjxujar7\\branch_OrcaLoca\\sklearn\\__check_build:\r\nE   setup.py                  _check_build.pyx          __init__.py\r\nE   __pycache__\r\nE   ___________________________________________________________________________\r\nE   It seems that scikit-learn has not been built correctly.\r\nE   \r\nE   If you have installed scikit-learn from source, please do not forget\r\nE   to build the package before using it: run `python setup.py install` or\r\nE   `make` in the source directory.\r\nE   \r\nE   If you have used an installer, please check that it is suited for your\r\nE   Python version, your operating system and your platform.\r\n=========================== short test summary info ===========================\r\nERROR sklearn/linear_model/tests/test_ridge.py\r\n1 error in 0.07s\r\n"", ""stderr_head"": ""ERROR: found no collectors for [LOCAL_DRIVE]/lossoracc\\analysis_outputs\\work2_30_task_first_checkpoint_replay_current_20260901_v2\\scratch\\task_vjxujar7\\branch_OrcaLoca\\sklearn\\linear_model\\tests\\test_ridge.py::test_ridge_classifier_cv_store_cv_values\r\n\r\n"", ""stdout_tail"": ""d 'sklearn.__check_build._check_build'\r\nE   ___________________________________________________________________________\r\nE   Contents of [LOCAL_DRIVE]/lossoracc\\analysis_outputs\\work2_30_task_first_checkpoint_replay_current_20260901_v2\\scratch\\task_vjxujar7\\branch_OrcaLoca\\sklearn\\__check_build:\r\nE   setup.py                  _check_build.pyx          __init__.py\r\nE   __pycache__\r\nE   ___________________________________________________________________________\r\nE   It seems that scikit-learn has not been built correctly.\r\nE   \r\nE   If you have installed scikit-learn from source, please do not forget\r\nE   to build the package before using it: run `python setup.py install` or\r\nE   `make` in the source directory.\r\nE   \r\nE   If you have used an installer, please check that it is suited for your\r\nE   Python version, your operating system and your platform.\r\n=========================== short test summary info ===========================\r\nERROR sklearn/linear_model/tests/test_ridge.py\r\n1 error in 0.07s\r\n"", ""stderr_tail"": ""ERROR: found no collectors for [LOCAL_DRIVE]/lossoracc\\analysis_outputs\\work2_30_task_first_checkpoint_replay_current_20260901_v2\\scratch\\task_vjxujar7\\branch_OrcaLoca\\sklearn\\linear_model\\tests\\test_ridge.py::test_ridge_classifier_cv_store_cv_values\r\n\r\n""}}",0,0,0,"Provider-free replay diagnostics and checkpoint transitions. F1 labels are setup/source proxies, F2 is an observed textual-conflict status, and none of these rows estimate survival, behavior, adaptation, cost, causality or population effects.",failure_diagnostics,diagnostic
scikit-learn__scikit-learn-10508,issue_resolution,scikit-learn/scikit-learn,python,human,scikit-learn__scikit-learn-10508-d7,7,checkpoint_replay_completed,replay_completed,replay status explicitly completed,True,0.0,NA,NA,NA,NA,ad230bce1a418232ed3ee4141199b80eec9b214f,SWE-bench Lite local record; F2P-only pilot,7664039eb8b692bddab2bcf1ad5e20b59cd319827a8b2b792818b0769d5d6065,"{""build"": {""returncode"": 0, ""timed_out"": false, ""duration_seconds"": 5.597, ""stdout_sha256"": ""e3b0c44298fc1c149afbf4c8996fb92427ae41e4649b934ca495991b7852b855"", ""stderr_sha256"": ""aa55c6f92dae19e9cae4c692b9eb140307ebde302d10b9c52343f661052d2b24"", ""stdout_head"": """", ""stderr_head"": "".\\benchmarks\\bench_plot_randomized_svd.py:242: SyntaxWarning: \""is not\"" with 'str' literal. Did you mean \""!=\""?\r\n  if method is not 'fbpca':\r\n.\\examples\\applications\\svm_gui.py:171: SyntaxWarning: invalid escape sequence '\\e'\r\n  self.ax.text(-20, -60, \""RBF: $\\exp (-\\gamma \\| u-v \\|^2)$\"")\r\n.\\examples\\applications\\svm_gui.py:172: SyntaxWarning: invalid escape sequence '\\g'\r\n  self.ax.text(10, -60, \""Poly: $(\\gamma \\, u^T v + r)^d$\"")\r\n.\\examples\\decomposition\\plot_kernel_pca.py:67: SyntaxWarning: invalid escape sequence '\\p'\r\n  plt.xlabel(\""1st principal component in space induced by $\\phi$\"")\r\n.\\examples\\ensemble\\plot_adaboost_multiclass.py:11: SyntaxWarning: invalid escape sequence '\\c'\r\n  of the :math:`\\chi^2` distribution).\r\n.\\examples\\ensemble\\plot_bias_variance.py:164: SyntaxWarning: invalid escape sequence '\\^'\r\n  plt.plot(X_test, y_predict[:, i], \""r\"", label=\""$\\^y(x)$\"")\r\n.\\examples\\ensemble\\plot_bias_variance.py:169: SyntaxWarning: invalid escape sequence '\\m'\r\n  label=\""$\\mathbb{E}_{LS} \\^y(x)$\"")\r\n.\\examples\\ensemble\\plot_gradient_boosting_quantile.py:67: SyntaxWarning: invalid escape sequence '\\,'\r\n  plt.plot(xx, f(xx), 'g:', label=u'$f(x) = x\\,\\sin(x)$')\r\n.\\examples\\gaussian_process\\plot_gpc_isoprobability.py:81: SyntaxWarning: invalid escape sequence '\\m'\r\n  cb.set_label('${\\\\rm \\mathbb{P}}\\left[\\widehat{G}(\\mathbf{x}) \\leq 0\\\\right]$')\r\n.\\examples\\gaussian_process\\plot_gpr_noisy_targets.py:65: SyntaxWarning: invalid escape sequence '\\,'\r\n  plt.plot(x, f(x), 'r:', label=u'$f(x) = x\\,\\sin(x)$')\r\n.\\examples\\gaussian_process\\plot_gpr_noisy_targets.py:101: SyntaxWarning: invalid escape sequence '\\,'\r\n  plt.plot(x, f(x), 'r:', label=u'$f(x) = x\\,\\sin(x)$')\r\n.\\examples\\model_selection\\plot_learning_curve.py:109: SyntaxWarning: invalid escape sequence '\\g'\r\n  title = \""Learning Curves (SVM, RBF kernel, $\\gamma=0.001$)\""\r\n.\\examples\\model_selection\\plot_validation_curve.py:36: SyntaxWarning: invalid escape sequence '\\g'\r\n  plt.xlabel(\""$\\gamma$\"")\r\n.\\examples\\preprocessing\\plot_power_transformer.py:103: SyntaxWarning: invalid escape sequence '\\l'\r\n  ax_trans.set_title('{} after Box-Cox, $\\lambda$ = {}'.format(name, lmbda),\r\n.\\examples\\svm\\plot_svm_scale_c.py:15: SyntaxWarning: invalid escape sequence '\\s'\r\n  C \\sum_{i=1, n} \\mathcal{L} (f(x_i), y_i) + \\Omega (w)\r\n.\\sklearn\\cluster\\tests\\test_k_means.py:868: SyntaxWarning: invalid escape sequence '\\('\r\n  msg = \""The shape of the initial centers \\(\\(4L?, 4L?\\)\\) \"" \\\r\n.\\sklearn\\datasets\\lfw.py:174: SyntaxWarning: \""is\"" w"", ""stdout_tail"": """", ""stderr_tail"": ""sequence '\\('\r\n  msg = (\""0 feature\\(s\\) \\(shape=\\(3, 0\\)\\) while a minimum of \\d* \""\r\n.\\sklearn\\utils\\tests\\test_estimator_checks.py:198: SyntaxWarning: invalid escape sequence '\\('\r\n  msg = ('Estimator adds public attribute\\(s\\) during the fit method.'\r\n.\\sklearn\\utils\\tests\\test_estimator_checks.py:289: SyntaxWarning: invalid escape sequence '\\['\r\n  \"" Found attributes \\[\\'you_should_not_set_this_\\'\\].\"",\r\n.\\sklearn\\utils\\tests\\test_estimator_checks.py:297: SyntaxWarning: invalid escape sequence '\\['\r\n  \""\\[\\'you_should_set_this_\\'\\].\"",\r\n.\\sklearn\\utils\\tests\\test_multiclass.py:290: SyntaxWarning: invalid escape sequence '\\('\r\n  msg_regex = 'Expected array-like \\(array or non-string sequence\\).*'\r\n.\\sklearn\\utils\\tests\\test_validation.py:598: SyntaxWarning: invalid escape sequence '\\w'\r\n  assert_raises_regex(TypeError, 'got <\\w+ \\'int\\'>',\r\n.\\sklearn\\utils\\tests\\test_validation.py:600: SyntaxWarning: invalid escape sequence '\\w'\r\n  assert_raises_regex(TypeError, 'got <\\w+ \\'object\\'>',\r\n""}, ""future_test"": {""returncode"": 4, ""timed_out"": false, ""duration_seconds"": 0.677, ""stdout_sha256"": ""1fb3cdf4a23be6ef364b2de8dcef03168ca6ffbe9db5dc68b93a336b959109c1"", ""stderr_sha256"": ""8c35626b3a76f663a4943612f9e93cfc53ae318f98d8e44d57d44706908fb227"", ""stdout_head"": ""\r\n=================================== ERRORS ====================================\r\n_________ ERROR collecting sklearn/preprocessing/tests/test_label.py __________\r\nImportError while importing test module '[LOCAL_DRIVE]/lossoracc\\analysis_outputs\\work2_30_task_first_checkpoint_replay_current_20260901_v2\\scratch\\task_tvkmgo_z\\branch_human\\sklearn\\preprocessing\\tests\\test_label.py'.\r\nHint: make sure your test modules/packages have valid Python names.\r\nTraceback:\r\nsklearn\\__check_build\\__init__.py:44: in <module>\r\n    from ._check_build import check_build  # noqa\r\n    ^^^^^^^^^^^^^^^^^^^^^^^^^^^^^^^^^^^^^\r\nE   ModuleNotFoundError: No module named 'sklearn.__check_build._check_build'\r\n\r\nDuring handling of the above exception, another exception occurred:\r\nD:\\python13\\Lib\\importlib\\__init__.py:88: in import_module\r\n    return _bootstrap._gcd_import(name[level:], package, level)\r\n           ^^^^^^^^^^^^^^^^^^^^^^^^^^^^^^^^^^^^^^^^^^^^^^^^^^^^\r\nsklearn\\__init__.py:133: in <module>\r\n    from . import __check_build\r\nsklearn\\__check_build\\__init__.py:46: in <module>\r\n    raise_build_error(e)\r\nsklearn\\__check_build\\__init__.py:31: in raise_build_error\r\n    raise ImportError(\""\""\""%s\r\nE   ImportError: No module named 'sklearn.__check_build._check_build'\r\nE   ___________________________________________________________________________\r\nE   Contents of [LOCAL_DRIVE]/lossoracc\\analysis_outputs\\work2_30_task_first_checkpoint_replay_current_20260901_v2\\scratch\\task_tvkmgo_z\\branch_human\\sklearn\\__check_build:\r\nE   setup.py                  _check_build.pyx          __init__.py\r\nE   __pycache__\r\nE   ___________________________________________________________________________\r\nE   It seems that scikit-learn has not been built correctly.\r\nE   \r\nE   If you have installed scikit-learn from source, please do not forget\r\nE   to build the package before using it: run `python setup.py install` or\r\nE   `make` in the source directory.\r\nE   \r\nE   If you have used an installer, please check that it is suited for your\r\nE   Python version, your operating system and your platform.\r\n=========================== short test summary info ===========================\r\nERROR sklearn/preprocessing/tests/test_label.py\r\n1 error in 0.06s\r\n"", ""stderr_head"": ""ERROR: found no collectors for [LOCAL_DRIVE]/lossoracc\\analysis_outputs\\work2_30_task_first_checkpoint_replay_current_20260901_v2\\scratch\\task_tvkmgo_z\\branch_human\\sklearn\\preprocessing\\tests\\test_label.py::test_label_encoder_errors\r\n\r\nERROR: found no collectors for [LOCAL_DRIVE]/lossoracc\\analysis_outputs\\work2_30_task_first_checkpoint_replay_current_20260901_v2\\scratch\\task_tvkmgo_z\\branch_human\\sklearn\\preprocessing\\tests\\test_label.py::test_label_encoder_empty_array\r\n\r\n"", ""stdout_tail"": ""med 'sklearn.__check_build._check_build'\r\nE   ___________________________________________________________________________\r\nE   Contents of [LOCAL_DRIVE]/lossoracc\\analysis_outputs\\work2_30_task_first_checkpoint_replay_current_20260901_v2\\scratch\\task_tvkmgo_z\\branch_human\\sklearn\\__check_build:\r\nE   setup.py                  _check_build.pyx          __init__.py\r\nE   __pycache__\r\nE   ___________________________________________________________________________\r\nE   It seems that scikit-learn has not been built correctly.\r\nE   \r\nE   If you have installed scikit-learn from source, please do not forget\r\nE   to build the package before using it: run `python setup.py install` or\r\nE   `make` in the source directory.\r\nE   \r\nE   If you have used an installer, please check that it is suited for your\r\nE   Python version, your operating system and your platform.\r\n=========================== short test summary info ===========================\r\nERROR sklearn/preprocessing/tests/test_label.py\r\n1 error in 0.06s\r\n"", ""stderr_tail"": ""ERROR: found no collectors for [LOCAL_DRIVE]/lossoracc\\analysis_outputs\\work2_30_task_first_checkpoint_replay_current_20260901_v2\\scratch\\task_tvkmgo_z\\branch_human\\sklearn\\preprocessing\\tests\\test_label.py::test_label_encoder_errors\r\n\r\nERROR: found no collectors for [LOCAL_DRIVE]/lossoracc\\analysis_outputs\\work2_30_task_first_checkpoint_replay_current_20260901_v2\\scratch\\task_tvkmgo_z\\branch_human\\sklearn\\preprocessing\\tests\\test_label.py::test_label_encoder_empty_array\r\n\r\n""}}",0,0,0,"Provider-free replay diagnostics and checkpoint transitions. F1 labels are setup/source proxies, F2 is an observed textual-conflict status, and none of these rows estimate survival, behavior, adaptation, cost, causality or population effects.",failure_diagnostics,diagnostic
scikit-learn__scikit-learn-10508,issue_resolution,scikit-learn/scikit-learn,python,OrcaLoca,scikit-learn__scikit-learn-10508-d7,7,checkpoint_replay_completed,replay_completed,replay status explicitly completed,True,0.0,NA,NA,NA,NA,ad230bce1a418232ed3ee4141199b80eec9b214f,SWE-bench Lite local record; F2P-only pilot,af823916c3c9ab835f49621c8abf08fe2c1eec078d394b64756c7fb198c3c985,"{""build"": {""returncode"": 0, ""timed_out"": false, ""duration_seconds"": 4.549, ""stdout_sha256"": ""e3b0c44298fc1c149afbf4c8996fb92427ae41e4649b934ca495991b7852b855"", ""stderr_sha256"": ""aa55c6f92dae19e9cae4c692b9eb140307ebde302d10b9c52343f661052d2b24"", ""stdout_head"": """", ""stderr_head"": "".\\benchmarks\\bench_plot_randomized_svd.py:242: SyntaxWarning: \""is not\"" with 'str' literal. Did you mean \""!=\""?\r\n  if method is not 'fbpca':\r\n.\\examples\\applications\\svm_gui.py:171: SyntaxWarning: invalid escape sequence '\\e'\r\n  self.ax.text(-20, -60, \""RBF: $\\exp (-\\gamma \\| u-v \\|^2)$\"")\r\n.\\examples\\applications\\svm_gui.py:172: SyntaxWarning: invalid escape sequence '\\g'\r\n  self.ax.text(10, -60, \""Poly: $(\\gamma \\, u^T v + r)^d$\"")\r\n.\\examples\\decomposition\\plot_kernel_pca.py:67: SyntaxWarning: invalid escape sequence '\\p'\r\n  plt.xlabel(\""1st principal component in space induced by $\\phi$\"")\r\n.\\examples\\ensemble\\plot_adaboost_multiclass.py:11: SyntaxWarning: invalid escape sequence '\\c'\r\n  of the :math:`\\chi^2` distribution).\r\n.\\examples\\ensemble\\plot_bias_variance.py:164: SyntaxWarning: invalid escape sequence '\\^'\r\n  plt.plot(X_test, y_predict[:, i], \""r\"", label=\""$\\^y(x)$\"")\r\n.\\examples\\ensemble\\plot_bias_variance.py:169: SyntaxWarning: invalid escape sequence '\\m'\r\n  label=\""$\\mathbb{E}_{LS} \\^y(x)$\"")\r\n.\\examples\\ensemble\\plot_gradient_boosting_quantile.py:67: SyntaxWarning: invalid escape sequence '\\,'\r\n  plt.plot(xx, f(xx), 'g:', label=u'$f(x) = x\\,\\sin(x)$')\r\n.\\examples\\gaussian_process\\plot_gpc_isoprobability.py:81: SyntaxWarning: invalid escape sequence '\\m'\r\n  cb.set_label('${\\\\rm \\mathbb{P}}\\left[\\widehat{G}(\\mathbf{x}) \\leq 0\\\\right]$')\r\n.\\examples\\gaussian_process\\plot_gpr_noisy_targets.py:65: SyntaxWarning: invalid escape sequence '\\,'\r\n  plt.plot(x, f(x), 'r:', label=u'$f(x) = x\\,\\sin(x)$')\r\n.\\examples\\gaussian_process\\plot_gpr_noisy_targets.py:101: SyntaxWarning: invalid escape sequence '\\,'\r\n  plt.plot(x, f(x), 'r:', label=u'$f(x) = x\\,\\sin(x)$')\r\n.\\examples\\model_selection\\plot_learning_curve.py:109: SyntaxWarning: invalid escape sequence '\\g'\r\n  title = \""Learning Curves (SVM, RBF kernel, $\\gamma=0.001$)\""\r\n.\\examples\\model_selection\\plot_validation_curve.py:36: SyntaxWarning: invalid escape sequence '\\g'\r\n  plt.xlabel(\""$\\gamma$\"")\r\n.\\examples\\preprocessing\\plot_power_transformer.py:103: SyntaxWarning: invalid escape sequence '\\l'\r\n  ax_trans.set_title('{} after Box-Cox, $\\lambda$ = {}'.format(name, lmbda),\r\n.\\examples\\svm\\plot_svm_scale_c.py:15: SyntaxWarning: invalid escape sequence '\\s'\r\n  C \\sum_{i=1, n} \\mathcal{L} (f(x_i), y_i) + \\Omega (w)\r\n.\\sklearn\\cluster\\tests\\test_k_means.py:868: SyntaxWarning: invalid escape sequence '\\('\r\n  msg = \""The shape of the initial centers \\(\\(4L?, 4L?\\)\\) \"" \\\r\n.\\sklearn\\datasets\\lfw.py:174: SyntaxWarning: \""is\"" w"", ""stdout_tail"": """", ""stderr_tail"": ""sequence '\\('\r\n  msg = (\""0 feature\\(s\\) \\(shape=\\(3, 0\\)\\) while a minimum of \\d* \""\r\n.\\sklearn\\utils\\tests\\test_estimator_checks.py:198: SyntaxWarning: invalid escape sequence '\\('\r\n  msg = ('Estimator adds public attribute\\(s\\) during the fit method.'\r\n.\\sklearn\\utils\\tests\\test_estimator_checks.py:289: SyntaxWarning: invalid escape sequence '\\['\r\n  \"" Found attributes \\[\\'you_should_not_set_this_\\'\\].\"",\r\n.\\sklearn\\utils\\tests\\test_estimator_checks.py:297: SyntaxWarning: invalid escape sequence '\\['\r\n  \""\\[\\'you_should_set_this_\\'\\].\"",\r\n.\\sklearn\\utils\\tests\\test_multiclass.py:290: SyntaxWarning: invalid escape sequence '\\('\r\n  msg_regex = 'Expected array-like \\(array or non-string sequence\\).*'\r\n.\\sklearn\\utils\\tests\\test_validation.py:598: SyntaxWarning: invalid escape sequence '\\w'\r\n  assert_raises_regex(TypeError, 'got <\\w+ \\'int\\'>',\r\n.\\sklearn\\utils\\tests\\test_validation.py:600: SyntaxWarning: invalid escape sequence '\\w'\r\n  assert_raises_regex(TypeError, 'got <\\w+ \\'object\\'>',\r\n""}, ""future_test"": {""returncode"": 4, ""timed_out"": false, ""duration_seconds"": 0.607, ""stdout_sha256"": ""6b687f17d55cf75331a0e050859cfeb0000209cbdf8e86331295e95825717ec9"", ""stderr_sha256"": ""846975f344eefe6ed083c2d8bc59c9f5a1a94ed64541fac5dd72a7d75bd6598f"", ""stdout_head"": ""\r\n=================================== ERRORS ====================================\r\n_________ ERROR collecting sklearn/preprocessing/tests/test_label.py __________\r\nImportError while importing test module '[LOCAL_DRIVE]/lossoracc\\analysis_outputs\\work2_30_task_first_checkpoint_replay_current_20260901_v2\\scratch\\task_tvkmgo_z\\branch_OrcaLoca\\sklearn\\preprocessing\\tests\\test_label.py'.\r\nHint: make sure your test modules/packages have valid Python names.\r\nTraceback:\r\nsklearn\\__check_build\\__init__.py:44: in <module>\r\n    from ._check_build import check_build  # noqa\r\n    ^^^^^^^^^^^^^^^^^^^^^^^^^^^^^^^^^^^^^\r\nE   ModuleNotFoundError: No module named 'sklearn.__check_build._check_build'\r\n\r\nDuring handling of the above exception, another exception occurred:\r\nD:\\python13\\Lib\\importlib\\__init__.py:88: in import_module\r\n    return _bootstrap._gcd_import(name[level:], package, level)\r\n           ^^^^^^^^^^^^^^^^^^^^^^^^^^^^^^^^^^^^^^^^^^^^^^^^^^^^\r\nsklearn\\__init__.py:133: in <module>\r\n    from . import __check_build\r\nsklearn\\__check_build\\__init__.py:46: in <module>\r\n    raise_build_error(e)\r\nsklearn\\__check_build\\__init__.py:31: in raise_build_error\r\n    raise ImportError(\""\""\""%s\r\nE   ImportError: No module named 'sklearn.__check_build._check_build'\r\nE   ___________________________________________________________________________\r\nE   Contents of [LOCAL_DRIVE]/lossoracc\\analysis_outputs\\work2_30_task_first_checkpoint_replay_current_20260901_v2\\scratch\\task_tvkmgo_z\\branch_OrcaLoca\\sklearn\\__check_build:\r\nE   setup.py                  _check_build.pyx          __init__.py\r\nE   __pycache__\r\nE   ___________________________________________________________________________\r\nE   It seems that scikit-learn has not been built correctly.\r\nE   \r\nE   If you have installed scikit-learn from source, please do not forget\r\nE   to build the package before using it: run `python setup.py install` or\r\nE   `make` in the source directory.\r\nE   \r\nE   If you have used an installer, please check that it is suited for your\r\nE   Python version, your operating system and your platform.\r\n=========================== short test summary info ===========================\r\nERROR sklearn/preprocessing/tests/test_label.py\r\n1 error in 0.09s\r\n"", ""stderr_head"": ""ERROR: found no collectors for [LOCAL_DRIVE]/lossoracc\\analysis_outputs\\work2_30_task_first_checkpoint_replay_current_20260901_v2\\scratch\\task_tvkmgo_z\\branch_OrcaLoca\\sklearn\\preprocessing\\tests\\test_label.py::test_label_encoder_errors\r\n\r\nERROR: found no collectors for [LOCAL_DRIVE]/lossoracc\\analysis_outputs\\work2_30_task_first_checkpoint_replay_current_20260901_v2\\scratch\\task_tvkmgo_z\\branch_OrcaLoca\\sklearn\\preprocessing\\tests\\test_label.py::test_label_encoder_empty_array\r\n\r\n"", ""stdout_tail"": "" 'sklearn.__check_build._check_build'\r\nE   ___________________________________________________________________________\r\nE   Contents of [LOCAL_DRIVE]/lossoracc\\analysis_outputs\\work2_30_task_first_checkpoint_replay_current_20260901_v2\\scratch\\task_tvkmgo_z\\branch_OrcaLoca\\sklearn\\__check_build:\r\nE   setup.py                  _check_build.pyx          __init__.py\r\nE   __pycache__\r\nE   ___________________________________________________________________________\r\nE   It seems that scikit-learn has not been built correctly.\r\nE   \r\nE   If you have installed scikit-learn from source, please do not forget\r\nE   to build the package before using it: run `python setup.py install` or\r\nE   `make` in the source directory.\r\nE   \r\nE   If you have used an installer, please check that it is suited for your\r\nE   Python version, your operating system and your platform.\r\n=========================== short test summary info ===========================\r\nERROR sklearn/preprocessing/tests/test_label.py\r\n1 error in 0.09s\r\n"", ""stderr_tail"": ""ERROR: found no collectors for [LOCAL_DRIVE]/lossoracc\\analysis_outputs\\work2_30_task_first_checkpoint_replay_current_20260901_v2\\scratch\\task_tvkmgo_z\\branch_OrcaLoca\\sklearn\\preprocessing\\tests\\test_label.py::test_label_encoder_errors\r\n\r\nERROR: found no collectors for [LOCAL_DRIVE]/lossoracc\\analysis_outputs\\work2_30_task_first_checkpoint_replay_current_20260901_v2\\scratch\\task_tvkmgo_z\\branch_OrcaLoca\\sklearn\\preprocessing\\tests\\test_label.py::test_label_encoder_empty_array\r\n\r\n""}}",0,0,0,"Provider-free replay diagnostics and checkpoint transitions. F1 labels are setup/source proxies, F2 is an observed textual-conflict status, and none of these rows estimate survival, behavior, adaptation, cost, causality or population effects.",failure_diagnostics,diagnostic
scikit-learn__scikit-learn-10949,issue_resolution,scikit-learn/scikit-learn,python,human,scikit-learn__scikit-learn-10949-d7,7,checkpoint_replay_completed,replay_completed,replay status explicitly completed,True,0.0,NA,NA,NA,NA,ea05295a1c5617157a8a53019d84f6061b98a53b,SWE-bench Lite local record; F2P-only pilot,aa168cdbc5873f2b6658f12c884eacb82802b44ab74259f7266aa5d9d8f8f913,"{""build"": {""returncode"": 0, ""timed_out"": false, ""duration_seconds"": 4.899, ""stdout_sha256"": ""e3b0c44298fc1c149afbf4c8996fb92427ae41e4649b934ca495991b7852b855"", ""stderr_sha256"": ""1dee637bab47d2e64066d50238e4032561fbfa058113d0e050d5beb7e7bca311"", ""stdout_head"": """", ""stderr_head"": "".\\benchmarks\\bench_plot_randomized_svd.py:242: SyntaxWarning: \""is not\"" with 'str' literal. Did you mean \""!=\""?\r\n  if method is not 'fbpca':\r\n.\\examples\\applications\\svm_gui.py:171: SyntaxWarning: invalid escape sequence '\\e'\r\n  self.ax.text(-20, -60, \""RBF: $\\exp (-\\gamma \\| u-v \\|^2)$\"")\r\n.\\examples\\applications\\svm_gui.py:172: SyntaxWarning: invalid escape sequence '\\g'\r\n  self.ax.text(10, -60, \""Poly: $(\\gamma \\, u^T v + r)^d$\"")\r\n.\\examples\\decomposition\\plot_kernel_pca.py:67: SyntaxWarning: invalid escape sequence '\\p'\r\n  plt.xlabel(\""1st principal component in space induced by $\\phi$\"")\r\n.\\examples\\ensemble\\plot_adaboost_multiclass.py:11: SyntaxWarning: invalid escape sequence '\\c'\r\n  of the :math:`\\chi^2` distribution).\r\n.\\examples\\ensemble\\plot_bias_variance.py:164: SyntaxWarning: invalid escape sequence '\\^'\r\n  plt.plot(X_test, y_predict[:, i], \""r\"", label=\""$\\^y(x)$\"")\r\n.\\examples\\ensemble\\plot_bias_variance.py:169: SyntaxWarning: invalid escape sequence '\\m'\r\n  label=\""$\\mathbb{E}_{LS} \\^y(x)$\"")\r\n.\\examples\\ensemble\\plot_gradient_boosting_quantile.py:67: SyntaxWarning: invalid escape sequence '\\,'\r\n  plt.plot(xx, f(xx), 'g:', label=u'$f(x) = x\\,\\sin(x)$')\r\n.\\examples\\gaussian_process\\plot_gpc_isoprobability.py:81: SyntaxWarning: invalid escape sequence '\\m'\r\n  cb.set_label('${\\\\rm \\mathbb{P}}\\left[\\widehat{G}(\\mathbf{x}) \\leq 0\\\\right]$')\r\n.\\examples\\gaussian_process\\plot_gpr_noisy_targets.py:65: SyntaxWarning: invalid escape sequence '\\,'\r\n  plt.plot(x, f(x), 'r:', label=u'$f(x) = x\\,\\sin(x)$')\r\n.\\examples\\gaussian_process\\plot_gpr_noisy_targets.py:101: SyntaxWarning: invalid escape sequence '\\,'\r\n  plt.plot(x, f(x), 'r:', label=u'$f(x) = x\\,\\sin(x)$')\r\n.\\examples\\model_selection\\plot_learning_curve.py:119: SyntaxWarning: invalid escape sequence '\\g'\r\n  title = \""Learning Curves (SVM, RBF kernel, $\\gamma=0.001$)\""\r\n.\\examples\\model_selection\\plot_validation_curve.py:36: SyntaxWarning: invalid escape sequence '\\g'\r\n  plt.xlabel(\""$\\gamma$\"")\r\n.\\examples\\preprocessing\\plot_power_transformer.py:103: SyntaxWarning: invalid escape sequence '\\l'\r\n  ax_trans.set_title('{} after Box-Cox, $\\lambda$ = {}'.format(name, lmbda),\r\n.\\examples\\svm\\plot_svm_scale_c.py:15: SyntaxWarning: invalid escape sequence '\\s'\r\n  C \\sum_{i=1, n} \\mathcal{L} (f(x_i), y_i) + \\Omega (w)\r\n.\\sklearn\\cluster\\tests\\test_k_means.py:888: SyntaxWarning: invalid escape sequence '\\('\r\n  msg = \""The shape of the initial centers \\(\\(4L?, 4L?\\)\\) \"" \\\r\n.\\sklearn\\cluster\\tests\\test_k_means.py:971: SyntaxW"", ""stdout_tail"": """", ""stderr_tail"": ""y_i) + \\Omega (w)\r\n.\\sklearn\\cluster\\tests\\test_k_means.py:888: SyntaxWarning: invalid escape sequence '\\('\r\n  msg = \""The shape of the initial centers \\(\\(4L?, 4L?\\)\\) \"" \\\r\n.\\sklearn\\cluster\\tests\\test_k_means.py:971: SyntaxWarning: invalid escape sequence '\\('\r\n  assert_raises_regex(ValueError, 'len\\(sample_weight\\)', km.fit, X,\r\n.\\sklearn\\datasets\\lfw.py:174: SyntaxWarning: \""is\"" with 'int' literal. Did you mean \""==\""?\r\n  if img.ndim is 0:\r\n.\\sklearn\\datasets\\mlcomp.py:38: SyntaxWarning: invalid escape sequence '\\_'\r\n  set\\_ : str, default='raw'\r\n.\\sklearn\\model_selection\\tests\\test_search.py:832: SyntaxWarning: \""is not\"" with 'str' literal. Did you mean \""!=\""?\r\n  if k is not 'rank_test_score')\r\n.\\sklearn\\model_selection\\tests\\test_search.py:835: SyntaxWarning: \""is not\"" with 'str' literal. Did you mean \""!=\""?\r\n  k is not 'rank_test_score')\r\n.\\sklearn\\model_selection\\tests\\test_validation.py:1345: SyntaxWarning: \""is\"" with 'str' literal. Did you mean \""==\""?\r\n  if method is 'predict_proba':\r\n""}, ""future_test"": {""returncode"": 4, ""timed_out"": false, ""duration_seconds"": 0.768, ""stdout_sha256"": ""1216ec765ff247e60e777155dd0d655fa71ffa76f438ce9dfdc6b013c435b60a"", ""stderr_sha256"": ""8addb2188b3d92c03f9d9e0f2a294c2b9bfab934eba6f2b88d0761974d9f7375"", ""stdout_head"": ""\r\n=================================== ERRORS ====================================\r\n___________ ERROR collecting sklearn/utils/tests/test_validation.py ___________\r\nImportError while importing test module '[LOCAL_DRIVE]/lossoracc\\analysis_outputs\\work2_30_task_first_checkpoint_replay_current_20260901_v2\\scratch\\task_7kb1433v\\branch_human\\sklearn\\utils\\tests\\test_validation.py'.\r\nHint: make sure your test modules/packages have valid Python names.\r\nTraceback:\r\nsklearn\\__check_build\\__init__.py:44: in <module>\r\n    from ._check_build import check_build  # noqa\r\n    ^^^^^^^^^^^^^^^^^^^^^^^^^^^^^^^^^^^^^\r\nE   ModuleNotFoundError: No module named 'sklearn.__check_build._check_build'\r\n\r\nDuring handling of the above exception, another exception occurred:\r\nD:\\python13\\Lib\\importlib\\__init__.py:88: in import_module\r\n    return _bootstrap._gcd_import(name[level:], package, level)\r\n           ^^^^^^^^^^^^^^^^^^^^^^^^^^^^^^^^^^^^^^^^^^^^^^^^^^^^\r\nsklearn\\__init__.py:63: in <module>\r\n    from . import __check_build\r\nsklearn\\__check_build\\__init__.py:46: in <module>\r\n    raise_build_error(e)\r\nsklearn\\__check_build\\__init__.py:31: in raise_build_error\r\n    raise ImportError(\""\""\""%s\r\nE   ImportError: No module named 'sklearn.__check_build._check_build'\r\nE   ___________________________________________________________________________\r\nE   Contents of [LOCAL_DRIVE]/lossoracc\\analysis_outputs\\work2_30_task_first_checkpoint_replay_current_20260901_v2\\scratch\\task_7kb1433v\\branch_human\\sklearn\\__check_build:\r\nE   setup.py                  _check_build.pyx          __init__.py\r\nE   __pycache__\r\nE   ___________________________________________________________________________\r\nE   It seems that scikit-learn has not been built correctly.\r\nE   \r\nE   If you have installed scikit-learn from source, please do not forget\r\nE   to build the package before using it: run `python setup.py install` or\r\nE   `make` in the source directory.\r\nE   \r\nE   If you have used an installer, please check that it is suited for your\r\nE   Python version, your operating system and your platform.\r\n=========================== short test summary info ===========================\r\nERROR sklearn/utils/tests/test_validation.py\r\n1 error in 0.07s\r\n"", ""stderr_head"": ""ERROR: found no collectors for [LOCAL_DRIVE]/lossoracc\\analysis_outputs\\work2_30_task_first_checkpoint_replay_current_20260901_v2\\scratch\\task_7kb1433v\\branch_human\\sklearn\\utils\\tests\\test_validation.py::test_check_dataframe_warns_on_dtype\r\n\r\n"", ""stdout_tail"": "" named 'sklearn.__check_build._check_build'\r\nE   ___________________________________________________________________________\r\nE   Contents of [LOCAL_DRIVE]/lossoracc\\analysis_outputs\\work2_30_task_first_checkpoint_replay_current_20260901_v2\\scratch\\task_7kb1433v\\branch_human\\sklearn\\__check_build:\r\nE   setup.py                  _check_build.pyx          __init__.py\r\nE   __pycache__\r\nE   ___________________________________________________________________________\r\nE   It seems that scikit-learn has not been built correctly.\r\nE   \r\nE   If you have installed scikit-learn from source, please do not forget\r\nE   to build the package before using it: run `python setup.py install` or\r\nE   `make` in the source directory.\r\nE   \r\nE   If you have used an installer, please check that it is suited for your\r\nE   Python version, your operating system and your platform.\r\n=========================== short test summary info ===========================\r\nERROR sklearn/utils/tests/test_validation.py\r\n1 error in 0.07s\r\n"", ""stderr_tail"": ""ERROR: found no collectors for [LOCAL_DRIVE]/lossoracc\\analysis_outputs\\work2_30_task_first_checkpoint_replay_current_20260901_v2\\scratch\\task_7kb1433v\\branch_human\\sklearn\\utils\\tests\\test_validation.py::test_check_dataframe_warns_on_dtype\r\n\r\n""}}",0,0,0,"Provider-free replay diagnostics and checkpoint transitions. F1 labels are setup/source proxies, F2 is an observed textual-conflict status, and none of these rows estimate survival, behavior, adaptation, cost, causality or population effects.",failure_diagnostics,diagnostic
scikit-learn__scikit-learn-10949,issue_resolution,scikit-learn/scikit-learn,python,OrcaLoca,scikit-learn__scikit-learn-10949-d7,7,checkpoint_replay_completed,replay_completed,replay status explicitly completed,True,0.0,NA,NA,NA,NA,ea05295a1c5617157a8a53019d84f6061b98a53b,SWE-bench Lite local record; F2P-only pilot,ca51a864ffdeba86771a9642e58e03ac00a5de2b261af42305073a6643ffc046,"{""build"": {""returncode"": 0, ""timed_out"": false, ""duration_seconds"": 4.426, ""stdout_sha256"": ""e3b0c44298fc1c149afbf4c8996fb92427ae41e4649b934ca495991b7852b855"", ""stderr_sha256"": ""1dee637bab47d2e64066d50238e4032561fbfa058113d0e050d5beb7e7bca311"", ""stdout_head"": """", ""stderr_head"": "".\\benchmarks\\bench_plot_randomized_svd.py:242: SyntaxWarning: \""is not\"" with 'str' literal. Did you mean \""!=\""?\r\n  if method is not 'fbpca':\r\n.\\examples\\applications\\svm_gui.py:171: SyntaxWarning: invalid escape sequence '\\e'\r\n  self.ax.text(-20, -60, \""RBF: $\\exp (-\\gamma \\| u-v \\|^2)$\"")\r\n.\\examples\\applications\\svm_gui.py:172: SyntaxWarning: invalid escape sequence '\\g'\r\n  self.ax.text(10, -60, \""Poly: $(\\gamma \\, u^T v + r)^d$\"")\r\n.\\examples\\decomposition\\plot_kernel_pca.py:67: SyntaxWarning: invalid escape sequence '\\p'\r\n  plt.xlabel(\""1st principal component in space induced by $\\phi$\"")\r\n.\\examples\\ensemble\\plot_adaboost_multiclass.py:11: SyntaxWarning: invalid escape sequence '\\c'\r\n  of the :math:`\\chi^2` distribution).\r\n.\\examples\\ensemble\\plot_bias_variance.py:164: SyntaxWarning: invalid escape sequence '\\^'\r\n  plt.plot(X_test, y_predict[:, i], \""r\"", label=\""$\\^y(x)$\"")\r\n.\\examples\\ensemble\\plot_bias_variance.py:169: SyntaxWarning: invalid escape sequence '\\m'\r\n  label=\""$\\mathbb{E}_{LS} \\^y(x)$\"")\r\n.\\examples\\ensemble\\plot_gradient_boosting_quantile.py:67: SyntaxWarning: invalid escape sequence '\\,'\r\n  plt.plot(xx, f(xx), 'g:', label=u'$f(x) = x\\,\\sin(x)$')\r\n.\\examples\\gaussian_process\\plot_gpc_isoprobability.py:81: SyntaxWarning: invalid escape sequence '\\m'\r\n  cb.set_label('${\\\\rm \\mathbb{P}}\\left[\\widehat{G}(\\mathbf{x}) \\leq 0\\\\right]$')\r\n.\\examples\\gaussian_process\\plot_gpr_noisy_targets.py:65: SyntaxWarning: invalid escape sequence '\\,'\r\n  plt.plot(x, f(x), 'r:', label=u'$f(x) = x\\,\\sin(x)$')\r\n.\\examples\\gaussian_process\\plot_gpr_noisy_targets.py:101: SyntaxWarning: invalid escape sequence '\\,'\r\n  plt.plot(x, f(x), 'r:', label=u'$f(x) = x\\,\\sin(x)$')\r\n.\\examples\\model_selection\\plot_learning_curve.py:119: SyntaxWarning: invalid escape sequence '\\g'\r\n  title = \""Learning Curves (SVM, RBF kernel, $\\gamma=0.001$)\""\r\n.\\examples\\model_selection\\plot_validation_curve.py:36: SyntaxWarning: invalid escape sequence '\\g'\r\n  plt.xlabel(\""$\\gamma$\"")\r\n.\\examples\\preprocessing\\plot_power_transformer.py:103: SyntaxWarning: invalid escape sequence '\\l'\r\n  ax_trans.set_title('{} after Box-Cox, $\\lambda$ = {}'.format(name, lmbda),\r\n.\\examples\\svm\\plot_svm_scale_c.py:15: SyntaxWarning: invalid escape sequence '\\s'\r\n  C \\sum_{i=1, n} \\mathcal{L} (f(x_i), y_i) + \\Omega (w)\r\n.\\sklearn\\cluster\\tests\\test_k_means.py:888: SyntaxWarning: invalid escape sequence '\\('\r\n  msg = \""The shape of the initial centers \\(\\(4L?, 4L?\\)\\) \"" \\\r\n.\\sklearn\\cluster\\tests\\test_k_means.py:971: SyntaxW"", ""stdout_tail"": """", ""stderr_tail"": ""y_i) + \\Omega (w)\r\n.\\sklearn\\cluster\\tests\\test_k_means.py:888: SyntaxWarning: invalid escape sequence '\\('\r\n  msg = \""The shape of the initial centers \\(\\(4L?, 4L?\\)\\) \"" \\\r\n.\\sklearn\\cluster\\tests\\test_k_means.py:971: SyntaxWarning: invalid escape sequence '\\('\r\n  assert_raises_regex(ValueError, 'len\\(sample_weight\\)', km.fit, X,\r\n.\\sklearn\\datasets\\lfw.py:174: SyntaxWarning: \""is\"" with 'int' literal. Did you mean \""==\""?\r\n  if img.ndim is 0:\r\n.\\sklearn\\datasets\\mlcomp.py:38: SyntaxWarning: invalid escape sequence '\\_'\r\n  set\\_ : str, default='raw'\r\n.\\sklearn\\model_selection\\tests\\test_search.py:832: SyntaxWarning: \""is not\"" with 'str' literal. Did you mean \""!=\""?\r\n  if k is not 'rank_test_score')\r\n.\\sklearn\\model_selection\\tests\\test_search.py:835: SyntaxWarning: \""is not\"" with 'str' literal. Did you mean \""!=\""?\r\n  k is not 'rank_test_score')\r\n.\\sklearn\\model_selection\\tests\\test_validation.py:1345: SyntaxWarning: \""is\"" with 'str' literal. Did you mean \""==\""?\r\n  if method is 'predict_proba':\r\n""}, ""future_test"": {""returncode"": 4, ""timed_out"": false, ""duration_seconds"": 0.706, ""stdout_sha256"": ""4d451642d2b6b6a6114c1d6c5ead6eb3e1f9853baf4a73633ab001214cdd3deb"", ""stderr_sha256"": ""64be3cbbf0447404982bc12de443cca6ad85ea2a5a73f6c370da312dfb8b363f"", ""stdout_head"": ""\r\n=================================== ERRORS ====================================\r\n___________ ERROR collecting sklearn/utils/tests/test_validation.py ___________\r\nImportError while importing test module '[LOCAL_DRIVE]/lossoracc\\analysis_outputs\\work2_30_task_first_checkpoint_replay_current_20260901_v2\\scratch\\task_7kb1433v\\branch_OrcaLoca\\sklearn\\utils\\tests\\test_validation.py'.\r\nHint: make sure your test modules/packages have valid Python names.\r\nTraceback:\r\nsklearn\\__check_build\\__init__.py:44: in <module>\r\n    from ._check_build import check_build  # noqa\r\n    ^^^^^^^^^^^^^^^^^^^^^^^^^^^^^^^^^^^^^\r\nE   ModuleNotFoundError: No module named 'sklearn.__check_build._check_build'\r\n\r\nDuring handling of the above exception, another exception occurred:\r\nD:\\python13\\Lib\\importlib\\__init__.py:88: in import_module\r\n    return _bootstrap._gcd_import(name[level:], package, level)\r\n           ^^^^^^^^^^^^^^^^^^^^^^^^^^^^^^^^^^^^^^^^^^^^^^^^^^^^\r\nsklearn\\__init__.py:63: in <module>\r\n    from . import __check_build\r\nsklearn\\__check_build\\__init__.py:46: in <module>\r\n    raise_build_error(e)\r\nsklearn\\__check_build\\__init__.py:31: in raise_build_error\r\n    raise ImportError(\""\""\""%s\r\nE   ImportError: No module named 'sklearn.__check_build._check_build'\r\nE   ___________________________________________________________________________\r\nE   Contents of [LOCAL_DRIVE]/lossoracc\\analysis_outputs\\work2_30_task_first_checkpoint_replay_current_20260901_v2\\scratch\\task_7kb1433v\\branch_OrcaLoca\\sklearn\\__check_build:\r\nE   setup.py                  _check_build.pyx          __init__.py\r\nE   __pycache__\r\nE   ___________________________________________________________________________\r\nE   It seems that scikit-learn has not been built correctly.\r\nE   \r\nE   If you have installed scikit-learn from source, please do not forget\r\nE   to build the package before using it: run `python setup.py install` or\r\nE   `make` in the source directory.\r\nE   \r\nE   If you have used an installer, please check that it is suited for your\r\nE   Python version, your operating system and your platform.\r\n=========================== short test summary info ===========================\r\nERROR sklearn/utils/tests/test_validation.py\r\n1 error in 0.07s\r\n"", ""stderr_head"": ""ERROR: found no collectors for [LOCAL_DRIVE]/lossoracc\\analysis_outputs\\work2_30_task_first_checkpoint_replay_current_20260901_v2\\scratch\\task_7kb1433v\\branch_OrcaLoca\\sklearn\\utils\\tests\\test_validation.py::test_check_dataframe_warns_on_dtype\r\n\r\n"", ""stdout_tail"": ""med 'sklearn.__check_build._check_build'\r\nE   ___________________________________________________________________________\r\nE   Contents of [LOCAL_DRIVE]/lossoracc\\analysis_outputs\\work2_30_task_first_checkpoint_replay_current_20260901_v2\\scratch\\task_7kb1433v\\branch_OrcaLoca\\sklearn\\__check_build:\r\nE   setup.py                  _check_build.pyx          __init__.py\r\nE   __pycache__\r\nE   ___________________________________________________________________________\r\nE   It seems that scikit-learn has not been built correctly.\r\nE   \r\nE   If you have installed scikit-learn from source, please do not forget\r\nE   to build the package before using it: run `python setup.py install` or\r\nE   `make` in the source directory.\r\nE   \r\nE   If you have used an installer, please check that it is suited for your\r\nE   Python version, your operating system and your platform.\r\n=========================== short test summary info ===========================\r\nERROR sklearn/utils/tests/test_validation.py\r\n1 error in 0.07s\r\n"", ""stderr_tail"": ""ERROR: found no collectors for [LOCAL_DRIVE]/lossoracc\\analysis_outputs\\work2_30_task_first_checkpoint_replay_current_20260901_v2\\scratch\\task_7kb1433v\\branch_OrcaLoca\\sklearn\\utils\\tests\\test_validation.py::test_check_dataframe_warns_on_dtype\r\n\r\n""}}",0,0,0,"Provider-free replay diagnostics and checkpoint transitions. F1 labels are setup/source proxies, F2 is an observed textual-conflict status, and none of these rows estimate survival, behavior, adaptation, cost, causality or population effects.",failure_diagnostics,diagnostic
sphinx-doc__sphinx-10325,issue_resolution,sphinx-doc/sphinx,python,human,sphinx-doc__sphinx-10325-d7,7,future_textual_conflict,F2_textual_conflict,replay status explicitly reports textual conflict,NA,NA,True,NA,NA,NA,babc6a7f8f4968c7328922d04b8b8bc0f2a65beb,SWE-bench Lite local record; F2P-only pilot,2108eab79d715181db3ba0eea8b9514403cbfe106e63bf1f335808adfa9f2651,"26a2e2935b3b18f197ca92aaa7a9808a5f567c21: error: patch failed: .github/workflows/transifex.yml:13
error: .github/workflows/transifex.yml: patch does not apply
error: patch failed: package-lock.json:2195
error: package-lock.json: patch does not apply
",0,0,0,"Provider-free replay diagnostics and checkpoint transitions. F1 labels are setup/source proxies, F2 is an observed textual-conflict status, and none of these rows estimate survival, behavior, adaptation, cost, causality or population effects.",failure_diagnostics,diagnostic
sphinx-doc__sphinx-10325,issue_resolution,sphinx-doc/sphinx,python,OrcaLoca,sphinx-doc__sphinx-10325-d7,7,future_textual_conflict,F2_textual_conflict,replay status explicitly reports textual conflict,NA,NA,True,NA,NA,NA,babc6a7f8f4968c7328922d04b8b8bc0f2a65beb,SWE-bench Lite local record; F2P-only pilot,03f4d74283a91488521496d32bce2c416341f5f9f0d12baf7e28715841f2ea62,"26a2e2935b3b18f197ca92aaa7a9808a5f567c21: error: patch failed: .github/workflows/transifex.yml:13
error: .github/workflows/transifex.yml: patch does not apply
error: patch failed: package-lock.json:2195
error: package-lock.json: patch does not apply
",0,0,0,"Provider-free replay diagnostics and checkpoint transitions. F1 labels are setup/source proxies, F2 is an observed textual-conflict status, and none of these rows estimate survival, behavior, adaptation, cost, causality or population effects.",failure_diagnostics,diagnostic
sphinx-doc__sphinx-11445,issue_resolution,sphinx-doc/sphinx,python,human,sphinx-doc__sphinx-11445-d7,7,future_textual_conflict,F2_textual_conflict,replay status explicitly reports textual conflict,NA,NA,True,NA,NA,NA,a549c6761520d4dc952ce0ced0d46330d123370b,SWE-bench Lite local record; F2P-only pilot,951e9680cb0d3ba0ab4ebea2e6e4092167e5e7c273420e9aaecd8a8755585cde,"e11bf76919f4c2ccf6420fd7b4d2ab42901badf8: error: patch failed: CHANGES:58
error: CHANGES: patch does not apply
",0,0,0,"Provider-free replay diagnostics and checkpoint transitions. F1 labels are setup/source proxies, F2 is an observed textual-conflict status, and none of these rows estimate survival, behavior, adaptation, cost, causality or population effects.",failure_diagnostics,diagnostic
sphinx-doc__sphinx-11445,issue_resolution,sphinx-doc/sphinx,python,OrcaLoca,sphinx-doc__sphinx-11445-d7,7,future_textual_conflict,F2_textual_conflict,replay status explicitly reports textual conflict,NA,NA,True,NA,NA,NA,a549c6761520d4dc952ce0ced0d46330d123370b,SWE-bench Lite local record; F2P-only pilot,4716291cb07403562be6a66fae614b14c1d956de1fca95dbd5a32e8b6d12ae98,"e11bf76919f4c2ccf6420fd7b4d2ab42901badf8: error: patch failed: CHANGES:58
error: CHANGES: patch does not apply
",0,0,0,"Provider-free replay diagnostics and checkpoint transitions. F1 labels are setup/source proxies, F2 is an observed textual-conflict status, and none of these rows estimate survival, behavior, adaptation, cost, causality or population effects.",failure_diagnostics,diagnostic
sphinx-doc__sphinx-7686,issue_resolution,sphinx-doc/sphinx,python,human,sphinx-doc__sphinx-7686-d7,7,future_textual_conflict,F2_textual_conflict,replay status explicitly reports textual conflict,NA,NA,True,NA,NA,NA,4ded1d5644b4d97e5bd7a82b102fb853fa1ceafa,SWE-bench Lite local record; F2P-only pilot,d3fff7eaa9d59034884ef053f33aa2a87898242d6ae00bb101800c9eefddd594,"ca15aacd6c92f72713a2e3d3aaa508f5fa9b5a1b: error: patch failed: CHANGES:1
error: CHANGES: patch does not apply
error: patch failed: sphinx/__init__.py:32
error: sphinx/__init__.py: patch does not apply
",0,0,0,"Provider-free replay diagnostics and checkpoint transitions. F1 labels are setup/source proxies, F2 is an observed textual-conflict status, and none of these rows estimate survival, behavior, adaptation, cost, causality or population effects.",failure_diagnostics,diagnostic
sphinx-doc__sphinx-7686,issue_resolution,sphinx-doc/sphinx,python,OrcaLoca,sphinx-doc__sphinx-7686-d7,7,future_textual_conflict,F2_textual_conflict,replay status explicitly reports textual conflict,NA,NA,True,NA,NA,NA,4ded1d5644b4d97e5bd7a82b102fb853fa1ceafa,SWE-bench Lite local record; F2P-only pilot,73304dd3d601f2d06e57e97c65d7b544daabd81e3e8773cfd75d3f3e0ef542cc,"ca15aacd6c92f72713a2e3d3aaa508f5fa9b5a1b: error: patch failed: CHANGES:1
error: CHANGES: patch does not apply
error: patch failed: sphinx/__init__.py:32
error: sphinx/__init__.py: patch does not apply
",0,0,0,"Provider-free replay diagnostics and checkpoint transitions. F1 labels are setup/source proxies, F2 is an observed textual-conflict status, and none of these rows estimate survival, behavior, adaptation, cost, causality or population effects.",failure_diagnostics,diagnostic
sympy__sympy-11400,issue_resolution,sympy/sympy,python,human,sympy__sympy-11400-d7,7,checkpoint_replay_completed,replay_completed,replay status explicitly completed,True,0.0,NA,NA,NA,NA,2befcc1014fe7ed8cd278f6f30edef98b33e3f2e,SWE-bench Lite local record; F2P-only pilot,7f79e0c6e6909a311c54215f3e858f057db77bb11248853e84095261195d6c1b,"{""build"": {""returncode"": 0, ""timed_out"": false, ""duration_seconds"": 8.385, ""stdout_sha256"": ""e3b0c44298fc1c149afbf4c8996fb92427ae41e4649b934ca495991b7852b855"", ""stderr_sha256"": ""affcdbb2b85bb5181e83efedeb386550d4d1c95f416fa54e7948230ac476385f"", ""stdout_head"": """", ""stderr_head"": "".\\doc\\ext\\docscrape.py:287: SyntaxWarning: invalid escape sequence '\\w'\r\n  if re.compile('^([\\w., ]+=)?\\s*[\\w\\.]+\\(.*\\)$').match(summary_str):\r\n.\\doc\\ext\\docscrape.py:341: SyntaxWarning: invalid escape sequence '\\*'\r\n  return [self['Signature'].replace('*', '\\*')] + ['']\r\n.\\doc\\ext\\docscrape.py:469: SyntaxWarning: invalid escape sequence '\\*'\r\n  argspec = argspec.replace('*', '\\*')\r\n.\\doc\\ext\\docscrape.py:487: SyntaxWarning: invalid escape sequence '\\*'\r\n  signature = self['Signature'].replace('*', '\\*')\r\n.\\examples\\intermediate\\mplot2d.py:23: SyntaxWarning: invalid escape sequence '\\S'\r\n  warnings.filterwarnings(\""ignore\"", \""Could not match \\S\"")\r\n.\\examples\\intermediate\\mplot3d.py:22: SyntaxWarning: invalid escape sequence '\\S'\r\n  warnings.filterwarnings(\""ignore\"", \""Could not match \\S\"")\r\n.\\examples\\intermediate\\sample.py:4: SyntaxWarning: invalid escape sequence '\\m'\r\n  See examples\\mplot2d.py and examples\\mplot3d.py for usable 2d and 3d\r\n.\\examples\\intermediate\\sample.py:16: SyntaxWarning: invalid escape sequence '\\m'\r\n  syntax. See examples\\mplot2d.py.\r\n.\\examples\\intermediate\\sample.py:47: SyntaxWarning: invalid escape sequence '\\m'\r\n  syntax. See examples\\mplot3d.py.\r\n.\\examples\\intermediate\\vandermonde.py:121: SyntaxWarning: invalid escape sequence '\\s'\r\n  print(\""Computing the determinant and comparing to \\sum_{0<i<j<=3}(a_j - a_i)\"")\r\n.\\examples\\intermediate\\vandermonde.py:130: SyntaxWarning: invalid escape sequence '\\s'\r\n  \\sum   = %(sum)s\r\n.\\sympy\\calculus\\util.py:461: SyntaxWarning: invalid escape sequence '\\l'\r\n  `\\langle a, b\\rangle = \\{x \\in \\mathbb{R} \\mid a \\le x \\le b\\}`\r\n.\\sympy\\combinatorics\\fp_groups.py:523: SyntaxWarning: invalid escape sequence '\\O'\r\n  \""Standardize\"" reorders the elements of \\Omega such that, if we scan\r\n.\\sympy\\combinatorics\\perm_groups.py:1124: SyntaxWarning: invalid escape sequence '\\i'\r\n  by all commutators ``[g, h] = hgh^{-1}g^{-1}`` for ``g, h\\in G`` ; it is\r\n.\\sympy\\combinatorics\\perm_groups.py:1621: SyntaxWarning: invalid escape sequence '\\{'\r\n  minimal_block to search for blocks of the form ``\\{0, k\\}`` for ``k``\r\n.\\sympy\\combinatorics\\perm_groups.py:2836: SyntaxWarning: invalid escape sequence '\\{'\r\n  A generating set ``S = \\{g_1, g_2, ..., g_t\\}`` for a permutation group\r\n.\\sympy\\combinatorics\\perm_groups.py:3120: SyntaxWarning: invalid escape sequence '\\O'\r\n  A permutation group ``G`` acting on ``\\Omega = \\{0, 1, ..., n-1\\}`` is\r\n.\\sympy\\combinatorics\\util.py:124: SyntaxWarning: invalid escape sequence '\\i'\r\n  `"", ""stdout_tail"": """", ""stderr_tail"": ""'\r\n  >>> print(rawlines(s)) # the \\\\ appears as \\ when printed\r\n.\\sympy\\utilities\\runtests.py:531: SyntaxWarning: invalid escape sequence '\\*'\r\n  Runs doctests in all \\*.py files in the sympy directory which match\r\n.\\sympy\\utilities\\runtests.py:1318: SyntaxWarning: invalid escape sequence '\\*'\r\n  Returns the list of \\*.py files (default) from which docstrings\r\n.\\sympy\\utilities\\runtests.py:1564: SyntaxWarning: invalid escape sequence '\\d'\r\n  matches = re.findall(\""line \\d+\"", name)\r\n.\\sympy\\utilities\\runtests.py:1772: SyntaxWarning: invalid escape sequence '\\s'\r\n  want = re.sub('(?m)^%s\\s*?$' % re.escape(pdoctest.BLANKLINE_MARKER),\r\n.\\sympy\\utilities\\runtests.py:1776: SyntaxWarning: invalid escape sequence '\\s'\r\n  got = re.sub('(?m)^\\s*?$', '', got)\r\n.\\sympy\\vector\\dyadic.py:261: SyntaxWarning: invalid escape sequence '\\m'\r\n  _latex_form = '(\\mathbf{\\hat{0}}|\\mathbf{\\hat{0}})'\r\n.\\sympy\\vector\\vector.py:451: SyntaxWarning: invalid escape sequence '\\m'\r\n  _latex_form = '\\mathbf{\\hat{0}}'\r\n""}, ""future_test"": {""returncode"": 4, ""timed_out"": false, ""duration_seconds"": 0.366, ""stdout_sha256"": ""ba9e2444dc3c22074044f39b39e0c8c9d178a82c6f41baec35502b9c47eec178"", ""stderr_sha256"": ""396504903b51253778b5630cfcc1e1aeeedbd1ce4ac135d235e885339c68ed3f"", ""stdout_head"": ""\r\nno tests ran in 0.00s\r\n"", ""stderr_head"": ""ERROR: file or directory not found: test_ccode_Relational\r\n\r\n"", ""stdout_tail"": ""\r\nno tests ran in 0.00s\r\n"", ""stderr_tail"": ""ERROR: file or directory not found: test_ccode_Relational\r\n\r\n""}}",0,0,0,"Provider-free replay diagnostics and checkpoint transitions. F1 labels are setup/source proxies, F2 is an observed textual-conflict status, and none of these rows estimate survival, behavior, adaptation, cost, causality or population effects.",failure_diagnostics,diagnostic
sympy__sympy-11400,issue_resolution,sympy/sympy,python,OrcaLoca,sympy__sympy-11400-d7,7,checkpoint_replay_completed,replay_completed,replay status explicitly completed,True,0.0,NA,NA,NA,NA,2befcc1014fe7ed8cd278f6f30edef98b33e3f2e,SWE-bench Lite local record; F2P-only pilot,e453c23067e7eca7b35dafa18badfa3d132fc305687763abd11457e7efad31d6,"{""build"": {""returncode"": 0, ""timed_out"": false, ""duration_seconds"": 6.862, ""stdout_sha256"": ""e3b0c44298fc1c149afbf4c8996fb92427ae41e4649b934ca495991b7852b855"", ""stderr_sha256"": ""affcdbb2b85bb5181e83efedeb386550d4d1c95f416fa54e7948230ac476385f"", ""stdout_head"": """", ""stderr_head"": "".\\doc\\ext\\docscrape.py:287: SyntaxWarning: invalid escape sequence '\\w'\r\n  if re.compile('^([\\w., ]+=)?\\s*[\\w\\.]+\\(.*\\)$').match(summary_str):\r\n.\\doc\\ext\\docscrape.py:341: SyntaxWarning: invalid escape sequence '\\*'\r\n  return [self['Signature'].replace('*', '\\*')] + ['']\r\n.\\doc\\ext\\docscrape.py:469: SyntaxWarning: invalid escape sequence '\\*'\r\n  argspec = argspec.replace('*', '\\*')\r\n.\\doc\\ext\\docscrape.py:487: SyntaxWarning: invalid escape sequence '\\*'\r\n  signature = self['Signature'].replace('*', '\\*')\r\n.\\examples\\intermediate\\mplot2d.py:23: SyntaxWarning: invalid escape sequence '\\S'\r\n  warnings.filterwarnings(\""ignore\"", \""Could not match \\S\"")\r\n.\\examples\\intermediate\\mplot3d.py:22: SyntaxWarning: invalid escape sequence '\\S'\r\n  warnings.filterwarnings(\""ignore\"", \""Could not match \\S\"")\r\n.\\examples\\intermediate\\sample.py:4: SyntaxWarning: invalid escape sequence '\\m'\r\n  See examples\\mplot2d.py and examples\\mplot3d.py for usable 2d and 3d\r\n.\\examples\\intermediate\\sample.py:16: SyntaxWarning: invalid escape sequence '\\m'\r\n  syntax. See examples\\mplot2d.py.\r\n.\\examples\\intermediate\\sample.py:47: SyntaxWarning: invalid escape sequence '\\m'\r\n  syntax. See examples\\mplot3d.py.\r\n.\\examples\\intermediate\\vandermonde.py:121: SyntaxWarning: invalid escape sequence '\\s'\r\n  print(\""Computing the determinant and comparing to \\sum_{0<i<j<=3}(a_j - a_i)\"")\r\n.\\examples\\intermediate\\vandermonde.py:130: SyntaxWarning: invalid escape sequence '\\s'\r\n  \\sum   = %(sum)s\r\n.\\sympy\\calculus\\util.py:461: SyntaxWarning: invalid escape sequence '\\l'\r\n  `\\langle a, b\\rangle = \\{x \\in \\mathbb{R} \\mid a \\le x \\le b\\}`\r\n.\\sympy\\combinatorics\\fp_groups.py:523: SyntaxWarning: invalid escape sequence '\\O'\r\n  \""Standardize\"" reorders the elements of \\Omega such that, if we scan\r\n.\\sympy\\combinatorics\\perm_groups.py:1124: SyntaxWarning: invalid escape sequence '\\i'\r\n  by all commutators ``[g, h] = hgh^{-1}g^{-1}`` for ``g, h\\in G`` ; it is\r\n.\\sympy\\combinatorics\\perm_groups.py:1621: SyntaxWarning: invalid escape sequence '\\{'\r\n  minimal_block to search for blocks of the form ``\\{0, k\\}`` for ``k``\r\n.\\sympy\\combinatorics\\perm_groups.py:2836: SyntaxWarning: invalid escape sequence '\\{'\r\n  A generating set ``S = \\{g_1, g_2, ..., g_t\\}`` for a permutation group\r\n.\\sympy\\combinatorics\\perm_groups.py:3120: SyntaxWarning: invalid escape sequence '\\O'\r\n  A permutation group ``G`` acting on ``\\Omega = \\{0, 1, ..., n-1\\}`` is\r\n.\\sympy\\combinatorics\\util.py:124: SyntaxWarning: invalid escape sequence '\\i'\r\n  `"", ""stdout_tail"": """", ""stderr_tail"": ""'\r\n  >>> print(rawlines(s)) # the \\\\ appears as \\ when printed\r\n.\\sympy\\utilities\\runtests.py:531: SyntaxWarning: invalid escape sequence '\\*'\r\n  Runs doctests in all \\*.py files in the sympy directory which match\r\n.\\sympy\\utilities\\runtests.py:1318: SyntaxWarning: invalid escape sequence '\\*'\r\n  Returns the list of \\*.py files (default) from which docstrings\r\n.\\sympy\\utilities\\runtests.py:1564: SyntaxWarning: invalid escape sequence '\\d'\r\n  matches = re.findall(\""line \\d+\"", name)\r\n.\\sympy\\utilities\\runtests.py:1772: SyntaxWarning: invalid escape sequence '\\s'\r\n  want = re.sub('(?m)^%s\\s*?$' % re.escape(pdoctest.BLANKLINE_MARKER),\r\n.\\sympy\\utilities\\runtests.py:1776: SyntaxWarning: invalid escape sequence '\\s'\r\n  got = re.sub('(?m)^\\s*?$', '', got)\r\n.\\sympy\\vector\\dyadic.py:261: SyntaxWarning: invalid escape sequence '\\m'\r\n  _latex_form = '(\\mathbf{\\hat{0}}|\\mathbf{\\hat{0}})'\r\n.\\sympy\\vector\\vector.py:451: SyntaxWarning: invalid escape sequence '\\m'\r\n  _latex_form = '\\mathbf{\\hat{0}}'\r\n""}, ""future_test"": {""returncode"": 4, ""timed_out"": false, ""duration_seconds"": 0.431, ""stdout_sha256"": ""ba9e2444dc3c22074044f39b39e0c8c9d178a82c6f41baec35502b9c47eec178"", ""stderr_sha256"": ""396504903b51253778b5630cfcc1e1aeeedbd1ce4ac135d235e885339c68ed3f"", ""stdout_head"": ""\r\nno tests ran in 0.00s\r\n"", ""stderr_head"": ""ERROR: file or directory not found: test_ccode_Relational\r\n\r\n"", ""stdout_tail"": ""\r\nno tests ran in 0.00s\r\n"", ""stderr_tail"": ""ERROR: file or directory not found: test_ccode_Relational\r\n\r\n""}}",0,0,0,"Provider-free replay diagnostics and checkpoint transitions. F1 labels are setup/source proxies, F2 is an observed textual-conflict status, and none of these rows estimate survival, behavior, adaptation, cost, causality or population effects.",failure_diagnostics,diagnostic
sympy__sympy-11870,issue_resolution,sympy/sympy,python,human,sympy__sympy-11870-d7,7,checkpoint_replay_completed,replay_completed,replay status explicitly completed,True,0.0,NA,NA,NA,NA,41e59dd7e92350a90c792944953a7203325a6c4a,SWE-bench Lite local record; F2P-only pilot,051c56fee9628243fb9c8fdcaae677f7cd82afcf8574e373b87dda95b11b57df,"{""build"": {""returncode"": 0, ""timed_out"": false, ""duration_seconds"": 12.414, ""stdout_sha256"": ""e3b0c44298fc1c149afbf4c8996fb92427ae41e4649b934ca495991b7852b855"", ""stderr_sha256"": ""597a2215f3339f88a412fe5f7e6a9260da9612c459446f7a0c9b410a860c5601"", ""stdout_head"": """", ""stderr_head"": "".\\doc\\ext\\docscrape.py:287: SyntaxWarning: invalid escape sequence '\\w'\r\n  if re.compile('^([\\w., ]+=)?\\s*[\\w\\.]+\\(.*\\)$').match(summary_str):\r\n.\\doc\\ext\\docscrape.py:341: SyntaxWarning: invalid escape sequence '\\*'\r\n  return [self['Signature'].replace('*', '\\*')] + ['']\r\n.\\doc\\ext\\docscrape.py:469: SyntaxWarning: invalid escape sequence '\\*'\r\n  argspec = argspec.replace('*', '\\*')\r\n.\\doc\\ext\\docscrape.py:487: SyntaxWarning: invalid escape sequence '\\*'\r\n  signature = self['Signature'].replace('*', '\\*')\r\n.\\examples\\intermediate\\mplot2d.py:23: SyntaxWarning: invalid escape sequence '\\S'\r\n  warnings.filterwarnings(\""ignore\"", \""Could not match \\S\"")\r\n.\\examples\\intermediate\\mplot3d.py:22: SyntaxWarning: invalid escape sequence '\\S'\r\n  warnings.filterwarnings(\""ignore\"", \""Could not match \\S\"")\r\n.\\examples\\intermediate\\sample.py:4: SyntaxWarning: invalid escape sequence '\\m'\r\n  See examples\\mplot2d.py and examples\\mplot3d.py for usable 2d and 3d\r\n.\\examples\\intermediate\\sample.py:16: SyntaxWarning: invalid escape sequence '\\m'\r\n  syntax. See examples\\mplot2d.py.\r\n.\\examples\\intermediate\\sample.py:47: SyntaxWarning: invalid escape sequence '\\m'\r\n  syntax. See examples\\mplot3d.py.\r\n.\\examples\\intermediate\\vandermonde.py:121: SyntaxWarning: invalid escape sequence '\\s'\r\n  print(\""Computing the determinant and comparing to \\sum_{0<i<j<=3}(a_j - a_i)\"")\r\n.\\examples\\intermediate\\vandermonde.py:130: SyntaxWarning: invalid escape sequence '\\s'\r\n  \\sum   = %(sum)s\r\n.\\sympy\\core\\tests\\test_containers.py:55: SyntaxWarning: \""is not\"" with 'tuple' literal. Did you mean \""!=\""?\r\n  assert Tuple(1, 2) is not (1, 2)\r\n.\\sympy\\geometry\\tests\\test_plane.py:184: SyntaxWarning: \""is\"" with 'int' literal. Did you mean \""==\""?\r\n  assert len(pl8.intersection(Ray3D(Point3D(0, 2, 3), Point3D(1, 0, 3)))) is 0\r\n.\\sympy\\integrals\\rubi\\tests\\test_1_4.py:60: SyntaxWarning: list indices must be integers or slices, not tuple; perhaps you missed a comma?\r\n  [(a + b*x)**m*(c + d*x)**n*(e + f*x)**p/(g + h*x), x, S(0), Integrate((a + b*x)**m*(c + d*x)**n*(e + f*x)**p/(g + h*x), x)]\r\n.\\sympy\\physics\\vector\\printing.py:150: SyntaxWarning: \""is not\"" with 'int' literal. Did you mean \""!=\""?\r\n  if len(base_split) is not 1:\r\n.\\sympy\\polys\\agca\\modules.py:351: SyntaxWarning: \""is\"" with 'int' literal. Did you mean \""==\""?\r\n  elif elem is 0:\r\n.\\sympy\\solvers\\diophantine.py:3188: SyntaxWarning: \""is\"" with 'int' literal. Did you mean \""==\""?\r\n  if feasible is 1:  # it's prime and k == 2\r\n.\\sympy\\vector\\coordsysrect.py:171: SyntaxWa"", ""stdout_tail"": """", ""stderr_tail"": ""rsection(Ray3D(Point3D(0, 2, 3), Point3D(1, 0, 3)))) is 0\r\n.\\sympy\\integrals\\rubi\\tests\\test_1_4.py:60: SyntaxWarning: list indices must be integers or slices, not tuple; perhaps you missed a comma?\r\n  [(a + b*x)**m*(c + d*x)**n*(e + f*x)**p/(g + h*x), x, S(0), Integrate((a + b*x)**m*(c + d*x)**n*(e + f*x)**p/(g + h*x), x)]\r\n.\\sympy\\physics\\vector\\printing.py:150: SyntaxWarning: \""is not\"" with 'int' literal. Did you mean \""!=\""?\r\n  if len(base_split) is not 1:\r\n.\\sympy\\polys\\agca\\modules.py:351: SyntaxWarning: \""is\"" with 'int' literal. Did you mean \""==\""?\r\n  elif elem is 0:\r\n.\\sympy\\solvers\\diophantine.py:3188: SyntaxWarning: \""is\"" with 'int' literal. Did you mean \""==\""?\r\n  if feasible is 1:  # it's prime and k == 2\r\n.\\sympy\\vector\\coordsysrect.py:171: SyntaxWarning: \""is\"" with 'str' literal. Did you mean \""==\""?\r\n  if transformation.name is 'spherical':\r\n.\\sympy\\vector\\coordsysrect.py:173: SyntaxWarning: \""is\"" with 'str' literal. Did you mean \""==\""?\r\n  elif transformation.name is 'cylindrical':\r\n""}, ""future_test"": {""returncode"": 4, ""timed_out"": false, ""duration_seconds"": 0.359, ""stdout_sha256"": ""ba9e2444dc3c22074044f39b39e0c8c9d178a82c6f41baec35502b9c47eec178"", ""stderr_sha256"": ""4c8ffe837f3572037e50f2f5765a88e4811cc2c3494c29adc9947ab5f0046e7e"", ""stdout_head"": ""\r\nno tests ran in 0.00s\r\n"", ""stderr_head"": ""ERROR: file or directory not found: test_sinc\r\n\r\n"", ""stdout_tail"": ""\r\nno tests ran in 0.00s\r\n"", ""stderr_tail"": ""ERROR: file or directory not found: test_sinc\r\n\r\n""}}",0,0,0,"Provider-free replay diagnostics and checkpoint transitions. F1 labels are setup/source proxies, F2 is an observed textual-conflict status, and none of these rows estimate survival, behavior, adaptation, cost, causality or population effects.",failure_diagnostics,diagnostic
sympy__sympy-11870,issue_resolution,sympy/sympy,python,OrcaLoca,sympy__sympy-11870-d7,7,checkpoint_replay_completed,replay_completed,replay status explicitly completed,True,0.0,NA,NA,NA,NA,41e59dd7e92350a90c792944953a7203325a6c4a,SWE-bench Lite local record; F2P-only pilot,3e43fbd361bacf5163f130a8c8c161caf8a83d24407dea31d4ef8d256555e03b,"{""build"": {""returncode"": 0, ""timed_out"": false, ""duration_seconds"": 13.318, ""stdout_sha256"": ""e3b0c44298fc1c149afbf4c8996fb92427ae41e4649b934ca495991b7852b855"", ""stderr_sha256"": ""597a2215f3339f88a412fe5f7e6a9260da9612c459446f7a0c9b410a860c5601"", ""stdout_head"": """", ""stderr_head"": "".\\doc\\ext\\docscrape.py:287: SyntaxWarning: invalid escape sequence '\\w'\r\n  if re.compile('^([\\w., ]+=)?\\s*[\\w\\.]+\\(.*\\)$').match(summary_str):\r\n.\\doc\\ext\\docscrape.py:341: SyntaxWarning: invalid escape sequence '\\*'\r\n  return [self['Signature'].replace('*', '\\*')] + ['']\r\n.\\doc\\ext\\docscrape.py:469: SyntaxWarning: invalid escape sequence '\\*'\r\n  argspec = argspec.replace('*', '\\*')\r\n.\\doc\\ext\\docscrape.py:487: SyntaxWarning: invalid escape sequence '\\*'\r\n  signature = self['Signature'].replace('*', '\\*')\r\n.\\examples\\intermediate\\mplot2d.py:23: SyntaxWarning: invalid escape sequence '\\S'\r\n  warnings.filterwarnings(\""ignore\"", \""Could not match \\S\"")\r\n.\\examples\\intermediate\\mplot3d.py:22: SyntaxWarning: invalid escape sequence '\\S'\r\n  warnings.filterwarnings(\""ignore\"", \""Could not match \\S\"")\r\n.\\examples\\intermediate\\sample.py:4: SyntaxWarning: invalid escape sequence '\\m'\r\n  See examples\\mplot2d.py and examples\\mplot3d.py for usable 2d and 3d\r\n.\\examples\\intermediate\\sample.py:16: SyntaxWarning: invalid escape sequence '\\m'\r\n  syntax. See examples\\mplot2d.py.\r\n.\\examples\\intermediate\\sample.py:47: SyntaxWarning: invalid escape sequence '\\m'\r\n  syntax. See examples\\mplot3d.py.\r\n.\\examples\\intermediate\\vandermonde.py:121: SyntaxWarning: invalid escape sequence '\\s'\r\n  print(\""Computing the determinant and comparing to \\sum_{0<i<j<=3}(a_j - a_i)\"")\r\n.\\examples\\intermediate\\vandermonde.py:130: SyntaxWarning: invalid escape sequence '\\s'\r\n  \\sum   = %(sum)s\r\n.\\sympy\\core\\tests\\test_containers.py:55: SyntaxWarning: \""is not\"" with 'tuple' literal. Did you mean \""!=\""?\r\n  assert Tuple(1, 2) is not (1, 2)\r\n.\\sympy\\geometry\\tests\\test_plane.py:184: SyntaxWarning: \""is\"" with 'int' literal. Did you mean \""==\""?\r\n  assert len(pl8.intersection(Ray3D(Point3D(0, 2, 3), Point3D(1, 0, 3)))) is 0\r\n.\\sympy\\integrals\\rubi\\tests\\test_1_4.py:60: SyntaxWarning: list indices must be integers or slices, not tuple; perhaps you missed a comma?\r\n  [(a + b*x)**m*(c + d*x)**n*(e + f*x)**p/(g + h*x), x, S(0), Integrate((a + b*x)**m*(c + d*x)**n*(e + f*x)**p/(g + h*x), x)]\r\n.\\sympy\\physics\\vector\\printing.py:150: SyntaxWarning: \""is not\"" with 'int' literal. Did you mean \""!=\""?\r\n  if len(base_split) is not 1:\r\n.\\sympy\\polys\\agca\\modules.py:351: SyntaxWarning: \""is\"" with 'int' literal. Did you mean \""==\""?\r\n  elif elem is 0:\r\n.\\sympy\\solvers\\diophantine.py:3188: SyntaxWarning: \""is\"" with 'int' literal. Did you mean \""==\""?\r\n  if feasible is 1:  # it's prime and k == 2\r\n.\\sympy\\vector\\coordsysrect.py:171: SyntaxWa"", ""stdout_tail"": """", ""stderr_tail"": ""rsection(Ray3D(Point3D(0, 2, 3), Point3D(1, 0, 3)))) is 0\r\n.\\sympy\\integrals\\rubi\\tests\\test_1_4.py:60: SyntaxWarning: list indices must be integers or slices, not tuple; perhaps you missed a comma?\r\n  [(a + b*x)**m*(c + d*x)**n*(e + f*x)**p/(g + h*x), x, S(0), Integrate((a + b*x)**m*(c + d*x)**n*(e + f*x)**p/(g + h*x), x)]\r\n.\\sympy\\physics\\vector\\printing.py:150: SyntaxWarning: \""is not\"" with 'int' literal. Did you mean \""!=\""?\r\n  if len(base_split) is not 1:\r\n.\\sympy\\polys\\agca\\modules.py:351: SyntaxWarning: \""is\"" with 'int' literal. Did you mean \""==\""?\r\n  elif elem is 0:\r\n.\\sympy\\solvers\\diophantine.py:3188: SyntaxWarning: \""is\"" with 'int' literal. Did you mean \""==\""?\r\n  if feasible is 1:  # it's prime and k == 2\r\n.\\sympy\\vector\\coordsysrect.py:171: SyntaxWarning: \""is\"" with 'str' literal. Did you mean \""==\""?\r\n  if transformation.name is 'spherical':\r\n.\\sympy\\vector\\coordsysrect.py:173: SyntaxWarning: \""is\"" with 'str' literal. Did you mean \""==\""?\r\n  elif transformation.name is 'cylindrical':\r\n""}, ""future_test"": {""returncode"": 4, ""timed_out"": false, ""duration_seconds"": 0.443, ""stdout_sha256"": ""ba9e2444dc3c22074044f39b39e0c8c9d178a82c6f41baec35502b9c47eec178"", ""stderr_sha256"": ""4c8ffe837f3572037e50f2f5765a88e4811cc2c3494c29adc9947ab5f0046e7e"", ""stdout_head"": ""\r\nno tests ran in 0.00s\r\n"", ""stderr_head"": ""ERROR: file or directory not found: test_sinc\r\n\r\n"", ""stdout_tail"": ""\r\nno tests ran in 0.00s\r\n"", ""stderr_tail"": ""ERROR: file or directory not found: test_sinc\r\n\r\n""}}",0,0,0,"Provider-free replay diagnostics and checkpoint transitions. F1 labels are setup/source proxies, F2 is an observed textual-conflict status, and none of these rows estimate survival, behavior, adaptation, cost, causality or population effects.",failure_diagnostics,diagnostic
sympy__sympy-12171,issue_resolution,sympy/sympy,python,human,sympy__sympy-12171-d7,7,checkpoint_replay_completed,replay_completed,replay status explicitly completed,True,0.0,NA,NA,NA,NA,b0cd9815155815fff24563f8483762f58c5a0139,SWE-bench Lite local record; F2P-only pilot,44ff6d656d8ce81cf1010326235df148a0146a8e736aad4186d597e272f66243,"{""build"": {""returncode"": 0, ""timed_out"": false, ""duration_seconds"": 8.486, ""stdout_sha256"": ""e3b0c44298fc1c149afbf4c8996fb92427ae41e4649b934ca495991b7852b855"", ""stderr_sha256"": ""cdafa068024f63971cc0b761405c10e4d35e17e2f749dd8294aaa444563bc865"", ""stdout_head"": """", ""stderr_head"": "".\\doc\\ext\\docscrape.py:287: SyntaxWarning: invalid escape sequence '\\w'\r\n  if re.compile('^([\\w., ]+=)?\\s*[\\w\\.]+\\(.*\\)$').match(summary_str):\r\n.\\doc\\ext\\docscrape.py:341: SyntaxWarning: invalid escape sequence '\\*'\r\n  return [self['Signature'].replace('*', '\\*')] + ['']\r\n.\\doc\\ext\\docscrape.py:469: SyntaxWarning: invalid escape sequence '\\*'\r\n  argspec = argspec.replace('*', '\\*')\r\n.\\doc\\ext\\docscrape.py:487: SyntaxWarning: invalid escape sequence '\\*'\r\n  signature = self['Signature'].replace('*', '\\*')\r\n.\\examples\\intermediate\\mplot2d.py:23: SyntaxWarning: invalid escape sequence '\\S'\r\n  warnings.filterwarnings(\""ignore\"", \""Could not match \\S\"")\r\n.\\examples\\intermediate\\mplot3d.py:22: SyntaxWarning: invalid escape sequence '\\S'\r\n  warnings.filterwarnings(\""ignore\"", \""Could not match \\S\"")\r\n.\\examples\\intermediate\\sample.py:4: SyntaxWarning: invalid escape sequence '\\m'\r\n  See examples\\mplot2d.py and examples\\mplot3d.py for usable 2d and 3d\r\n.\\examples\\intermediate\\sample.py:16: SyntaxWarning: invalid escape sequence '\\m'\r\n  syntax. See examples\\mplot2d.py.\r\n.\\examples\\intermediate\\sample.py:47: SyntaxWarning: invalid escape sequence '\\m'\r\n  syntax. See examples\\mplot3d.py.\r\n.\\examples\\intermediate\\vandermonde.py:121: SyntaxWarning: invalid escape sequence '\\s'\r\n  print(\""Computing the determinant and comparing to \\sum_{0<i<j<=3}(a_j - a_i)\"")\r\n.\\examples\\intermediate\\vandermonde.py:130: SyntaxWarning: invalid escape sequence '\\s'\r\n  \\sum   = %(sum)s\r\n.\\sympy\\calculus\\finite_diff.py:425: SyntaxWarning: invalid escape sequence '\\*'\r\n  \\*symbols : differentiate with respect to symbols\r\n.\\sympy\\calculus\\util.py:469: SyntaxWarning: invalid escape sequence '\\l'\r\n  `\\langle a, b\\rangle = \\{x \\in \\mathbb{R} \\mid a \\le x \\le b\\}`\r\n.\\sympy\\combinatorics\\fp_groups.py:864: SyntaxWarning: invalid escape sequence '\\l'\r\n  `0, 1, , \\ldots, n`. \""Standardize\"" reorders the elements of `\\Omega`\r\n.\\sympy\\combinatorics\\perm_groups.py:1127: SyntaxWarning: invalid escape sequence '\\i'\r\n  by all commutators `[g, h] = hgh^{-1}g^{-1}` for `g, h\\in G` ; it is\r\n.\\sympy\\combinatorics\\perm_groups.py:1624: SyntaxWarning: invalid escape sequence '\\{'\r\n  minimal_block to search for blocks of the form `\\{0, k\\}` for ``k``\r\n.\\sympy\\combinatorics\\perm_groups.py:2840: SyntaxWarning: invalid escape sequence '\\{'\r\n  A generating set `S = \\{g_1, g_2, ..., g_t\\}` for a permutation group\r\n.\\sympy\\combinatorics\\perm_groups.py:3124: SyntaxWarning: invalid escape sequence '\\O'\r\n  A permutation group `G` act"", ""stdout_tail"": """", ""stderr_tail"": ""'\r\n  >>> print(rawlines(s)) # the \\\\ appears as \\ when printed\r\n.\\sympy\\utilities\\runtests.py:531: SyntaxWarning: invalid escape sequence '\\*'\r\n  Runs doctests in all \\*.py files in the sympy directory which match\r\n.\\sympy\\utilities\\runtests.py:1318: SyntaxWarning: invalid escape sequence '\\*'\r\n  Returns the list of \\*.py files (default) from which docstrings\r\n.\\sympy\\utilities\\runtests.py:1564: SyntaxWarning: invalid escape sequence '\\d'\r\n  matches = re.findall(\""line \\d+\"", name)\r\n.\\sympy\\utilities\\runtests.py:1772: SyntaxWarning: invalid escape sequence '\\s'\r\n  want = re.sub('(?m)^%s\\s*?$' % re.escape(pdoctest.BLANKLINE_MARKER),\r\n.\\sympy\\utilities\\runtests.py:1776: SyntaxWarning: invalid escape sequence '\\s'\r\n  got = re.sub('(?m)^\\s*?$', '', got)\r\n.\\sympy\\vector\\dyadic.py:260: SyntaxWarning: invalid escape sequence '\\m'\r\n  _latex_form = '(\\mathbf{\\hat{0}}|\\mathbf{\\hat{0}})'\r\n.\\sympy\\vector\\vector.py:453: SyntaxWarning: invalid escape sequence '\\m'\r\n  _latex_form = '\\mathbf{\\hat{0}}'\r\n""}, ""future_test"": {""returncode"": 4, ""timed_out"": false, ""duration_seconds"": 0.389, ""stdout_sha256"": ""ba9e2444dc3c22074044f39b39e0c8c9d178a82c6f41baec35502b9c47eec178"", ""stderr_sha256"": ""923e6a695c5a62e34c0e212e7c22e3e2132051c1e24b5fa6a13ec7bde3e48c31"", ""stdout_head"": ""\r\nno tests ran in 0.00s\r\n"", ""stderr_head"": ""ERROR: file or directory not found: test_Derivative\r\n\r\n"", ""stdout_tail"": ""\r\nno tests ran in 0.00s\r\n"", ""stderr_tail"": ""ERROR: file or directory not found: test_Derivative\r\n\r\n""}}",0,0,0,"Provider-free replay diagnostics and checkpoint transitions. F1 labels are setup/source proxies, F2 is an observed textual-conflict status, and none of these rows estimate survival, behavior, adaptation, cost, causality or population effects.",failure_diagnostics,diagnostic
sympy__sympy-12171,issue_resolution,sympy/sympy,python,OrcaLoca,sympy__sympy-12171-d7,7,checkpoint_replay_completed,replay_completed,replay status explicitly completed,True,0.0,NA,NA,NA,NA,b0cd9815155815fff24563f8483762f58c5a0139,SWE-bench Lite local record; F2P-only pilot,5e519a2c639d495eea609be17f3d1da73ada64bf541cf8ef9fb6f4dfe7ecddf8,"{""build"": {""returncode"": 0, ""timed_out"": false, ""duration_seconds"": 7.35, ""stdout_sha256"": ""e3b0c44298fc1c149afbf4c8996fb92427ae41e4649b934ca495991b7852b855"", ""stderr_sha256"": ""cdafa068024f63971cc0b761405c10e4d35e17e2f749dd8294aaa444563bc865"", ""stdout_head"": """", ""stderr_head"": "".\\doc\\ext\\docscrape.py:287: SyntaxWarning: invalid escape sequence '\\w'\r\n  if re.compile('^([\\w., ]+=)?\\s*[\\w\\.]+\\(.*\\)$').match(summary_str):\r\n.\\doc\\ext\\docscrape.py:341: SyntaxWarning: invalid escape sequence '\\*'\r\n  return [self['Signature'].replace('*', '\\*')] + ['']\r\n.\\doc\\ext\\docscrape.py:469: SyntaxWarning: invalid escape sequence '\\*'\r\n  argspec = argspec.replace('*', '\\*')\r\n.\\doc\\ext\\docscrape.py:487: SyntaxWarning: invalid escape sequence '\\*'\r\n  signature = self['Signature'].replace('*', '\\*')\r\n.\\examples\\intermediate\\mplot2d.py:23: SyntaxWarning: invalid escape sequence '\\S'\r\n  warnings.filterwarnings(\""ignore\"", \""Could not match \\S\"")\r\n.\\examples\\intermediate\\mplot3d.py:22: SyntaxWarning: invalid escape sequence '\\S'\r\n  warnings.filterwarnings(\""ignore\"", \""Could not match \\S\"")\r\n.\\examples\\intermediate\\sample.py:4: SyntaxWarning: invalid escape sequence '\\m'\r\n  See examples\\mplot2d.py and examples\\mplot3d.py for usable 2d and 3d\r\n.\\examples\\intermediate\\sample.py:16: SyntaxWarning: invalid escape sequence '\\m'\r\n  syntax. See examples\\mplot2d.py.\r\n.\\examples\\intermediate\\sample.py:47: SyntaxWarning: invalid escape sequence '\\m'\r\n  syntax. See examples\\mplot3d.py.\r\n.\\examples\\intermediate\\vandermonde.py:121: SyntaxWarning: invalid escape sequence '\\s'\r\n  print(\""Computing the determinant and comparing to \\sum_{0<i<j<=3}(a_j - a_i)\"")\r\n.\\examples\\intermediate\\vandermonde.py:130: SyntaxWarning: invalid escape sequence '\\s'\r\n  \\sum   = %(sum)s\r\n.\\sympy\\calculus\\finite_diff.py:425: SyntaxWarning: invalid escape sequence '\\*'\r\n  \\*symbols : differentiate with respect to symbols\r\n.\\sympy\\calculus\\util.py:469: SyntaxWarning: invalid escape sequence '\\l'\r\n  `\\langle a, b\\rangle = \\{x \\in \\mathbb{R} \\mid a \\le x \\le b\\}`\r\n.\\sympy\\combinatorics\\fp_groups.py:864: SyntaxWarning: invalid escape sequence '\\l'\r\n  `0, 1, , \\ldots, n`. \""Standardize\"" reorders the elements of `\\Omega`\r\n.\\sympy\\combinatorics\\perm_groups.py:1127: SyntaxWarning: invalid escape sequence '\\i'\r\n  by all commutators `[g, h] = hgh^{-1}g^{-1}` for `g, h\\in G` ; it is\r\n.\\sympy\\combinatorics\\perm_groups.py:1624: SyntaxWarning: invalid escape sequence '\\{'\r\n  minimal_block to search for blocks of the form `\\{0, k\\}` for ``k``\r\n.\\sympy\\combinatorics\\perm_groups.py:2840: SyntaxWarning: invalid escape sequence '\\{'\r\n  A generating set `S = \\{g_1, g_2, ..., g_t\\}` for a permutation group\r\n.\\sympy\\combinatorics\\perm_groups.py:3124: SyntaxWarning: invalid escape sequence '\\O'\r\n  A permutation group `G` act"", ""stdout_tail"": """", ""stderr_tail"": ""'\r\n  >>> print(rawlines(s)) # the \\\\ appears as \\ when printed\r\n.\\sympy\\utilities\\runtests.py:531: SyntaxWarning: invalid escape sequence '\\*'\r\n  Runs doctests in all \\*.py files in the sympy directory which match\r\n.\\sympy\\utilities\\runtests.py:1318: SyntaxWarning: invalid escape sequence '\\*'\r\n  Returns the list of \\*.py files (default) from which docstrings\r\n.\\sympy\\utilities\\runtests.py:1564: SyntaxWarning: invalid escape sequence '\\d'\r\n  matches = re.findall(\""line \\d+\"", name)\r\n.\\sympy\\utilities\\runtests.py:1772: SyntaxWarning: invalid escape sequence '\\s'\r\n  want = re.sub('(?m)^%s\\s*?$' % re.escape(pdoctest.BLANKLINE_MARKER),\r\n.\\sympy\\utilities\\runtests.py:1776: SyntaxWarning: invalid escape sequence '\\s'\r\n  got = re.sub('(?m)^\\s*?$', '', got)\r\n.\\sympy\\vector\\dyadic.py:260: SyntaxWarning: invalid escape sequence '\\m'\r\n  _latex_form = '(\\mathbf{\\hat{0}}|\\mathbf{\\hat{0}})'\r\n.\\sympy\\vector\\vector.py:453: SyntaxWarning: invalid escape sequence '\\m'\r\n  _latex_form = '\\mathbf{\\hat{0}}'\r\n""}, ""future_test"": {""returncode"": 4, ""timed_out"": false, ""duration_seconds"": 0.599, ""stdout_sha256"": ""ba9e2444dc3c22074044f39b39e0c8c9d178a82c6f41baec35502b9c47eec178"", ""stderr_sha256"": ""923e6a695c5a62e34c0e212e7c22e3e2132051c1e24b5fa6a13ec7bde3e48c31"", ""stdout_head"": ""\r\nno tests ran in 0.00s\r\n"", ""stderr_head"": ""ERROR: file or directory not found: test_Derivative\r\n\r\n"", ""stdout_tail"": ""\r\nno tests ran in 0.00s\r\n"", ""stderr_tail"": ""ERROR: file or directory not found: test_Derivative\r\n\r\n""}}",0,0,0,"Provider-free replay diagnostics and checkpoint transitions. F1 labels are setup/source proxies, F2 is an observed textual-conflict status, and none of these rows estimate survival, behavior, adaptation, cost, causality or population effects.",failure_diagnostics,diagnostic
astropy__astropy-14995,issue_resolution,astropy/astropy,python,human,astropy__astropy-14995-d7,7,checkpoint_replay_completed,replay_completed,replay status explicitly completed,True,0.0,NA,NA,NA,NA,c0702dae400e4a3445afcb62e65e298b9d2f7465,SWE-bench Lite local record; F2P-only pilot,370b3ff97b3a0627c29b74cf0b60bae46fe75edcd35a8d121c2dbe0f0421899a,"{""build"": {""returncode"": 0, ""timed_out"": false, ""duration_seconds"": 7.242, ""stdout_sha256"": ""e3b0c44298fc1c149afbf4c8996fb92427ae41e4649b934ca495991b7852b855"", ""stderr_sha256"": ""e3b0c44298fc1c149afbf4c8996fb92427ae41e4649b934ca495991b7852b855"", ""stdout_head"": """", ""stderr_head"": """", ""stdout_tail"": """", ""stderr_tail"": """"}, ""future_test"": {""returncode"": 4, ""timed_out"": false, ""duration_seconds"": 0.356, ""stdout_sha256"": ""e3b0c44298fc1c149afbf4c8996fb92427ae41e4649b934ca495991b7852b855"", ""stderr_sha256"": ""2e28ac097ef4d4029b80acc9bd4c9e443a4443ba0d48e17fc5556630116bd96e"", ""stdout_head"": """", ""stderr_head"": ""ImportError while loading conftest '[LOCAL_DRIVE]/lossoracc\\analysis_outputs\\work2_30_task_first_checkpoint_replay_current_20260901_v2\\scratch\\task_2770p30b\\branch_human\\conftest.py'.\r\nconftest.py:9: in <module>\r\n    import hypothesis\r\nE   ModuleNotFoundError: No module named 'hypothesis'\r\n"", ""stdout_tail"": """", ""stderr_tail"": ""ImportError while loading conftest '[LOCAL_DRIVE]/lossoracc\\analysis_outputs\\work2_30_task_first_checkpoint_replay_current_20260901_v2\\scratch\\task_2770p30b\\branch_human\\conftest.py'.\r\nconftest.py:9: in <module>\r\n    import hypothesis\r\nE   ModuleNotFoundError: No module named 'hypothesis'\r\n""}}",0,0,0,"Provider-free replay diagnostics and checkpoint transitions. F1 labels are setup/source proxies, F2 is an observed textual-conflict status, and none of these rows estimate survival, behavior, adaptation, cost, causality or population effects.",failure_diagnostics,diagnostic
astropy__astropy-14995,issue_resolution,astropy/astropy,python,OrcaLoca,astropy__astropy-14995-d7,7,checkpoint_replay_completed,replay_completed,replay status explicitly completed,True,0.0,NA,NA,NA,NA,c0702dae400e4a3445afcb62e65e298b9d2f7465,SWE-bench Lite local record; F2P-only pilot,7b99818a61f962d9fc42bb239368c86fe2fc3cd3866ffcfa153c94779881054e,"{""build"": {""returncode"": 0, ""timed_out"": false, ""duration_seconds"": 6.432, ""stdout_sha256"": ""e3b0c44298fc1c149afbf4c8996fb92427ae41e4649b934ca495991b7852b855"", ""stderr_sha256"": ""e3b0c44298fc1c149afbf4c8996fb92427ae41e4649b934ca495991b7852b855"", ""stdout_head"": """", ""stderr_head"": """", ""stdout_tail"": """", ""stderr_tail"": """"}, ""future_test"": {""returncode"": 4, ""timed_out"": false, ""duration_seconds"": 0.492, ""stdout_sha256"": ""e3b0c44298fc1c149afbf4c8996fb92427ae41e4649b934ca495991b7852b855"", ""stderr_sha256"": ""f1741e34f1a06a24a6b994140ef55b44114880cfb3d9886062d9ecbe997124dc"", ""stdout_head"": """", ""stderr_head"": ""ImportError while loading conftest '[LOCAL_DRIVE]/lossoracc\\analysis_outputs\\work2_30_task_first_checkpoint_replay_current_20260901_v2\\scratch\\task_2770p30b\\branch_OrcaLoca\\conftest.py'.\r\nconftest.py:9: in <module>\r\n    import hypothesis\r\nE   ModuleNotFoundError: No module named 'hypothesis'\r\n"", ""stdout_tail"": """", ""stderr_tail"": ""ImportError while loading conftest '[LOCAL_DRIVE]/lossoracc\\analysis_outputs\\work2_30_task_first_checkpoint_replay_current_20260901_v2\\scratch\\task_2770p30b\\branch_OrcaLoca\\conftest.py'.\r\nconftest.py:9: in <module>\r\n    import hypothesis\r\nE   ModuleNotFoundError: No module named 'hypothesis'\r\n""}}",0,0,0,"Provider-free replay diagnostics and checkpoint transitions. F1 labels are setup/source proxies, F2 is an observed textual-conflict status, and none of these rows estimate survival, behavior, adaptation, cost, causality or population effects.",failure_diagnostics,diagnostic
matplotlib__matplotlib-23476,issue_resolution,matplotlib/matplotlib,python,human,matplotlib__matplotlib-23476-d7,7,checkpoint_replay_completed,replay_completed,replay status explicitly completed,True,0.0,NA,NA,NA,NA,3c748ff8a6e249d7f0812210198b6edf7952b6b1,SWE-bench Lite local record; F2P-only pilot,0d25d0202773e4f51f9b66bd1264428152e9c3e8ef71cb953ce0440eed7dcc60,"{""build"": {""returncode"": 0, ""timed_out"": false, ""duration_seconds"": 6.481, ""stdout_sha256"": ""e3b0c44298fc1c149afbf4c8996fb92427ae41e4649b934ca495991b7852b855"", ""stderr_sha256"": ""e3b0c44298fc1c149afbf4c8996fb92427ae41e4649b934ca495991b7852b855"", ""stdout_head"": """", ""stderr_head"": """", ""stdout_tail"": """", ""stderr_tail"": """"}, ""future_test"": {""returncode"": 4, ""timed_out"": false, ""duration_seconds"": 0.519, ""stdout_sha256"": ""e3b0c44298fc1c149afbf4c8996fb92427ae41e4649b934ca495991b7852b855"", ""stderr_sha256"": ""9294d7d7fac2aa1de17346c8100ea7f764846194c001f4fbf4a27a2a08509263"", ""stdout_head"": """", ""stderr_head"": ""ImportError while loading conftest '[LOCAL_DRIVE]/lossoracc\\analysis_outputs\\work2_30_task_first_checkpoint_replay_current_20260901_v2\\scratch\\task_avy3djpk\\branch_human\\lib\\matplotlib\\tests\\conftest.py'.\r\nlib\\matplotlib\\__init__.py:113: in <module>\r\n    from . import _api, _version, cbook, _docstring, rcsetup\r\nlib\\matplotlib\\cbook\\__init__.py:31: in <module>\r\n    from matplotlib import _api, _c_internal_utils\r\nE   ImportError: cannot import name '_c_internal_utils' from partially initialized module 'matplotlib' (most likely due to a circular import) ([LOCAL_DRIVE]/lossoracc\\analysis_outputs\\work2_30_task_first_checkpoint_replay_current_20260901_v2\\scratch\\task_avy3djpk\\branch_human\\lib\\matplotlib\\__init__.py)\r\n"", ""stdout_tail"": """", ""stderr_tail"": ""ImportError while loading conftest '[LOCAL_DRIVE]/lossoracc\\analysis_outputs\\work2_30_task_first_checkpoint_replay_current_20260901_v2\\scratch\\task_avy3djpk\\branch_human\\lib\\matplotlib\\tests\\conftest.py'.\r\nlib\\matplotlib\\__init__.py:113: in <module>\r\n    from . import _api, _version, cbook, _docstring, rcsetup\r\nlib\\matplotlib\\cbook\\__init__.py:31: in <module>\r\n    from matplotlib import _api, _c_internal_utils\r\nE   ImportError: cannot import name '_c_internal_utils' from partially initialized module 'matplotlib' (most likely due to a circular import) ([LOCAL_DRIVE]/lossoracc\\analysis_outputs\\work2_30_task_first_checkpoint_replay_current_20260901_v2\\scratch\\task_avy3djpk\\branch_human\\lib\\matplotlib\\__init__.py)\r\n""}}",0,0,0,"Provider-free replay diagnostics and checkpoint transitions. F1 labels are setup/source proxies, F2 is an observed textual-conflict status, and none of these rows estimate survival, behavior, adaptation, cost, causality or population effects.",failure_diagnostics,diagnostic
matplotlib__matplotlib-23476,issue_resolution,matplotlib/matplotlib,python,OrcaLoca,matplotlib__matplotlib-23476-d7,7,checkpoint_replay_completed,replay_completed,replay status explicitly completed,True,0.0,NA,NA,NA,NA,3c748ff8a6e249d7f0812210198b6edf7952b6b1,SWE-bench Lite local record; F2P-only pilot,aec756a20ae8b04ec6c6cf2ddf07d0cb0a76bd456e0c5264473de823d0d9731e,"{""build"": {""returncode"": 0, ""timed_out"": false, ""duration_seconds"": 4.888, ""stdout_sha256"": ""e3b0c44298fc1c149afbf4c8996fb92427ae41e4649b934ca495991b7852b855"", ""stderr_sha256"": ""e3b0c44298fc1c149afbf4c8996fb92427ae41e4649b934ca495991b7852b855"", ""stdout_head"": """", ""stderr_head"": """", ""stdout_tail"": """", ""stderr_tail"": """"}, ""future_test"": {""returncode"": 4, ""timed_out"": false, ""duration_seconds"": 0.476, ""stdout_sha256"": ""e3b0c44298fc1c149afbf4c8996fb92427ae41e4649b934ca495991b7852b855"", ""stderr_sha256"": ""c1b8d830e33ed87a18f00d46421f8dde65e19663502b65c46cd8d39ddc1da6c4"", ""stdout_head"": """", ""stderr_head"": ""ImportError while loading conftest '[LOCAL_DRIVE]/lossoracc\\analysis_outputs\\work2_30_task_first_checkpoint_replay_current_20260901_v2\\scratch\\task_avy3djpk\\branch_OrcaLoca\\lib\\matplotlib\\tests\\conftest.py'.\r\nlib\\matplotlib\\__init__.py:113: in <module>\r\n    from . import _api, _version, cbook, _docstring, rcsetup\r\nlib\\matplotlib\\cbook\\__init__.py:31: in <module>\r\n    from matplotlib import _api, _c_internal_utils\r\nE   ImportError: cannot import name '_c_internal_utils' from partially initialized module 'matplotlib' (most likely due to a circular import) ([LOCAL_DRIVE]/lossoracc\\analysis_outputs\\work2_30_task_first_checkpoint_replay_current_20260901_v2\\scratch\\task_avy3djpk\\branch_OrcaLoca\\lib\\matplotlib\\__init__.py)\r\n"", ""stdout_tail"": """", ""stderr_tail"": ""ImportError while loading conftest '[LOCAL_DRIVE]/lossoracc\\analysis_outputs\\work2_30_task_first_checkpoint_replay_current_20260901_v2\\scratch\\task_avy3djpk\\branch_OrcaLoca\\lib\\matplotlib\\tests\\conftest.py'.\r\nlib\\matplotlib\\__init__.py:113: in <module>\r\n    from . import _api, _version, cbook, _docstring, rcsetup\r\nlib\\matplotlib\\cbook\\__init__.py:31: in <module>\r\n    from matplotlib import _api, _c_internal_utils\r\nE   ImportError: cannot import name '_c_internal_utils' from partially initialized module 'matplotlib' (most likely due to a circular import) ([LOCAL_DRIVE]/lossoracc\\analysis_outputs\\work2_30_task_first_checkpoint_replay_current_20260901_v2\\scratch\\task_avy3djpk\\branch_OrcaLoca\\lib\\matplotlib\\__init__.py)\r\n""}}",0,0,0,"Provider-free replay diagnostics and checkpoint transitions. F1 labels are setup/source proxies, F2 is an observed textual-conflict status, and none of these rows estimate survival, behavior, adaptation, cost, causality or population effects.",failure_diagnostics,diagnostic
matplotlib__matplotlib-23562,issue_resolution,matplotlib/matplotlib,python,human,matplotlib__matplotlib-23562-d7,7,checkpoint_replay_completed,replay_completed,replay status explicitly completed,True,0.0,NA,NA,NA,NA,37300c359533828e87a3d2e0e3a90fb37c01cdf6,SWE-bench Lite local record; F2P-only pilot,3b180488c3529ec12b650e953281a79f4e3c0f6a107c461374dc807ab53a4f98,"{""build"": {""returncode"": 0, ""timed_out"": false, ""duration_seconds"": 4.646, ""stdout_sha256"": ""e3b0c44298fc1c149afbf4c8996fb92427ae41e4649b934ca495991b7852b855"", ""stderr_sha256"": ""e3b0c44298fc1c149afbf4c8996fb92427ae41e4649b934ca495991b7852b855"", ""stdout_head"": """", ""stderr_head"": """", ""stdout_tail"": """", ""stderr_tail"": """"}, ""future_test"": {""returncode"": 4, ""timed_out"": false, ""duration_seconds"": 0.531, ""stdout_sha256"": ""e3b0c44298fc1c149afbf4c8996fb92427ae41e4649b934ca495991b7852b855"", ""stderr_sha256"": ""07db92583bb8ede8b019522d673fcb8100daf82743f911dacbe90938a1a8d270"", ""stdout_head"": """", ""stderr_head"": ""ImportError while loading conftest '[LOCAL_DRIVE]/lossoracc\\analysis_outputs\\work2_30_task_first_checkpoint_replay_current_20260901_v2\\scratch\\task_a9wz_p8z\\branch_human\\lib\\mpl_toolkits\\tests\\conftest.py'.\r\nlib\\mpl_toolkits\\tests\\conftest.py:1: in <module>\r\n    from matplotlib.testing.conftest import (mpl_test_settings,\r\nlib\\matplotlib\\__init__.py:113: in <module>\r\n    from . import _api, _version, cbook, _docstring, rcsetup\r\nlib\\matplotlib\\cbook\\__init__.py:31: in <module>\r\n    from matplotlib import _api, _c_internal_utils\r\nE   ImportError: cannot import name '_c_internal_utils' from partially initialized module 'matplotlib' (most likely due to a circular import) ([LOCAL_DRIVE]/lossoracc\\analysis_outputs\\work2_30_task_first_checkpoint_replay_current_20260901_v2\\scratch\\task_a9wz_p8z\\branch_human\\lib\\matplotlib\\__init__.py)\r\n"", ""stdout_tail"": """", ""stderr_tail"": ""ImportError while loading conftest '[LOCAL_DRIVE]/lossoracc\\analysis_outputs\\work2_30_task_first_checkpoint_replay_current_20260901_v2\\scratch\\task_a9wz_p8z\\branch_human\\lib\\mpl_toolkits\\tests\\conftest.py'.\r\nlib\\mpl_toolkits\\tests\\conftest.py:1: in <module>\r\n    from matplotlib.testing.conftest import (mpl_test_settings,\r\nlib\\matplotlib\\__init__.py:113: in <module>\r\n    from . import _api, _version, cbook, _docstring, rcsetup\r\nlib\\matplotlib\\cbook\\__init__.py:31: in <module>\r\n    from matplotlib import _api, _c_internal_utils\r\nE   ImportError: cannot import name '_c_internal_utils' from partially initialized module 'matplotlib' (most likely due to a circular import) ([LOCAL_DRIVE]/lossoracc\\analysis_outputs\\work2_30_task_first_checkpoint_replay_current_20260901_v2\\scratch\\task_a9wz_p8z\\branch_human\\lib\\matplotlib\\__init__.py)\r\n""}}",0,0,0,"Provider-free replay diagnostics and checkpoint transitions. F1 labels are setup/source proxies, F2 is an observed textual-conflict status, and none of these rows estimate survival, behavior, adaptation, cost, causality or population effects.",failure_diagnostics,diagnostic
matplotlib__matplotlib-23562,issue_resolution,matplotlib/matplotlib,python,OrcaLoca,matplotlib__matplotlib-23562-d7,7,checkpoint_replay_completed,replay_completed,replay status explicitly completed,True,0.0,NA,NA,NA,NA,37300c359533828e87a3d2e0e3a90fb37c01cdf6,SWE-bench Lite local record; F2P-only pilot,acc841c5c8b4fadaa6837aa663164c29c098f0cf73ce98541c4f665580ffa0ef,"{""build"": {""returncode"": 0, ""timed_out"": false, ""duration_seconds"": 4.102, ""stdout_sha256"": ""e3b0c44298fc1c149afbf4c8996fb92427ae41e4649b934ca495991b7852b855"", ""stderr_sha256"": ""e3b0c44298fc1c149afbf4c8996fb92427ae41e4649b934ca495991b7852b855"", ""stdout_head"": """", ""stderr_head"": """", ""stdout_tail"": """", ""stderr_tail"": """"}, ""future_test"": {""returncode"": 4, ""timed_out"": false, ""duration_seconds"": 0.545, ""stdout_sha256"": ""e3b0c44298fc1c149afbf4c8996fb92427ae41e4649b934ca495991b7852b855"", ""stderr_sha256"": ""770fdcea3b55848cd1ff7da69c2764a034951fb4c2bb9e61fd9d524810912a9d"", ""stdout_head"": """", ""stderr_head"": ""ImportError while loading conftest '[LOCAL_DRIVE]/lossoracc\\analysis_outputs\\work2_30_task_first_checkpoint_replay_current_20260901_v2\\scratch\\task_a9wz_p8z\\branch_OrcaLoca\\lib\\mpl_toolkits\\tests\\conftest.py'.\r\nlib\\mpl_toolkits\\tests\\conftest.py:1: in <module>\r\n    from matplotlib.testing.conftest import (mpl_test_settings,\r\nlib\\matplotlib\\__init__.py:113: in <module>\r\n    from . import _api, _version, cbook, _docstring, rcsetup\r\nlib\\matplotlib\\cbook\\__init__.py:31: in <module>\r\n    from matplotlib import _api, _c_internal_utils\r\nE   ImportError: cannot import name '_c_internal_utils' from partially initialized module 'matplotlib' (most likely due to a circular import) ([LOCAL_DRIVE]/lossoracc\\analysis_outputs\\work2_30_task_first_checkpoint_replay_current_20260901_v2\\scratch\\task_a9wz_p8z\\branch_OrcaLoca\\lib\\matplotlib\\__init__.py)\r\n"", ""stdout_tail"": """", ""stderr_tail"": ""ImportError while loading conftest '[LOCAL_DRIVE]/lossoracc\\analysis_outputs\\work2_30_task_first_checkpoint_replay_current_20260901_v2\\scratch\\task_a9wz_p8z\\branch_OrcaLoca\\lib\\mpl_toolkits\\tests\\conftest.py'.\r\nlib\\mpl_toolkits\\tests\\conftest.py:1: in <module>\r\n    from matplotlib.testing.conftest import (mpl_test_settings,\r\nlib\\matplotlib\\__init__.py:113: in <module>\r\n    from . import _api, _version, cbook, _docstring, rcsetup\r\nlib\\matplotlib\\cbook\\__init__.py:31: in <module>\r\n    from matplotlib import _api, _c_internal_utils\r\nE   ImportError: cannot import name '_c_internal_utils' from partially initialized module 'matplotlib' (most likely due to a circular import) ([LOCAL_DRIVE]/lossoracc\\analysis_outputs\\work2_30_task_first_checkpoint_replay_current_20260901_v2\\scratch\\task_a9wz_p8z\\branch_OrcaLoca\\lib\\matplotlib\\__init__.py)\r\n""}}",0,0,0,"Provider-free replay diagnostics and checkpoint transitions. F1 labels are setup/source proxies, F2 is an observed textual-conflict status, and none of these rows estimate survival, behavior, adaptation, cost, causality or population effects.",failure_diagnostics,diagnostic
mwaskom__seaborn-3407,issue_resolution,mwaskom/seaborn,python,human,mwaskom__seaborn-3407-d7,7,checkpoint_replay_completed,replay_completed,replay status explicitly completed,True,0.0,NA,NA,NA,NA,7780305bae63d8be3416858ac35f6fa706bab4d6,SWE-bench Lite local record; F2P-only pilot,a1d60cf5bd6ca42f45bbd89aef9d736758cdf9ca4c81357efddf7fb78a942b1a,"{""build"": {""returncode"": 0, ""timed_out"": false, ""duration_seconds"": 1.239, ""stdout_sha256"": ""e3b0c44298fc1c149afbf4c8996fb92427ae41e4649b934ca495991b7852b855"", ""stderr_sha256"": ""9fba11ff97e771248f80b155196722b30e5ad83f0c1118d40d00203bba35f1e4"", ""stdout_head"": """", ""stderr_head"": "".\\doc\\conf.py:99: SyntaxWarning: invalid escape sequence '\\s'\r\n  .. |API| replace:: :raw-html:`<span class=\""badge badge-api\"">API</span>` :raw-latex:`{\\small\\sc [API]}`\r\n"", ""stdout_tail"": """", ""stderr_tail"": "".\\doc\\conf.py:99: SyntaxWarning: invalid escape sequence '\\s'\r\n  .. |API| replace:: :raw-html:`<span class=\""badge badge-api\"">API</span>` :raw-latex:`{\\small\\sc [API]}`\r\n""}, ""future_test"": {""returncode"": 4, ""timed_out"": false, ""duration_seconds"": 1.214, ""stdout_sha256"": ""b240e3e91f83ef806bf9cfce1428ce2f58e4eef2876f5460b73e7ff4dad76ad4"", ""stderr_sha256"": ""db952af366ff4d6ff8cfe8a7adf69a769329ea33bb1554292c6729b614f0bed8"", ""stdout_head"": ""\r\n=================================== ERRORS ====================================\r\n___________________ ERROR collecting tests/test_axisgrid.py ___________________\r\nImportError while importing test module '[LOCAL_DRIVE]/lossoracc\\analysis_outputs\\work2_30_task_first_checkpoint_replay_current_20260901_v2\\scratch\\task_upfi0nze\\branch_human\\tests\\test_axisgrid.py'.\r\nHint: make sure your test modules/packages have valid Python names.\r\nTraceback:\r\nD:\\python13\\Lib\\importlib\\__init__.py:88: in import_module\r\n    return _bootstrap._gcd_import(name[level:], package, level)\r\n           ^^^^^^^^^^^^^^^^^^^^^^^^^^^^^^^^^^^^^^^^^^^^^^^^^^^^\r\ntests\\test_axisgrid.py:3: in <module>\r\n    import matplotlib as mpl\r\nE   ModuleNotFoundError: No module named 'matplotlib'\r\n=========================== short test summary info ===========================\r\nERROR tests/test_axisgrid.py\r\n1 error in 0.25s\r\n"", ""stderr_head"": ""ERROR: found no collectors for [LOCAL_DRIVE]/lossoracc\\analysis_outputs\\work2_30_task_first_checkpoint_replay_current_20260901_v2\\scratch\\task_upfi0nze\\branch_human\\tests\\test_axisgrid.py::TestPairGrid::test_pairplot_column_multiindex\r\n\r\n"", ""stdout_tail"": ""\r\n=================================== ERRORS ====================================\r\n___________________ ERROR collecting tests/test_axisgrid.py ___________________\r\nImportError while importing test module '[LOCAL_DRIVE]/lossoracc\\analysis_outputs\\work2_30_task_first_checkpoint_replay_current_20260901_v2\\scratch\\task_upfi0nze\\branch_human\\tests\\test_axisgrid.py'.\r\nHint: make sure your test modules/packages have valid Python names.\r\nTraceback:\r\nD:\\python13\\Lib\\importlib\\__init__.py:88: in import_module\r\n    return _bootstrap._gcd_import(name[level:], package, level)\r\n           ^^^^^^^^^^^^^^^^^^^^^^^^^^^^^^^^^^^^^^^^^^^^^^^^^^^^\r\ntests\\test_axisgrid.py:3: in <module>\r\n    import matplotlib as mpl\r\nE   ModuleNotFoundError: No module named 'matplotlib'\r\n=========================== short test summary info ===========================\r\nERROR tests/test_axisgrid.py\r\n1 error in 0.25s\r\n"", ""stderr_tail"": ""ERROR: found no collectors for [LOCAL_DRIVE]/lossoracc\\analysis_outputs\\work2_30_task_first_checkpoint_replay_current_20260901_v2\\scratch\\task_upfi0nze\\branch_human\\tests\\test_axisgrid.py::TestPairGrid::test_pairplot_column_multiindex\r\n\r\n""}}",0,0,0,"Provider-free replay diagnostics and checkpoint transitions. F1 labels are setup/source proxies, F2 is an observed textual-conflict status, and none of these rows estimate survival, behavior, adaptation, cost, causality or population effects.",failure_diagnostics,diagnostic
mwaskom__seaborn-3407,issue_resolution,mwaskom/seaborn,python,OrcaLoca,mwaskom__seaborn-3407-d7,7,checkpoint_replay_completed,replay_completed,replay status explicitly completed,True,0.0,NA,NA,NA,NA,7780305bae63d8be3416858ac35f6fa706bab4d6,SWE-bench Lite local record; F2P-only pilot,a38c0171ff34abc9c3fe344e6dcf9299cfe0e22e6d60c69dffeacec930d4b769,"{""build"": {""returncode"": 0, ""timed_out"": false, ""duration_seconds"": 1.306, ""stdout_sha256"": ""e3b0c44298fc1c149afbf4c8996fb92427ae41e4649b934ca495991b7852b855"", ""stderr_sha256"": ""9fba11ff97e771248f80b155196722b30e5ad83f0c1118d40d00203bba35f1e4"", ""stdout_head"": """", ""stderr_head"": "".\\doc\\conf.py:99: SyntaxWarning: invalid escape sequence '\\s'\r\n  .. |API| replace:: :raw-html:`<span class=\""badge badge-api\"">API</span>` :raw-latex:`{\\small\\sc [API]}`\r\n"", ""stdout_tail"": """", ""stderr_tail"": "".\\doc\\conf.py:99: SyntaxWarning: invalid escape sequence '\\s'\r\n  .. |API| replace:: :raw-html:`<span class=\""badge badge-api\"">API</span>` :raw-latex:`{\\small\\sc [API]}`\r\n""}, ""future_test"": {""returncode"": 4, ""timed_out"": false, ""duration_seconds"": 1.683, ""stdout_sha256"": ""59ee9e3e0d97a3e0d91827fb44f83c3ec5e6729f0222abca63a827fde82ff792"", ""stderr_sha256"": ""f38a75d5eaf865461a3cbad7ffe08080694f72cdc4e2d2c92161142edab7e052"", ""stdout_head"": ""\r\n=================================== ERRORS ====================================\r\n___________________ ERROR collecting tests/test_axisgrid.py ___________________\r\nImportError while importing test module '[LOCAL_DRIVE]/lossoracc\\analysis_outputs\\work2_30_task_first_checkpoint_replay_current_20260901_v2\\scratch\\task_upfi0nze\\branch_OrcaLoca\\tests\\test_axisgrid.py'.\r\nHint: make sure your test modules/packages have valid Python names.\r\nTraceback:\r\nD:\\python13\\Lib\\importlib\\__init__.py:88: in import_module\r\n    return _bootstrap._gcd_import(name[level:], package, level)\r\n           ^^^^^^^^^^^^^^^^^^^^^^^^^^^^^^^^^^^^^^^^^^^^^^^^^^^^\r\ntests\\test_axisgrid.py:3: in <module>\r\n    import matplotlib as mpl\r\nE   ModuleNotFoundError: No module named 'matplotlib'\r\n=========================== short test summary info ===========================\r\nERROR tests/test_axisgrid.py\r\n1 error in 0.38s\r\n"", ""stderr_head"": ""ERROR: found no collectors for [LOCAL_DRIVE]/lossoracc\\analysis_outputs\\work2_30_task_first_checkpoint_replay_current_20260901_v2\\scratch\\task_upfi0nze\\branch_OrcaLoca\\tests\\test_axisgrid.py::TestPairGrid::test_pairplot_column_multiindex\r\n\r\n"", ""stdout_tail"": ""\r\n=================================== ERRORS ====================================\r\n___________________ ERROR collecting tests/test_axisgrid.py ___________________\r\nImportError while importing test module '[LOCAL_DRIVE]/lossoracc\\analysis_outputs\\work2_30_task_first_checkpoint_replay_current_20260901_v2\\scratch\\task_upfi0nze\\branch_OrcaLoca\\tests\\test_axisgrid.py'.\r\nHint: make sure your test modules/packages have valid Python names.\r\nTraceback:\r\nD:\\python13\\Lib\\importlib\\__init__.py:88: in import_module\r\n    return _bootstrap._gcd_import(name[level:], package, level)\r\n           ^^^^^^^^^^^^^^^^^^^^^^^^^^^^^^^^^^^^^^^^^^^^^^^^^^^^\r\ntests\\test_axisgrid.py:3: in <module>\r\n    import matplotlib as mpl\r\nE   ModuleNotFoundError: No module named 'matplotlib'\r\n=========================== short test summary info ===========================\r\nERROR tests/test_axisgrid.py\r\n1 error in 0.38s\r\n"", ""stderr_tail"": ""ERROR: found no collectors for [LOCAL_DRIVE]/lossoracc\\analysis_outputs\\work2_30_task_first_checkpoint_replay_current_20260901_v2\\scratch\\task_upfi0nze\\branch_OrcaLoca\\tests\\test_axisgrid.py::TestPairGrid::test_pairplot_column_multiindex\r\n\r\n""}}",0,0,0,"Provider-free replay diagnostics and checkpoint transitions. F1 labels are setup/source proxies, F2 is an observed textual-conflict status, and none of these rows estimate survival, behavior, adaptation, cost, causality or population effects.",failure_diagnostics,diagnostic
scikit-learn__scikit-learn-11040,issue_resolution,scikit-learn/scikit-learn,python,human,scikit-learn__scikit-learn-11040-d7,7,checkpoint_replay_completed,replay_completed,replay status explicitly completed,True,0.0,NA,NA,NA,NA,aca956b738c0a839eee473acea794662a2c65608,SWE-bench Lite local record; F2P-only pilot,d770bda380b128a8d911b61f4694928eba0685d0585a1c7a32f0f28b05aaa7b2,"{""build"": {""returncode"": 0, ""timed_out"": false, ""duration_seconds"": 4.78, ""stdout_sha256"": ""e3b0c44298fc1c149afbf4c8996fb92427ae41e4649b934ca495991b7852b855"", ""stderr_sha256"": ""453ec17f067bc82203f4757ebbaab4142be80f64ffcc95af30e70726e33e08f8"", ""stdout_head"": """", ""stderr_head"": "".\\benchmarks\\bench_plot_randomized_svd.py:242: SyntaxWarning: \""is not\"" with 'str' literal. Did you mean \""!=\""?\r\n  if method is not 'fbpca':\r\n.\\examples\\applications\\svm_gui.py:171: SyntaxWarning: invalid escape sequence '\\e'\r\n  self.ax.text(-20, -60, \""RBF: $\\exp (-\\gamma \\| u-v \\|^2)$\"")\r\n.\\examples\\applications\\svm_gui.py:172: SyntaxWarning: invalid escape sequence '\\g'\r\n  self.ax.text(10, -60, \""Poly: $(\\gamma \\, u^T v + r)^d$\"")\r\n.\\examples\\decomposition\\plot_kernel_pca.py:67: SyntaxWarning: invalid escape sequence '\\p'\r\n  plt.xlabel(\""1st principal component in space induced by $\\phi$\"")\r\n.\\examples\\ensemble\\plot_adaboost_multiclass.py:11: SyntaxWarning: invalid escape sequence '\\c'\r\n  of the :math:`\\chi^2` distribution).\r\n.\\examples\\ensemble\\plot_bias_variance.py:164: SyntaxWarning: invalid escape sequence '\\^'\r\n  plt.plot(X_test, y_predict[:, i], \""r\"", label=\""$\\^y(x)$\"")\r\n.\\examples\\ensemble\\plot_bias_variance.py:169: SyntaxWarning: invalid escape sequence '\\m'\r\n  label=\""$\\mathbb{E}_{LS} \\^y(x)$\"")\r\n.\\examples\\ensemble\\plot_gradient_boosting_quantile.py:67: SyntaxWarning: invalid escape sequence '\\,'\r\n  plt.plot(xx, f(xx), 'g:', label=u'$f(x) = x\\,\\sin(x)$')\r\n.\\examples\\gaussian_process\\plot_gpc_isoprobability.py:81: SyntaxWarning: invalid escape sequence '\\m'\r\n  cb.set_label('${\\\\rm \\mathbb{P}}\\left[\\widehat{G}(\\mathbf{x}) \\leq 0\\\\right]$')\r\n.\\examples\\gaussian_process\\plot_gpr_noisy_targets.py:65: SyntaxWarning: invalid escape sequence '\\,'\r\n  plt.plot(x, f(x), 'r:', label=u'$f(x) = x\\,\\sin(x)$')\r\n.\\examples\\gaussian_process\\plot_gpr_noisy_targets.py:101: SyntaxWarning: invalid escape sequence '\\,'\r\n  plt.plot(x, f(x), 'r:', label=u'$f(x) = x\\,\\sin(x)$')\r\n.\\examples\\model_selection\\plot_learning_curve.py:119: SyntaxWarning: invalid escape sequence '\\g'\r\n  title = \""Learning Curves (SVM, RBF kernel, $\\gamma=0.001$)\""\r\n.\\examples\\model_selection\\plot_validation_curve.py:36: SyntaxWarning: invalid escape sequence '\\g'\r\n  plt.xlabel(\""$\\gamma$\"")\r\n.\\examples\\preprocessing\\plot_power_transformer.py:103: SyntaxWarning: invalid escape sequence '\\l'\r\n  ax_trans.set_title('{} after Box-Cox, $\\lambda$ = {}'.format(name, lmbda),\r\n.\\examples\\svm\\plot_svm_scale_c.py:15: SyntaxWarning: invalid escape sequence '\\s'\r\n  C \\sum_{i=1, n} \\mathcal{L} (f(x_i), y_i) + \\Omega (w)\r\n.\\sklearn\\cluster\\tests\\test_k_means.py:874: SyntaxWarning: invalid escape sequence '\\('\r\n  msg = \""The shape of the initial centers \\(\\(4L?, 4L?\\)\\) \"" \\\r\n.\\sklearn\\datasets\\lfw.py:174: SyntaxWarning: \""is\"" w"", ""stdout_tail"": """", ""stderr_tail"": ""r_transformer.py:103: SyntaxWarning: invalid escape sequence '\\l'\r\n  ax_trans.set_title('{} after Box-Cox, $\\lambda$ = {}'.format(name, lmbda),\r\n.\\examples\\svm\\plot_svm_scale_c.py:15: SyntaxWarning: invalid escape sequence '\\s'\r\n  C \\sum_{i=1, n} \\mathcal{L} (f(x_i), y_i) + \\Omega (w)\r\n.\\sklearn\\cluster\\tests\\test_k_means.py:874: SyntaxWarning: invalid escape sequence '\\('\r\n  msg = \""The shape of the initial centers \\(\\(4L?, 4L?\\)\\) \"" \\\r\n.\\sklearn\\datasets\\lfw.py:174: SyntaxWarning: \""is\"" with 'int' literal. Did you mean \""==\""?\r\n  if img.ndim is 0:\r\n.\\sklearn\\model_selection\\tests\\test_search.py:842: SyntaxWarning: \""is not\"" with 'str' literal. Did you mean \""!=\""?\r\n  if k is not 'rank_test_score')\r\n.\\sklearn\\model_selection\\tests\\test_search.py:845: SyntaxWarning: \""is not\"" with 'str' literal. Did you mean \""!=\""?\r\n  k is not 'rank_test_score')\r\n.\\sklearn\\model_selection\\tests\\test_validation.py:1345: SyntaxWarning: \""is\"" with 'str' literal. Did you mean \""==\""?\r\n  if method is 'predict_proba':\r\n""}, ""future_test"": {""returncode"": 4, ""timed_out"": false, ""duration_seconds"": 0.6, ""stdout_sha256"": ""7587a2ee96aa09f9f175a4aab73279d5628a901cdf8592c8ad4f456547400e4f"", ""stderr_sha256"": ""f30fe278e8ae11e6f2a6328cc0837194bfe70e4b9f41c8e81fbdffd1cb7e88d9"", ""stdout_head"": ""\r\n=================================== ERRORS ====================================\r\n_________ ERROR collecting sklearn/neighbors/tests/test_neighbors.py __________\r\nImportError while importing test module '[LOCAL_DRIVE]/lossoracc\\analysis_outputs\\work2_30_task_first_checkpoint_replay_current_20260901_v2\\scratch\\task__u1w8oxo\\branch_human\\sklearn\\neighbors\\tests\\test_neighbors.py'.\r\nHint: make sure your test modules/packages have valid Python names.\r\nTraceback:\r\nsklearn\\__check_build\\__init__.py:44: in <module>\r\n    from ._check_build import check_build  # noqa\r\n    ^^^^^^^^^^^^^^^^^^^^^^^^^^^^^^^^^^^^^\r\nE   ModuleNotFoundError: No module named 'sklearn.__check_build._check_build'\r\n\r\nDuring handling of the above exception, another exception occurred:\r\nD:\\python13\\Lib\\importlib\\__init__.py:88: in import_module\r\n    return _bootstrap._gcd_import(name[level:], package, level)\r\n           ^^^^^^^^^^^^^^^^^^^^^^^^^^^^^^^^^^^^^^^^^^^^^^^^^^^^\r\nsklearn\\__init__.py:63: in <module>\r\n    from . import __check_build\r\nsklearn\\__check_build\\__init__.py:46: in <module>\r\n    raise_build_error(e)\r\nsklearn\\__check_build\\__init__.py:31: in raise_build_error\r\n    raise ImportError(\""\""\""%s\r\nE   ImportError: No module named 'sklearn.__check_build._check_build'\r\nE   ___________________________________________________________________________\r\nE   Contents of [LOCAL_DRIVE]/lossoracc\\analysis_outputs\\work2_30_task_first_checkpoint_replay_current_20260901_v2\\scratch\\task__u1w8oxo\\branch_human\\sklearn\\__check_build:\r\nE   setup.py                  _check_build.pyx          __init__.py\r\nE   __pycache__\r\nE   ___________________________________________________________________________\r\nE   It seems that scikit-learn has not been built correctly.\r\nE   \r\nE   If you have installed scikit-learn from source, please do not forget\r\nE   to build the package before using it: run `python setup.py install` or\r\nE   `make` in the source directory.\r\nE   \r\nE   If you have used an installer, please check that it is suited for your\r\nE   Python version, your operating system and your platform.\r\n=========================== short test summary info ===========================\r\nERROR sklearn/neighbors/tests/test_neighbors.py\r\n1 error in 0.11s\r\n"", ""stderr_head"": ""ERROR: found no collectors for [LOCAL_DRIVE]/lossoracc\\analysis_outputs\\work2_30_task_first_checkpoint_replay_current_20260901_v2\\scratch\\task__u1w8oxo\\branch_human\\sklearn\\neighbors\\tests\\test_neighbors.py::test_n_neighbors_datatype\r\n\r\n"", ""stdout_tail"": ""med 'sklearn.__check_build._check_build'\r\nE   ___________________________________________________________________________\r\nE   Contents of [LOCAL_DRIVE]/lossoracc\\analysis_outputs\\work2_30_task_first_checkpoint_replay_current_20260901_v2\\scratch\\task__u1w8oxo\\branch_human\\sklearn\\__check_build:\r\nE   setup.py                  _check_build.pyx          __init__.py\r\nE   __pycache__\r\nE   ___________________________________________________________________________\r\nE   It seems that scikit-learn has not been built correctly.\r\nE   \r\nE   If you have installed scikit-learn from source, please do not forget\r\nE   to build the package before using it: run `python setup.py install` or\r\nE   `make` in the source directory.\r\nE   \r\nE   If you have used an installer, please check that it is suited for your\r\nE   Python version, your operating system and your platform.\r\n=========================== short test summary info ===========================\r\nERROR sklearn/neighbors/tests/test_neighbors.py\r\n1 error in 0.11s\r\n"", ""stderr_tail"": ""ERROR: found no collectors for [LOCAL_DRIVE]/lossoracc\\analysis_outputs\\work2_30_task_first_checkpoint_replay_current_20260901_v2\\scratch\\task__u1w8oxo\\branch_human\\sklearn\\neighbors\\tests\\test_neighbors.py::test_n_neighbors_datatype\r\n\r\n""}}",0,0,0,"Provider-free replay diagnostics and checkpoint transitions. F1 labels are setup/source proxies, F2 is an observed textual-conflict status, and none of these rows estimate survival, behavior, adaptation, cost, causality or population effects.",failure_diagnostics,diagnostic
scikit-learn__scikit-learn-11040,issue_resolution,scikit-learn/scikit-learn,python,OrcaLoca,scikit-learn__scikit-learn-11040-d7,7,checkpoint_replay_completed,replay_completed,replay status explicitly completed,True,0.0,NA,NA,NA,NA,aca956b738c0a839eee473acea794662a2c65608,SWE-bench Lite local record; F2P-only pilot,268a7b1fcefca83185cd0db40131a40fd413027d6e043c0dd0a0f709e48ff62d,"{""build"": {""returncode"": 0, ""timed_out"": false, ""duration_seconds"": 4.057, ""stdout_sha256"": ""e3b0c44298fc1c149afbf4c8996fb92427ae41e4649b934ca495991b7852b855"", ""stderr_sha256"": ""453ec17f067bc82203f4757ebbaab4142be80f64ffcc95af30e70726e33e08f8"", ""stdout_head"": """", ""stderr_head"": "".\\benchmarks\\bench_plot_randomized_svd.py:242: SyntaxWarning: \""is not\"" with 'str' literal. Did you mean \""!=\""?\r\n  if method is not 'fbpca':\r\n.\\examples\\applications\\svm_gui.py:171: SyntaxWarning: invalid escape sequence '\\e'\r\n  self.ax.text(-20, -60, \""RBF: $\\exp (-\\gamma \\| u-v \\|^2)$\"")\r\n.\\examples\\applications\\svm_gui.py:172: SyntaxWarning: invalid escape sequence '\\g'\r\n  self.ax.text(10, -60, \""Poly: $(\\gamma \\, u^T v + r)^d$\"")\r\n.\\examples\\decomposition\\plot_kernel_pca.py:67: SyntaxWarning: invalid escape sequence '\\p'\r\n  plt.xlabel(\""1st principal component in space induced by $\\phi$\"")\r\n.\\examples\\ensemble\\plot_adaboost_multiclass.py:11: SyntaxWarning: invalid escape sequence '\\c'\r\n  of the :math:`\\chi^2` distribution).\r\n.\\examples\\ensemble\\plot_bias_variance.py:164: SyntaxWarning: invalid escape sequence '\\^'\r\n  plt.plot(X_test, y_predict[:, i], \""r\"", label=\""$\\^y(x)$\"")\r\n.\\examples\\ensemble\\plot_bias_variance.py:169: SyntaxWarning: invalid escape sequence '\\m'\r\n  label=\""$\\mathbb{E}_{LS} \\^y(x)$\"")\r\n.\\examples\\ensemble\\plot_gradient_boosting_quantile.py:67: SyntaxWarning: invalid escape sequence '\\,'\r\n  plt.plot(xx, f(xx), 'g:', label=u'$f(x) = x\\,\\sin(x)$')\r\n.\\examples\\gaussian_process\\plot_gpc_isoprobability.py:81: SyntaxWarning: invalid escape sequence '\\m'\r\n  cb.set_label('${\\\\rm \\mathbb{P}}\\left[\\widehat{G}(\\mathbf{x}) \\leq 0\\\\right]$')\r\n.\\examples\\gaussian_process\\plot_gpr_noisy_targets.py:65: SyntaxWarning: invalid escape sequence '\\,'\r\n  plt.plot(x, f(x), 'r:', label=u'$f(x) = x\\,\\sin(x)$')\r\n.\\examples\\gaussian_process\\plot_gpr_noisy_targets.py:101: SyntaxWarning: invalid escape sequence '\\,'\r\n  plt.plot(x, f(x), 'r:', label=u'$f(x) = x\\,\\sin(x)$')\r\n.\\examples\\model_selection\\plot_learning_curve.py:119: SyntaxWarning: invalid escape sequence '\\g'\r\n  title = \""Learning Curves (SVM, RBF kernel, $\\gamma=0.001$)\""\r\n.\\examples\\model_selection\\plot_validation_curve.py:36: SyntaxWarning: invalid escape sequence '\\g'\r\n  plt.xlabel(\""$\\gamma$\"")\r\n.\\examples\\preprocessing\\plot_power_transformer.py:103: SyntaxWarning: invalid escape sequence '\\l'\r\n  ax_trans.set_title('{} after Box-Cox, $\\lambda$ = {}'.format(name, lmbda),\r\n.\\examples\\svm\\plot_svm_scale_c.py:15: SyntaxWarning: invalid escape sequence '\\s'\r\n  C \\sum_{i=1, n} \\mathcal{L} (f(x_i), y_i) + \\Omega (w)\r\n.\\sklearn\\cluster\\tests\\test_k_means.py:874: SyntaxWarning: invalid escape sequence '\\('\r\n  msg = \""The shape of the initial centers \\(\\(4L?, 4L?\\)\\) \"" \\\r\n.\\sklearn\\datasets\\lfw.py:174: SyntaxWarning: \""is\"" w"", ""stdout_tail"": """", ""stderr_tail"": ""r_transformer.py:103: SyntaxWarning: invalid escape sequence '\\l'\r\n  ax_trans.set_title('{} after Box-Cox, $\\lambda$ = {}'.format(name, lmbda),\r\n.\\examples\\svm\\plot_svm_scale_c.py:15: SyntaxWarning: invalid escape sequence '\\s'\r\n  C \\sum_{i=1, n} \\mathcal{L} (f(x_i), y_i) + \\Omega (w)\r\n.\\sklearn\\cluster\\tests\\test_k_means.py:874: SyntaxWarning: invalid escape sequence '\\('\r\n  msg = \""The shape of the initial centers \\(\\(4L?, 4L?\\)\\) \"" \\\r\n.\\sklearn\\datasets\\lfw.py:174: SyntaxWarning: \""is\"" with 'int' literal. Did you mean \""==\""?\r\n  if img.ndim is 0:\r\n.\\sklearn\\model_selection\\tests\\test_search.py:842: SyntaxWarning: \""is not\"" with 'str' literal. Did you mean \""!=\""?\r\n  if k is not 'rank_test_score')\r\n.\\sklearn\\model_selection\\tests\\test_search.py:845: SyntaxWarning: \""is not\"" with 'str' literal. Did you mean \""!=\""?\r\n  k is not 'rank_test_score')\r\n.\\sklearn\\model_selection\\tests\\test_validation.py:1345: SyntaxWarning: \""is\"" with 'str' literal. Did you mean \""==\""?\r\n  if method is 'predict_proba':\r\n""}, ""future_test"": {""returncode"": 4, ""timed_out"": false, ""duration_seconds"": 0.471, ""stdout_sha256"": ""25b5b5b621d6ba01083fc7152706bb8a01df1a14ed343a636f234f2536da13d3"", ""stderr_sha256"": ""ce266eb9926388798d1feb7d32a63b6c16af75afcb48b947afb79ac97056a526"", ""stdout_head"": ""\r\n=================================== ERRORS ====================================\r\n_________ ERROR collecting sklearn/neighbors/tests/test_neighbors.py __________\r\nImportError while importing test module '[LOCAL_DRIVE]/lossoracc\\analysis_outputs\\work2_30_task_first_checkpoint_replay_current_20260901_v2\\scratch\\task__u1w8oxo\\branch_OrcaLoca\\sklearn\\neighbors\\tests\\test_neighbors.py'.\r\nHint: make sure your test modules/packages have valid Python names.\r\nTraceback:\r\nsklearn\\__check_build\\__init__.py:44: in <module>\r\n    from ._check_build import check_build  # noqa\r\n    ^^^^^^^^^^^^^^^^^^^^^^^^^^^^^^^^^^^^^\r\nE   ModuleNotFoundError: No module named 'sklearn.__check_build._check_build'\r\n\r\nDuring handling of the above exception, another exception occurred:\r\nD:\\python13\\Lib\\importlib\\__init__.py:88: in import_module\r\n    return _bootstrap._gcd_import(name[level:], package, level)\r\n           ^^^^^^^^^^^^^^^^^^^^^^^^^^^^^^^^^^^^^^^^^^^^^^^^^^^^\r\nsklearn\\__init__.py:63: in <module>\r\n    from . import __check_build\r\nsklearn\\__check_build\\__init__.py:46: in <module>\r\n    raise_build_error(e)\r\nsklearn\\__check_build\\__init__.py:31: in raise_build_error\r\n    raise ImportError(\""\""\""%s\r\nE   ImportError: No module named 'sklearn.__check_build._check_build'\r\nE   ___________________________________________________________________________\r\nE   Contents of [LOCAL_DRIVE]/lossoracc\\analysis_outputs\\work2_30_task_first_checkpoint_replay_current_20260901_v2\\scratch\\task__u1w8oxo\\branch_OrcaLoca\\sklearn\\__check_build:\r\nE   setup.py                  _check_build.pyx          __init__.py\r\nE   __pycache__\r\nE   ___________________________________________________________________________\r\nE   It seems that scikit-learn has not been built correctly.\r\nE   \r\nE   If you have installed scikit-learn from source, please do not forget\r\nE   to build the package before using it: run `python setup.py install` or\r\nE   `make` in the source directory.\r\nE   \r\nE   If you have used an installer, please check that it is suited for your\r\nE   Python version, your operating system and your platform.\r\n=========================== short test summary info ===========================\r\nERROR sklearn/neighbors/tests/test_neighbors.py\r\n1 error in 0.05s\r\n"", ""stderr_head"": ""ERROR: found no collectors for [LOCAL_DRIVE]/lossoracc\\analysis_outputs\\work2_30_task_first_checkpoint_replay_current_20260901_v2\\scratch\\task__u1w8oxo\\branch_OrcaLoca\\sklearn\\neighbors\\tests\\test_neighbors.py::test_n_neighbors_datatype\r\n\r\n"", ""stdout_tail"": "" 'sklearn.__check_build._check_build'\r\nE   ___________________________________________________________________________\r\nE   Contents of [LOCAL_DRIVE]/lossoracc\\analysis_outputs\\work2_30_task_first_checkpoint_replay_current_20260901_v2\\scratch\\task__u1w8oxo\\branch_OrcaLoca\\sklearn\\__check_build:\r\nE   setup.py                  _check_build.pyx          __init__.py\r\nE   __pycache__\r\nE   ___________________________________________________________________________\r\nE   It seems that scikit-learn has not been built correctly.\r\nE   \r\nE   If you have installed scikit-learn from source, please do not forget\r\nE   to build the package before using it: run `python setup.py install` or\r\nE   `make` in the source directory.\r\nE   \r\nE   If you have used an installer, please check that it is suited for your\r\nE   Python version, your operating system and your platform.\r\n=========================== short test summary info ===========================\r\nERROR sklearn/neighbors/tests/test_neighbors.py\r\n1 error in 0.05s\r\n"", ""stderr_tail"": ""ERROR: found no collectors for [LOCAL_DRIVE]/lossoracc\\analysis_outputs\\work2_30_task_first_checkpoint_replay_current_20260901_v2\\scratch\\task__u1w8oxo\\branch_OrcaLoca\\sklearn\\neighbors\\tests\\test_neighbors.py::test_n_neighbors_datatype\r\n\r\n""}}",0,0,0,"Provider-free replay diagnostics and checkpoint transitions. F1 labels are setup/source proxies, F2 is an observed textual-conflict status, and none of these rows estimate survival, behavior, adaptation, cost, causality or population effects.",failure_diagnostics,diagnostic
astropy__astropy-12907,issue_resolution,astropy/astropy,python,human,astropy__astropy-12907-d30,30,future_textual_conflict,F2_textual_conflict,replay status explicitly reports textual conflict,NA,NA,True,NA,NA,NA,f5f39c0fff49347886f6d4e7670d7e67e37fd081,SWE-bench Lite local record; F2P-only pilot,0f3e44432ed8540e9526edff4f83793948a2f139fc3971b67c30043c1eb7964a,"98368901863b906b4cd5c1c7173d971961a16e1b: error: docs/changes/modeling/12907.bugfix.rst: No such file or directory
",0,0,0,"Provider-free replay diagnostics and checkpoint transitions. F1 labels are setup/source proxies, F2 is an observed textual-conflict status, and none of these rows estimate survival, behavior, adaptation, cost, causality or population effects.",failure_diagnostics,diagnostic
astropy__astropy-12907,issue_resolution,astropy/astropy,python,OrcaLoca,astropy__astropy-12907-d30,30,future_textual_conflict,F2_textual_conflict,replay status explicitly reports textual conflict,NA,NA,True,NA,NA,NA,f5f39c0fff49347886f6d4e7670d7e67e37fd081,SWE-bench Lite local record; F2P-only pilot,9ad64b2d5711f3da10ac19251857e6825ebc29d53d5fd296079b13d7c25dbc6f,"98368901863b906b4cd5c1c7173d971961a16e1b: error: docs/changes/modeling/12907.bugfix.rst: No such file or directory
",0,0,0,"Provider-free replay diagnostics and checkpoint transitions. F1 labels are setup/source proxies, F2 is an observed textual-conflict status, and none of these rows estimate survival, behavior, adaptation, cost, causality or population effects.",failure_diagnostics,diagnostic
astropy__astropy-12907,issue_resolution,astropy/astropy,python,human,astropy__astropy-12907-d90,90,future_textual_conflict,F2_textual_conflict,replay status explicitly reports textual conflict,NA,NA,True,NA,NA,NA,f7b1ac349183c4b88d74a4362654631b75e2559f,SWE-bench Lite local record; F2P-only pilot,0f3e44432ed8540e9526edff4f83793948a2f139fc3971b67c30043c1eb7964a,"98368901863b906b4cd5c1c7173d971961a16e1b: error: docs/changes/modeling/12907.bugfix.rst: No such file or directory
",0,0,0,"Provider-free replay diagnostics and checkpoint transitions. F1 labels are setup/source proxies, F2 is an observed textual-conflict status, and none of these rows estimate survival, behavior, adaptation, cost, causality or population effects.",failure_diagnostics,diagnostic
astropy__astropy-12907,issue_resolution,astropy/astropy,python,OrcaLoca,astropy__astropy-12907-d90,90,future_textual_conflict,F2_textual_conflict,replay status explicitly reports textual conflict,NA,NA,True,NA,NA,NA,f7b1ac349183c4b88d74a4362654631b75e2559f,SWE-bench Lite local record; F2P-only pilot,9ad64b2d5711f3da10ac19251857e6825ebc29d53d5fd296079b13d7c25dbc6f,"98368901863b906b4cd5c1c7173d971961a16e1b: error: docs/changes/modeling/12907.bugfix.rst: No such file or directory
",0,0,0,"Provider-free replay diagnostics and checkpoint transitions. F1 labels are setup/source proxies, F2 is an observed textual-conflict status, and none of these rows estimate survival, behavior, adaptation, cost, causality or population effects.",failure_diagnostics,diagnostic
astropy__astropy-12907,issue_resolution,astropy/astropy,python,human,astropy__astropy-12907-d180,180,future_textual_conflict,F2_textual_conflict,replay status explicitly reports textual conflict,NA,NA,True,NA,NA,NA,8d49de97158c32b69aef95cfbaf301b54593755e,SWE-bench Lite local record; F2P-only pilot,0f3e44432ed8540e9526edff4f83793948a2f139fc3971b67c30043c1eb7964a,"98368901863b906b4cd5c1c7173d971961a16e1b: error: docs/changes/modeling/12907.bugfix.rst: No such file or directory
",0,0,0,"Provider-free replay diagnostics and checkpoint transitions. F1 labels are setup/source proxies, F2 is an observed textual-conflict status, and none of these rows estimate survival, behavior, adaptation, cost, causality or population effects.",failure_diagnostics,diagnostic
astropy__astropy-12907,issue_resolution,astropy/astropy,python,OrcaLoca,astropy__astropy-12907-d180,180,future_textual_conflict,F2_textual_conflict,replay status explicitly reports textual conflict,NA,NA,True,NA,NA,NA,8d49de97158c32b69aef95cfbaf301b54593755e,SWE-bench Lite local record; F2P-only pilot,9ad64b2d5711f3da10ac19251857e6825ebc29d53d5fd296079b13d7c25dbc6f,"98368901863b906b4cd5c1c7173d971961a16e1b: error: docs/changes/modeling/12907.bugfix.rst: No such file or directory
",0,0,0,"Provider-free replay diagnostics and checkpoint transitions. F1 labels are setup/source proxies, F2 is an observed textual-conflict status, and none of these rows estimate survival, behavior, adaptation, cost, causality or population effects.",failure_diagnostics,diagnostic
astropy__astropy-12907,issue_resolution,astropy/astropy,python,human,astropy__astropy-12907-d365,365,future_textual_conflict,F2_textual_conflict,replay status explicitly reports textual conflict,NA,NA,True,NA,NA,NA,45d43bfda30130a2139b0db92c19fd0c982de66d,SWE-bench Lite local record; F2P-only pilot,0f3e44432ed8540e9526edff4f83793948a2f139fc3971b67c30043c1eb7964a,"98368901863b906b4cd5c1c7173d971961a16e1b: error: docs/changes/modeling/12907.bugfix.rst: No such file or directory
",0,0,0,"Provider-free replay diagnostics and checkpoint transitions. F1 labels are setup/source proxies, F2 is an observed textual-conflict status, and none of these rows estimate survival, behavior, adaptation, cost, causality or population effects.",failure_diagnostics,diagnostic
astropy__astropy-12907,issue_resolution,astropy/astropy,python,OrcaLoca,astropy__astropy-12907-d365,365,future_textual_conflict,F2_textual_conflict,replay status explicitly reports textual conflict,NA,NA,True,NA,NA,NA,45d43bfda30130a2139b0db92c19fd0c982de66d,SWE-bench Lite local record; F2P-only pilot,9ad64b2d5711f3da10ac19251857e6825ebc29d53d5fd296079b13d7c25dbc6f,"98368901863b906b4cd5c1c7173d971961a16e1b: error: docs/changes/modeling/12907.bugfix.rst: No such file or directory
",0,0,0,"Provider-free replay diagnostics and checkpoint transitions. F1 labels are setup/source proxies, F2 is an observed textual-conflict status, and none of these rows estimate survival, behavior, adaptation, cost, causality or population effects.",failure_diagnostics,diagnostic
astropy__astropy-14182,issue_resolution,astropy/astropy,python,human,astropy__astropy-14182-d30,30,checkpoint_replay_completed,replay_completed,replay status explicitly completed,True,0.0,NA,NA,NA,NA,adc70d859199969985522563a20a4744c09e8594,SWE-bench Lite local record; F2P-only pilot,1c80b57d515ed4da42842dff56cfec5b5c72fee6a469c9bb33f2f6b59dba0f3c,"{""build"": {""returncode"": 0, ""timed_out"": false, ""duration_seconds"": 8.564, ""stdout_sha256"": ""e3b0c44298fc1c149afbf4c8996fb92427ae41e4649b934ca495991b7852b855"", ""stderr_sha256"": ""e3b0c44298fc1c149afbf4c8996fb92427ae41e4649b934ca495991b7852b855"", ""stdout_head"": """", ""stderr_head"": """", ""stdout_tail"": """", ""stderr_tail"": """"}, ""future_test"": {""returncode"": 4, ""timed_out"": false, ""duration_seconds"": 0.524, ""stdout_sha256"": ""e3b0c44298fc1c149afbf4c8996fb92427ae41e4649b934ca495991b7852b855"", ""stderr_sha256"": ""dbb109fe4b5660ac89c05f21fc6c62b99a527ef46495d42860b199578466b272"", ""stdout_head"": """", ""stderr_head"": ""ImportError while loading conftest '[LOCAL_DRIVE]/lossoracc\\analysis_outputs\\work2_30_task_multicheckpoint_replay_current_20260901_v2\\scratch\\task_gq9_45un\\branch_human\\conftest.py'.\r\nconftest.py:9: in <module>\r\n    import hypothesis\r\nE   ModuleNotFoundError: No module named 'hypothesis'\r\n"", ""stdout_tail"": """", ""stderr_tail"": ""ImportError while loading conftest '[LOCAL_DRIVE]/lossoracc\\analysis_outputs\\work2_30_task_multicheckpoint_replay_current_20260901_v2\\scratch\\task_gq9_45un\\branch_human\\conftest.py'.\r\nconftest.py:9: in <module>\r\n    import hypothesis\r\nE   ModuleNotFoundError: No module named 'hypothesis'\r\n""}}",0,0,0,"Provider-free replay diagnostics and checkpoint transitions. F1 labels are setup/source proxies, F2 is an observed textual-conflict status, and none of these rows estimate survival, behavior, adaptation, cost, causality or population effects.",failure_diagnostics,diagnostic
astropy__astropy-14182,issue_resolution,astropy/astropy,python,OrcaLoca,astropy__astropy-14182-d30,30,checkpoint_replay_completed,replay_completed,replay status explicitly completed,True,0.0,NA,NA,NA,NA,adc70d859199969985522563a20a4744c09e8594,SWE-bench Lite local record; F2P-only pilot,436d728fe211fb292872f83c7d33c3ca8e5da7e8ef08352b0ddeef66eee14297,"{""build"": {""returncode"": 0, ""timed_out"": false, ""duration_seconds"": 7.67, ""stdout_sha256"": ""e3b0c44298fc1c149afbf4c8996fb92427ae41e4649b934ca495991b7852b855"", ""stderr_sha256"": ""e3b0c44298fc1c149afbf4c8996fb92427ae41e4649b934ca495991b7852b855"", ""stdout_head"": """", ""stderr_head"": """", ""stdout_tail"": """", ""stderr_tail"": """"}, ""future_test"": {""returncode"": 4, ""timed_out"": false, ""duration_seconds"": 0.375, ""stdout_sha256"": ""e3b0c44298fc1c149afbf4c8996fb92427ae41e4649b934ca495991b7852b855"", ""stderr_sha256"": ""cf44bf6606b6d49ded00e593744f546caf4405207e7c8dfc314092843fe996d9"", ""stdout_head"": """", ""stderr_head"": ""ImportError while loading conftest '[LOCAL_DRIVE]/lossoracc\\analysis_outputs\\work2_30_task_multicheckpoint_replay_current_20260901_v2\\scratch\\task_gq9_45un\\branch_OrcaLoca\\conftest.py'.\r\nconftest.py:9: in <module>\r\n    import hypothesis\r\nE   ModuleNotFoundError: No module named 'hypothesis'\r\n"", ""stdout_tail"": """", ""stderr_tail"": ""ImportError while loading conftest '[LOCAL_DRIVE]/lossoracc\\analysis_outputs\\work2_30_task_multicheckpoint_replay_current_20260901_v2\\scratch\\task_gq9_45un\\branch_OrcaLoca\\conftest.py'.\r\nconftest.py:9: in <module>\r\n    import hypothesis\r\nE   ModuleNotFoundError: No module named 'hypothesis'\r\n""}}",0,0,0,"Provider-free replay diagnostics and checkpoint transitions. F1 labels are setup/source proxies, F2 is an observed textual-conflict status, and none of these rows estimate survival, behavior, adaptation, cost, causality or population effects.",failure_diagnostics,diagnostic
astropy__astropy-14182,issue_resolution,astropy/astropy,python,human,astropy__astropy-14182-d90,90,checkpoint_replay_completed,replay_completed,replay status explicitly completed,True,0.0,NA,NA,NA,NA,f8877ac3ce7d6a175c17cc741ff688f0037caa8d,SWE-bench Lite local record; F2P-only pilot,1c80b57d515ed4da42842dff56cfec5b5c72fee6a469c9bb33f2f6b59dba0f3c,"{""build"": {""returncode"": 0, ""timed_out"": false, ""duration_seconds"": 7.511, ""stdout_sha256"": ""e3b0c44298fc1c149afbf4c8996fb92427ae41e4649b934ca495991b7852b855"", ""stderr_sha256"": ""e3b0c44298fc1c149afbf4c8996fb92427ae41e4649b934ca495991b7852b855"", ""stdout_head"": """", ""stderr_head"": """", ""stdout_tail"": """", ""stderr_tail"": """"}, ""future_test"": {""returncode"": 4, ""timed_out"": false, ""duration_seconds"": 0.425, ""stdout_sha256"": ""e3b0c44298fc1c149afbf4c8996fb92427ae41e4649b934ca495991b7852b855"", ""stderr_sha256"": ""03afae0e017d32cc0e841b91842e4cf57565c88c9921ec362e63ebbdf2c1c475"", ""stdout_head"": """", ""stderr_head"": ""ImportError while loading conftest '[LOCAL_DRIVE]/lossoracc\\analysis_outputs\\work2_30_task_multicheckpoint_replay_current_20260901_v2\\scratch\\task_0q_xae6b\\branch_human\\conftest.py'.\r\nconftest.py:9: in <module>\r\n    import hypothesis\r\nE   ModuleNotFoundError: No module named 'hypothesis'\r\n"", ""stdout_tail"": """", ""stderr_tail"": ""ImportError while loading conftest '[LOCAL_DRIVE]/lossoracc\\analysis_outputs\\work2_30_task_multicheckpoint_replay_current_20260901_v2\\scratch\\task_0q_xae6b\\branch_human\\conftest.py'.\r\nconftest.py:9: in <module>\r\n    import hypothesis\r\nE   ModuleNotFoundError: No module named 'hypothesis'\r\n""}}",0,0,0,"Provider-free replay diagnostics and checkpoint transitions. F1 labels are setup/source proxies, F2 is an observed textual-conflict status, and none of these rows estimate survival, behavior, adaptation, cost, causality or population effects.",failure_diagnostics,diagnostic
astropy__astropy-14182,issue_resolution,astropy/astropy,python,OrcaLoca,astropy__astropy-14182-d90,90,checkpoint_replay_completed,replay_completed,replay status explicitly completed,True,0.0,NA,NA,NA,NA,f8877ac3ce7d6a175c17cc741ff688f0037caa8d,SWE-bench Lite local record; F2P-only pilot,436d728fe211fb292872f83c7d33c3ca8e5da7e8ef08352b0ddeef66eee14297,"{""build"": {""returncode"": 0, ""timed_out"": false, ""duration_seconds"": 7.155, ""stdout_sha256"": ""e3b0c44298fc1c149afbf4c8996fb92427ae41e4649b934ca495991b7852b855"", ""stderr_sha256"": ""e3b0c44298fc1c149afbf4c8996fb92427ae41e4649b934ca495991b7852b855"", ""stdout_head"": """", ""stderr_head"": """", ""stdout_tail"": """", ""stderr_tail"": """"}, ""future_test"": {""returncode"": 4, ""timed_out"": false, ""duration_seconds"": 0.468, ""stdout_sha256"": ""e3b0c44298fc1c149afbf4c8996fb92427ae41e4649b934ca495991b7852b855"", ""stderr_sha256"": ""a8d3deec0c8a4223a38770b46ea95416eee06287fcba371720497a37c6a580a1"", ""stdout_head"": """", ""stderr_head"": ""ImportError while loading conftest '[LOCAL_DRIVE]/lossoracc\\analysis_outputs\\work2_30_task_multicheckpoint_replay_current_20260901_v2\\scratch\\task_0q_xae6b\\branch_OrcaLoca\\conftest.py'.\r\nconftest.py:9: in <module>\r\n    import hypothesis\r\nE   ModuleNotFoundError: No module named 'hypothesis'\r\n"", ""stdout_tail"": """", ""stderr_tail"": ""ImportError while loading conftest '[LOCAL_DRIVE]/lossoracc\\analysis_outputs\\work2_30_task_multicheckpoint_replay_current_20260901_v2\\scratch\\task_0q_xae6b\\branch_OrcaLoca\\conftest.py'.\r\nconftest.py:9: in <module>\r\n    import hypothesis\r\nE   ModuleNotFoundError: No module named 'hypothesis'\r\n""}}",0,0,0,"Provider-free replay diagnostics and checkpoint transitions. F1 labels are setup/source proxies, F2 is an observed textual-conflict status, and none of these rows estimate survival, behavior, adaptation, cost, causality or population effects.",failure_diagnostics,diagnostic
astropy__astropy-14182,issue_resolution,astropy/astropy,python,human,astropy__astropy-14182-d180,180,future_textual_conflict,F2_textual_conflict,replay status explicitly reports textual conflict,NA,NA,True,NA,NA,NA,aa2c05dc222f36630c4bff7ca2b0c1f676b29561,SWE-bench Lite local record; F2P-only pilot,1c80b57d515ed4da42842dff56cfec5b5c72fee6a469c9bb33f2f6b59dba0f3c,"ad55d5437f5ed3211f6397f288ec76dbbf1512f7: error: docs/changes/io.ascii/14182.feature.rst: No such file or directory
",0,0,0,"Provider-free replay diagnostics and checkpoint transitions. F1 labels are setup/source proxies, F2 is an observed textual-conflict status, and none of these rows estimate survival, behavior, adaptation, cost, causality or population effects.",failure_diagnostics,diagnostic
astropy__astropy-14182,issue_resolution,astropy/astropy,python,OrcaLoca,astropy__astropy-14182-d180,180,future_textual_conflict,F2_textual_conflict,replay status explicitly reports textual conflict,NA,NA,True,NA,NA,NA,aa2c05dc222f36630c4bff7ca2b0c1f676b29561,SWE-bench Lite local record; F2P-only pilot,436d728fe211fb292872f83c7d33c3ca8e5da7e8ef08352b0ddeef66eee14297,"ad55d5437f5ed3211f6397f288ec76dbbf1512f7: error: docs/changes/io.ascii/14182.feature.rst: No such file or directory
",0,0,0,"Provider-free replay diagnostics and checkpoint transitions. F1 labels are setup/source proxies, F2 is an observed textual-conflict status, and none of these rows estimate survival, behavior, adaptation, cost, causality or population effects.",failure_diagnostics,diagnostic
astropy__astropy-14182,issue_resolution,astropy/astropy,python,human,astropy__astropy-14182-d365,365,future_textual_conflict,F2_textual_conflict,replay status explicitly reports textual conflict,NA,NA,True,NA,NA,NA,103a55a1017d711779fb04d66efb02645b1c0da1,SWE-bench Lite local record; F2P-only pilot,1c80b57d515ed4da42842dff56cfec5b5c72fee6a469c9bb33f2f6b59dba0f3c,"ad55d5437f5ed3211f6397f288ec76dbbf1512f7: error: docs/changes/io.ascii/14182.feature.rst: No such file or directory
",0,0,0,"Provider-free replay diagnostics and checkpoint transitions. F1 labels are setup/source proxies, F2 is an observed textual-conflict status, and none of these rows estimate survival, behavior, adaptation, cost, causality or population effects.",failure_diagnostics,diagnostic
astropy__astropy-14182,issue_resolution,astropy/astropy,python,OrcaLoca,astropy__astropy-14182-d365,365,future_textual_conflict,F2_textual_conflict,replay status explicitly reports textual conflict,NA,NA,True,NA,NA,NA,103a55a1017d711779fb04d66efb02645b1c0da1,SWE-bench Lite local record; F2P-only pilot,436d728fe211fb292872f83c7d33c3ca8e5da7e8ef08352b0ddeef66eee14297,"ad55d5437f5ed3211f6397f288ec76dbbf1512f7: error: docs/changes/io.ascii/14182.feature.rst: No such file or directory
",0,0,0,"Provider-free replay diagnostics and checkpoint transitions. F1 labels are setup/source proxies, F2 is an observed textual-conflict status, and none of these rows estimate survival, behavior, adaptation, cost, causality or population effects.",failure_diagnostics,diagnostic
astropy__astropy-14365,issue_resolution,astropy/astropy,python,human,astropy__astropy-14365-d30,30,checkpoint_replay_completed,replay_completed,replay status explicitly completed,True,0.0,NA,NA,NA,NA,80f5a7181afcea9e32a106b94a81e129b6659754,SWE-bench Lite local record; F2P-only pilot,42420ff7003feddd01ddde186a66486ab686dc91af2a3155970dea6ca4df63c3,"{""build"": {""returncode"": 0, ""timed_out"": false, ""duration_seconds"": 7.118, ""stdout_sha256"": ""e3b0c44298fc1c149afbf4c8996fb92427ae41e4649b934ca495991b7852b855"", ""stderr_sha256"": ""e3b0c44298fc1c149afbf4c8996fb92427ae41e4649b934ca495991b7852b855"", ""stdout_head"": """", ""stderr_head"": """", ""stdout_tail"": """", ""stderr_tail"": """"}, ""future_test"": {""returncode"": 4, ""timed_out"": false, ""duration_seconds"": 0.393, ""stdout_sha256"": ""e3b0c44298fc1c149afbf4c8996fb92427ae41e4649b934ca495991b7852b855"", ""stderr_sha256"": ""d70915fc2ba7a0e2a0e65c787893f6824e1eccd3fa98079b0093fac925bf2549"", ""stdout_head"": """", ""stderr_head"": ""ImportError while loading conftest '[LOCAL_DRIVE]/lossoracc\\analysis_outputs\\work2_30_task_multicheckpoint_replay_current_20260901_v2\\scratch\\task_wtzsek3o\\branch_human\\conftest.py'.\r\nconftest.py:9: in <module>\r\n    import hypothesis\r\nE   ModuleNotFoundError: No module named 'hypothesis'\r\n"", ""stdout_tail"": """", ""stderr_tail"": ""ImportError while loading conftest '[LOCAL_DRIVE]/lossoracc\\analysis_outputs\\work2_30_task_multicheckpoint_replay_current_20260901_v2\\scratch\\task_wtzsek3o\\branch_human\\conftest.py'.\r\nconftest.py:9: in <module>\r\n    import hypothesis\r\nE   ModuleNotFoundError: No module named 'hypothesis'\r\n""}}",0,0,0,"Provider-free replay diagnostics and checkpoint transitions. F1 labels are setup/source proxies, F2 is an observed textual-conflict status, and none of these rows estimate survival, behavior, adaptation, cost, causality or population effects.",failure_diagnostics,diagnostic
astropy__astropy-14365,issue_resolution,astropy/astropy,python,OrcaLoca,astropy__astropy-14365-d30,30,checkpoint_replay_completed,replay_completed,replay status explicitly completed,True,0.0,NA,NA,NA,NA,80f5a7181afcea9e32a106b94a81e129b6659754,SWE-bench Lite local record; F2P-only pilot,765f1a0d453527d020e3002e62fdc569cb35b46016a4355d3e96891b79c810b6,"{""build"": {""returncode"": 0, ""timed_out"": false, ""duration_seconds"": 6.731, ""stdout_sha256"": ""e3b0c44298fc1c149afbf4c8996fb92427ae41e4649b934ca495991b7852b855"", ""stderr_sha256"": ""e3b0c44298fc1c149afbf4c8996fb92427ae41e4649b934ca495991b7852b855"", ""stdout_head"": """", ""stderr_head"": """", ""stdout_tail"": """", ""stderr_tail"": """"}, ""future_test"": {""returncode"": 4, ""timed_out"": false, ""duration_seconds"": 0.494, ""stdout_sha256"": ""e3b0c44298fc1c149afbf4c8996fb92427ae41e4649b934ca495991b7852b855"", ""stderr_sha256"": ""27bca5bd66c3cafcbd70ee01b53a0175f77730703236f2d8279e176f02f2e27e"", ""stdout_head"": """", ""stderr_head"": ""ImportError while loading conftest '[LOCAL_DRIVE]/lossoracc\\analysis_outputs\\work2_30_task_multicheckpoint_replay_current_20260901_v2\\scratch\\task_wtzsek3o\\branch_OrcaLoca\\conftest.py'.\r\nconftest.py:9: in <module>\r\n    import hypothesis\r\nE   ModuleNotFoundError: No module named 'hypothesis'\r\n"", ""stdout_tail"": """", ""stderr_tail"": ""ImportError while loading conftest '[LOCAL_DRIVE]/lossoracc\\analysis_outputs\\work2_30_task_multicheckpoint_replay_current_20260901_v2\\scratch\\task_wtzsek3o\\branch_OrcaLoca\\conftest.py'.\r\nconftest.py:9: in <module>\r\n    import hypothesis\r\nE   ModuleNotFoundError: No module named 'hypothesis'\r\n""}}",0,0,0,"Provider-free replay diagnostics and checkpoint transitions. F1 labels are setup/source proxies, F2 is an observed textual-conflict status, and none of these rows estimate survival, behavior, adaptation, cost, causality or population effects.",failure_diagnostics,diagnostic
astropy__astropy-14365,issue_resolution,astropy/astropy,python,human,astropy__astropy-14365-d90,90,future_textual_conflict,F2_textual_conflict,replay status explicitly reports textual conflict,NA,NA,True,NA,NA,NA,72e09571fa838081689b4e27603fa45225bdb458,SWE-bench Lite local record; F2P-only pilot,42420ff7003feddd01ddde186a66486ab686dc91af2a3155970dea6ca4df63c3,"ad55d5437f5ed3211f6397f288ec76dbbf1512f7: error: docs/changes/io.ascii/14365.bugfix.rst: No such file or directory
",0,0,0,"Provider-free replay diagnostics and checkpoint transitions. F1 labels are setup/source proxies, F2 is an observed textual-conflict status, and none of these rows estimate survival, behavior, adaptation, cost, causality or population effects.",failure_diagnostics,diagnostic
astropy__astropy-14365,issue_resolution,astropy/astropy,python,OrcaLoca,astropy__astropy-14365-d90,90,future_textual_conflict,F2_textual_conflict,replay status explicitly reports textual conflict,NA,NA,True,NA,NA,NA,72e09571fa838081689b4e27603fa45225bdb458,SWE-bench Lite local record; F2P-only pilot,765f1a0d453527d020e3002e62fdc569cb35b46016a4355d3e96891b79c810b6,"ad55d5437f5ed3211f6397f288ec76dbbf1512f7: error: docs/changes/io.ascii/14365.bugfix.rst: No such file or directory
",0,0,0,"Provider-free replay diagnostics and checkpoint transitions. F1 labels are setup/source proxies, F2 is an observed textual-conflict status, and none of these rows estimate survival, behavior, adaptation, cost, causality or population effects.",failure_diagnostics,diagnostic
astropy__astropy-14365,issue_resolution,astropy/astropy,python,human,astropy__astropy-14365-d180,180,future_textual_conflict,F2_textual_conflict,replay status explicitly reports textual conflict,NA,NA,True,NA,NA,NA,a99f8c02722608775e07e17b49b99ff6657dce3f,SWE-bench Lite local record; F2P-only pilot,42420ff7003feddd01ddde186a66486ab686dc91af2a3155970dea6ca4df63c3,"ad55d5437f5ed3211f6397f288ec76dbbf1512f7: error: docs/changes/io.ascii/14365.bugfix.rst: No such file or directory
",0,0,0,"Provider-free replay diagnostics and checkpoint transitions. F1 labels are setup/source proxies, F2 is an observed textual-conflict status, and none of these rows estimate survival, behavior, adaptation, cost, causality or population effects.",failure_diagnostics,diagnostic
astropy__astropy-14365,issue_resolution,astropy/astropy,python,OrcaLoca,astropy__astropy-14365-d180,180,future_textual_conflict,F2_textual_conflict,replay status explicitly reports textual conflict,NA,NA,True,NA,NA,NA,a99f8c02722608775e07e17b49b99ff6657dce3f,SWE-bench Lite local record; F2P-only pilot,765f1a0d453527d020e3002e62fdc569cb35b46016a4355d3e96891b79c810b6,"ad55d5437f5ed3211f6397f288ec76dbbf1512f7: error: docs/changes/io.ascii/14365.bugfix.rst: No such file or directory
",0,0,0,"Provider-free replay diagnostics and checkpoint transitions. F1 labels are setup/source proxies, F2 is an observed textual-conflict status, and none of these rows estimate survival, behavior, adaptation, cost, causality or population effects.",failure_diagnostics,diagnostic
astropy__astropy-14365,issue_resolution,astropy/astropy,python,human,astropy__astropy-14365-d365,365,future_textual_conflict,F2_textual_conflict,replay status explicitly reports textual conflict,NA,NA,True,NA,NA,NA,0501404f010461fd0a185faad3a2851977fb4ce2,SWE-bench Lite local record; F2P-only pilot,42420ff7003feddd01ddde186a66486ab686dc91af2a3155970dea6ca4df63c3,"ad55d5437f5ed3211f6397f288ec76dbbf1512f7: error: docs/changes/io.ascii/14365.bugfix.rst: No such file or directory
",0,0,0,"Provider-free replay diagnostics and checkpoint transitions. F1 labels are setup/source proxies, F2 is an observed textual-conflict status, and none of these rows estimate survival, behavior, adaptation, cost, causality or population effects.",failure_diagnostics,diagnostic
astropy__astropy-14365,issue_resolution,astropy/astropy,python,OrcaLoca,astropy__astropy-14365-d365,365,future_textual_conflict,F2_textual_conflict,replay status explicitly reports textual conflict,NA,NA,True,NA,NA,NA,0501404f010461fd0a185faad3a2851977fb4ce2,SWE-bench Lite local record; F2P-only pilot,765f1a0d453527d020e3002e62fdc569cb35b46016a4355d3e96891b79c810b6,"ad55d5437f5ed3211f6397f288ec76dbbf1512f7: error: docs/changes/io.ascii/14365.bugfix.rst: No such file or directory
",0,0,0,"Provider-free replay diagnostics and checkpoint transitions. F1 labels are setup/source proxies, F2 is an observed textual-conflict status, and none of these rows estimate survival, behavior, adaptation, cost, causality or population effects.",failure_diagnostics,diagnostic
matplotlib__matplotlib-22711,issue_resolution,matplotlib/matplotlib,python,human,matplotlib__matplotlib-22711-d30,30,checkpoint_replay_completed,replay_completed,replay status explicitly completed,True,0.0,NA,NA,NA,NA,1a016f0395c3a8d87b632a47d813db2491863164,SWE-bench Lite local record; F2P-only pilot,ce5c888976765166d051a0bc8d0916683610e8e2380ac37ea85e08cb3a61ee4a,"{""build"": {""returncode"": 0, ""timed_out"": false, ""duration_seconds"": 16.177, ""stdout_sha256"": ""e3b0c44298fc1c149afbf4c8996fb92427ae41e4649b934ca495991b7852b855"", ""stderr_sha256"": ""e3b0c44298fc1c149afbf4c8996fb92427ae41e4649b934ca495991b7852b855"", ""stdout_head"": """", ""stderr_head"": """", ""stdout_tail"": """", ""stderr_tail"": """"}, ""future_test"": {""returncode"": 4, ""timed_out"": false, ""duration_seconds"": 0.794, ""stdout_sha256"": ""e3b0c44298fc1c149afbf4c8996fb92427ae41e4649b934ca495991b7852b855"", ""stderr_sha256"": ""5be04633eda1bf02544d78e1795d6b477ec3e2ad163a1f5146dc6aaeaef7b813"", ""stdout_head"": """", ""stderr_head"": ""ImportError while loading conftest '[LOCAL_DRIVE]/lossoracc\\analysis_outputs\\work2_30_task_multicheckpoint_replay_current_20260901_v2\\scratch\\task_zgv6fsl2\\branch_human\\lib\\matplotlib\\tests\\conftest.py'.\r\nlib\\matplotlib\\__init__.py:113: in <module>\r\n    from . import _api, _version, cbook, _docstring, rcsetup\r\nlib\\matplotlib\\cbook\\__init__.py:31: in <module>\r\n    from matplotlib import _api, _c_internal_utils\r\nE   ImportError: cannot import name '_c_internal_utils' from partially initialized module 'matplotlib' (most likely due to a circular import) ([LOCAL_DRIVE]/lossoracc\\analysis_outputs\\work2_30_task_multicheckpoint_replay_current_20260901_v2\\scratch\\task_zgv6fsl2\\branch_human\\lib\\matplotlib\\__init__.py)\r\n"", ""stdout_tail"": """", ""stderr_tail"": ""ImportError while loading conftest '[LOCAL_DRIVE]/lossoracc\\analysis_outputs\\work2_30_task_multicheckpoint_replay_current_20260901_v2\\scratch\\task_zgv6fsl2\\branch_human\\lib\\matplotlib\\tests\\conftest.py'.\r\nlib\\matplotlib\\__init__.py:113: in <module>\r\n    from . import _api, _version, cbook, _docstring, rcsetup\r\nlib\\matplotlib\\cbook\\__init__.py:31: in <module>\r\n    from matplotlib import _api, _c_internal_utils\r\nE   ImportError: cannot import name '_c_internal_utils' from partially initialized module 'matplotlib' (most likely due to a circular import) ([LOCAL_DRIVE]/lossoracc\\analysis_outputs\\work2_30_task_multicheckpoint_replay_current_20260901_v2\\scratch\\task_zgv6fsl2\\branch_human\\lib\\matplotlib\\__init__.py)\r\n""}}",0,0,0,"Provider-free replay diagnostics and checkpoint transitions. F1 labels are setup/source proxies, F2 is an observed textual-conflict status, and none of these rows estimate survival, behavior, adaptation, cost, causality or population effects.",failure_diagnostics,diagnostic
matplotlib__matplotlib-22711,issue_resolution,matplotlib/matplotlib,python,OrcaLoca,matplotlib__matplotlib-22711-d30,30,checkpoint_replay_completed,replay_completed,replay status explicitly completed,True,0.0,NA,NA,NA,NA,1a016f0395c3a8d87b632a47d813db2491863164,SWE-bench Lite local record; F2P-only pilot,e6175179a125f5d2786310ed098deca74a434ed77258b5dd26a00cad34ff43c5,"{""build"": {""returncode"": 0, ""timed_out"": false, ""duration_seconds"": 14.5, ""stdout_sha256"": ""e3b0c44298fc1c149afbf4c8996fb92427ae41e4649b934ca495991b7852b855"", ""stderr_sha256"": ""e3b0c44298fc1c149afbf4c8996fb92427ae41e4649b934ca495991b7852b855"", ""stdout_head"": """", ""stderr_head"": """", ""stdout_tail"": """", ""stderr_tail"": """"}, ""future_test"": {""returncode"": 4, ""timed_out"": false, ""duration_seconds"": 1.225, ""stdout_sha256"": ""e3b0c44298fc1c149afbf4c8996fb92427ae41e4649b934ca495991b7852b855"", ""stderr_sha256"": ""eabe6190731aa193b93cb18762c27161fa6bdc99772fc914478fbb93f9153963"", ""stdout_head"": """", ""stderr_head"": ""ImportError while loading conftest '[LOCAL_DRIVE]/lossoracc\\analysis_outputs\\work2_30_task_multicheckpoint_replay_current_20260901_v2\\scratch\\task_zgv6fsl2\\branch_OrcaLoca\\lib\\matplotlib\\tests\\conftest.py'.\r\nlib\\matplotlib\\__init__.py:113: in <module>\r\n    from . import _api, _version, cbook, _docstring, rcsetup\r\nlib\\matplotlib\\cbook\\__init__.py:31: in <module>\r\n    from matplotlib import _api, _c_internal_utils\r\nE   ImportError: cannot import name '_c_internal_utils' from partially initialized module 'matplotlib' (most likely due to a circular import) ([LOCAL_DRIVE]/lossoracc\\analysis_outputs\\work2_30_task_multicheckpoint_replay_current_20260901_v2\\scratch\\task_zgv6fsl2\\branch_OrcaLoca\\lib\\matplotlib\\__init__.py)\r\n"", ""stdout_tail"": """", ""stderr_tail"": ""ImportError while loading conftest '[LOCAL_DRIVE]/lossoracc\\analysis_outputs\\work2_30_task_multicheckpoint_replay_current_20260901_v2\\scratch\\task_zgv6fsl2\\branch_OrcaLoca\\lib\\matplotlib\\tests\\conftest.py'.\r\nlib\\matplotlib\\__init__.py:113: in <module>\r\n    from . import _api, _version, cbook, _docstring, rcsetup\r\nlib\\matplotlib\\cbook\\__init__.py:31: in <module>\r\n    from matplotlib import _api, _c_internal_utils\r\nE   ImportError: cannot import name '_c_internal_utils' from partially initialized module 'matplotlib' (most likely due to a circular import) ([LOCAL_DRIVE]/lossoracc\\analysis_outputs\\work2_30_task_multicheckpoint_replay_current_20260901_v2\\scratch\\task_zgv6fsl2\\branch_OrcaLoca\\lib\\matplotlib\\__init__.py)\r\n""}}",0,0,0,"Provider-free replay diagnostics and checkpoint transitions. F1 labels are setup/source proxies, F2 is an observed textual-conflict status, and none of these rows estimate survival, behavior, adaptation, cost, causality or population effects.",failure_diagnostics,diagnostic
matplotlib__matplotlib-22711,issue_resolution,matplotlib/matplotlib,python,human,matplotlib__matplotlib-22711-d90,90,future_textual_conflict,F2_textual_conflict,replay status explicitly reports textual conflict,NA,NA,True,NA,NA,NA,b02334b6e207bf155c1fa92e50a6607abdf4633a,SWE-bench Lite local record; F2P-only pilot,ce5c888976765166d051a0bc8d0916683610e8e2380ac37ea85e08cb3a61ee4a,"bed236261a74045a0e4a85fc930bc0ad0da786bb: error: patch failed: lib/matplotlib/tests/test_widgets.py:1161
error: lib/matplotlib/tests/test_widgets.py: patch does not apply
",0,0,0,"Provider-free replay diagnostics and checkpoint transitions. F1 labels are setup/source proxies, F2 is an observed textual-conflict status, and none of these rows estimate survival, behavior, adaptation, cost, causality or population effects.",failure_diagnostics,diagnostic
matplotlib__matplotlib-22711,issue_resolution,matplotlib/matplotlib,python,OrcaLoca,matplotlib__matplotlib-22711-d90,90,future_textual_conflict,F2_textual_conflict,replay status explicitly reports textual conflict,NA,NA,True,NA,NA,NA,b02334b6e207bf155c1fa92e50a6607abdf4633a,SWE-bench Lite local record; F2P-only pilot,e6175179a125f5d2786310ed098deca74a434ed77258b5dd26a00cad34ff43c5,"bed236261a74045a0e4a85fc930bc0ad0da786bb: error: patch failed: lib/matplotlib/tests/test_widgets.py:1161
error: lib/matplotlib/tests/test_widgets.py: patch does not apply
error: patch failed: lib/matplotlib/widgets.py:903
error: lib/matplotlib/widgets.py: patch does not apply
",0,0,0,"Provider-free replay diagnostics and checkpoint transitions. F1 labels are setup/source proxies, F2 is an observed textual-conflict status, and none of these rows estimate survival, behavior, adaptation, cost, causality or population effects.",failure_diagnostics,diagnostic
matplotlib__matplotlib-22711,issue_resolution,matplotlib/matplotlib,python,human,matplotlib__matplotlib-22711-d180,180,future_textual_conflict,F2_textual_conflict,replay status explicitly reports textual conflict,NA,NA,True,NA,NA,NA,d226954190e4d3299de4b600af0c19763a41edee,SWE-bench Lite local record; F2P-only pilot,ce5c888976765166d051a0bc8d0916683610e8e2380ac37ea85e08cb3a61ee4a,"bed236261a74045a0e4a85fc930bc0ad0da786bb: error: patch failed: lib/matplotlib/tests/test_widgets.py:1161
error: lib/matplotlib/tests/test_widgets.py: patch does not apply
",0,0,0,"Provider-free replay diagnostics and checkpoint transitions. F1 labels are setup/source proxies, F2 is an observed textual-conflict status, and none of these rows estimate survival, behavior, adaptation, cost, causality or population effects.",failure_diagnostics,diagnostic
matplotlib__matplotlib-22711,issue_resolution,matplotlib/matplotlib,python,OrcaLoca,matplotlib__matplotlib-22711-d180,180,future_textual_conflict,F2_textual_conflict,replay status explicitly reports textual conflict,NA,NA,True,NA,NA,NA,d226954190e4d3299de4b600af0c19763a41edee,SWE-bench Lite local record; F2P-only pilot,e6175179a125f5d2786310ed098deca74a434ed77258b5dd26a00cad34ff43c5,"bed236261a74045a0e4a85fc930bc0ad0da786bb: error: patch failed: lib/matplotlib/tests/test_widgets.py:1161
error: lib/matplotlib/tests/test_widgets.py: patch does not apply
error: patch failed: lib/matplotlib/widgets.py:903
error: lib/matplotlib/widgets.py: patch does not apply
",0,0,0,"Provider-free replay diagnostics and checkpoint transitions. F1 labels are setup/source proxies, F2 is an observed textual-conflict status, and none of these rows estimate survival, behavior, adaptation, cost, causality or population effects.",failure_diagnostics,diagnostic
matplotlib__matplotlib-22711,issue_resolution,matplotlib/matplotlib,python,human,matplotlib__matplotlib-22711-d365,365,future_textual_conflict,F2_textual_conflict,replay status explicitly reports textual conflict,NA,NA,True,NA,NA,NA,c8aaa903df68d6c82c59cb5a344b11232a4493e8,SWE-bench Lite local record; F2P-only pilot,ce5c888976765166d051a0bc8d0916683610e8e2380ac37ea85e08cb3a61ee4a,"bed236261a74045a0e4a85fc930bc0ad0da786bb: error: patch failed: lib/matplotlib/tests/test_widgets.py:1161
error: lib/matplotlib/tests/test_widgets.py: patch does not apply
",0,0,0,"Provider-free replay diagnostics and checkpoint transitions. F1 labels are setup/source proxies, F2 is an observed textual-conflict status, and none of these rows estimate survival, behavior, adaptation, cost, causality or population effects.",failure_diagnostics,diagnostic
matplotlib__matplotlib-22711,issue_resolution,matplotlib/matplotlib,python,OrcaLoca,matplotlib__matplotlib-22711-d365,365,future_textual_conflict,F2_textual_conflict,replay status explicitly reports textual conflict,NA,NA,True,NA,NA,NA,c8aaa903df68d6c82c59cb5a344b11232a4493e8,SWE-bench Lite local record; F2P-only pilot,e6175179a125f5d2786310ed098deca74a434ed77258b5dd26a00cad34ff43c5,"bed236261a74045a0e4a85fc930bc0ad0da786bb: error: patch failed: lib/matplotlib/tests/test_widgets.py:1161
error: lib/matplotlib/tests/test_widgets.py: patch does not apply
error: patch failed: lib/matplotlib/widgets.py:903
error: lib/matplotlib/widgets.py: patch does not apply
",0,0,0,"Provider-free replay diagnostics and checkpoint transitions. F1 labels are setup/source proxies, F2 is an observed textual-conflict status, and none of these rows estimate survival, behavior, adaptation, cost, causality or population effects.",failure_diagnostics,diagnostic
matplotlib__matplotlib-23299,issue_resolution,matplotlib/matplotlib,python,human,matplotlib__matplotlib-23299-d30,30,checkpoint_replay_completed,replay_completed,replay status explicitly completed,True,0.0,NA,NA,NA,NA,5fc0441f3b5848ef864e6ed74e3b0e5edcea8dec,SWE-bench Lite local record; F2P-only pilot,b15079ba0b887c4386893f5beb03cc077d9ff65b167d1910de6bfbc8151cfb2e,"{""build"": {""returncode"": 0, ""timed_out"": false, ""duration_seconds"": 6.394, ""stdout_sha256"": ""e3b0c44298fc1c149afbf4c8996fb92427ae41e4649b934ca495991b7852b855"", ""stderr_sha256"": ""e3b0c44298fc1c149afbf4c8996fb92427ae41e4649b934ca495991b7852b855"", ""stdout_head"": """", ""stderr_head"": """", ""stdout_tail"": """", ""stderr_tail"": """"}, ""future_test"": {""returncode"": 4, ""timed_out"": false, ""duration_seconds"": 0.709, ""stdout_sha256"": ""e3b0c44298fc1c149afbf4c8996fb92427ae41e4649b934ca495991b7852b855"", ""stderr_sha256"": ""cb733bfa18f46bae1ff7f7157fdadbaa3dafe6f4b2c50a9f57620785be6489c5"", ""stdout_head"": """", ""stderr_head"": ""ImportError while loading conftest '[LOCAL_DRIVE]/lossoracc\\analysis_outputs\\work2_30_task_multicheckpoint_replay_current_20260901_v2\\scratch\\task_gq9198nr\\branch_human\\lib\\matplotlib\\tests\\conftest.py'.\r\nlib\\matplotlib\\__init__.py:113: in <module>\r\n    from . import _api, _version, cbook, _docstring, rcsetup\r\nlib\\matplotlib\\cbook\\__init__.py:31: in <module>\r\n    from matplotlib import _api, _c_internal_utils\r\nE   ImportError: cannot import name '_c_internal_utils' from partially initialized module 'matplotlib' (most likely due to a circular import) ([LOCAL_DRIVE]/lossoracc\\analysis_outputs\\work2_30_task_multicheckpoint_replay_current_20260901_v2\\scratch\\task_gq9198nr\\branch_human\\lib\\matplotlib\\__init__.py)\r\n"", ""stdout_tail"": """", ""stderr_tail"": ""ImportError while loading conftest '[LOCAL_DRIVE]/lossoracc\\analysis_outputs\\work2_30_task_multicheckpoint_replay_current_20260901_v2\\scratch\\task_gq9198nr\\branch_human\\lib\\matplotlib\\tests\\conftest.py'.\r\nlib\\matplotlib\\__init__.py:113: in <module>\r\n    from . import _api, _version, cbook, _docstring, rcsetup\r\nlib\\matplotlib\\cbook\\__init__.py:31: in <module>\r\n    from matplotlib import _api, _c_internal_utils\r\nE   ImportError: cannot import name '_c_internal_utils' from partially initialized module 'matplotlib' (most likely due to a circular import) ([LOCAL_DRIVE]/lossoracc\\analysis_outputs\\work2_30_task_multicheckpoint_replay_current_20260901_v2\\scratch\\task_gq9198nr\\branch_human\\lib\\matplotlib\\__init__.py)\r\n""}}",0,0,0,"Provider-free replay diagnostics and checkpoint transitions. F1 labels are setup/source proxies, F2 is an observed textual-conflict status, and none of these rows estimate survival, behavior, adaptation, cost, causality or population effects.",failure_diagnostics,diagnostic
matplotlib__matplotlib-23299,issue_resolution,matplotlib/matplotlib,python,OrcaLoca,matplotlib__matplotlib-23299-d30,30,checkpoint_replay_completed,replay_completed,replay status explicitly completed,True,0.0,NA,NA,NA,NA,5fc0441f3b5848ef864e6ed74e3b0e5edcea8dec,SWE-bench Lite local record; F2P-only pilot,7baf90c72e78a8d69d2e0fe5d65d51d8f876344f448ffc481b99ad6801209d43,"{""build"": {""returncode"": 0, ""timed_out"": false, ""duration_seconds"": 5.833, ""stdout_sha256"": ""e3b0c44298fc1c149afbf4c8996fb92427ae41e4649b934ca495991b7852b855"", ""stderr_sha256"": ""e3b0c44298fc1c149afbf4c8996fb92427ae41e4649b934ca495991b7852b855"", ""stdout_head"": """", ""stderr_head"": """", ""stdout_tail"": """", ""stderr_tail"": """"}, ""future_test"": {""returncode"": 4, ""timed_out"": false, ""duration_seconds"": 0.529, ""stdout_sha256"": ""e3b0c44298fc1c149afbf4c8996fb92427ae41e4649b934ca495991b7852b855"", ""stderr_sha256"": ""d2852433abf57b2bd55f2bdbdf27d97e5eeb6d3329990b24f1841697240fb896"", ""stdout_head"": """", ""stderr_head"": ""ImportError while loading conftest '[LOCAL_DRIVE]/lossoracc\\analysis_outputs\\work2_30_task_multicheckpoint_replay_current_20260901_v2\\scratch\\task_gq9198nr\\branch_OrcaLoca\\lib\\matplotlib\\tests\\conftest.py'.\r\nlib\\matplotlib\\__init__.py:113: in <module>\r\n    from . import _api, _version, cbook, _docstring, rcsetup\r\nlib\\matplotlib\\cbook\\__init__.py:31: in <module>\r\n    from matplotlib import _api, _c_internal_utils\r\nE   ImportError: cannot import name '_c_internal_utils' from partially initialized module 'matplotlib' (most likely due to a circular import) ([LOCAL_DRIVE]/lossoracc\\analysis_outputs\\work2_30_task_multicheckpoint_replay_current_20260901_v2\\scratch\\task_gq9198nr\\branch_OrcaLoca\\lib\\matplotlib\\__init__.py)\r\n"", ""stdout_tail"": """", ""stderr_tail"": ""ImportError while loading conftest '[LOCAL_DRIVE]/lossoracc\\analysis_outputs\\work2_30_task_multicheckpoint_replay_current_20260901_v2\\scratch\\task_gq9198nr\\branch_OrcaLoca\\lib\\matplotlib\\tests\\conftest.py'.\r\nlib\\matplotlib\\__init__.py:113: in <module>\r\n    from . import _api, _version, cbook, _docstring, rcsetup\r\nlib\\matplotlib\\cbook\\__init__.py:31: in <module>\r\n    from matplotlib import _api, _c_internal_utils\r\nE   ImportError: cannot import name '_c_internal_utils' from partially initialized module 'matplotlib' (most likely due to a circular import) ([LOCAL_DRIVE]/lossoracc\\analysis_outputs\\work2_30_task_multicheckpoint_replay_current_20260901_v2\\scratch\\task_gq9198nr\\branch_OrcaLoca\\lib\\matplotlib\\__init__.py)\r\n""}}",0,0,0,"Provider-free replay diagnostics and checkpoint transitions. F1 labels are setup/source proxies, F2 is an observed textual-conflict status, and none of these rows estimate survival, behavior, adaptation, cost, causality or population effects.",failure_diagnostics,diagnostic
matplotlib__matplotlib-23299,issue_resolution,matplotlib/matplotlib,python,human,matplotlib__matplotlib-23299-d90,90,future_textual_conflict,F2_textual_conflict,replay status explicitly reports textual conflict,NA,NA,True,NA,NA,NA,363713442bdada82b5ce554be6e1da4c4db84184,SWE-bench Lite local record; F2P-only pilot,b15079ba0b887c4386893f5beb03cc077d9ff65b167d1910de6bfbc8151cfb2e,"a33a6fd1ad4b2fdeafc3367620b2146dcfc08ad6: error: patch failed: lib/matplotlib/tests/baseline_images/test_mathtext/mathtext_cm_77.pdf:1
error: lib/matplotlib/tests/baseline_images/test_mathtext/mathtext_cm_77.pdf: patch does not apply
error: patch failed: lib/matplotlib/tests/baseline_images/test_mathtext/mathtext_dejavusans_77.pdf:1
error: lib/matplotlib/tests/baseline_images/test_mathtext/mathtext_dejavusans_77.pdf: patch does not apply
error: patch failed: lib/matplotlib/tests/baseline_images/test_mathtext/mathtext_dejavuserif_77.pdf:1
error: lib/matplotlib/tests/baseline_images/test_mathtext/mathtext_dejavuserif_77.pdf: patch does not apply
error: patch failed: lib/matplotlib/tests/baseline_images/test_mathtext/mathtext_stix_77.pdf:1
error: lib/matplotlib/tests/baseline_images/test_mathtext/mathtext_stix_77.pdf: patch does not apply
error: patch failed: lib/matplotlib/tests/baseline_images/test_mathtext/mathtext_stixsans_77.pdf:1
error: lib/matplotlib/tests/baseline_images/test_mathtext/mathtext_stixsans_77.pdf: patch does not apply
",0,0,0,"Provider-free replay diagnostics and checkpoint transitions. F1 labels are setup/source proxies, F2 is an observed textual-conflict status, and none of these rows estimate survival, behavior, adaptation, cost, causality or population effects.",failure_diagnostics,diagnostic
matplotlib__matplotlib-23299,issue_resolution,matplotlib/matplotlib,python,OrcaLoca,matplotlib__matplotlib-23299-d90,90,future_textual_conflict,F2_textual_conflict,replay status explicitly reports textual conflict,NA,NA,True,NA,NA,NA,363713442bdada82b5ce554be6e1da4c4db84184,SWE-bench Lite local record; F2P-only pilot,7baf90c72e78a8d69d2e0fe5d65d51d8f876344f448ffc481b99ad6801209d43,"a33a6fd1ad4b2fdeafc3367620b2146dcfc08ad6: error: patch failed: lib/matplotlib/tests/baseline_images/test_mathtext/mathtext_cm_77.pdf:1
error: lib/matplotlib/tests/baseline_images/test_mathtext/mathtext_cm_77.pdf: patch does not apply
error: patch failed: lib/matplotlib/tests/baseline_images/test_mathtext/mathtext_dejavusans_77.pdf:1
error: lib/matplotlib/tests/baseline_images/test_mathtext/mathtext_dejavusans_77.pdf: patch does not apply
error: patch failed: lib/matplotlib/tests/baseline_images/test_mathtext/mathtext_dejavuserif_77.pdf:1
error: lib/matplotlib/tests/baseline_images/test_mathtext/mathtext_dejavuserif_77.pdf: patch does not apply
error: patch failed: lib/matplotlib/tests/baseline_images/test_mathtext/mathtext_stix_77.pdf:1
error: lib/matplotlib/tests/baseline_images/test_mathtext/mathtext_stix_77.pdf: patch does not apply
error: patch failed: lib/matplotlib/tests/baseline_images/test_mathtext/mathtext_stixsans_77.pdf:1
error: lib/matplotlib/tests/baseline_images/test_mathtext/mathtext_stixsans_77.pdf: patch does not apply
",0,0,0,"Provider-free replay diagnostics and checkpoint transitions. F1 labels are setup/source proxies, F2 is an observed textual-conflict status, and none of these rows estimate survival, behavior, adaptation, cost, causality or population effects.",failure_diagnostics,diagnostic
matplotlib__matplotlib-23299,issue_resolution,matplotlib/matplotlib,python,human,matplotlib__matplotlib-23299-d180,180,future_textual_conflict,F2_textual_conflict,replay status explicitly reports textual conflict,NA,NA,True,NA,NA,NA,65dc9be34efb3a8b7b3bd7ccebeb9fff1dc85137,SWE-bench Lite local record; F2P-only pilot,b15079ba0b887c4386893f5beb03cc077d9ff65b167d1910de6bfbc8151cfb2e,"a33a6fd1ad4b2fdeafc3367620b2146dcfc08ad6: error: patch failed: lib/matplotlib/tests/baseline_images/test_mathtext/mathtext_cm_77.pdf:1
error: lib/matplotlib/tests/baseline_images/test_mathtext/mathtext_cm_77.pdf: patch does not apply
error: patch failed: lib/matplotlib/tests/baseline_images/test_mathtext/mathtext_dejavusans_77.pdf:1
error: lib/matplotlib/tests/baseline_images/test_mathtext/mathtext_dejavusans_77.pdf: patch does not apply
error: patch failed: lib/matplotlib/tests/baseline_images/test_mathtext/mathtext_dejavuserif_77.pdf:1
error: lib/matplotlib/tests/baseline_images/test_mathtext/mathtext_dejavuserif_77.pdf: patch does not apply
error: patch failed: lib/matplotlib/tests/baseline_images/test_mathtext/mathtext_stix_77.pdf:1
error: lib/matplotlib/tests/baseline_images/test_mathtext/mathtext_stix_77.pdf: patch does not apply
error: patch failed: lib/matplotlib/tests/baseline_images/test_mathtext/mathtext_stixsans_77.pdf:1
error: lib/matplotlib/tests/baseline_images/test_mathtext/mathtext_stixsans_77.pdf: patch does not apply
",0,0,0,"Provider-free replay diagnostics and checkpoint transitions. F1 labels are setup/source proxies, F2 is an observed textual-conflict status, and none of these rows estimate survival, behavior, adaptation, cost, causality or population effects.",failure_diagnostics,diagnostic
matplotlib__matplotlib-23299,issue_resolution,matplotlib/matplotlib,python,OrcaLoca,matplotlib__matplotlib-23299-d180,180,future_textual_conflict,F2_textual_conflict,replay status explicitly reports textual conflict,NA,NA,True,NA,NA,NA,65dc9be34efb3a8b7b3bd7ccebeb9fff1dc85137,SWE-bench Lite local record; F2P-only pilot,7baf90c72e78a8d69d2e0fe5d65d51d8f876344f448ffc481b99ad6801209d43,"a33a6fd1ad4b2fdeafc3367620b2146dcfc08ad6: error: patch failed: lib/matplotlib/tests/baseline_images/test_mathtext/mathtext_cm_77.pdf:1
error: lib/matplotlib/tests/baseline_images/test_mathtext/mathtext_cm_77.pdf: patch does not apply
error: patch failed: lib/matplotlib/tests/baseline_images/test_mathtext/mathtext_dejavusans_77.pdf:1
error: lib/matplotlib/tests/baseline_images/test_mathtext/mathtext_dejavusans_77.pdf: patch does not apply
error: patch failed: lib/matplotlib/tests/baseline_images/test_mathtext/mathtext_dejavuserif_77.pdf:1
error: lib/matplotlib/tests/baseline_images/test_mathtext/mathtext_dejavuserif_77.pdf: patch does not apply
error: patch failed: lib/matplotlib/tests/baseline_images/test_mathtext/mathtext_stix_77.pdf:1
error: lib/matplotlib/tests/baseline_images/test_mathtext/mathtext_stix_77.pdf: patch does not apply
error: patch failed: lib/matplotlib/tests/baseline_images/test_mathtext/mathtext_stixsans_77.pdf:1
error: lib/matplotlib/tests/baseline_images/test_mathtext/mathtext_stixsans_77.pdf: patch does not apply
",0,0,0,"Provider-free replay diagnostics and checkpoint transitions. F1 labels are setup/source proxies, F2 is an observed textual-conflict status, and none of these rows estimate survival, behavior, adaptation, cost, causality or population effects.",failure_diagnostics,diagnostic
matplotlib__matplotlib-23299,issue_resolution,matplotlib/matplotlib,python,human,matplotlib__matplotlib-23299-d365,365,future_textual_conflict,F2_textual_conflict,replay status explicitly reports textual conflict,NA,NA,True,NA,NA,NA,c6f455bf35c15be1a5b131c8c1468c0f7a7d0163,SWE-bench Lite local record; F2P-only pilot,b15079ba0b887c4386893f5beb03cc077d9ff65b167d1910de6bfbc8151cfb2e,"a33a6fd1ad4b2fdeafc3367620b2146dcfc08ad6: error: patch failed: lib/matplotlib/tests/baseline_images/test_mathtext/mathtext_cm_77.pdf:1
error: lib/matplotlib/tests/baseline_images/test_mathtext/mathtext_cm_77.pdf: patch does not apply
error: patch failed: lib/matplotlib/tests/baseline_images/test_mathtext/mathtext_dejavusans_77.pdf:1
error: lib/matplotlib/tests/baseline_images/test_mathtext/mathtext_dejavusans_77.pdf: patch does not apply
error: patch failed: lib/matplotlib/tests/baseline_images/test_mathtext/mathtext_dejavuserif_77.pdf:1
error: lib/matplotlib/tests/baseline_images/test_mathtext/mathtext_dejavuserif_77.pdf: patch does not apply
error: patch failed: lib/matplotlib/tests/baseline_images/test_mathtext/mathtext_stix_77.pdf:1
error: lib/matplotlib/tests/baseline_images/test_mathtext/mathtext_stix_77.pdf: patch does not apply
error: patch failed: lib/matplotlib/tests/baseline_images/test_mathtext/mathtext_stixsans_77.pdf:1
error: lib/matplotlib/tests/baseline_images/test_mathtext/mathtext_stixsans_77.pdf: patch does not apply
",0,0,0,"Provider-free replay diagnostics and checkpoint transitions. F1 labels are setup/source proxies, F2 is an observed textual-conflict status, and none of these rows estimate survival, behavior, adaptation, cost, causality or population effects.",failure_diagnostics,diagnostic
matplotlib__matplotlib-23299,issue_resolution,matplotlib/matplotlib,python,OrcaLoca,matplotlib__matplotlib-23299-d365,365,future_textual_conflict,F2_textual_conflict,replay status explicitly reports textual conflict,NA,NA,True,NA,NA,NA,c6f455bf35c15be1a5b131c8c1468c0f7a7d0163,SWE-bench Lite local record; F2P-only pilot,7baf90c72e78a8d69d2e0fe5d65d51d8f876344f448ffc481b99ad6801209d43,"a33a6fd1ad4b2fdeafc3367620b2146dcfc08ad6: error: patch failed: lib/matplotlib/tests/baseline_images/test_mathtext/mathtext_cm_77.pdf:1
error: lib/matplotlib/tests/baseline_images/test_mathtext/mathtext_cm_77.pdf: patch does not apply
error: patch failed: lib/matplotlib/tests/baseline_images/test_mathtext/mathtext_dejavusans_77.pdf:1
error: lib/matplotlib/tests/baseline_images/test_mathtext/mathtext_dejavusans_77.pdf: patch does not apply
error: patch failed: lib/matplotlib/tests/baseline_images/test_mathtext/mathtext_dejavuserif_77.pdf:1
error: lib/matplotlib/tests/baseline_images/test_mathtext/mathtext_dejavuserif_77.pdf: patch does not apply
error: patch failed: lib/matplotlib/tests/baseline_images/test_mathtext/mathtext_stix_77.pdf:1
error: lib/matplotlib/tests/baseline_images/test_mathtext/mathtext_stix_77.pdf: patch does not apply
error: patch failed: lib/matplotlib/tests/baseline_images/test_mathtext/mathtext_stixsans_77.pdf:1
error: lib/matplotlib/tests/baseline_images/test_mathtext/mathtext_stixsans_77.pdf: patch does not apply
",0,0,0,"Provider-free replay diagnostics and checkpoint transitions. F1 labels are setup/source proxies, F2 is an observed textual-conflict status, and none of these rows estimate survival, behavior, adaptation, cost, causality or population effects.",failure_diagnostics,diagnostic
matplotlib__matplotlib-23314,issue_resolution,matplotlib/matplotlib,python,human,matplotlib__matplotlib-23314-d30,30,checkpoint_replay_completed,replay_completed,replay status explicitly completed,True,0.0,NA,NA,NA,NA,11a3e1b81747558d0e36c6d967cc61360e9853c6,SWE-bench Lite local record; F2P-only pilot,b6d8952d0d9b8851d9ddd2a7f97980a3cee631902f1b92f9965ac62159d58fc4,"{""build"": {""returncode"": 0, ""timed_out"": false, ""duration_seconds"": 5.647, ""stdout_sha256"": ""e3b0c44298fc1c149afbf4c8996fb92427ae41e4649b934ca495991b7852b855"", ""stderr_sha256"": ""e3b0c44298fc1c149afbf4c8996fb92427ae41e4649b934ca495991b7852b855"", ""stdout_head"": """", ""stderr_head"": """", ""stdout_tail"": """", ""stderr_tail"": """"}, ""future_test"": {""returncode"": 4, ""timed_out"": false, ""duration_seconds"": 0.574, ""stdout_sha256"": ""e3b0c44298fc1c149afbf4c8996fb92427ae41e4649b934ca495991b7852b855"", ""stderr_sha256"": ""e2f0719323b69fefd33ad93ce27124c25f498b66b40fe8574a56b31574319fc5"", ""stdout_head"": """", ""stderr_head"": ""ImportError while loading conftest '[LOCAL_DRIVE]/lossoracc\\analysis_outputs\\work2_30_task_multicheckpoint_replay_current_20260901_v2\\scratch\\task_8ghi59ov\\branch_human\\lib\\mpl_toolkits\\tests\\conftest.py'.\r\nlib\\mpl_toolkits\\tests\\conftest.py:1: in <module>\r\n    from matplotlib.testing.conftest import (mpl_test_settings,\r\nlib\\matplotlib\\__init__.py:113: in <module>\r\n    from . import _api, _version, cbook, _docstring, rcsetup\r\nlib\\matplotlib\\cbook\\__init__.py:31: in <module>\r\n    from matplotlib import _api, _c_internal_utils\r\nE   ImportError: cannot import name '_c_internal_utils' from partially initialized module 'matplotlib' (most likely due to a circular import) ([LOCAL_DRIVE]/lossoracc\\analysis_outputs\\work2_30_task_multicheckpoint_replay_current_20260901_v2\\scratch\\task_8ghi59ov\\branch_human\\lib\\matplotlib\\__init__.py)\r\n"", ""stdout_tail"": """", ""stderr_tail"": ""ImportError while loading conftest '[LOCAL_DRIVE]/lossoracc\\analysis_outputs\\work2_30_task_multicheckpoint_replay_current_20260901_v2\\scratch\\task_8ghi59ov\\branch_human\\lib\\mpl_toolkits\\tests\\conftest.py'.\r\nlib\\mpl_toolkits\\tests\\conftest.py:1: in <module>\r\n    from matplotlib.testing.conftest import (mpl_test_settings,\r\nlib\\matplotlib\\__init__.py:113: in <module>\r\n    from . import _api, _version, cbook, _docstring, rcsetup\r\nlib\\matplotlib\\cbook\\__init__.py:31: in <module>\r\n    from matplotlib import _api, _c_internal_utils\r\nE   ImportError: cannot import name '_c_internal_utils' from partially initialized module 'matplotlib' (most likely due to a circular import) ([LOCAL_DRIVE]/lossoracc\\analysis_outputs\\work2_30_task_multicheckpoint_replay_current_20260901_v2\\scratch\\task_8ghi59ov\\branch_human\\lib\\matplotlib\\__init__.py)\r\n""}}",0,0,0,"Provider-free replay diagnostics and checkpoint transitions. F1 labels are setup/source proxies, F2 is an observed textual-conflict status, and none of these rows estimate survival, behavior, adaptation, cost, causality or population effects.",failure_diagnostics,diagnostic
matplotlib__matplotlib-23314,issue_resolution,matplotlib/matplotlib,python,OrcaLoca,matplotlib__matplotlib-23314-d30,30,checkpoint_replay_completed,replay_completed,replay status explicitly completed,True,0.0,NA,NA,NA,NA,11a3e1b81747558d0e36c6d967cc61360e9853c6,SWE-bench Lite local record; F2P-only pilot,d84de209e0805bb299b368a5f58949f0752d8bd80e9a38dfa4d4562b3642282c,"{""build"": {""returncode"": 0, ""timed_out"": false, ""duration_seconds"": 5.803, ""stdout_sha256"": ""e3b0c44298fc1c149afbf4c8996fb92427ae41e4649b934ca495991b7852b855"", ""stderr_sha256"": ""e3b0c44298fc1c149afbf4c8996fb92427ae41e4649b934ca495991b7852b855"", ""stdout_head"": """", ""stderr_head"": """", ""stdout_tail"": """", ""stderr_tail"": """"}, ""future_test"": {""returncode"": 4, ""timed_out"": false, ""duration_seconds"": 0.627, ""stdout_sha256"": ""e3b0c44298fc1c149afbf4c8996fb92427ae41e4649b934ca495991b7852b855"", ""stderr_sha256"": ""5696de9e9ed3b945b7add3d89d4054f28e4530f6e76db6187bf6fe9fad5ec5d0"", ""stdout_head"": """", ""stderr_head"": ""ImportError while loading conftest '[LOCAL_DRIVE]/lossoracc\\analysis_outputs\\work2_30_task_multicheckpoint_replay_current_20260901_v2\\scratch\\task_8ghi59ov\\branch_OrcaLoca\\lib\\mpl_toolkits\\tests\\conftest.py'.\r\nlib\\mpl_toolkits\\tests\\conftest.py:1: in <module>\r\n    from matplotlib.testing.conftest import (mpl_test_settings,\r\nlib\\matplotlib\\__init__.py:113: in <module>\r\n    from . import _api, _version, cbook, _docstring, rcsetup\r\nlib\\matplotlib\\cbook\\__init__.py:31: in <module>\r\n    from matplotlib import _api, _c_internal_utils\r\nE   ImportError: cannot import name '_c_internal_utils' from partially initialized module 'matplotlib' (most likely due to a circular import) ([LOCAL_DRIVE]/lossoracc\\analysis_outputs\\work2_30_task_multicheckpoint_replay_current_20260901_v2\\scratch\\task_8ghi59ov\\branch_OrcaLoca\\lib\\matplotlib\\__init__.py)\r\n"", ""stdout_tail"": """", ""stderr_tail"": ""ImportError while loading conftest '[LOCAL_DRIVE]/lossoracc\\analysis_outputs\\work2_30_task_multicheckpoint_replay_current_20260901_v2\\scratch\\task_8ghi59ov\\branch_OrcaLoca\\lib\\mpl_toolkits\\tests\\conftest.py'.\r\nlib\\mpl_toolkits\\tests\\conftest.py:1: in <module>\r\n    from matplotlib.testing.conftest import (mpl_test_settings,\r\nlib\\matplotlib\\__init__.py:113: in <module>\r\n    from . import _api, _version, cbook, _docstring, rcsetup\r\nlib\\matplotlib\\cbook\\__init__.py:31: in <module>\r\n    from matplotlib import _api, _c_internal_utils\r\nE   ImportError: cannot import name '_c_internal_utils' from partially initialized module 'matplotlib' (most likely due to a circular import) ([LOCAL_DRIVE]/lossoracc\\analysis_outputs\\work2_30_task_multicheckpoint_replay_current_20260901_v2\\scratch\\task_8ghi59ov\\branch_OrcaLoca\\lib\\matplotlib\\__init__.py)\r\n""}}",0,0,0,"Provider-free replay diagnostics and checkpoint transitions. F1 labels are setup/source proxies, F2 is an observed textual-conflict status, and none of these rows estimate survival, behavior, adaptation, cost, causality or population effects.",failure_diagnostics,diagnostic
matplotlib__matplotlib-23314,issue_resolution,matplotlib/matplotlib,python,human,matplotlib__matplotlib-23314-d90,90,future_textual_conflict,F2_textual_conflict,replay status explicitly reports textual conflict,NA,NA,True,NA,NA,NA,1b4db29308230b232b505d28d2dd6d471d7be91c,SWE-bench Lite local record; F2P-only pilot,b6d8952d0d9b8851d9ddd2a7f97980a3cee631902f1b92f9965ac62159d58fc4,"437158c1045644da2f744af6133042ad858971f9: error: patch failed: lib/mpl_toolkits/tests/test_mplot3d.py:29
error: lib/mpl_toolkits/tests/test_mplot3d.py: patch does not apply
",0,0,0,"Provider-free replay diagnostics and checkpoint transitions. F1 labels are setup/source proxies, F2 is an observed textual-conflict status, and none of these rows estimate survival, behavior, adaptation, cost, causality or population effects.",failure_diagnostics,diagnostic
matplotlib__matplotlib-23314,issue_resolution,matplotlib/matplotlib,python,OrcaLoca,matplotlib__matplotlib-23314-d90,90,future_textual_conflict,F2_textual_conflict,replay status explicitly reports textual conflict,NA,NA,True,NA,NA,NA,1b4db29308230b232b505d28d2dd6d471d7be91c,SWE-bench Lite local record; F2P-only pilot,d84de209e0805bb299b368a5f58949f0752d8bd80e9a38dfa4d4562b3642282c,"437158c1045644da2f744af6133042ad858971f9: error: patch failed: lib/mpl_toolkits/tests/test_mplot3d.py:29
error: lib/mpl_toolkits/tests/test_mplot3d.py: patch does not apply
",0,0,0,"Provider-free replay diagnostics and checkpoint transitions. F1 labels are setup/source proxies, F2 is an observed textual-conflict status, and none of these rows estimate survival, behavior, adaptation, cost, causality or population effects.",failure_diagnostics,diagnostic
matplotlib__matplotlib-23314,issue_resolution,matplotlib/matplotlib,python,human,matplotlib__matplotlib-23314-d180,180,future_textual_conflict,F2_textual_conflict,replay status explicitly reports textual conflict,NA,NA,True,NA,NA,NA,48747b29e67e9693ef98149a32672eb2f44589f0,SWE-bench Lite local record; F2P-only pilot,b6d8952d0d9b8851d9ddd2a7f97980a3cee631902f1b92f9965ac62159d58fc4,"437158c1045644da2f744af6133042ad858971f9: error: patch failed: lib/mpl_toolkits/tests/test_mplot3d.py:29
error: lib/mpl_toolkits/tests/test_mplot3d.py: patch does not apply
",0,0,0,"Provider-free replay diagnostics and checkpoint transitions. F1 labels are setup/source proxies, F2 is an observed textual-conflict status, and none of these rows estimate survival, behavior, adaptation, cost, causality or population effects.",failure_diagnostics,diagnostic
matplotlib__matplotlib-23314,issue_resolution,matplotlib/matplotlib,python,OrcaLoca,matplotlib__matplotlib-23314-d180,180,future_textual_conflict,F2_textual_conflict,replay status explicitly reports textual conflict,NA,NA,True,NA,NA,NA,48747b29e67e9693ef98149a32672eb2f44589f0,SWE-bench Lite local record; F2P-only pilot,d84de209e0805bb299b368a5f58949f0752d8bd80e9a38dfa4d4562b3642282c,"437158c1045644da2f744af6133042ad858971f9: error: patch failed: lib/mpl_toolkits/tests/test_mplot3d.py:29
error: lib/mpl_toolkits/tests/test_mplot3d.py: patch does not apply
",0,0,0,"Provider-free replay diagnostics and checkpoint transitions. F1 labels are setup/source proxies, F2 is an observed textual-conflict status, and none of these rows estimate survival, behavior, adaptation, cost, causality or population effects.",failure_diagnostics,diagnostic
matplotlib__matplotlib-23314,issue_resolution,matplotlib/matplotlib,python,human,matplotlib__matplotlib-23314-d365,365,future_textual_conflict,F2_textual_conflict,replay status explicitly reports textual conflict,NA,NA,True,NA,NA,NA,9b47f81bf68bd7925f6e1c8f67b9b5ead7342431,SWE-bench Lite local record; F2P-only pilot,b6d8952d0d9b8851d9ddd2a7f97980a3cee631902f1b92f9965ac62159d58fc4,"437158c1045644da2f744af6133042ad858971f9: error: patch failed: lib/mpl_toolkits/tests/test_mplot3d.py:29
error: lib/mpl_toolkits/tests/test_mplot3d.py: patch does not apply
",0,0,0,"Provider-free replay diagnostics and checkpoint transitions. F1 labels are setup/source proxies, F2 is an observed textual-conflict status, and none of these rows estimate survival, behavior, adaptation, cost, causality or population effects.",failure_diagnostics,diagnostic
matplotlib__matplotlib-23314,issue_resolution,matplotlib/matplotlib,python,OrcaLoca,matplotlib__matplotlib-23314-d365,365,future_textual_conflict,F2_textual_conflict,replay status explicitly reports textual conflict,NA,NA,True,NA,NA,NA,9b47f81bf68bd7925f6e1c8f67b9b5ead7342431,SWE-bench Lite local record; F2P-only pilot,d84de209e0805bb299b368a5f58949f0752d8bd80e9a38dfa4d4562b3642282c,"437158c1045644da2f744af6133042ad858971f9: error: patch failed: lib/mpl_toolkits/tests/test_mplot3d.py:29
error: lib/mpl_toolkits/tests/test_mplot3d.py: patch does not apply
",0,0,0,"Provider-free replay diagnostics and checkpoint transitions. F1 labels are setup/source proxies, F2 is an observed textual-conflict status, and none of these rows estimate survival, behavior, adaptation, cost, causality or population effects.",failure_diagnostics,diagnostic
mwaskom__seaborn-2848,issue_resolution,mwaskom/seaborn,python,human,mwaskom__seaborn-2848-d30,30,future_textual_conflict,F2_textual_conflict,replay status explicitly reports textual conflict,NA,NA,True,NA,NA,NA,5910d6ef50196c8bd1f4ed40a5da202a39d7f62c,SWE-bench Lite local record; F2P-only pilot,c57a9e1c3469d1fa115576ec277fa828a7a5e4b32c41e3975bc5b426cf33048d,"1a27ce304d947bfdf77383ab452bd2ded812d057: error: patch failed: doc/releases/v0.12.0.txt:63
error: doc/releases/v0.12.0.txt: patch does not apply
",0,0,0,"Provider-free replay diagnostics and checkpoint transitions. F1 labels are setup/source proxies, F2 is an observed textual-conflict status, and none of these rows estimate survival, behavior, adaptation, cost, causality or population effects.",failure_diagnostics,diagnostic
mwaskom__seaborn-2848,issue_resolution,mwaskom/seaborn,python,OrcaLoca,mwaskom__seaborn-2848-d30,30,future_textual_conflict,F2_textual_conflict,replay status explicitly reports textual conflict,NA,NA,True,NA,NA,NA,5910d6ef50196c8bd1f4ed40a5da202a39d7f62c,SWE-bench Lite local record; F2P-only pilot,f8640d8c6e03491a1a9b21b198b6b055c6dce8472351edecae7b3e49c467b5a5,"1a27ce304d947bfdf77383ab452bd2ded812d057: error: patch failed: doc/releases/v0.12.0.txt:63
error: doc/releases/v0.12.0.txt: patch does not apply
",0,0,0,"Provider-free replay diagnostics and checkpoint transitions. F1 labels are setup/source proxies, F2 is an observed textual-conflict status, and none of these rows estimate survival, behavior, adaptation, cost, causality or population effects.",failure_diagnostics,diagnostic
mwaskom__seaborn-2848,issue_resolution,mwaskom/seaborn,python,human,mwaskom__seaborn-2848-d90,90,future_textual_conflict,F2_textual_conflict,replay status explicitly reports textual conflict,NA,NA,True,NA,NA,NA,0929b9aca26dea1e97a08f8ee70b807058d175ed,SWE-bench Lite local record; F2P-only pilot,c57a9e1c3469d1fa115576ec277fa828a7a5e4b32c41e3975bc5b426cf33048d,"1a27ce304d947bfdf77383ab452bd2ded812d057: error: patch failed: doc/releases/v0.12.0.txt:63
error: doc/releases/v0.12.0.txt: patch does not apply
",0,0,0,"Provider-free replay diagnostics and checkpoint transitions. F1 labels are setup/source proxies, F2 is an observed textual-conflict status, and none of these rows estimate survival, behavior, adaptation, cost, causality or population effects.",failure_diagnostics,diagnostic
mwaskom__seaborn-2848,issue_resolution,mwaskom/seaborn,python,OrcaLoca,mwaskom__seaborn-2848-d90,90,future_textual_conflict,F2_textual_conflict,replay status explicitly reports textual conflict,NA,NA,True,NA,NA,NA,0929b9aca26dea1e97a08f8ee70b807058d175ed,SWE-bench Lite local record; F2P-only pilot,f8640d8c6e03491a1a9b21b198b6b055c6dce8472351edecae7b3e49c467b5a5,"1a27ce304d947bfdf77383ab452bd2ded812d057: error: patch failed: doc/releases/v0.12.0.txt:63
error: doc/releases/v0.12.0.txt: patch does not apply
",0,0,0,"Provider-free replay diagnostics and checkpoint transitions. F1 labels are setup/source proxies, F2 is an observed textual-conflict status, and none of these rows estimate survival, behavior, adaptation, cost, causality or population effects.",failure_diagnostics,diagnostic
mwaskom__seaborn-2848,issue_resolution,mwaskom/seaborn,python,human,mwaskom__seaborn-2848-d180,180,future_textual_conflict,F2_textual_conflict,replay status explicitly reports textual conflict,NA,NA,True,NA,NA,NA,22cdfb0c93f8ec78492d87edb810f10cb7f57a31,SWE-bench Lite local record; F2P-only pilot,c57a9e1c3469d1fa115576ec277fa828a7a5e4b32c41e3975bc5b426cf33048d,"1a27ce304d947bfdf77383ab452bd2ded812d057: error: patch failed: doc/releases/v0.12.0.txt:63
error: doc/releases/v0.12.0.txt: patch does not apply
",0,0,0,"Provider-free replay diagnostics and checkpoint transitions. F1 labels are setup/source proxies, F2 is an observed textual-conflict status, and none of these rows estimate survival, behavior, adaptation, cost, causality or population effects.",failure_diagnostics,diagnostic
mwaskom__seaborn-2848,issue_resolution,mwaskom/seaborn,python,OrcaLoca,mwaskom__seaborn-2848-d180,180,future_textual_conflict,F2_textual_conflict,replay status explicitly reports textual conflict,NA,NA,True,NA,NA,NA,22cdfb0c93f8ec78492d87edb810f10cb7f57a31,SWE-bench Lite local record; F2P-only pilot,f8640d8c6e03491a1a9b21b198b6b055c6dce8472351edecae7b3e49c467b5a5,"1a27ce304d947bfdf77383ab452bd2ded812d057: error: patch failed: doc/releases/v0.12.0.txt:63
error: doc/releases/v0.12.0.txt: patch does not apply
",0,0,0,"Provider-free replay diagnostics and checkpoint transitions. F1 labels are setup/source proxies, F2 is an observed textual-conflict status, and none of these rows estimate survival, behavior, adaptation, cost, causality or population effects.",failure_diagnostics,diagnostic
mwaskom__seaborn-2848,issue_resolution,mwaskom/seaborn,python,human,mwaskom__seaborn-2848-d365,365,future_textual_conflict,F2_textual_conflict,replay status explicitly reports textual conflict,NA,NA,True,NA,NA,NA,b6737d5aec9a91bb8840cdda896a7970e1830d56,SWE-bench Lite local record; F2P-only pilot,c57a9e1c3469d1fa115576ec277fa828a7a5e4b32c41e3975bc5b426cf33048d,"1a27ce304d947bfdf77383ab452bd2ded812d057: error: patch failed: doc/releases/v0.12.0.txt:63
error: doc/releases/v0.12.0.txt: patch does not apply
",0,0,0,"Provider-free replay diagnostics and checkpoint transitions. F1 labels are setup/source proxies, F2 is an observed textual-conflict status, and none of these rows estimate survival, behavior, adaptation, cost, causality or population effects.",failure_diagnostics,diagnostic
mwaskom__seaborn-2848,issue_resolution,mwaskom/seaborn,python,OrcaLoca,mwaskom__seaborn-2848-d365,365,future_textual_conflict,F2_textual_conflict,replay status explicitly reports textual conflict,NA,NA,True,NA,NA,NA,b6737d5aec9a91bb8840cdda896a7970e1830d56,SWE-bench Lite local record; F2P-only pilot,f8640d8c6e03491a1a9b21b198b6b055c6dce8472351edecae7b3e49c467b5a5,"1a27ce304d947bfdf77383ab452bd2ded812d057: error: patch failed: doc/releases/v0.12.0.txt:63
error: doc/releases/v0.12.0.txt: patch does not apply
",0,0,0,"Provider-free replay diagnostics and checkpoint transitions. F1 labels are setup/source proxies, F2 is an observed textual-conflict status, and none of these rows estimate survival, behavior, adaptation, cost, causality or population effects.",failure_diagnostics,diagnostic
mwaskom__seaborn-3010,issue_resolution,mwaskom/seaborn,python,human,mwaskom__seaborn-3010-d30,30,future_textual_conflict,F2_textual_conflict,replay status explicitly reports textual conflict,NA,NA,True,NA,NA,NA,85c8ed632a5e9ec45b7d69d89518bb784a6e05a5,SWE-bench Lite local record; F2P-only pilot,2d282a78db2b88dc42330fea5dc78b0551629b7d15c6d5b22f20c57a2ee3d1d7,"e644793f0ac2b1be178425f20f529121f37f29de: error: doc/whatsnew/v0.12.1.rst: No such file or directory
",0,0,0,"Provider-free replay diagnostics and checkpoint transitions. F1 labels are setup/source proxies, F2 is an observed textual-conflict status, and none of these rows estimate survival, behavior, adaptation, cost, causality or population effects.",failure_diagnostics,diagnostic
mwaskom__seaborn-3010,issue_resolution,mwaskom/seaborn,python,OrcaLoca,mwaskom__seaborn-3010-d30,30,future_textual_conflict,F2_textual_conflict,replay status explicitly reports textual conflict,NA,NA,True,NA,NA,NA,85c8ed632a5e9ec45b7d69d89518bb784a6e05a5,SWE-bench Lite local record; F2P-only pilot,9f81b90b769ad369c59f8236878432f058d570e13bca625b02e4bb1966aaee08,"e644793f0ac2b1be178425f20f529121f37f29de: error: doc/whatsnew/v0.12.1.rst: No such file or directory
",0,0,0,"Provider-free replay diagnostics and checkpoint transitions. F1 labels are setup/source proxies, F2 is an observed textual-conflict status, and none of these rows estimate survival, behavior, adaptation, cost, causality or population effects.",failure_diagnostics,diagnostic
mwaskom__seaborn-3010,issue_resolution,mwaskom/seaborn,python,human,mwaskom__seaborn-3010-d90,90,future_textual_conflict,F2_textual_conflict,replay status explicitly reports textual conflict,NA,NA,True,NA,NA,NA,9bd166565beea99ab2e43a0576c59efab196940b,SWE-bench Lite local record; F2P-only pilot,2d282a78db2b88dc42330fea5dc78b0551629b7d15c6d5b22f20c57a2ee3d1d7,"e644793f0ac2b1be178425f20f529121f37f29de: error: doc/whatsnew/v0.12.1.rst: No such file or directory
",0,0,0,"Provider-free replay diagnostics and checkpoint transitions. F1 labels are setup/source proxies, F2 is an observed textual-conflict status, and none of these rows estimate survival, behavior, adaptation, cost, causality or population effects.",failure_diagnostics,diagnostic
mwaskom__seaborn-3010,issue_resolution,mwaskom/seaborn,python,OrcaLoca,mwaskom__seaborn-3010-d90,90,future_textual_conflict,F2_textual_conflict,replay status explicitly reports textual conflict,NA,NA,True,NA,NA,NA,9bd166565beea99ab2e43a0576c59efab196940b,SWE-bench Lite local record; F2P-only pilot,9f81b90b769ad369c59f8236878432f058d570e13bca625b02e4bb1966aaee08,"e644793f0ac2b1be178425f20f529121f37f29de: error: doc/whatsnew/v0.12.1.rst: No such file or directory
",0,0,0,"Provider-free replay diagnostics and checkpoint transitions. F1 labels are setup/source proxies, F2 is an observed textual-conflict status, and none of these rows estimate survival, behavior, adaptation, cost, causality or population effects.",failure_diagnostics,diagnostic
mwaskom__seaborn-3010,issue_resolution,mwaskom/seaborn,python,human,mwaskom__seaborn-3010-d180,180,future_textual_conflict,F2_textual_conflict,replay status explicitly reports textual conflict,NA,NA,True,NA,NA,NA,7231fc24f6251fbc4b4757a56af7a0622a5b12f5,SWE-bench Lite local record; F2P-only pilot,2d282a78db2b88dc42330fea5dc78b0551629b7d15c6d5b22f20c57a2ee3d1d7,"e644793f0ac2b1be178425f20f529121f37f29de: error: doc/whatsnew/v0.12.1.rst: No such file or directory
",0,0,0,"Provider-free replay diagnostics and checkpoint transitions. F1 labels are setup/source proxies, F2 is an observed textual-conflict status, and none of these rows estimate survival, behavior, adaptation, cost, causality or population effects.",failure_diagnostics,diagnostic
mwaskom__seaborn-3010,issue_resolution,mwaskom/seaborn,python,OrcaLoca,mwaskom__seaborn-3010-d180,180,future_textual_conflict,F2_textual_conflict,replay status explicitly reports textual conflict,NA,NA,True,NA,NA,NA,7231fc24f6251fbc4b4757a56af7a0622a5b12f5,SWE-bench Lite local record; F2P-only pilot,9f81b90b769ad369c59f8236878432f058d570e13bca625b02e4bb1966aaee08,"e644793f0ac2b1be178425f20f529121f37f29de: error: doc/whatsnew/v0.12.1.rst: No such file or directory
",0,0,0,"Provider-free replay diagnostics and checkpoint transitions. F1 labels are setup/source proxies, F2 is an observed textual-conflict status, and none of these rows estimate survival, behavior, adaptation, cost, causality or population effects.",failure_diagnostics,diagnostic
mwaskom__seaborn-3010,issue_resolution,mwaskom/seaborn,python,human,mwaskom__seaborn-3010-d365,365,future_textual_conflict,F2_textual_conflict,replay status explicitly reports textual conflict,NA,NA,True,NA,NA,NA,1f788201822941a3aca7fedf0bcd49d16ebc313b,SWE-bench Lite local record; F2P-only pilot,2d282a78db2b88dc42330fea5dc78b0551629b7d15c6d5b22f20c57a2ee3d1d7,"e644793f0ac2b1be178425f20f529121f37f29de: error: doc/whatsnew/v0.12.1.rst: No such file or directory
",0,0,0,"Provider-free replay diagnostics and checkpoint transitions. F1 labels are setup/source proxies, F2 is an observed textual-conflict status, and none of these rows estimate survival, behavior, adaptation, cost, causality or population effects.",failure_diagnostics,diagnostic
mwaskom__seaborn-3010,issue_resolution,mwaskom/seaborn,python,OrcaLoca,mwaskom__seaborn-3010-d365,365,future_textual_conflict,F2_textual_conflict,replay status explicitly reports textual conflict,NA,NA,True,NA,NA,NA,1f788201822941a3aca7fedf0bcd49d16ebc313b,SWE-bench Lite local record; F2P-only pilot,9f81b90b769ad369c59f8236878432f058d570e13bca625b02e4bb1966aaee08,"e644793f0ac2b1be178425f20f529121f37f29de: error: doc/whatsnew/v0.12.1.rst: No such file or directory
",0,0,0,"Provider-free replay diagnostics and checkpoint transitions. F1 labels are setup/source proxies, F2 is an observed textual-conflict status, and none of these rows estimate survival, behavior, adaptation, cost, causality or population effects.",failure_diagnostics,diagnostic
mwaskom__seaborn-3190,issue_resolution,mwaskom/seaborn,python,human,mwaskom__seaborn-3190-d30,30,future_textual_conflict,F2_textual_conflict,replay status explicitly reports textual conflict,NA,NA,True,NA,NA,NA,0ebc82e8580caab55eb7af1f66220eab6654af97,SWE-bench Lite local record; F2P-only pilot,e014761e43e1a1d3eb8879a4ac67aadc810db3aab87701a8f499ba7c4571fe77,"10c3ed87a42bcaed74b115252eeb4b88ebc1597f: error: patch failed: doc/whatsnew/v0.12.2.rst:1
error: doc/whatsnew/v0.12.2.rst: patch does not apply
",0,0,0,"Provider-free replay diagnostics and checkpoint transitions. F1 labels are setup/source proxies, F2 is an observed textual-conflict status, and none of these rows estimate survival, behavior, adaptation, cost, causality or population effects.",failure_diagnostics,diagnostic
mwaskom__seaborn-3190,issue_resolution,mwaskom/seaborn,python,OrcaLoca,mwaskom__seaborn-3190-d30,30,future_textual_conflict,F2_textual_conflict,replay status explicitly reports textual conflict,NA,NA,True,NA,NA,NA,0ebc82e8580caab55eb7af1f66220eab6654af97,SWE-bench Lite local record; F2P-only pilot,828414df06e182d0810475018cdf07b36068d3cee8456764948fbecf3969ba61,"10c3ed87a42bcaed74b115252eeb4b88ebc1597f: error: patch failed: doc/whatsnew/v0.12.2.rst:1
error: doc/whatsnew/v0.12.2.rst: patch does not apply
",0,0,0,"Provider-free replay diagnostics and checkpoint transitions. F1 labels are setup/source proxies, F2 is an observed textual-conflict status, and none of these rows estimate survival, behavior, adaptation, cost, causality or population effects.",failure_diagnostics,diagnostic
mwaskom__seaborn-3190,issue_resolution,mwaskom/seaborn,python,human,mwaskom__seaborn-3190-d90,90,future_textual_conflict,F2_textual_conflict,replay status explicitly reports textual conflict,NA,NA,True,NA,NA,NA,bd480f6280007b2ae6910ce4ee689f213f7a7e10,SWE-bench Lite local record; F2P-only pilot,e014761e43e1a1d3eb8879a4ac67aadc810db3aab87701a8f499ba7c4571fe77,"10c3ed87a42bcaed74b115252eeb4b88ebc1597f: error: patch failed: doc/whatsnew/v0.12.2.rst:1
error: doc/whatsnew/v0.12.2.rst: patch does not apply
",0,0,0,"Provider-free replay diagnostics and checkpoint transitions. F1 labels are setup/source proxies, F2 is an observed textual-conflict status, and none of these rows estimate survival, behavior, adaptation, cost, causality or population effects.",failure_diagnostics,diagnostic
mwaskom__seaborn-3190,issue_resolution,mwaskom/seaborn,python,OrcaLoca,mwaskom__seaborn-3190-d90,90,future_textual_conflict,F2_textual_conflict,replay status explicitly reports textual conflict,NA,NA,True,NA,NA,NA,bd480f6280007b2ae6910ce4ee689f213f7a7e10,SWE-bench Lite local record; F2P-only pilot,828414df06e182d0810475018cdf07b36068d3cee8456764948fbecf3969ba61,"10c3ed87a42bcaed74b115252eeb4b88ebc1597f: error: patch failed: doc/whatsnew/v0.12.2.rst:1
error: doc/whatsnew/v0.12.2.rst: patch does not apply
",0,0,0,"Provider-free replay diagnostics and checkpoint transitions. F1 labels are setup/source proxies, F2 is an observed textual-conflict status, and none of these rows estimate survival, behavior, adaptation, cost, causality or population effects.",failure_diagnostics,diagnostic
mwaskom__seaborn-3190,issue_resolution,mwaskom/seaborn,python,human,mwaskom__seaborn-3190-d180,180,future_textual_conflict,F2_textual_conflict,replay status explicitly reports textual conflict,NA,NA,True,NA,NA,NA,7780305bae63d8be3416858ac35f6fa706bab4d6,SWE-bench Lite local record; F2P-only pilot,e014761e43e1a1d3eb8879a4ac67aadc810db3aab87701a8f499ba7c4571fe77,"10c3ed87a42bcaed74b115252eeb4b88ebc1597f: error: patch failed: doc/whatsnew/v0.12.2.rst:1
error: doc/whatsnew/v0.12.2.rst: patch does not apply
",0,0,0,"Provider-free replay diagnostics and checkpoint transitions. F1 labels are setup/source proxies, F2 is an observed textual-conflict status, and none of these rows estimate survival, behavior, adaptation, cost, causality or population effects.",failure_diagnostics,diagnostic
mwaskom__seaborn-3190,issue_resolution,mwaskom/seaborn,python,OrcaLoca,mwaskom__seaborn-3190-d180,180,future_textual_conflict,F2_textual_conflict,replay status explicitly reports textual conflict,NA,NA,True,NA,NA,NA,7780305bae63d8be3416858ac35f6fa706bab4d6,SWE-bench Lite local record; F2P-only pilot,828414df06e182d0810475018cdf07b36068d3cee8456764948fbecf3969ba61,"10c3ed87a42bcaed74b115252eeb4b88ebc1597f: error: patch failed: doc/whatsnew/v0.12.2.rst:1
error: doc/whatsnew/v0.12.2.rst: patch does not apply
",0,0,0,"Provider-free replay diagnostics and checkpoint transitions. F1 labels are setup/source proxies, F2 is an observed textual-conflict status, and none of these rows estimate survival, behavior, adaptation, cost, causality or population effects.",failure_diagnostics,diagnostic
mwaskom__seaborn-3190,issue_resolution,mwaskom/seaborn,python,human,mwaskom__seaborn-3190-d365,365,future_textual_conflict,F2_textual_conflict,replay status explicitly reports textual conflict,NA,NA,True,NA,NA,NA,45a098fd254b6b7385e708b29a556017808ecd40,SWE-bench Lite local record; F2P-only pilot,e014761e43e1a1d3eb8879a4ac67aadc810db3aab87701a8f499ba7c4571fe77,"10c3ed87a42bcaed74b115252eeb4b88ebc1597f: error: patch failed: doc/whatsnew/v0.12.2.rst:1
error: doc/whatsnew/v0.12.2.rst: patch does not apply
",0,0,0,"Provider-free replay diagnostics and checkpoint transitions. F1 labels are setup/source proxies, F2 is an observed textual-conflict status, and none of these rows estimate survival, behavior, adaptation, cost, causality or population effects.",failure_diagnostics,diagnostic
mwaskom__seaborn-3190,issue_resolution,mwaskom/seaborn,python,OrcaLoca,mwaskom__seaborn-3190-d365,365,future_textual_conflict,F2_textual_conflict,replay status explicitly reports textual conflict,NA,NA,True,NA,NA,NA,45a098fd254b6b7385e708b29a556017808ecd40,SWE-bench Lite local record; F2P-only pilot,828414df06e182d0810475018cdf07b36068d3cee8456764948fbecf3969ba61,"10c3ed87a42bcaed74b115252eeb4b88ebc1597f: error: patch failed: doc/whatsnew/v0.12.2.rst:1
error: doc/whatsnew/v0.12.2.rst: patch does not apply
",0,0,0,"Provider-free replay diagnostics and checkpoint transitions. F1 labels are setup/source proxies, F2 is an observed textual-conflict status, and none of these rows estimate survival, behavior, adaptation, cost, causality or population effects.",failure_diagnostics,diagnostic
pallets__flask-4045,issue_resolution,pallets/flask,python,human,pallets__flask-4045-d30,30,future_textual_conflict,F2_textual_conflict,replay status explicitly reports textual conflict,NA,NA,True,NA,NA,NA,ba6db2e30783f81673bb8a6b5218f7bb8efa8f27,SWE-bench Lite local record; F2P-only pilot,6c4055e1cb35cf9c5d50bbba639af1787d6f5d5146f9539cedc364a43d01c687,"2846abaefed01f1da0d58ca3a83a2a09bea71e9c: error: patch failed: src/flask/__init__.py:43
error: src/flask/__init__.py: patch does not apply
",0,0,0,"Provider-free replay diagnostics and checkpoint transitions. F1 labels are setup/source proxies, F2 is an observed textual-conflict status, and none of these rows estimate survival, behavior, adaptation, cost, causality or population effects.",failure_diagnostics,diagnostic
pallets__flask-4045,issue_resolution,pallets/flask,python,OrcaLoca,pallets__flask-4045-d30,30,future_textual_conflict,F2_textual_conflict,replay status explicitly reports textual conflict,NA,NA,True,NA,NA,NA,ba6db2e30783f81673bb8a6b5218f7bb8efa8f27,SWE-bench Lite local record; F2P-only pilot,a4c6fe2be97d5432bb1390e952537318d3735ba2874f760c30f728ed5c1e1377,"2846abaefed01f1da0d58ca3a83a2a09bea71e9c: error: patch failed: src/flask/__init__.py:43
error: src/flask/__init__.py: patch does not apply
",0,0,0,"Provider-free replay diagnostics and checkpoint transitions. F1 labels are setup/source proxies, F2 is an observed textual-conflict status, and none of these rows estimate survival, behavior, adaptation, cost, causality or population effects.",failure_diagnostics,diagnostic
pallets__flask-4045,issue_resolution,pallets/flask,python,human,pallets__flask-4045-d90,90,future_textual_conflict,F2_textual_conflict,replay status explicitly reports textual conflict,NA,NA,True,NA,NA,NA,53eef278efd59222be406ff5be737f48c92f8313,SWE-bench Lite local record; F2P-only pilot,6c4055e1cb35cf9c5d50bbba639af1787d6f5d5146f9539cedc364a43d01c687,"2846abaefed01f1da0d58ca3a83a2a09bea71e9c: error: patch failed: src/flask/__init__.py:43
error: src/flask/__init__.py: patch does not apply
",0,0,0,"Provider-free replay diagnostics and checkpoint transitions. F1 labels are setup/source proxies, F2 is an observed textual-conflict status, and none of these rows estimate survival, behavior, adaptation, cost, causality or population effects.",failure_diagnostics,diagnostic
pallets__flask-4045,issue_resolution,pallets/flask,python,OrcaLoca,pallets__flask-4045-d90,90,future_textual_conflict,F2_textual_conflict,replay status explicitly reports textual conflict,NA,NA,True,NA,NA,NA,53eef278efd59222be406ff5be737f48c92f8313,SWE-bench Lite local record; F2P-only pilot,a4c6fe2be97d5432bb1390e952537318d3735ba2874f760c30f728ed5c1e1377,"2846abaefed01f1da0d58ca3a83a2a09bea71e9c: error: patch failed: src/flask/__init__.py:43
error: src/flask/__init__.py: patch does not apply
",0,0,0,"Provider-free replay diagnostics and checkpoint transitions. F1 labels are setup/source proxies, F2 is an observed textual-conflict status, and none of these rows estimate survival, behavior, adaptation, cost, causality or population effects.",failure_diagnostics,diagnostic
pallets__flask-4045,issue_resolution,pallets/flask,python,human,pallets__flask-4045-d180,180,future_textual_conflict,F2_textual_conflict,replay status explicitly reports textual conflict,NA,NA,True,NA,NA,NA,ea93a52d7d94ba093bbce4680c622cc4fc9771d8,SWE-bench Lite local record; F2P-only pilot,6c4055e1cb35cf9c5d50bbba639af1787d6f5d5146f9539cedc364a43d01c687,"2846abaefed01f1da0d58ca3a83a2a09bea71e9c: error: patch failed: src/flask/__init__.py:43
error: src/flask/__init__.py: patch does not apply
",0,0,0,"Provider-free replay diagnostics and checkpoint transitions. F1 labels are setup/source proxies, F2 is an observed textual-conflict status, and none of these rows estimate survival, behavior, adaptation, cost, causality or population effects.",failure_diagnostics,diagnostic
pallets__flask-4045,issue_resolution,pallets/flask,python,OrcaLoca,pallets__flask-4045-d180,180,future_textual_conflict,F2_textual_conflict,replay status explicitly reports textual conflict,NA,NA,True,NA,NA,NA,ea93a52d7d94ba093bbce4680c622cc4fc9771d8,SWE-bench Lite local record; F2P-only pilot,a4c6fe2be97d5432bb1390e952537318d3735ba2874f760c30f728ed5c1e1377,"2846abaefed01f1da0d58ca3a83a2a09bea71e9c: error: patch failed: src/flask/__init__.py:43
error: src/flask/__init__.py: patch does not apply
",0,0,0,"Provider-free replay diagnostics and checkpoint transitions. F1 labels are setup/source proxies, F2 is an observed textual-conflict status, and none of these rows estimate survival, behavior, adaptation, cost, causality or population effects.",failure_diagnostics,diagnostic
pallets__flask-4045,issue_resolution,pallets/flask,python,human,pallets__flask-4045-d365,365,future_textual_conflict,F2_textual_conflict,replay status explicitly reports textual conflict,NA,NA,True,NA,NA,NA,00e2aac9371d94011279a6340ec3e7ecc86f097e,SWE-bench Lite local record; F2P-only pilot,6c4055e1cb35cf9c5d50bbba639af1787d6f5d5146f9539cedc364a43d01c687,"2846abaefed01f1da0d58ca3a83a2a09bea71e9c: error: patch failed: src/flask/__init__.py:43
error: src/flask/__init__.py: patch does not apply
",0,0,0,"Provider-free replay diagnostics and checkpoint transitions. F1 labels are setup/source proxies, F2 is an observed textual-conflict status, and none of these rows estimate survival, behavior, adaptation, cost, causality or population effects.",failure_diagnostics,diagnostic
pallets__flask-4045,issue_resolution,pallets/flask,python,OrcaLoca,pallets__flask-4045-d365,365,future_textual_conflict,F2_textual_conflict,replay status explicitly reports textual conflict,NA,NA,True,NA,NA,NA,00e2aac9371d94011279a6340ec3e7ecc86f097e,SWE-bench Lite local record; F2P-only pilot,a4c6fe2be97d5432bb1390e952537318d3735ba2874f760c30f728ed5c1e1377,"2846abaefed01f1da0d58ca3a83a2a09bea71e9c: error: patch failed: src/flask/__init__.py:43
error: src/flask/__init__.py: patch does not apply
",0,0,0,"Provider-free replay diagnostics and checkpoint transitions. F1 labels are setup/source proxies, F2 is an observed textual-conflict status, and none of these rows estimate survival, behavior, adaptation, cost, causality or population effects.",failure_diagnostics,diagnostic
pallets__flask-5063,issue_resolution,pallets/flask,python,human,pallets__flask-5063-d30,30,future_textual_conflict,F2_textual_conflict,replay status explicitly reports textual conflict,NA,NA,True,NA,NA,NA,31fd9c87912a7020a00d83d2135559433173708c,SWE-bench Lite local record; F2P-only pilot,f9c1ef426acac91e34d551f80f34dfe27fc124ac316af71d70eec1764b4a6497,"a4ea5df5d565128118b6ceaaf372233eef23e238: error: patch failed: CHANGES.rst:46
error: CHANGES.rst: patch does not apply
",0,0,0,"Provider-free replay diagnostics and checkpoint transitions. F1 labels are setup/source proxies, F2 is an observed textual-conflict status, and none of these rows estimate survival, behavior, adaptation, cost, causality or population effects.",failure_diagnostics,diagnostic
pallets__flask-5063,issue_resolution,pallets/flask,python,OrcaLoca,pallets__flask-5063-d30,30,future_textual_conflict,F2_textual_conflict,replay status explicitly reports textual conflict,NA,NA,True,NA,NA,NA,31fd9c87912a7020a00d83d2135559433173708c,SWE-bench Lite local record; F2P-only pilot,6ed719799e679a461b29df8bf1916ee615a1fd487add99ddc733f33beb74002c,"a4ea5df5d565128118b6ceaaf372233eef23e238: error: patch failed: CHANGES.rst:46
error: CHANGES.rst: patch does not apply
",0,0,0,"Provider-free replay diagnostics and checkpoint transitions. F1 labels are setup/source proxies, F2 is an observed textual-conflict status, and none of these rows estimate survival, behavior, adaptation, cost, causality or population effects.",failure_diagnostics,diagnostic
pallets__flask-5063,issue_resolution,pallets/flask,python,human,pallets__flask-5063-d90,90,future_textual_conflict,F2_textual_conflict,replay status explicitly reports textual conflict,NA,NA,True,NA,NA,NA,6a5277d3417b30d6e7f5c93745e8a445dcb02b1c,SWE-bench Lite local record; F2P-only pilot,f9c1ef426acac91e34d551f80f34dfe27fc124ac316af71d70eec1764b4a6497,"a4ea5df5d565128118b6ceaaf372233eef23e238: error: patch failed: CHANGES.rst:46
error: CHANGES.rst: patch does not apply
",0,0,0,"Provider-free replay diagnostics and checkpoint transitions. F1 labels are setup/source proxies, F2 is an observed textual-conflict status, and none of these rows estimate survival, behavior, adaptation, cost, causality or population effects.",failure_diagnostics,diagnostic
pallets__flask-5063,issue_resolution,pallets/flask,python,OrcaLoca,pallets__flask-5063-d90,90,future_textual_conflict,F2_textual_conflict,replay status explicitly reports textual conflict,NA,NA,True,NA,NA,NA,6a5277d3417b30d6e7f5c93745e8a445dcb02b1c,SWE-bench Lite local record; F2P-only pilot,6ed719799e679a461b29df8bf1916ee615a1fd487add99ddc733f33beb74002c,"a4ea5df5d565128118b6ceaaf372233eef23e238: error: patch failed: CHANGES.rst:46
error: CHANGES.rst: patch does not apply
",0,0,0,"Provider-free replay diagnostics and checkpoint transitions. F1 labels are setup/source proxies, F2 is an observed textual-conflict status, and none of these rows estimate survival, behavior, adaptation, cost, causality or population effects.",failure_diagnostics,diagnostic
pallets__flask-5063,issue_resolution,pallets/flask,python,human,pallets__flask-5063-d180,180,future_textual_conflict,F2_textual_conflict,replay status explicitly reports textual conflict,NA,NA,True,NA,NA,NA,beedaa4eff3919f250fad49a5092cf07c4d638e1,SWE-bench Lite local record; F2P-only pilot,f9c1ef426acac91e34d551f80f34dfe27fc124ac316af71d70eec1764b4a6497,"a4ea5df5d565128118b6ceaaf372233eef23e238: error: patch failed: CHANGES.rst:46
error: CHANGES.rst: patch does not apply
",0,0,0,"Provider-free replay diagnostics and checkpoint transitions. F1 labels are setup/source proxies, F2 is an observed textual-conflict status, and none of these rows estimate survival, behavior, adaptation, cost, causality or population effects.",failure_diagnostics,diagnostic
pallets__flask-5063,issue_resolution,pallets/flask,python,OrcaLoca,pallets__flask-5063-d180,180,future_textual_conflict,F2_textual_conflict,replay status explicitly reports textual conflict,NA,NA,True,NA,NA,NA,beedaa4eff3919f250fad49a5092cf07c4d638e1,SWE-bench Lite local record; F2P-only pilot,6ed719799e679a461b29df8bf1916ee615a1fd487add99ddc733f33beb74002c,"a4ea5df5d565128118b6ceaaf372233eef23e238: error: patch failed: CHANGES.rst:46
error: CHANGES.rst: patch does not apply
",0,0,0,"Provider-free replay diagnostics and checkpoint transitions. F1 labels are setup/source proxies, F2 is an observed textual-conflict status, and none of these rows estimate survival, behavior, adaptation, cost, causality or population effects.",failure_diagnostics,diagnostic
pallets__flask-5063,issue_resolution,pallets/flask,python,human,pallets__flask-5063-d365,365,future_textual_conflict,F2_textual_conflict,replay status explicitly reports textual conflict,NA,NA,True,NA,NA,NA,db0fe9436e9da7f7bd14683542bbf33ba3c6d5e4,SWE-bench Lite local record; F2P-only pilot,f9c1ef426acac91e34d551f80f34dfe27fc124ac316af71d70eec1764b4a6497,"a4ea5df5d565128118b6ceaaf372233eef23e238: error: patch failed: CHANGES.rst:46
error: CHANGES.rst: patch does not apply
",0,0,0,"Provider-free replay diagnostics and checkpoint transitions. F1 labels are setup/source proxies, F2 is an observed textual-conflict status, and none of these rows estimate survival, behavior, adaptation, cost, causality or population effects.",failure_diagnostics,diagnostic
pallets__flask-5063,issue_resolution,pallets/flask,python,OrcaLoca,pallets__flask-5063-d365,365,future_textual_conflict,F2_textual_conflict,replay status explicitly reports textual conflict,NA,NA,True,NA,NA,NA,db0fe9436e9da7f7bd14683542bbf33ba3c6d5e4,SWE-bench Lite local record; F2P-only pilot,6ed719799e679a461b29df8bf1916ee615a1fd487add99ddc733f33beb74002c,"a4ea5df5d565128118b6ceaaf372233eef23e238: error: patch failed: CHANGES.rst:46
error: CHANGES.rst: patch does not apply
",0,0,0,"Provider-free replay diagnostics and checkpoint transitions. F1 labels are setup/source proxies, F2 is an observed textual-conflict status, and none of these rows estimate survival, behavior, adaptation, cost, causality or population effects.",failure_diagnostics,diagnostic
pylint-dev__pylint-6506,issue_resolution,pylint-dev/pylint,python,human,pylint-dev__pylint-6506-d30,30,task_setup_failure,F1_proxy_task_setup_failure,"setup failure is observed, but human-branch parity is not established",NA,NA,NA,NA,NA,NA,aa40a36083473ea3fdfff910132873259e7c7a8a,SWE-bench local record 4.3; F2P-only pilot,NA,"Traceback (most recent call last):
  File ""[LOCAL_DRIVE]/lossoracc\run_work2_30_task_first_checkpoint_replay_worker_20260901.py"", line 81, in run_task
    raise RuntimeError(json.dumps(archive_status, ensure_ascii=False))
RuntimeError: {""status"": ""base_archive_failed"", ""returncode"": 128, ""stderr"": ""warning: lazy fetching disabled; some objects may not be available\nfatal: could not fetch 98d71e9627f0c4ee5701c1b8a599d9b5fb6fc749 from promisor remote\n""}
",0,0,0,"Provider-free replay diagnostics and checkpoint transitions. F1 labels are setup/source proxies, F2 is an observed textual-conflict status, and none of these rows estimate survival, behavior, adaptation, cost, causality or population effects.",failure_diagnostics,diagnostic
pylint-dev__pylint-6506,issue_resolution,pylint-dev/pylint,python,OrcaLoca,pylint-dev__pylint-6506-d30,30,task_setup_failure,F1_proxy_task_setup_failure,"setup failure is observed, but human-branch parity is not established",NA,NA,NA,NA,NA,NA,aa40a36083473ea3fdfff910132873259e7c7a8a,SWE-bench local record 4.3; F2P-only pilot,NA,"Traceback (most recent call last):
  File ""[LOCAL_DRIVE]/lossoracc\run_work2_30_task_first_checkpoint_replay_worker_20260901.py"", line 81, in run_task
    raise RuntimeError(json.dumps(archive_status, ensure_ascii=False))
RuntimeError: {""status"": ""base_archive_failed"", ""returncode"": 128, ""stderr"": ""warning: lazy fetching disabled; some objects may not be available\nfatal: could not fetch 98d71e9627f0c4ee5701c1b8a599d9b5fb6fc749 from promisor remote\n""}
",0,0,0,"Provider-free replay diagnostics and checkpoint transitions. F1 labels are setup/source proxies, F2 is an observed textual-conflict status, and none of these rows estimate survival, behavior, adaptation, cost, causality or population effects.",failure_diagnostics,diagnostic
pylint-dev__pylint-6506,issue_resolution,pylint-dev/pylint,python,human,pylint-dev__pylint-6506-d90,90,task_setup_failure,F1_proxy_task_setup_failure,"setup failure is observed, but human-branch parity is not established",NA,NA,NA,NA,NA,NA,dbc60af70fced751859377f6377b186c6403cdee,SWE-bench local record 4.3; F2P-only pilot,NA,"Traceback (most recent call last):
  File ""[LOCAL_DRIVE]/lossoracc\run_work2_30_task_first_checkpoint_replay_worker_20260901.py"", line 81, in run_task
    raise RuntimeError(json.dumps(archive_status, ensure_ascii=False))
RuntimeError: {""status"": ""base_archive_failed"", ""returncode"": 128, ""stderr"": ""warning: lazy fetching disabled; some objects may not be available\nfatal: could not fetch 98d71e9627f0c4ee5701c1b8a599d9b5fb6fc749 from promisor remote\n""}
",0,0,0,"Provider-free replay diagnostics and checkpoint transitions. F1 labels are setup/source proxies, F2 is an observed textual-conflict status, and none of these rows estimate survival, behavior, adaptation, cost, causality or population effects.",failure_diagnostics,diagnostic
pylint-dev__pylint-6506,issue_resolution,pylint-dev/pylint,python,OrcaLoca,pylint-dev__pylint-6506-d90,90,task_setup_failure,F1_proxy_task_setup_failure,"setup failure is observed, but human-branch parity is not established",NA,NA,NA,NA,NA,NA,dbc60af70fced751859377f6377b186c6403cdee,SWE-bench local record 4.3; F2P-only pilot,NA,"Traceback (most recent call last):
  File ""[LOCAL_DRIVE]/lossoracc\run_work2_30_task_first_checkpoint_replay_worker_20260901.py"", line 81, in run_task
    raise RuntimeError(json.dumps(archive_status, ensure_ascii=False))
RuntimeError: {""status"": ""base_archive_failed"", ""returncode"": 128, ""stderr"": ""warning: lazy fetching disabled; some objects may not be available\nfatal: could not fetch 98d71e9627f0c4ee5701c1b8a599d9b5fb6fc749 from promisor remote\n""}
",0,0,0,"Provider-free replay diagnostics and checkpoint transitions. F1 labels are setup/source proxies, F2 is an observed textual-conflict status, and none of these rows estimate survival, behavior, adaptation, cost, causality or population effects.",failure_diagnostics,diagnostic
pylint-dev__pylint-6506,issue_resolution,pylint-dev/pylint,python,human,pylint-dev__pylint-6506-d180,180,task_setup_failure,F1_proxy_task_setup_failure,"setup failure is observed, but human-branch parity is not established",NA,NA,NA,NA,NA,NA,c8cd3353f53c7d5e843a3420d69b7b7b56ecb2e8,SWE-bench local record 4.3; F2P-only pilot,NA,"Traceback (most recent call last):
  File ""[LOCAL_DRIVE]/lossoracc\run_work2_30_task_first_checkpoint_replay_worker_20260901.py"", line 81, in run_task
    raise RuntimeError(json.dumps(archive_status, ensure_ascii=False))
RuntimeError: {""status"": ""base_archive_failed"", ""returncode"": 128, ""stderr"": ""warning: lazy fetching disabled; some objects may not be available\nfatal: could not fetch 98d71e9627f0c4ee5701c1b8a599d9b5fb6fc749 from promisor remote\n""}
",0,0,0,"Provider-free replay diagnostics and checkpoint transitions. F1 labels are setup/source proxies, F2 is an observed textual-conflict status, and none of these rows estimate survival, behavior, adaptation, cost, causality or population effects.",failure_diagnostics,diagnostic
pylint-dev__pylint-6506,issue_resolution,pylint-dev/pylint,python,OrcaLoca,pylint-dev__pylint-6506-d180,180,task_setup_failure,F1_proxy_task_setup_failure,"setup failure is observed, but human-branch parity is not established",NA,NA,NA,NA,NA,NA,c8cd3353f53c7d5e843a3420d69b7b7b56ecb2e8,SWE-bench local record 4.3; F2P-only pilot,NA,"Traceback (most recent call last):
  File ""[LOCAL_DRIVE]/lossoracc\run_work2_30_task_first_checkpoint_replay_worker_20260901.py"", line 81, in run_task
    raise RuntimeError(json.dumps(archive_status, ensure_ascii=False))
RuntimeError: {""status"": ""base_archive_failed"", ""returncode"": 128, ""stderr"": ""warning: lazy fetching disabled; some objects may not be available\nfatal: could not fetch 98d71e9627f0c4ee5701c1b8a599d9b5fb6fc749 from promisor remote\n""}
",0,0,0,"Provider-free replay diagnostics and checkpoint transitions. F1 labels are setup/source proxies, F2 is an observed textual-conflict status, and none of these rows estimate survival, behavior, adaptation, cost, causality or population effects.",failure_diagnostics,diagnostic
pylint-dev__pylint-6506,issue_resolution,pylint-dev/pylint,python,human,pylint-dev__pylint-6506-d365,365,task_setup_failure,F1_proxy_task_setup_failure,"setup failure is observed, but human-branch parity is not established",NA,NA,NA,NA,NA,NA,7574f6beaf9defdbc551bbe2f18064659caa870c,SWE-bench local record 4.3; F2P-only pilot,NA,"Traceback (most recent call last):
  File ""[LOCAL_DRIVE]/lossoracc\run_work2_30_task_first_checkpoint_replay_worker_20260901.py"", line 81, in run_task
    raise RuntimeError(json.dumps(archive_status, ensure_ascii=False))
RuntimeError: {""status"": ""base_archive_failed"", ""returncode"": 128, ""stderr"": ""warning: lazy fetching disabled; some objects may not be available\nfatal: could not fetch 98d71e9627f0c4ee5701c1b8a599d9b5fb6fc749 from promisor remote\n""}
",0,0,0,"Provider-free replay diagnostics and checkpoint transitions. F1 labels are setup/source proxies, F2 is an observed textual-conflict status, and none of these rows estimate survival, behavior, adaptation, cost, causality or population effects.",failure_diagnostics,diagnostic
pylint-dev__pylint-6506,issue_resolution,pylint-dev/pylint,python,OrcaLoca,pylint-dev__pylint-6506-d365,365,task_setup_failure,F1_proxy_task_setup_failure,"setup failure is observed, but human-branch parity is not established",NA,NA,NA,NA,NA,NA,7574f6beaf9defdbc551bbe2f18064659caa870c,SWE-bench local record 4.3; F2P-only pilot,NA,"Traceback (most recent call last):
  File ""[LOCAL_DRIVE]/lossoracc\run_work2_30_task_first_checkpoint_replay_worker_20260901.py"", line 81, in run_task
    raise RuntimeError(json.dumps(archive_status, ensure_ascii=False))
RuntimeError: {""status"": ""base_archive_failed"", ""returncode"": 128, ""stderr"": ""warning: lazy fetching disabled; some objects may not be available\nfatal: could not fetch 98d71e9627f0c4ee5701c1b8a599d9b5fb6fc749 from promisor remote\n""}
",0,0,0,"Provider-free replay diagnostics and checkpoint transitions. F1 labels are setup/source proxies, F2 is an observed textual-conflict status, and none of these rows estimate survival, behavior, adaptation, cost, causality or population effects.",failure_diagnostics,diagnostic
pylint-dev__pylint-7080,issue_resolution,pylint-dev/pylint,python,human,pylint-dev__pylint-7080-d30,30,task_setup_failure,F1_proxy_task_setup_failure,"setup failure is observed, but human-branch parity is not established",NA,NA,NA,NA,NA,NA,c33d237e6ea5795632295bb6390778a21e6f4080,SWE-bench local record 4.3; F2P-only pilot,NA,"Traceback (most recent call last):
  File ""[LOCAL_DRIVE]/lossoracc\run_work2_30_task_first_checkpoint_replay_worker_20260901.py"", line 81, in run_task
    raise RuntimeError(json.dumps(archive_status, ensure_ascii=False))
RuntimeError: {""status"": ""base_archive_failed"", ""returncode"": 128, ""stderr"": ""warning: lazy fetching disabled; some objects may not be available\nfatal: could not fetch 90a6b12c3afaac2d999c8a1e047cf0a55450d1c5 from promisor remote\n""}
",0,0,0,"Provider-free replay diagnostics and checkpoint transitions. F1 labels are setup/source proxies, F2 is an observed textual-conflict status, and none of these rows estimate survival, behavior, adaptation, cost, causality or population effects.",failure_diagnostics,diagnostic
pylint-dev__pylint-7080,issue_resolution,pylint-dev/pylint,python,OrcaLoca,pylint-dev__pylint-7080-d30,30,task_setup_failure,F1_proxy_task_setup_failure,"setup failure is observed, but human-branch parity is not established",NA,NA,NA,NA,NA,NA,c33d237e6ea5795632295bb6390778a21e6f4080,SWE-bench local record 4.3; F2P-only pilot,NA,"Traceback (most recent call last):
  File ""[LOCAL_DRIVE]/lossoracc\run_work2_30_task_first_checkpoint_replay_worker_20260901.py"", line 81, in run_task
    raise RuntimeError(json.dumps(archive_status, ensure_ascii=False))
RuntimeError: {""status"": ""base_archive_failed"", ""returncode"": 128, ""stderr"": ""warning: lazy fetching disabled; some objects may not be available\nfatal: could not fetch 90a6b12c3afaac2d999c8a1e047cf0a55450d1c5 from promisor remote\n""}
",0,0,0,"Provider-free replay diagnostics and checkpoint transitions. F1 labels are setup/source proxies, F2 is an observed textual-conflict status, and none of these rows estimate survival, behavior, adaptation, cost, causality or population effects.",failure_diagnostics,diagnostic
pylint-dev__pylint-7080,issue_resolution,pylint-dev/pylint,python,human,pylint-dev__pylint-7080-d90,90,task_setup_failure,F1_proxy_task_setup_failure,"setup failure is observed, but human-branch parity is not established",NA,NA,NA,NA,NA,NA,c3740d81918d83c91be698c674d2dd5f063e9530,SWE-bench local record 4.3; F2P-only pilot,NA,"Traceback (most recent call last):
  File ""[LOCAL_DRIVE]/lossoracc\run_work2_30_task_first_checkpoint_replay_worker_20260901.py"", line 81, in run_task
    raise RuntimeError(json.dumps(archive_status, ensure_ascii=False))
RuntimeError: {""status"": ""base_archive_failed"", ""returncode"": 128, ""stderr"": ""warning: lazy fetching disabled; some objects may not be available\nfatal: could not fetch 90a6b12c3afaac2d999c8a1e047cf0a55450d1c5 from promisor remote\n""}
",0,0,0,"Provider-free replay diagnostics and checkpoint transitions. F1 labels are setup/source proxies, F2 is an observed textual-conflict status, and none of these rows estimate survival, behavior, adaptation, cost, causality or population effects.",failure_diagnostics,diagnostic
pylint-dev__pylint-7080,issue_resolution,pylint-dev/pylint,python,OrcaLoca,pylint-dev__pylint-7080-d90,90,task_setup_failure,F1_proxy_task_setup_failure,"setup failure is observed, but human-branch parity is not established",NA,NA,NA,NA,NA,NA,c3740d81918d83c91be698c674d2dd5f063e9530,SWE-bench local record 4.3; F2P-only pilot,NA,"Traceback (most recent call last):
  File ""[LOCAL_DRIVE]/lossoracc\run_work2_30_task_first_checkpoint_replay_worker_20260901.py"", line 81, in run_task
    raise RuntimeError(json.dumps(archive_status, ensure_ascii=False))
RuntimeError: {""status"": ""base_archive_failed"", ""returncode"": 128, ""stderr"": ""warning: lazy fetching disabled; some objects may not be available\nfatal: could not fetch 90a6b12c3afaac2d999c8a1e047cf0a55450d1c5 from promisor remote\n""}
",0,0,0,"Provider-free replay diagnostics and checkpoint transitions. F1 labels are setup/source proxies, F2 is an observed textual-conflict status, and none of these rows estimate survival, behavior, adaptation, cost, causality or population effects.",failure_diagnostics,diagnostic
pylint-dev__pylint-7080,issue_resolution,pylint-dev/pylint,python,human,pylint-dev__pylint-7080-d180,180,task_setup_failure,F1_proxy_task_setup_failure,"setup failure is observed, but human-branch parity is not established",NA,NA,NA,NA,NA,NA,4a5f5be479952d5c865a18520f14db321d2432b2,SWE-bench local record 4.3; F2P-only pilot,NA,"Traceback (most recent call last):
  File ""[LOCAL_DRIVE]/lossoracc\run_work2_30_task_first_checkpoint_replay_worker_20260901.py"", line 81, in run_task
    raise RuntimeError(json.dumps(archive_status, ensure_ascii=False))
RuntimeError: {""status"": ""base_archive_failed"", ""returncode"": 128, ""stderr"": ""warning: lazy fetching disabled; some objects may not be available\nfatal: could not fetch 90a6b12c3afaac2d999c8a1e047cf0a55450d1c5 from promisor remote\n""}
",0,0,0,"Provider-free replay diagnostics and checkpoint transitions. F1 labels are setup/source proxies, F2 is an observed textual-conflict status, and none of these rows estimate survival, behavior, adaptation, cost, causality or population effects.",failure_diagnostics,diagnostic
pylint-dev__pylint-7080,issue_resolution,pylint-dev/pylint,python,OrcaLoca,pylint-dev__pylint-7080-d180,180,task_setup_failure,F1_proxy_task_setup_failure,"setup failure is observed, but human-branch parity is not established",NA,NA,NA,NA,NA,NA,4a5f5be479952d5c865a18520f14db321d2432b2,SWE-bench local record 4.3; F2P-only pilot,NA,"Traceback (most recent call last):
  File ""[LOCAL_DRIVE]/lossoracc\run_work2_30_task_first_checkpoint_replay_worker_20260901.py"", line 81, in run_task
    raise RuntimeError(json.dumps(archive_status, ensure_ascii=False))
RuntimeError: {""status"": ""base_archive_failed"", ""returncode"": 128, ""stderr"": ""warning: lazy fetching disabled; some objects may not be available\nfatal: could not fetch 90a6b12c3afaac2d999c8a1e047cf0a55450d1c5 from promisor remote\n""}
",0,0,0,"Provider-free replay diagnostics and checkpoint transitions. F1 labels are setup/source proxies, F2 is an observed textual-conflict status, and none of these rows estimate survival, behavior, adaptation, cost, causality or population effects.",failure_diagnostics,diagnostic
pylint-dev__pylint-7080,issue_resolution,pylint-dev/pylint,python,human,pylint-dev__pylint-7080-d365,365,task_setup_failure,F1_proxy_task_setup_failure,"setup failure is observed, but human-branch parity is not established",NA,NA,NA,NA,NA,NA,bf8051b632afdba6792e55c20faec712b0ebebaf,SWE-bench local record 4.3; F2P-only pilot,NA,"Traceback (most recent call last):
  File ""[LOCAL_DRIVE]/lossoracc\run_work2_30_task_first_checkpoint_replay_worker_20260901.py"", line 81, in run_task
    raise RuntimeError(json.dumps(archive_status, ensure_ascii=False))
RuntimeError: {""status"": ""base_archive_failed"", ""returncode"": 128, ""stderr"": ""warning: lazy fetching disabled; some objects may not be available\nfatal: could not fetch 90a6b12c3afaac2d999c8a1e047cf0a55450d1c5 from promisor remote\n""}
",0,0,0,"Provider-free replay diagnostics and checkpoint transitions. F1 labels are setup/source proxies, F2 is an observed textual-conflict status, and none of these rows estimate survival, behavior, adaptation, cost, causality or population effects.",failure_diagnostics,diagnostic
pylint-dev__pylint-7080,issue_resolution,pylint-dev/pylint,python,OrcaLoca,pylint-dev__pylint-7080-d365,365,task_setup_failure,F1_proxy_task_setup_failure,"setup failure is observed, but human-branch parity is not established",NA,NA,NA,NA,NA,NA,bf8051b632afdba6792e55c20faec712b0ebebaf,SWE-bench local record 4.3; F2P-only pilot,NA,"Traceback (most recent call last):
  File ""[LOCAL_DRIVE]/lossoracc\run_work2_30_task_first_checkpoint_replay_worker_20260901.py"", line 81, in run_task
    raise RuntimeError(json.dumps(archive_status, ensure_ascii=False))
RuntimeError: {""status"": ""base_archive_failed"", ""returncode"": 128, ""stderr"": ""warning: lazy fetching disabled; some objects may not be available\nfatal: could not fetch 90a6b12c3afaac2d999c8a1e047cf0a55450d1c5 from promisor remote\n""}
",0,0,0,"Provider-free replay diagnostics and checkpoint transitions. F1 labels are setup/source proxies, F2 is an observed textual-conflict status, and none of these rows estimate survival, behavior, adaptation, cost, causality or population effects.",failure_diagnostics,diagnostic
pylint-dev__pylint-7228,issue_resolution,pylint-dev/pylint,python,human,pylint-dev__pylint-7228-d30,30,source_unavailable_during_replay,F1_proxy_source_unavailable,"source unavailable is observed, but environment-cause attribution is not established",NA,NA,NA,NA,NA,NA,ac8641e32d262b18c528951523d8ff7da07cf72c,SWE-bench Lite local record; F2P-only pilot,8b6796ff816cae34a8ba96c465e367f321f95931a64b9dff5932f0f9ab701d1b,"c7afe9940c2b80738cfc0c99bff479a2dfc50fbe: warning: lazy fetching disabled; some objects may not be available
fatal: could not fetch 8f409a5c4f2fe371df7b12ca174c590543f904ea from promisor remote
",0,0,0,"Provider-free replay diagnostics and checkpoint transitions. F1 labels are setup/source proxies, F2 is an observed textual-conflict status, and none of these rows estimate survival, behavior, adaptation, cost, causality or population effects.",failure_diagnostics,diagnostic
pylint-dev__pylint-7228,issue_resolution,pylint-dev/pylint,python,OrcaLoca,pylint-dev__pylint-7228-d30,30,source_unavailable_during_replay,F1_proxy_source_unavailable,"source unavailable is observed, but environment-cause attribution is not established",NA,NA,NA,NA,NA,NA,ac8641e32d262b18c528951523d8ff7da07cf72c,SWE-bench Lite local record; F2P-only pilot,719f9a10d0b1d37e263a449ceab7878360459827601703aacfa1392e73a35fc3,"c7afe9940c2b80738cfc0c99bff479a2dfc50fbe: warning: lazy fetching disabled; some objects may not be available
fatal: could not fetch 8f409a5c4f2fe371df7b12ca174c590543f904ea from promisor remote
",0,0,0,"Provider-free replay diagnostics and checkpoint transitions. F1 labels are setup/source proxies, F2 is an observed textual-conflict status, and none of these rows estimate survival, behavior, adaptation, cost, causality or population effects.",failure_diagnostics,diagnostic
pylint-dev__pylint-7228,issue_resolution,pylint-dev/pylint,python,human,pylint-dev__pylint-7228-d90,90,source_unavailable_during_replay,F1_proxy_source_unavailable,"source unavailable is observed, but environment-cause attribution is not established",NA,NA,NA,NA,NA,NA,5c7f98099c719038fa07eba61f288c0a7cc48f92,SWE-bench Lite local record; F2P-only pilot,8b6796ff816cae34a8ba96c465e367f321f95931a64b9dff5932f0f9ab701d1b,"c7afe9940c2b80738cfc0c99bff479a2dfc50fbe: warning: lazy fetching disabled; some objects may not be available
fatal: could not fetch 8f409a5c4f2fe371df7b12ca174c590543f904ea from promisor remote
",0,0,0,"Provider-free replay diagnostics and checkpoint transitions. F1 labels are setup/source proxies, F2 is an observed textual-conflict status, and none of these rows estimate survival, behavior, adaptation, cost, causality or population effects.",failure_diagnostics,diagnostic
pylint-dev__pylint-7228,issue_resolution,pylint-dev/pylint,python,OrcaLoca,pylint-dev__pylint-7228-d90,90,source_unavailable_during_replay,F1_proxy_source_unavailable,"source unavailable is observed, but environment-cause attribution is not established",NA,NA,NA,NA,NA,NA,5c7f98099c719038fa07eba61f288c0a7cc48f92,SWE-bench Lite local record; F2P-only pilot,719f9a10d0b1d37e263a449ceab7878360459827601703aacfa1392e73a35fc3,"c7afe9940c2b80738cfc0c99bff479a2dfc50fbe: warning: lazy fetching disabled; some objects may not be available
fatal: could not fetch 8f409a5c4f2fe371df7b12ca174c590543f904ea from promisor remote
",0,0,0,"Provider-free replay diagnostics and checkpoint transitions. F1 labels are setup/source proxies, F2 is an observed textual-conflict status, and none of these rows estimate survival, behavior, adaptation, cost, causality or population effects.",failure_diagnostics,diagnostic
pylint-dev__pylint-7228,issue_resolution,pylint-dev/pylint,python,human,pylint-dev__pylint-7228-d180,180,source_unavailable_during_replay,F1_proxy_source_unavailable,"source unavailable is observed, but environment-cause attribution is not established",NA,NA,NA,NA,NA,NA,660405e6218258cee90570e8037c3b5e1440dcb6,SWE-bench Lite local record; F2P-only pilot,8b6796ff816cae34a8ba96c465e367f321f95931a64b9dff5932f0f9ab701d1b,"c7afe9940c2b80738cfc0c99bff479a2dfc50fbe: warning: lazy fetching disabled; some objects may not be available
fatal: could not fetch 8f409a5c4f2fe371df7b12ca174c590543f904ea from promisor remote
",0,0,0,"Provider-free replay diagnostics and checkpoint transitions. F1 labels are setup/source proxies, F2 is an observed textual-conflict status, and none of these rows estimate survival, behavior, adaptation, cost, causality or population effects.",failure_diagnostics,diagnostic
pylint-dev__pylint-7228,issue_resolution,pylint-dev/pylint,python,OrcaLoca,pylint-dev__pylint-7228-d180,180,source_unavailable_during_replay,F1_proxy_source_unavailable,"source unavailable is observed, but environment-cause attribution is not established",NA,NA,NA,NA,NA,NA,660405e6218258cee90570e8037c3b5e1440dcb6,SWE-bench Lite local record; F2P-only pilot,719f9a10d0b1d37e263a449ceab7878360459827601703aacfa1392e73a35fc3,"c7afe9940c2b80738cfc0c99bff479a2dfc50fbe: warning: lazy fetching disabled; some objects may not be available
fatal: could not fetch 8f409a5c4f2fe371df7b12ca174c590543f904ea from promisor remote
",0,0,0,"Provider-free replay diagnostics and checkpoint transitions. F1 labels are setup/source proxies, F2 is an observed textual-conflict status, and none of these rows estimate survival, behavior, adaptation, cost, causality or population effects.",failure_diagnostics,diagnostic
pylint-dev__pylint-7228,issue_resolution,pylint-dev/pylint,python,human,pylint-dev__pylint-7228-d365,365,source_unavailable_during_replay,F1_proxy_source_unavailable,"source unavailable is observed, but environment-cause attribution is not established",NA,NA,NA,NA,NA,NA,68a79b2504c96205437ee9c3f09c4d7d90284bc5,SWE-bench Lite local record; F2P-only pilot,8b6796ff816cae34a8ba96c465e367f321f95931a64b9dff5932f0f9ab701d1b,"c7afe9940c2b80738cfc0c99bff479a2dfc50fbe: warning: lazy fetching disabled; some objects may not be available
fatal: could not fetch 8f409a5c4f2fe371df7b12ca174c590543f904ea from promisor remote
",0,0,0,"Provider-free replay diagnostics and checkpoint transitions. F1 labels are setup/source proxies, F2 is an observed textual-conflict status, and none of these rows estimate survival, behavior, adaptation, cost, causality or population effects.",failure_diagnostics,diagnostic
pylint-dev__pylint-7228,issue_resolution,pylint-dev/pylint,python,OrcaLoca,pylint-dev__pylint-7228-d365,365,source_unavailable_during_replay,F1_proxy_source_unavailable,"source unavailable is observed, but environment-cause attribution is not established",NA,NA,NA,NA,NA,NA,68a79b2504c96205437ee9c3f09c4d7d90284bc5,SWE-bench Lite local record; F2P-only pilot,719f9a10d0b1d37e263a449ceab7878360459827601703aacfa1392e73a35fc3,"c7afe9940c2b80738cfc0c99bff479a2dfc50fbe: warning: lazy fetching disabled; some objects may not be available
fatal: could not fetch 8f409a5c4f2fe371df7b12ca174c590543f904ea from promisor remote
",0,0,0,"Provider-free replay diagnostics and checkpoint transitions. F1 labels are setup/source proxies, F2 is an observed textual-conflict status, and none of these rows estimate survival, behavior, adaptation, cost, causality or population effects.",failure_diagnostics,diagnostic
pytest-dev__pytest-5221,issue_resolution,pytest-dev/pytest,python,human,pytest-dev__pytest-5221-d30,30,source_unavailable_during_replay,F1_proxy_source_unavailable,"source unavailable is observed, but environment-cause attribution is not established",NA,NA,NA,NA,NA,NA,0f4992c223bbf4757e83c20818538eb755604734,SWE-bench Lite local record; F2P-only pilot,be5549ceff2ee5643ad3743e8919241e16ebf9549c79c68cd56a0ee3aaaf666b,"7f7f84757d2b34c8e9e3ef2bab76a67771d57dd4: warning: lazy fetching disabled; some objects may not be available
fatal: could not fetch ecbba1255865a738c4a8f900d3c5c9e5ff5812e0 from promisor remote
",0,0,0,"Provider-free replay diagnostics and checkpoint transitions. F1 labels are setup/source proxies, F2 is an observed textual-conflict status, and none of these rows estimate survival, behavior, adaptation, cost, causality or population effects.",failure_diagnostics,diagnostic
pytest-dev__pytest-5221,issue_resolution,pytest-dev/pytest,python,OrcaLoca,pytest-dev__pytest-5221-d30,30,source_unavailable_during_replay,F1_proxy_source_unavailable,"source unavailable is observed, but environment-cause attribution is not established",NA,NA,NA,NA,NA,NA,0f4992c223bbf4757e83c20818538eb755604734,SWE-bench Lite local record; F2P-only pilot,4125ea2ac0a60ededa317c455120b5f44d91a444df879edc1e264a7c8bdfe483,"7f7f84757d2b34c8e9e3ef2bab76a67771d57dd4: warning: lazy fetching disabled; some objects may not be available
fatal: could not fetch ecbba1255865a738c4a8f900d3c5c9e5ff5812e0 from promisor remote
",0,0,0,"Provider-free replay diagnostics and checkpoint transitions. F1 labels are setup/source proxies, F2 is an observed textual-conflict status, and none of these rows estimate survival, behavior, adaptation, cost, causality or population effects.",failure_diagnostics,diagnostic
pytest-dev__pytest-5221,issue_resolution,pytest-dev/pytest,python,human,pytest-dev__pytest-5221-d90,90,source_unavailable_during_replay,F1_proxy_source_unavailable,"source unavailable is observed, but environment-cause attribution is not established",NA,NA,NA,NA,NA,NA,73e0bf92f7e1fc365b77ed57699c37454db6d812,SWE-bench Lite local record; F2P-only pilot,be5549ceff2ee5643ad3743e8919241e16ebf9549c79c68cd56a0ee3aaaf666b,"7f7f84757d2b34c8e9e3ef2bab76a67771d57dd4: warning: lazy fetching disabled; some objects may not be available
fatal: could not fetch ecbba1255865a738c4a8f900d3c5c9e5ff5812e0 from promisor remote
",0,0,0,"Provider-free replay diagnostics and checkpoint transitions. F1 labels are setup/source proxies, F2 is an observed textual-conflict status, and none of these rows estimate survival, behavior, adaptation, cost, causality or population effects.",failure_diagnostics,diagnostic
pytest-dev__pytest-5221,issue_resolution,pytest-dev/pytest,python,OrcaLoca,pytest-dev__pytest-5221-d90,90,source_unavailable_during_replay,F1_proxy_source_unavailable,"source unavailable is observed, but environment-cause attribution is not established",NA,NA,NA,NA,NA,NA,73e0bf92f7e1fc365b77ed57699c37454db6d812,SWE-bench Lite local record; F2P-only pilot,4125ea2ac0a60ededa317c455120b5f44d91a444df879edc1e264a7c8bdfe483,"7f7f84757d2b34c8e9e3ef2bab76a67771d57dd4: warning: lazy fetching disabled; some objects may not be available
fatal: could not fetch ecbba1255865a738c4a8f900d3c5c9e5ff5812e0 from promisor remote
",0,0,0,"Provider-free replay diagnostics and checkpoint transitions. F1 labels are setup/source proxies, F2 is an observed textual-conflict status, and none of these rows estimate survival, behavior, adaptation, cost, causality or population effects.",failure_diagnostics,diagnostic
pytest-dev__pytest-5221,issue_resolution,pytest-dev/pytest,python,human,pytest-dev__pytest-5221-d180,180,source_unavailable_during_replay,F1_proxy_source_unavailable,"source unavailable is observed, but environment-cause attribution is not established",NA,NA,NA,NA,NA,NA,0760406480495ceaf54755bdeed08e47570ffa2f,SWE-bench Lite local record; F2P-only pilot,be5549ceff2ee5643ad3743e8919241e16ebf9549c79c68cd56a0ee3aaaf666b,"7f7f84757d2b34c8e9e3ef2bab76a67771d57dd4: warning: lazy fetching disabled; some objects may not be available
fatal: could not fetch ecbba1255865a738c4a8f900d3c5c9e5ff5812e0 from promisor remote
",0,0,0,"Provider-free replay diagnostics and checkpoint transitions. F1 labels are setup/source proxies, F2 is an observed textual-conflict status, and none of these rows estimate survival, behavior, adaptation, cost, causality or population effects.",failure_diagnostics,diagnostic
pytest-dev__pytest-5221,issue_resolution,pytest-dev/pytest,python,OrcaLoca,pytest-dev__pytest-5221-d180,180,source_unavailable_during_replay,F1_proxy_source_unavailable,"source unavailable is observed, but environment-cause attribution is not established",NA,NA,NA,NA,NA,NA,0760406480495ceaf54755bdeed08e47570ffa2f,SWE-bench Lite local record; F2P-only pilot,4125ea2ac0a60ededa317c455120b5f44d91a444df879edc1e264a7c8bdfe483,"7f7f84757d2b34c8e9e3ef2bab76a67771d57dd4: warning: lazy fetching disabled; some objects may not be available
fatal: could not fetch ecbba1255865a738c4a8f900d3c5c9e5ff5812e0 from promisor remote
",0,0,0,"Provider-free replay diagnostics and checkpoint transitions. F1 labels are setup/source proxies, F2 is an observed textual-conflict status, and none of these rows estimate survival, behavior, adaptation, cost, causality or population effects.",failure_diagnostics,diagnostic
pytest-dev__pytest-5221,issue_resolution,pytest-dev/pytest,python,human,pytest-dev__pytest-5221-d365,365,source_unavailable_during_replay,F1_proxy_source_unavailable,"source unavailable is observed, but environment-cause attribution is not established",NA,NA,NA,NA,NA,NA,b4c46da278d26acbd2aa06195d67d4b8f538e726,SWE-bench Lite local record; F2P-only pilot,be5549ceff2ee5643ad3743e8919241e16ebf9549c79c68cd56a0ee3aaaf666b,"7f7f84757d2b34c8e9e3ef2bab76a67771d57dd4: warning: lazy fetching disabled; some objects may not be available
fatal: could not fetch ecbba1255865a738c4a8f900d3c5c9e5ff5812e0 from promisor remote
",0,0,0,"Provider-free replay diagnostics and checkpoint transitions. F1 labels are setup/source proxies, F2 is an observed textual-conflict status, and none of these rows estimate survival, behavior, adaptation, cost, causality or population effects.",failure_diagnostics,diagnostic
pytest-dev__pytest-5221,issue_resolution,pytest-dev/pytest,python,OrcaLoca,pytest-dev__pytest-5221-d365,365,source_unavailable_during_replay,F1_proxy_source_unavailable,"source unavailable is observed, but environment-cause attribution is not established",NA,NA,NA,NA,NA,NA,b4c46da278d26acbd2aa06195d67d4b8f538e726,SWE-bench Lite local record; F2P-only pilot,4125ea2ac0a60ededa317c455120b5f44d91a444df879edc1e264a7c8bdfe483,"7f7f84757d2b34c8e9e3ef2bab76a67771d57dd4: warning: lazy fetching disabled; some objects may not be available
fatal: could not fetch ecbba1255865a738c4a8f900d3c5c9e5ff5812e0 from promisor remote
",0,0,0,"Provider-free replay diagnostics and checkpoint transitions. F1 labels are setup/source proxies, F2 is an observed textual-conflict status, and none of these rows estimate survival, behavior, adaptation, cost, causality or population effects.",failure_diagnostics,diagnostic
pytest-dev__pytest-5227,issue_resolution,pytest-dev/pytest,python,human,pytest-dev__pytest-5227-d30,30,source_unavailable_during_replay,F1_proxy_source_unavailable,"source unavailable is observed, but environment-cause attribution is not established",NA,NA,NA,NA,NA,NA,9f5c356784cd03d38704b1cdd49bdbaf275489f4,SWE-bench Lite local record; F2P-only pilot,e8193ea0dee0989323f0f7756f492d73cdc2e584b61f9142b8695d9ed2737893,"7f7f84757d2b34c8e9e3ef2bab76a67771d57dd4: warning: lazy fetching disabled; some objects may not be available
fatal: could not fetch ecbba1255865a738c4a8f900d3c5c9e5ff5812e0 from promisor remote
",0,0,0,"Provider-free replay diagnostics and checkpoint transitions. F1 labels are setup/source proxies, F2 is an observed textual-conflict status, and none of these rows estimate survival, behavior, adaptation, cost, causality or population effects.",failure_diagnostics,diagnostic
pytest-dev__pytest-5227,issue_resolution,pytest-dev/pytest,python,OrcaLoca,pytest-dev__pytest-5227-d30,30,source_unavailable_during_replay,F1_proxy_source_unavailable,"source unavailable is observed, but environment-cause attribution is not established",NA,NA,NA,NA,NA,NA,9f5c356784cd03d38704b1cdd49bdbaf275489f4,SWE-bench Lite local record; F2P-only pilot,2eb1ac3fd8b4d7b36f6fc008d8353269f0e229be3849884da2b171830a858bfa,"7f7f84757d2b34c8e9e3ef2bab76a67771d57dd4: warning: lazy fetching disabled; some objects may not be available
fatal: could not fetch ecbba1255865a738c4a8f900d3c5c9e5ff5812e0 from promisor remote
",0,0,0,"Provider-free replay diagnostics and checkpoint transitions. F1 labels are setup/source proxies, F2 is an observed textual-conflict status, and none of these rows estimate survival, behavior, adaptation, cost, causality or population effects.",failure_diagnostics,diagnostic
pytest-dev__pytest-5227,issue_resolution,pytest-dev/pytest,python,human,pytest-dev__pytest-5227-d90,90,source_unavailable_during_replay,F1_proxy_source_unavailable,"source unavailable is observed, but environment-cause attribution is not established",NA,NA,NA,NA,NA,NA,28fabc52bd3a35f1007ab82866940c9afdf7cefc,SWE-bench Lite local record; F2P-only pilot,e8193ea0dee0989323f0f7756f492d73cdc2e584b61f9142b8695d9ed2737893,"7f7f84757d2b34c8e9e3ef2bab76a67771d57dd4: warning: lazy fetching disabled; some objects may not be available
fatal: could not fetch ecbba1255865a738c4a8f900d3c5c9e5ff5812e0 from promisor remote
",0,0,0,"Provider-free replay diagnostics and checkpoint transitions. F1 labels are setup/source proxies, F2 is an observed textual-conflict status, and none of these rows estimate survival, behavior, adaptation, cost, causality or population effects.",failure_diagnostics,diagnostic
pytest-dev__pytest-5227,issue_resolution,pytest-dev/pytest,python,OrcaLoca,pytest-dev__pytest-5227-d90,90,source_unavailable_during_replay,F1_proxy_source_unavailable,"source unavailable is observed, but environment-cause attribution is not established",NA,NA,NA,NA,NA,NA,28fabc52bd3a35f1007ab82866940c9afdf7cefc,SWE-bench Lite local record; F2P-only pilot,2eb1ac3fd8b4d7b36f6fc008d8353269f0e229be3849884da2b171830a858bfa,"7f7f84757d2b34c8e9e3ef2bab76a67771d57dd4: warning: lazy fetching disabled; some objects may not be available
fatal: could not fetch ecbba1255865a738c4a8f900d3c5c9e5ff5812e0 from promisor remote
",0,0,0,"Provider-free replay diagnostics and checkpoint transitions. F1 labels are setup/source proxies, F2 is an observed textual-conflict status, and none of these rows estimate survival, behavior, adaptation, cost, causality or population effects.",failure_diagnostics,diagnostic
pytest-dev__pytest-5227,issue_resolution,pytest-dev/pytest,python,human,pytest-dev__pytest-5227-d180,180,source_unavailable_during_replay,F1_proxy_source_unavailable,"source unavailable is observed, but environment-cause attribution is not established",NA,NA,NA,NA,NA,NA,0760406480495ceaf54755bdeed08e47570ffa2f,SWE-bench Lite local record; F2P-only pilot,e8193ea0dee0989323f0f7756f492d73cdc2e584b61f9142b8695d9ed2737893,"7f7f84757d2b34c8e9e3ef2bab76a67771d57dd4: warning: lazy fetching disabled; some objects may not be available
fatal: could not fetch ecbba1255865a738c4a8f900d3c5c9e5ff5812e0 from promisor remote
",0,0,0,"Provider-free replay diagnostics and checkpoint transitions. F1 labels are setup/source proxies, F2 is an observed textual-conflict status, and none of these rows estimate survival, behavior, adaptation, cost, causality or population effects.",failure_diagnostics,diagnostic
pytest-dev__pytest-5227,issue_resolution,pytest-dev/pytest,python,OrcaLoca,pytest-dev__pytest-5227-d180,180,source_unavailable_during_replay,F1_proxy_source_unavailable,"source unavailable is observed, but environment-cause attribution is not established",NA,NA,NA,NA,NA,NA,0760406480495ceaf54755bdeed08e47570ffa2f,SWE-bench Lite local record; F2P-only pilot,2eb1ac3fd8b4d7b36f6fc008d8353269f0e229be3849884da2b171830a858bfa,"7f7f84757d2b34c8e9e3ef2bab76a67771d57dd4: warning: lazy fetching disabled; some objects may not be available
fatal: could not fetch ecbba1255865a738c4a8f900d3c5c9e5ff5812e0 from promisor remote
",0,0,0,"Provider-free replay diagnostics and checkpoint transitions. F1 labels are setup/source proxies, F2 is an observed textual-conflict status, and none of these rows estimate survival, behavior, adaptation, cost, causality or population effects.",failure_diagnostics,diagnostic
pytest-dev__pytest-5227,issue_resolution,pytest-dev/pytest,python,human,pytest-dev__pytest-5227-d365,365,source_unavailable_during_replay,F1_proxy_source_unavailable,"source unavailable is observed, but environment-cause attribution is not established",NA,NA,NA,NA,NA,NA,81da5dac4840597ed05e2d216a2229acce62b26f,SWE-bench Lite local record; F2P-only pilot,e8193ea0dee0989323f0f7756f492d73cdc2e584b61f9142b8695d9ed2737893,"7f7f84757d2b34c8e9e3ef2bab76a67771d57dd4: warning: lazy fetching disabled; some objects may not be available
fatal: could not fetch ecbba1255865a738c4a8f900d3c5c9e5ff5812e0 from promisor remote
",0,0,0,"Provider-free replay diagnostics and checkpoint transitions. F1 labels are setup/source proxies, F2 is an observed textual-conflict status, and none of these rows estimate survival, behavior, adaptation, cost, causality or population effects.",failure_diagnostics,diagnostic
pytest-dev__pytest-5227,issue_resolution,pytest-dev/pytest,python,OrcaLoca,pytest-dev__pytest-5227-d365,365,source_unavailable_during_replay,F1_proxy_source_unavailable,"source unavailable is observed, but environment-cause attribution is not established",NA,NA,NA,NA,NA,NA,81da5dac4840597ed05e2d216a2229acce62b26f,SWE-bench Lite local record; F2P-only pilot,2eb1ac3fd8b4d7b36f6fc008d8353269f0e229be3849884da2b171830a858bfa,"7f7f84757d2b34c8e9e3ef2bab76a67771d57dd4: warning: lazy fetching disabled; some objects may not be available
fatal: could not fetch ecbba1255865a738c4a8f900d3c5c9e5ff5812e0 from promisor remote
",0,0,0,"Provider-free replay diagnostics and checkpoint transitions. F1 labels are setup/source proxies, F2 is an observed textual-conflict status, and none of these rows estimate survival, behavior, adaptation, cost, causality or population effects.",failure_diagnostics,diagnostic
scikit-learn__scikit-learn-10297,issue_resolution,scikit-learn/scikit-learn,python,human,scikit-learn__scikit-learn-10297-d30,30,future_textual_conflict,F2_textual_conflict,replay status explicitly reports textual conflict,NA,NA,True,NA,NA,NA,47ce5e1c9d0a63ed3b56b4a9f44fb51a1b35b7cd,SWE-bench Lite local record; F2P-only pilot,36db36590ab75976c976fa4aef8b12d64caf9a65f849e7147b56fb67c4e2aa09,"03dd2870157490f1f8f484d9b81bfe0ac1df4917: error: patch failed: sklearn/linear_model/ridge.py:1328
error: sklearn/linear_model/ridge.py: patch does not apply
",0,0,0,"Provider-free replay diagnostics and checkpoint transitions. F1 labels are setup/source proxies, F2 is an observed textual-conflict status, and none of these rows estimate survival, behavior, adaptation, cost, causality or population effects.",failure_diagnostics,diagnostic
scikit-learn__scikit-learn-10297,issue_resolution,scikit-learn/scikit-learn,python,OrcaLoca,scikit-learn__scikit-learn-10297-d30,30,future_textual_conflict,F2_textual_conflict,replay status explicitly reports textual conflict,NA,NA,True,NA,NA,NA,47ce5e1c9d0a63ed3b56b4a9f44fb51a1b35b7cd,SWE-bench Lite local record; F2P-only pilot,b64462c0c7dc0426b6144f207da03fb71d5e961fa778bd4617607878b402d6eb,"03dd2870157490f1f8f484d9b81bfe0ac1df4917: error: patch failed: sklearn/linear_model/ridge.py:1328
error: sklearn/linear_model/ridge.py: patch does not apply
",0,0,0,"Provider-free replay diagnostics and checkpoint transitions. F1 labels are setup/source proxies, F2 is an observed textual-conflict status, and none of these rows estimate survival, behavior, adaptation, cost, causality or population effects.",failure_diagnostics,diagnostic
scikit-learn__scikit-learn-10297,issue_resolution,scikit-learn/scikit-learn,python,human,scikit-learn__scikit-learn-10297-d90,90,future_textual_conflict,F2_textual_conflict,replay status explicitly reports textual conflict,NA,NA,True,NA,NA,NA,83a9eab8e1539480698c0452424746031ce68248,SWE-bench Lite local record; F2P-only pilot,36db36590ab75976c976fa4aef8b12d64caf9a65f849e7147b56fb67c4e2aa09,"03dd2870157490f1f8f484d9b81bfe0ac1df4917: error: patch failed: sklearn/linear_model/ridge.py:1328
error: sklearn/linear_model/ridge.py: patch does not apply
",0,0,0,"Provider-free replay diagnostics and checkpoint transitions. F1 labels are setup/source proxies, F2 is an observed textual-conflict status, and none of these rows estimate survival, behavior, adaptation, cost, causality or population effects.",failure_diagnostics,diagnostic
scikit-learn__scikit-learn-10297,issue_resolution,scikit-learn/scikit-learn,python,OrcaLoca,scikit-learn__scikit-learn-10297-d90,90,future_textual_conflict,F2_textual_conflict,replay status explicitly reports textual conflict,NA,NA,True,NA,NA,NA,83a9eab8e1539480698c0452424746031ce68248,SWE-bench Lite local record; F2P-only pilot,b64462c0c7dc0426b6144f207da03fb71d5e961fa778bd4617607878b402d6eb,"03dd2870157490f1f8f484d9b81bfe0ac1df4917: error: patch failed: sklearn/linear_model/ridge.py:1328
error: sklearn/linear_model/ridge.py: patch does not apply
",0,0,0,"Provider-free replay diagnostics and checkpoint transitions. F1 labels are setup/source proxies, F2 is an observed textual-conflict status, and none of these rows estimate survival, behavior, adaptation, cost, causality or population effects.",failure_diagnostics,diagnostic
scikit-learn__scikit-learn-10297,issue_resolution,scikit-learn/scikit-learn,python,human,scikit-learn__scikit-learn-10297-d180,180,future_textual_conflict,F2_textual_conflict,replay status explicitly reports textual conflict,NA,NA,True,NA,NA,NA,790af8db833d868b3206db78f89fb5d96a0d8dea,SWE-bench Lite local record; F2P-only pilot,36db36590ab75976c976fa4aef8b12d64caf9a65f849e7147b56fb67c4e2aa09,"03dd2870157490f1f8f484d9b81bfe0ac1df4917: error: patch failed: sklearn/linear_model/ridge.py:1328
error: sklearn/linear_model/ridge.py: patch does not apply
",0,0,0,"Provider-free replay diagnostics and checkpoint transitions. F1 labels are setup/source proxies, F2 is an observed textual-conflict status, and none of these rows estimate survival, behavior, adaptation, cost, causality or population effects.",failure_diagnostics,diagnostic
scikit-learn__scikit-learn-10297,issue_resolution,scikit-learn/scikit-learn,python,OrcaLoca,scikit-learn__scikit-learn-10297-d180,180,future_textual_conflict,F2_textual_conflict,replay status explicitly reports textual conflict,NA,NA,True,NA,NA,NA,790af8db833d868b3206db78f89fb5d96a0d8dea,SWE-bench Lite local record; F2P-only pilot,b64462c0c7dc0426b6144f207da03fb71d5e961fa778bd4617607878b402d6eb,"03dd2870157490f1f8f484d9b81bfe0ac1df4917: error: patch failed: sklearn/linear_model/ridge.py:1328
error: sklearn/linear_model/ridge.py: patch does not apply
",0,0,0,"Provider-free replay diagnostics and checkpoint transitions. F1 labels are setup/source proxies, F2 is an observed textual-conflict status, and none of these rows estimate survival, behavior, adaptation, cost, causality or population effects.",failure_diagnostics,diagnostic
scikit-learn__scikit-learn-10297,issue_resolution,scikit-learn/scikit-learn,python,human,scikit-learn__scikit-learn-10297-d365,365,future_textual_conflict,F2_textual_conflict,replay status explicitly reports textual conflict,NA,NA,True,NA,NA,NA,0a1ee74a14ed8fe94bb0c7c10c9e3d99db9cd2b8,SWE-bench Lite local record; F2P-only pilot,36db36590ab75976c976fa4aef8b12d64caf9a65f849e7147b56fb67c4e2aa09,"03dd2870157490f1f8f484d9b81bfe0ac1df4917: error: patch failed: sklearn/linear_model/ridge.py:1328
error: sklearn/linear_model/ridge.py: patch does not apply
",0,0,0,"Provider-free replay diagnostics and checkpoint transitions. F1 labels are setup/source proxies, F2 is an observed textual-conflict status, and none of these rows estimate survival, behavior, adaptation, cost, causality or population effects.",failure_diagnostics,diagnostic
scikit-learn__scikit-learn-10297,issue_resolution,scikit-learn/scikit-learn,python,OrcaLoca,scikit-learn__scikit-learn-10297-d365,365,future_textual_conflict,F2_textual_conflict,replay status explicitly reports textual conflict,NA,NA,True,NA,NA,NA,0a1ee74a14ed8fe94bb0c7c10c9e3d99db9cd2b8,SWE-bench Lite local record; F2P-only pilot,b64462c0c7dc0426b6144f207da03fb71d5e961fa778bd4617607878b402d6eb,"03dd2870157490f1f8f484d9b81bfe0ac1df4917: error: patch failed: sklearn/linear_model/ridge.py:1328
error: sklearn/linear_model/ridge.py: patch does not apply
",0,0,0,"Provider-free replay diagnostics and checkpoint transitions. F1 labels are setup/source proxies, F2 is an observed textual-conflict status, and none of these rows estimate survival, behavior, adaptation, cost, causality or population effects.",failure_diagnostics,diagnostic
scikit-learn__scikit-learn-10508,issue_resolution,scikit-learn/scikit-learn,python,human,scikit-learn__scikit-learn-10508-d30,30,future_textual_conflict,F2_textual_conflict,replay status explicitly reports textual conflict,NA,NA,True,NA,NA,NA,ff5aac0c9e5555f52165ccfbf489e6592a58cf9c,SWE-bench Lite local record; F2P-only pilot,7664039eb8b692bddab2bcf1ad5e20b59cd319827a8b2b792818b0769d5d6065,"6bd1cf594b05fdf16f827077e719a4ab0c0bd7ab: error: patch failed: doc/whats_new/v0.20.rst:311
error: doc/whats_new/v0.20.rst: patch does not apply
",0,0,0,"Provider-free replay diagnostics and checkpoint transitions. F1 labels are setup/source proxies, F2 is an observed textual-conflict status, and none of these rows estimate survival, behavior, adaptation, cost, causality or population effects.",failure_diagnostics,diagnostic
scikit-learn__scikit-learn-10508,issue_resolution,scikit-learn/scikit-learn,python,OrcaLoca,scikit-learn__scikit-learn-10508-d30,30,future_textual_conflict,F2_textual_conflict,replay status explicitly reports textual conflict,NA,NA,True,NA,NA,NA,ff5aac0c9e5555f52165ccfbf489e6592a58cf9c,SWE-bench Lite local record; F2P-only pilot,af823916c3c9ab835f49621c8abf08fe2c1eec078d394b64756c7fb198c3c985,"6bd1cf594b05fdf16f827077e719a4ab0c0bd7ab: error: patch failed: doc/whats_new/v0.20.rst:311
error: doc/whats_new/v0.20.rst: patch does not apply
",0,0,0,"Provider-free replay diagnostics and checkpoint transitions. F1 labels are setup/source proxies, F2 is an observed textual-conflict status, and none of these rows estimate survival, behavior, adaptation, cost, causality or population effects.",failure_diagnostics,diagnostic
scikit-learn__scikit-learn-10508,issue_resolution,scikit-learn/scikit-learn,python,human,scikit-learn__scikit-learn-10508-d90,90,future_textual_conflict,F2_textual_conflict,replay status explicitly reports textual conflict,NA,NA,True,NA,NA,NA,e070611bdb4884c222b40e4f59b65e8c6ca35380,SWE-bench Lite local record; F2P-only pilot,7664039eb8b692bddab2bcf1ad5e20b59cd319827a8b2b792818b0769d5d6065,"6bd1cf594b05fdf16f827077e719a4ab0c0bd7ab: error: patch failed: doc/whats_new/v0.20.rst:311
error: doc/whats_new/v0.20.rst: patch does not apply
",0,0,0,"Provider-free replay diagnostics and checkpoint transitions. F1 labels are setup/source proxies, F2 is an observed textual-conflict status, and none of these rows estimate survival, behavior, adaptation, cost, causality or population effects.",failure_diagnostics,diagnostic
scikit-learn__scikit-learn-10508,issue_resolution,scikit-learn/scikit-learn,python,OrcaLoca,scikit-learn__scikit-learn-10508-d90,90,future_textual_conflict,F2_textual_conflict,replay status explicitly reports textual conflict,NA,NA,True,NA,NA,NA,e070611bdb4884c222b40e4f59b65e8c6ca35380,SWE-bench Lite local record; F2P-only pilot,af823916c3c9ab835f49621c8abf08fe2c1eec078d394b64756c7fb198c3c985,"6bd1cf594b05fdf16f827077e719a4ab0c0bd7ab: error: patch failed: doc/whats_new/v0.20.rst:311
error: doc/whats_new/v0.20.rst: patch does not apply
",0,0,0,"Provider-free replay diagnostics and checkpoint transitions. F1 labels are setup/source proxies, F2 is an observed textual-conflict status, and none of these rows estimate survival, behavior, adaptation, cost, causality or population effects.",failure_diagnostics,diagnostic
scikit-learn__scikit-learn-10508,issue_resolution,scikit-learn/scikit-learn,python,human,scikit-learn__scikit-learn-10508-d180,180,future_textual_conflict,F2_textual_conflict,replay status explicitly reports textual conflict,NA,NA,True,NA,NA,NA,4fd7332b19a9d3227315a2582b9676ef65d0bd75,SWE-bench Lite local record; F2P-only pilot,7664039eb8b692bddab2bcf1ad5e20b59cd319827a8b2b792818b0769d5d6065,"6bd1cf594b05fdf16f827077e719a4ab0c0bd7ab: error: patch failed: doc/whats_new/v0.20.rst:311
error: doc/whats_new/v0.20.rst: patch does not apply
",0,0,0,"Provider-free replay diagnostics and checkpoint transitions. F1 labels are setup/source proxies, F2 is an observed textual-conflict status, and none of these rows estimate survival, behavior, adaptation, cost, causality or population effects.",failure_diagnostics,diagnostic
scikit-learn__scikit-learn-10508,issue_resolution,scikit-learn/scikit-learn,python,OrcaLoca,scikit-learn__scikit-learn-10508-d180,180,future_textual_conflict,F2_textual_conflict,replay status explicitly reports textual conflict,NA,NA,True,NA,NA,NA,4fd7332b19a9d3227315a2582b9676ef65d0bd75,SWE-bench Lite local record; F2P-only pilot,af823916c3c9ab835f49621c8abf08fe2c1eec078d394b64756c7fb198c3c985,"6bd1cf594b05fdf16f827077e719a4ab0c0bd7ab: error: patch failed: doc/whats_new/v0.20.rst:311
error: doc/whats_new/v0.20.rst: patch does not apply
",0,0,0,"Provider-free replay diagnostics and checkpoint transitions. F1 labels are setup/source proxies, F2 is an observed textual-conflict status, and none of these rows estimate survival, behavior, adaptation, cost, causality or population effects.",failure_diagnostics,diagnostic
scikit-learn__scikit-learn-10508,issue_resolution,scikit-learn/scikit-learn,python,human,scikit-learn__scikit-learn-10508-d365,365,future_textual_conflict,F2_textual_conflict,replay status explicitly reports textual conflict,NA,NA,True,NA,NA,NA,db17f3e2221fb6cec256d2d3501e259c5d5db934,SWE-bench Lite local record; F2P-only pilot,7664039eb8b692bddab2bcf1ad5e20b59cd319827a8b2b792818b0769d5d6065,"6bd1cf594b05fdf16f827077e719a4ab0c0bd7ab: error: patch failed: doc/whats_new/v0.20.rst:311
error: doc/whats_new/v0.20.rst: patch does not apply
",0,0,0,"Provider-free replay diagnostics and checkpoint transitions. F1 labels are setup/source proxies, F2 is an observed textual-conflict status, and none of these rows estimate survival, behavior, adaptation, cost, causality or population effects.",failure_diagnostics,diagnostic
scikit-learn__scikit-learn-10508,issue_resolution,scikit-learn/scikit-learn,python,OrcaLoca,scikit-learn__scikit-learn-10508-d365,365,future_textual_conflict,F2_textual_conflict,replay status explicitly reports textual conflict,NA,NA,True,NA,NA,NA,db17f3e2221fb6cec256d2d3501e259c5d5db934,SWE-bench Lite local record; F2P-only pilot,af823916c3c9ab835f49621c8abf08fe2c1eec078d394b64756c7fb198c3c985,"6bd1cf594b05fdf16f827077e719a4ab0c0bd7ab: error: patch failed: doc/whats_new/v0.20.rst:311
error: doc/whats_new/v0.20.rst: patch does not apply
",0,0,0,"Provider-free replay diagnostics and checkpoint transitions. F1 labels are setup/source proxies, F2 is an observed textual-conflict status, and none of these rows estimate survival, behavior, adaptation, cost, causality or population effects.",failure_diagnostics,diagnostic
scikit-learn__scikit-learn-10949,issue_resolution,scikit-learn/scikit-learn,python,human,scikit-learn__scikit-learn-10949-d30,30,checkpoint_replay_completed,replay_completed,replay status explicitly completed,True,0.0,NA,NA,NA,NA,e3984fb3828bc0575895512ad47e85ecc9521fd9,SWE-bench Lite local record; F2P-only pilot,aa168cdbc5873f2b6658f12c884eacb82802b44ab74259f7266aa5d9d8f8f913,"{""build"": {""returncode"": 0, ""timed_out"": false, ""duration_seconds"": 6.035, ""stdout_sha256"": ""e3b0c44298fc1c149afbf4c8996fb92427ae41e4649b934ca495991b7852b855"", ""stderr_sha256"": ""6b2cb268de786dfdb90dd7bba947de22eab52691b1e2d306077cfc472dc41335"", ""stdout_head"": """", ""stderr_head"": "".\\benchmarks\\bench_plot_randomized_svd.py:242: SyntaxWarning: \""is not\"" with 'str' literal. Did you mean \""!=\""?\r\n  if method is not 'fbpca':\r\n.\\examples\\applications\\svm_gui.py:171: SyntaxWarning: invalid escape sequence '\\e'\r\n  self.ax.text(-20, -60, \""RBF: $\\exp (-\\gamma \\| u-v \\|^2)$\"")\r\n.\\examples\\applications\\svm_gui.py:172: SyntaxWarning: invalid escape sequence '\\g'\r\n  self.ax.text(10, -60, \""Poly: $(\\gamma \\, u^T v + r)^d$\"")\r\n.\\examples\\decomposition\\plot_kernel_pca.py:67: SyntaxWarning: invalid escape sequence '\\p'\r\n  plt.xlabel(\""1st principal component in space induced by $\\phi$\"")\r\n.\\examples\\ensemble\\plot_adaboost_multiclass.py:11: SyntaxWarning: invalid escape sequence '\\c'\r\n  of the :math:`\\chi^2` distribution).\r\n.\\examples\\ensemble\\plot_bias_variance.py:164: SyntaxWarning: invalid escape sequence '\\^'\r\n  plt.plot(X_test, y_predict[:, i], \""r\"", label=\""$\\^y(x)$\"")\r\n.\\examples\\ensemble\\plot_bias_variance.py:169: SyntaxWarning: invalid escape sequence '\\m'\r\n  label=\""$\\mathbb{E}_{LS} \\^y(x)$\"")\r\n.\\examples\\ensemble\\plot_gradient_boosting_quantile.py:67: SyntaxWarning: invalid escape sequence '\\,'\r\n  plt.plot(xx, f(xx), 'g:', label=u'$f(x) = x\\,\\sin(x)$')\r\n.\\examples\\gaussian_process\\plot_gpc_isoprobability.py:81: SyntaxWarning: invalid escape sequence '\\m'\r\n  cb.set_label('${\\\\rm \\mathbb{P}}\\left[\\widehat{G}(\\mathbf{x}) \\leq 0\\\\right]$')\r\n.\\examples\\gaussian_process\\plot_gpr_noisy_targets.py:65: SyntaxWarning: invalid escape sequence '\\,'\r\n  plt.plot(x, f(x), 'r:', label=u'$f(x) = x\\,\\sin(x)$')\r\n.\\examples\\gaussian_process\\plot_gpr_noisy_targets.py:101: SyntaxWarning: invalid escape sequence '\\,'\r\n  plt.plot(x, f(x), 'r:', label=u'$f(x) = x\\,\\sin(x)$')\r\n.\\examples\\model_selection\\plot_learning_curve.py:119: SyntaxWarning: invalid escape sequence '\\g'\r\n  title = \""Learning Curves (SVM, RBF kernel, $\\gamma=0.001$)\""\r\n.\\examples\\model_selection\\plot_validation_curve.py:36: SyntaxWarning: invalid escape sequence '\\g'\r\n  plt.xlabel(\""$\\gamma$\"")\r\n.\\examples\\preprocessing\\plot_map_data_to_normal.py:130: SyntaxWarning: invalid escape sequence '\\l'\r\n  title += '\\n$\\lambda$ = {}'.format(lmbda)\r\n.\\examples\\svm\\plot_svm_scale_c.py:15: SyntaxWarning: invalid escape sequence '\\s'\r\n  C \\sum_{i=1, n} \\mathcal{L} (f(x_i), y_i) + \\Omega (w)\r\n.\\sklearn\\cluster\\tests\\test_k_means.py:888: SyntaxWarning: invalid escape sequence '\\('\r\n  msg = \""The shape of the initial centers \\(\\(4L?, 4L?\\)\\) \"" \\\r\n.\\sklearn\\cluster\\tests\\test_k_means.py:972: SyntaxWarning: invalid escape sequence "", ""stdout_tail"": """", ""stderr_tail"": ""al. Did you mean \""==\""?\r\n  if n_splits is 'warn':\r\n.\\sklearn\\model_selection\\_split.py:496: SyntaxWarning: \""is\"" with 'str' literal. Did you mean \""==\""?\r\n  if n_splits is 'warn':\r\n.\\sklearn\\model_selection\\_split.py:597: SyntaxWarning: \""is\"" with 'str' literal. Did you mean \""==\""?\r\n  if n_splits is 'warn':\r\n.\\sklearn\\model_selection\\_split.py:751: SyntaxWarning: \""is\"" with 'str' literal. Did you mean \""==\""?\r\n  if n_splits is 'warn':\r\n.\\sklearn\\model_selection\\_split.py:1942: SyntaxWarning: \""is\"" with 'str' literal. Did you mean \""==\""?\r\n  if cv is 'warn':\r\n.\\sklearn\\model_selection\\tests\\test_search.py:886: SyntaxWarning: \""is not\"" with 'str' literal. Did you mean \""!=\""?\r\n  if k is not 'rank_test_score')\r\n.\\sklearn\\model_selection\\tests\\test_search.py:889: SyntaxWarning: \""is not\"" with 'str' literal. Did you mean \""!=\""?\r\n  k is not 'rank_test_score')\r\n.\\sklearn\\model_selection\\tests\\test_validation.py:1373: SyntaxWarning: \""is\"" with 'str' literal. Did you mean \""==\""?\r\n  if method is 'predict_proba':\r\n""}, ""future_test"": {""returncode"": 4, ""timed_out"": false, ""duration_seconds"": 0.761, ""stdout_sha256"": ""31205a22fa17042302179ae06ee52d7c027fd06efb7a731e8dca157d6cde7693"", ""stderr_sha256"": ""626e75f3b8f754fd50942fe1aab61dbf7761abe1c3e4a22e48c305f7a09a4a77"", ""stdout_head"": ""\r\n=================================== ERRORS ====================================\r\n___________ ERROR collecting sklearn/utils/tests/test_validation.py ___________\r\nImportError while importing test module '[LOCAL_DRIVE]/lossoracc\\analysis_outputs\\work2_30_task_multicheckpoint_replay_current_20260901_v2\\scratch\\task_yfbgb6d4\\branch_human\\sklearn\\utils\\tests\\test_validation.py'.\r\nHint: make sure your test modules/packages have valid Python names.\r\nTraceback:\r\nsklearn\\__check_build\\__init__.py:44: in <module>\r\n    from ._check_build import check_build  # noqa\r\n    ^^^^^^^^^^^^^^^^^^^^^^^^^^^^^^^^^^^^^\r\nE   ModuleNotFoundError: No module named 'sklearn.__check_build._check_build'\r\n\r\nDuring handling of the above exception, another exception occurred:\r\nD:\\python13\\Lib\\importlib\\__init__.py:88: in import_module\r\n    return _bootstrap._gcd_import(name[level:], package, level)\r\n           ^^^^^^^^^^^^^^^^^^^^^^^^^^^^^^^^^^^^^^^^^^^^^^^^^^^^\r\nsklearn\\__init__.py:63: in <module>\r\n    from . import __check_build\r\nsklearn\\__check_build\\__init__.py:46: in <module>\r\n    raise_build_error(e)\r\nsklearn\\__check_build\\__init__.py:31: in raise_build_error\r\n    raise ImportError(\""\""\""%s\r\nE   ImportError: No module named 'sklearn.__check_build._check_build'\r\nE   ___________________________________________________________________________\r\nE   Contents of [LOCAL_DRIVE]/lossoracc\\analysis_outputs\\work2_30_task_multicheckpoint_replay_current_20260901_v2\\scratch\\task_yfbgb6d4\\branch_human\\sklearn\\__check_build:\r\nE   setup.py                  _check_build.pyx          __init__.py\r\nE   __pycache__\r\nE   ___________________________________________________________________________\r\nE   It seems that scikit-learn has not been built correctly.\r\nE   \r\nE   If you have installed scikit-learn from source, please do not forget\r\nE   to build the package before using it: run `python setup.py install` or\r\nE   `make` in the source directory.\r\nE   \r\nE   If you have used an installer, please check that it is suited for your\r\nE   Python version, your operating system and your platform.\r\n=========================== short test summary info ===========================\r\nERROR sklearn/utils/tests/test_validation.py\r\n1 error in 0.06s\r\n"", ""stderr_head"": ""ERROR: found no collectors for [LOCAL_DRIVE]/lossoracc\\analysis_outputs\\work2_30_task_multicheckpoint_replay_current_20260901_v2\\scratch\\task_yfbgb6d4\\branch_human\\sklearn\\utils\\tests\\test_validation.py::test_check_dataframe_warns_on_dtype\r\n\r\n"", ""stdout_tail"": ""e named 'sklearn.__check_build._check_build'\r\nE   ___________________________________________________________________________\r\nE   Contents of [LOCAL_DRIVE]/lossoracc\\analysis_outputs\\work2_30_task_multicheckpoint_replay_current_20260901_v2\\scratch\\task_yfbgb6d4\\branch_human\\sklearn\\__check_build:\r\nE   setup.py                  _check_build.pyx          __init__.py\r\nE   __pycache__\r\nE   ___________________________________________________________________________\r\nE   It seems that scikit-learn has not been built correctly.\r\nE   \r\nE   If you have installed scikit-learn from source, please do not forget\r\nE   to build the package before using it: run `python setup.py install` or\r\nE   `make` in the source directory.\r\nE   \r\nE   If you have used an installer, please check that it is suited for your\r\nE   Python version, your operating system and your platform.\r\n=========================== short test summary info ===========================\r\nERROR sklearn/utils/tests/test_validation.py\r\n1 error in 0.06s\r\n"", ""stderr_tail"": ""ERROR: found no collectors for [LOCAL_DRIVE]/lossoracc\\analysis_outputs\\work2_30_task_multicheckpoint_replay_current_20260901_v2\\scratch\\task_yfbgb6d4\\branch_human\\sklearn\\utils\\tests\\test_validation.py::test_check_dataframe_warns_on_dtype\r\n\r\n""}}",0,0,0,"Provider-free replay diagnostics and checkpoint transitions. F1 labels are setup/source proxies, F2 is an observed textual-conflict status, and none of these rows estimate survival, behavior, adaptation, cost, causality or population effects.",failure_diagnostics,diagnostic
scikit-learn__scikit-learn-10949,issue_resolution,scikit-learn/scikit-learn,python,OrcaLoca,scikit-learn__scikit-learn-10949-d30,30,checkpoint_replay_completed,replay_completed,replay status explicitly completed,True,0.0,NA,NA,NA,NA,e3984fb3828bc0575895512ad47e85ecc9521fd9,SWE-bench Lite local record; F2P-only pilot,ca51a864ffdeba86771a9642e58e03ac00a5de2b261af42305073a6643ffc046,"{""build"": {""returncode"": 0, ""timed_out"": false, ""duration_seconds"": 4.033, ""stdout_sha256"": ""e3b0c44298fc1c149afbf4c8996fb92427ae41e4649b934ca495991b7852b855"", ""stderr_sha256"": ""6b2cb268de786dfdb90dd7bba947de22eab52691b1e2d306077cfc472dc41335"", ""stdout_head"": """", ""stderr_head"": "".\\benchmarks\\bench_plot_randomized_svd.py:242: SyntaxWarning: \""is not\"" with 'str' literal. Did you mean \""!=\""?\r\n  if method is not 'fbpca':\r\n.\\examples\\applications\\svm_gui.py:171: SyntaxWarning: invalid escape sequence '\\e'\r\n  self.ax.text(-20, -60, \""RBF: $\\exp (-\\gamma \\| u-v \\|^2)$\"")\r\n.\\examples\\applications\\svm_gui.py:172: SyntaxWarning: invalid escape sequence '\\g'\r\n  self.ax.text(10, -60, \""Poly: $(\\gamma \\, u^T v + r)^d$\"")\r\n.\\examples\\decomposition\\plot_kernel_pca.py:67: SyntaxWarning: invalid escape sequence '\\p'\r\n  plt.xlabel(\""1st principal component in space induced by $\\phi$\"")\r\n.\\examples\\ensemble\\plot_adaboost_multiclass.py:11: SyntaxWarning: invalid escape sequence '\\c'\r\n  of the :math:`\\chi^2` distribution).\r\n.\\examples\\ensemble\\plot_bias_variance.py:164: SyntaxWarning: invalid escape sequence '\\^'\r\n  plt.plot(X_test, y_predict[:, i], \""r\"", label=\""$\\^y(x)$\"")\r\n.\\examples\\ensemble\\plot_bias_variance.py:169: SyntaxWarning: invalid escape sequence '\\m'\r\n  label=\""$\\mathbb{E}_{LS} \\^y(x)$\"")\r\n.\\examples\\ensemble\\plot_gradient_boosting_quantile.py:67: SyntaxWarning: invalid escape sequence '\\,'\r\n  plt.plot(xx, f(xx), 'g:', label=u'$f(x) = x\\,\\sin(x)$')\r\n.\\examples\\gaussian_process\\plot_gpc_isoprobability.py:81: SyntaxWarning: invalid escape sequence '\\m'\r\n  cb.set_label('${\\\\rm \\mathbb{P}}\\left[\\widehat{G}(\\mathbf{x}) \\leq 0\\\\right]$')\r\n.\\examples\\gaussian_process\\plot_gpr_noisy_targets.py:65: SyntaxWarning: invalid escape sequence '\\,'\r\n  plt.plot(x, f(x), 'r:', label=u'$f(x) = x\\,\\sin(x)$')\r\n.\\examples\\gaussian_process\\plot_gpr_noisy_targets.py:101: SyntaxWarning: invalid escape sequence '\\,'\r\n  plt.plot(x, f(x), 'r:', label=u'$f(x) = x\\,\\sin(x)$')\r\n.\\examples\\model_selection\\plot_learning_curve.py:119: SyntaxWarning: invalid escape sequence '\\g'\r\n  title = \""Learning Curves (SVM, RBF kernel, $\\gamma=0.001$)\""\r\n.\\examples\\model_selection\\plot_validation_curve.py:36: SyntaxWarning: invalid escape sequence '\\g'\r\n  plt.xlabel(\""$\\gamma$\"")\r\n.\\examples\\preprocessing\\plot_map_data_to_normal.py:130: SyntaxWarning: invalid escape sequence '\\l'\r\n  title += '\\n$\\lambda$ = {}'.format(lmbda)\r\n.\\examples\\svm\\plot_svm_scale_c.py:15: SyntaxWarning: invalid escape sequence '\\s'\r\n  C \\sum_{i=1, n} \\mathcal{L} (f(x_i), y_i) + \\Omega (w)\r\n.\\sklearn\\cluster\\tests\\test_k_means.py:888: SyntaxWarning: invalid escape sequence '\\('\r\n  msg = \""The shape of the initial centers \\(\\(4L?, 4L?\\)\\) \"" \\\r\n.\\sklearn\\cluster\\tests\\test_k_means.py:972: SyntaxWarning: invalid escape sequence "", ""stdout_tail"": """", ""stderr_tail"": ""al. Did you mean \""==\""?\r\n  if n_splits is 'warn':\r\n.\\sklearn\\model_selection\\_split.py:496: SyntaxWarning: \""is\"" with 'str' literal. Did you mean \""==\""?\r\n  if n_splits is 'warn':\r\n.\\sklearn\\model_selection\\_split.py:597: SyntaxWarning: \""is\"" with 'str' literal. Did you mean \""==\""?\r\n  if n_splits is 'warn':\r\n.\\sklearn\\model_selection\\_split.py:751: SyntaxWarning: \""is\"" with 'str' literal. Did you mean \""==\""?\r\n  if n_splits is 'warn':\r\n.\\sklearn\\model_selection\\_split.py:1942: SyntaxWarning: \""is\"" with 'str' literal. Did you mean \""==\""?\r\n  if cv is 'warn':\r\n.\\sklearn\\model_selection\\tests\\test_search.py:886: SyntaxWarning: \""is not\"" with 'str' literal. Did you mean \""!=\""?\r\n  if k is not 'rank_test_score')\r\n.\\sklearn\\model_selection\\tests\\test_search.py:889: SyntaxWarning: \""is not\"" with 'str' literal. Did you mean \""!=\""?\r\n  k is not 'rank_test_score')\r\n.\\sklearn\\model_selection\\tests\\test_validation.py:1373: SyntaxWarning: \""is\"" with 'str' literal. Did you mean \""==\""?\r\n  if method is 'predict_proba':\r\n""}, ""future_test"": {""returncode"": 4, ""timed_out"": false, ""duration_seconds"": 0.527, ""stdout_sha256"": ""04fea5cf783500b3e0f7056c159c4035dc1552d45b63383a00b41dd5b1d5c128"", ""stderr_sha256"": ""f7cb184a236fa4e120e9225b96b8cb4098825e897b85d4a7319dee6bc6f0d368"", ""stdout_head"": ""\r\n=================================== ERRORS ====================================\r\n___________ ERROR collecting sklearn/utils/tests/test_validation.py ___________\r\nImportError while importing test module '[LOCAL_DRIVE]/lossoracc\\analysis_outputs\\work2_30_task_multicheckpoint_replay_current_20260901_v2\\scratch\\task_yfbgb6d4\\branch_OrcaLoca\\sklearn\\utils\\tests\\test_validation.py'.\r\nHint: make sure your test modules/packages have valid Python names.\r\nTraceback:\r\nsklearn\\__check_build\\__init__.py:44: in <module>\r\n    from ._check_build import check_build  # noqa\r\n    ^^^^^^^^^^^^^^^^^^^^^^^^^^^^^^^^^^^^^\r\nE   ModuleNotFoundError: No module named 'sklearn.__check_build._check_build'\r\n\r\nDuring handling of the above exception, another exception occurred:\r\nD:\\python13\\Lib\\importlib\\__init__.py:88: in import_module\r\n    return _bootstrap._gcd_import(name[level:], package, level)\r\n           ^^^^^^^^^^^^^^^^^^^^^^^^^^^^^^^^^^^^^^^^^^^^^^^^^^^^\r\nsklearn\\__init__.py:63: in <module>\r\n    from . import __check_build\r\nsklearn\\__check_build\\__init__.py:46: in <module>\r\n    raise_build_error(e)\r\nsklearn\\__check_build\\__init__.py:31: in raise_build_error\r\n    raise ImportError(\""\""\""%s\r\nE   ImportError: No module named 'sklearn.__check_build._check_build'\r\nE   ___________________________________________________________________________\r\nE   Contents of [LOCAL_DRIVE]/lossoracc\\analysis_outputs\\work2_30_task_multicheckpoint_replay_current_20260901_v2\\scratch\\task_yfbgb6d4\\branch_OrcaLoca\\sklearn\\__check_build:\r\nE   setup.py                  _check_build.pyx          __init__.py\r\nE   __pycache__\r\nE   ___________________________________________________________________________\r\nE   It seems that scikit-learn has not been built correctly.\r\nE   \r\nE   If you have installed scikit-learn from source, please do not forget\r\nE   to build the package before using it: run `python setup.py install` or\r\nE   `make` in the source directory.\r\nE   \r\nE   If you have used an installer, please check that it is suited for your\r\nE   Python version, your operating system and your platform.\r\n=========================== short test summary info ===========================\r\nERROR sklearn/utils/tests/test_validation.py\r\n1 error in 0.06s\r\n"", ""stderr_head"": ""ERROR: found no collectors for [LOCAL_DRIVE]/lossoracc\\analysis_outputs\\work2_30_task_multicheckpoint_replay_current_20260901_v2\\scratch\\task_yfbgb6d4\\branch_OrcaLoca\\sklearn\\utils\\tests\\test_validation.py::test_check_dataframe_warns_on_dtype\r\n\r\n"", ""stdout_tail"": ""amed 'sklearn.__check_build._check_build'\r\nE   ___________________________________________________________________________\r\nE   Contents of [LOCAL_DRIVE]/lossoracc\\analysis_outputs\\work2_30_task_multicheckpoint_replay_current_20260901_v2\\scratch\\task_yfbgb6d4\\branch_OrcaLoca\\sklearn\\__check_build:\r\nE   setup.py                  _check_build.pyx          __init__.py\r\nE   __pycache__\r\nE   ___________________________________________________________________________\r\nE   It seems that scikit-learn has not been built correctly.\r\nE   \r\nE   If you have installed scikit-learn from source, please do not forget\r\nE   to build the package before using it: run `python setup.py install` or\r\nE   `make` in the source directory.\r\nE   \r\nE   If you have used an installer, please check that it is suited for your\r\nE   Python version, your operating system and your platform.\r\n=========================== short test summary info ===========================\r\nERROR sklearn/utils/tests/test_validation.py\r\n1 error in 0.06s\r\n"", ""stderr_tail"": ""ERROR: found no collectors for [LOCAL_DRIVE]/lossoracc\\analysis_outputs\\work2_30_task_multicheckpoint_replay_current_20260901_v2\\scratch\\task_yfbgb6d4\\branch_OrcaLoca\\sklearn\\utils\\tests\\test_validation.py::test_check_dataframe_warns_on_dtype\r\n\r\n""}}",0,0,0,"Provider-free replay diagnostics and checkpoint transitions. F1 labels are setup/source proxies, F2 is an observed textual-conflict status, and none of these rows estimate survival, behavior, adaptation, cost, causality or population effects.",failure_diagnostics,diagnostic
scikit-learn__scikit-learn-10949,issue_resolution,scikit-learn/scikit-learn,python,human,scikit-learn__scikit-learn-10949-d90,90,checkpoint_replay_completed,replay_completed,replay status explicitly completed,True,0.0,NA,NA,NA,NA,2d6603448a9d98212caaec9595b9b39067df54be,SWE-bench Lite local record; F2P-only pilot,aa168cdbc5873f2b6658f12c884eacb82802b44ab74259f7266aa5d9d8f8f913,"{""build"": {""returncode"": 0, ""timed_out"": false, ""duration_seconds"": 4.596, ""stdout_sha256"": ""e3b0c44298fc1c149afbf4c8996fb92427ae41e4649b934ca495991b7852b855"", ""stderr_sha256"": ""e5d6436ba770c23601e2e8b1cdb14533d750c0529809e6e996e8ceb91d1bd549"", ""stdout_head"": """", ""stderr_head"": "".\\benchmarks\\bench_plot_randomized_svd.py:242: SyntaxWarning: \""is not\"" with 'str' literal. Did you mean \""!=\""?\r\n  if method is not 'fbpca':\r\n.\\examples\\applications\\svm_gui.py:171: SyntaxWarning: invalid escape sequence '\\e'\r\n  self.ax.text(-20, -60, \""RBF: $\\exp (-\\gamma \\| u-v \\|^2)$\"")\r\n.\\examples\\applications\\svm_gui.py:172: SyntaxWarning: invalid escape sequence '\\g'\r\n  self.ax.text(10, -60, \""Poly: $(\\gamma \\, u^T v + r)^d$\"")\r\n.\\examples\\decomposition\\plot_kernel_pca.py:67: SyntaxWarning: invalid escape sequence '\\p'\r\n  plt.xlabel(\""1st principal component in space induced by $\\phi$\"")\r\n.\\examples\\ensemble\\plot_adaboost_multiclass.py:11: SyntaxWarning: invalid escape sequence '\\c'\r\n  of the :math:`\\chi^2` distribution).\r\n.\\examples\\ensemble\\plot_bias_variance.py:164: SyntaxWarning: invalid escape sequence '\\^'\r\n  plt.plot(X_test, y_predict[:, i], \""r\"", label=\""$\\^y(x)$\"")\r\n.\\examples\\ensemble\\plot_bias_variance.py:169: SyntaxWarning: invalid escape sequence '\\m'\r\n  label=\""$\\mathbb{E}_{LS} \\^y(x)$\"")\r\n.\\examples\\ensemble\\plot_gradient_boosting_quantile.py:67: SyntaxWarning: invalid escape sequence '\\,'\r\n  plt.plot(xx, f(xx), 'g:', label=u'$f(x) = x\\,\\sin(x)$')\r\n.\\examples\\gaussian_process\\plot_gpc_isoprobability.py:81: SyntaxWarning: invalid escape sequence '\\m'\r\n  cb.set_label('${\\\\rm \\mathbb{P}}\\left[\\widehat{G}(\\mathbf{x}) \\leq 0\\\\right]$')\r\n.\\examples\\gaussian_process\\plot_gpr_noisy_targets.py:65: SyntaxWarning: invalid escape sequence '\\,'\r\n  plt.plot(x, f(x), 'r:', label=u'$f(x) = x\\,\\sin(x)$')\r\n.\\examples\\gaussian_process\\plot_gpr_noisy_targets.py:101: SyntaxWarning: invalid escape sequence '\\,'\r\n  plt.plot(x, f(x), 'r:', label=u'$f(x) = x\\,\\sin(x)$')\r\n.\\examples\\model_selection\\plot_learning_curve.py:122: SyntaxWarning: invalid escape sequence '\\g'\r\n  title = \""Learning Curves (SVM, RBF kernel, $\\gamma=0.001$)\""\r\n.\\examples\\model_selection\\plot_validation_curve.py:36: SyntaxWarning: invalid escape sequence '\\g'\r\n  plt.xlabel(\""$\\gamma$\"")\r\n.\\examples\\preprocessing\\plot_map_data_to_normal.py:130: SyntaxWarning: invalid escape sequence '\\l'\r\n  title += '\\n$\\lambda$ = {}'.format(lmbda)\r\n.\\examples\\svm\\plot_svm_scale_c.py:15: SyntaxWarning: invalid escape sequence '\\s'\r\n  C \\sum_{i=1, n} \\mathcal{L} (f(x_i), y_i) + \\Omega (w)\r\n.\\sklearn\\datasets\\lfw.py:179: SyntaxWarning: \""is\"" with 'int' literal. Did you mean \""==\""?\r\n  if img.ndim is 0:\r\n.\\sklearn\\datasets\\openml.py:470: SyntaxWarning: \""is not\"" with 'str' literal. Did you mean \""!=\""?\r\n  if version is not \""active\"""", ""stdout_tail"": """", ""stderr_tail"": ""an \""==\""?\r\n  if n_splits is 'warn':\r\n.\\sklearn\\model_selection\\_split.py:496: SyntaxWarning: \""is\"" with 'str' literal. Did you mean \""==\""?\r\n  if n_splits is 'warn':\r\n.\\sklearn\\model_selection\\_split.py:597: SyntaxWarning: \""is\"" with 'str' literal. Did you mean \""==\""?\r\n  if n_splits is 'warn':\r\n.\\sklearn\\model_selection\\_split.py:751: SyntaxWarning: \""is\"" with 'str' literal. Did you mean \""==\""?\r\n  if n_splits is 'warn':\r\n.\\sklearn\\model_selection\\_split.py:1942: SyntaxWarning: \""is\"" with 'str' literal. Did you mean \""==\""?\r\n  if cv is None or cv is 'warn':\r\n.\\sklearn\\model_selection\\tests\\test_search.py:888: SyntaxWarning: \""is not\"" with 'str' literal. Did you mean \""!=\""?\r\n  if k is not 'rank_test_score')\r\n.\\sklearn\\model_selection\\tests\\test_search.py:891: SyntaxWarning: \""is not\"" with 'str' literal. Did you mean \""!=\""?\r\n  k is not 'rank_test_score')\r\n.\\sklearn\\model_selection\\tests\\test_validation.py:1385: SyntaxWarning: \""is\"" with 'str' literal. Did you mean \""==\""?\r\n  if method is 'predict_proba':\r\n""}, ""future_test"": {""returncode"": 4, ""timed_out"": false, ""duration_seconds"": 0.496, ""stdout_sha256"": ""e3b0c44298fc1c149afbf4c8996fb92427ae41e4649b934ca495991b7852b855"", ""stderr_sha256"": ""c144fd40560496ee9c5c957f245dd808f48a432aa5f474dfc72f96f7cb8a9e16"", ""stdout_head"": """", ""stderr_head"": ""ImportError while loading conftest '[LOCAL_DRIVE]/lossoracc\\analysis_outputs\\work2_30_task_multicheckpoint_replay_current_20260901_v2\\scratch\\task_cuzkdg76\\branch_human\\conftest.py'.\r\nconftest.py:14: in <module>\r\n    from sklearn.utils.fixes import PY3_OR_LATER\r\nsklearn\\__init__.py:63: in <module>\r\n    from . import __check_build\r\nsklearn\\__check_build\\__init__.py:46: in <module>\r\n    raise_build_error(e)\r\nsklearn\\__check_build\\__init__.py:31: in raise_build_error\r\n    raise ImportError(\""\""\""%s\r\nE   ImportError: No module named 'sklearn.__check_build._check_build'\r\nE   ___________________________________________________________________________\r\nE   Contents of [LOCAL_DRIVE]/lossoracc\\analysis_outputs\\work2_30_task_multicheckpoint_replay_current_20260901_v2\\scratch\\task_cuzkdg76\\branch_human\\sklearn\\__check_build:\r\nE   setup.py                  _check_build.pyx          __init__.py\r\nE   __pycache__\r\nE   ___________________________________________________________________________\r\nE   It seems that scikit-learn has not been built correctly.\r\nE\r\nE   If you have installed scikit-learn from source, please do not forget\r\nE   to build the package before using it: run `python setup.py install` or\r\nE   `make` in the source directory.\r\nE\r\nE   If you have used an installer, please check that it is suited for your\r\nE   Python version, your operating system and your platform.\r\n"", ""stdout_tail"": """", ""stderr_tail"": "" <module>\r\n    raise_build_error(e)\r\nsklearn\\__check_build\\__init__.py:31: in raise_build_error\r\n    raise ImportError(\""\""\""%s\r\nE   ImportError: No module named 'sklearn.__check_build._check_build'\r\nE   ___________________________________________________________________________\r\nE   Contents of [LOCAL_DRIVE]/lossoracc\\analysis_outputs\\work2_30_task_multicheckpoint_replay_current_20260901_v2\\scratch\\task_cuzkdg76\\branch_human\\sklearn\\__check_build:\r\nE   setup.py                  _check_build.pyx          __init__.py\r\nE   __pycache__\r\nE   ___________________________________________________________________________\r\nE   It seems that scikit-learn has not been built correctly.\r\nE\r\nE   If you have installed scikit-learn from source, please do not forget\r\nE   to build the package before using it: run `python setup.py install` or\r\nE   `make` in the source directory.\r\nE\r\nE   If you have used an installer, please check that it is suited for your\r\nE   Python version, your operating system and your platform.\r\n""}}",0,0,0,"Provider-free replay diagnostics and checkpoint transitions. F1 labels are setup/source proxies, F2 is an observed textual-conflict status, and none of these rows estimate survival, behavior, adaptation, cost, causality or population effects.",failure_diagnostics,diagnostic
scikit-learn__scikit-learn-10949,issue_resolution,scikit-learn/scikit-learn,python,OrcaLoca,scikit-learn__scikit-learn-10949-d90,90,checkpoint_replay_completed,replay_completed,replay status explicitly completed,True,0.0,NA,NA,NA,NA,2d6603448a9d98212caaec9595b9b39067df54be,SWE-bench Lite local record; F2P-only pilot,ca51a864ffdeba86771a9642e58e03ac00a5de2b261af42305073a6643ffc046,"{""build"": {""returncode"": 0, ""timed_out"": false, ""duration_seconds"": 5.839, ""stdout_sha256"": ""e3b0c44298fc1c149afbf4c8996fb92427ae41e4649b934ca495991b7852b855"", ""stderr_sha256"": ""e5d6436ba770c23601e2e8b1cdb14533d750c0529809e6e996e8ceb91d1bd549"", ""stdout_head"": """", ""stderr_head"": "".\\benchmarks\\bench_plot_randomized_svd.py:242: SyntaxWarning: \""is not\"" with 'str' literal. Did you mean \""!=\""?\r\n  if method is not 'fbpca':\r\n.\\examples\\applications\\svm_gui.py:171: SyntaxWarning: invalid escape sequence '\\e'\r\n  self.ax.text(-20, -60, \""RBF: $\\exp (-\\gamma \\| u-v \\|^2)$\"")\r\n.\\examples\\applications\\svm_gui.py:172: SyntaxWarning: invalid escape sequence '\\g'\r\n  self.ax.text(10, -60, \""Poly: $(\\gamma \\, u^T v + r)^d$\"")\r\n.\\examples\\decomposition\\plot_kernel_pca.py:67: SyntaxWarning: invalid escape sequence '\\p'\r\n  plt.xlabel(\""1st principal component in space induced by $\\phi$\"")\r\n.\\examples\\ensemble\\plot_adaboost_multiclass.py:11: SyntaxWarning: invalid escape sequence '\\c'\r\n  of the :math:`\\chi^2` distribution).\r\n.\\examples\\ensemble\\plot_bias_variance.py:164: SyntaxWarning: invalid escape sequence '\\^'\r\n  plt.plot(X_test, y_predict[:, i], \""r\"", label=\""$\\^y(x)$\"")\r\n.\\examples\\ensemble\\plot_bias_variance.py:169: SyntaxWarning: invalid escape sequence '\\m'\r\n  label=\""$\\mathbb{E}_{LS} \\^y(x)$\"")\r\n.\\examples\\ensemble\\plot_gradient_boosting_quantile.py:67: SyntaxWarning: invalid escape sequence '\\,'\r\n  plt.plot(xx, f(xx), 'g:', label=u'$f(x) = x\\,\\sin(x)$')\r\n.\\examples\\gaussian_process\\plot_gpc_isoprobability.py:81: SyntaxWarning: invalid escape sequence '\\m'\r\n  cb.set_label('${\\\\rm \\mathbb{P}}\\left[\\widehat{G}(\\mathbf{x}) \\leq 0\\\\right]$')\r\n.\\examples\\gaussian_process\\plot_gpr_noisy_targets.py:65: SyntaxWarning: invalid escape sequence '\\,'\r\n  plt.plot(x, f(x), 'r:', label=u'$f(x) = x\\,\\sin(x)$')\r\n.\\examples\\gaussian_process\\plot_gpr_noisy_targets.py:101: SyntaxWarning: invalid escape sequence '\\,'\r\n  plt.plot(x, f(x), 'r:', label=u'$f(x) = x\\,\\sin(x)$')\r\n.\\examples\\model_selection\\plot_learning_curve.py:122: SyntaxWarning: invalid escape sequence '\\g'\r\n  title = \""Learning Curves (SVM, RBF kernel, $\\gamma=0.001$)\""\r\n.\\examples\\model_selection\\plot_validation_curve.py:36: SyntaxWarning: invalid escape sequence '\\g'\r\n  plt.xlabel(\""$\\gamma$\"")\r\n.\\examples\\preprocessing\\plot_map_data_to_normal.py:130: SyntaxWarning: invalid escape sequence '\\l'\r\n  title += '\\n$\\lambda$ = {}'.format(lmbda)\r\n.\\examples\\svm\\plot_svm_scale_c.py:15: SyntaxWarning: invalid escape sequence '\\s'\r\n  C \\sum_{i=1, n} \\mathcal{L} (f(x_i), y_i) + \\Omega (w)\r\n.\\sklearn\\datasets\\lfw.py:179: SyntaxWarning: \""is\"" with 'int' literal. Did you mean \""==\""?\r\n  if img.ndim is 0:\r\n.\\sklearn\\datasets\\openml.py:470: SyntaxWarning: \""is not\"" with 'str' literal. Did you mean \""!=\""?\r\n  if version is not \""active\"""", ""stdout_tail"": """", ""stderr_tail"": ""an \""==\""?\r\n  if n_splits is 'warn':\r\n.\\sklearn\\model_selection\\_split.py:496: SyntaxWarning: \""is\"" with 'str' literal. Did you mean \""==\""?\r\n  if n_splits is 'warn':\r\n.\\sklearn\\model_selection\\_split.py:597: SyntaxWarning: \""is\"" with 'str' literal. Did you mean \""==\""?\r\n  if n_splits is 'warn':\r\n.\\sklearn\\model_selection\\_split.py:751: SyntaxWarning: \""is\"" with 'str' literal. Did you mean \""==\""?\r\n  if n_splits is 'warn':\r\n.\\sklearn\\model_selection\\_split.py:1942: SyntaxWarning: \""is\"" with 'str' literal. Did you mean \""==\""?\r\n  if cv is None or cv is 'warn':\r\n.\\sklearn\\model_selection\\tests\\test_search.py:888: SyntaxWarning: \""is not\"" with 'str' literal. Did you mean \""!=\""?\r\n  if k is not 'rank_test_score')\r\n.\\sklearn\\model_selection\\tests\\test_search.py:891: SyntaxWarning: \""is not\"" with 'str' literal. Did you mean \""!=\""?\r\n  k is not 'rank_test_score')\r\n.\\sklearn\\model_selection\\tests\\test_validation.py:1385: SyntaxWarning: \""is\"" with 'str' literal. Did you mean \""==\""?\r\n  if method is 'predict_proba':\r\n""}, ""future_test"": {""returncode"": 4, ""timed_out"": false, ""duration_seconds"": 0.51, ""stdout_sha256"": ""e3b0c44298fc1c149afbf4c8996fb92427ae41e4649b934ca495991b7852b855"", ""stderr_sha256"": ""97c7bbb462c99c71719771d86539c588d9247ee36d6e5e7b74eedb7a18fe54c5"", ""stdout_head"": """", ""stderr_head"": ""ImportError while loading conftest '[LOCAL_DRIVE]/lossoracc\\analysis_outputs\\work2_30_task_multicheckpoint_replay_current_20260901_v2\\scratch\\task_cuzkdg76\\branch_OrcaLoca\\conftest.py'.\r\nconftest.py:14: in <module>\r\n    from sklearn.utils.fixes import PY3_OR_LATER\r\nsklearn\\__init__.py:63: in <module>\r\n    from . import __check_build\r\nsklearn\\__check_build\\__init__.py:46: in <module>\r\n    raise_build_error(e)\r\nsklearn\\__check_build\\__init__.py:31: in raise_build_error\r\n    raise ImportError(\""\""\""%s\r\nE   ImportError: No module named 'sklearn.__check_build._check_build'\r\nE   ___________________________________________________________________________\r\nE   Contents of [LOCAL_DRIVE]/lossoracc\\analysis_outputs\\work2_30_task_multicheckpoint_replay_current_20260901_v2\\scratch\\task_cuzkdg76\\branch_OrcaLoca\\sklearn\\__check_build:\r\nE   setup.py                  _check_build.pyx          __init__.py\r\nE   __pycache__\r\nE   ___________________________________________________________________________\r\nE   It seems that scikit-learn has not been built correctly.\r\nE\r\nE   If you have installed scikit-learn from source, please do not forget\r\nE   to build the package before using it: run `python setup.py install` or\r\nE   `make` in the source directory.\r\nE\r\nE   If you have used an installer, please check that it is suited for your\r\nE   Python version, your operating system and your platform.\r\n"", ""stdout_tail"": """", ""stderr_tail"": ""odule>\r\n    raise_build_error(e)\r\nsklearn\\__check_build\\__init__.py:31: in raise_build_error\r\n    raise ImportError(\""\""\""%s\r\nE   ImportError: No module named 'sklearn.__check_build._check_build'\r\nE   ___________________________________________________________________________\r\nE   Contents of [LOCAL_DRIVE]/lossoracc\\analysis_outputs\\work2_30_task_multicheckpoint_replay_current_20260901_v2\\scratch\\task_cuzkdg76\\branch_OrcaLoca\\sklearn\\__check_build:\r\nE   setup.py                  _check_build.pyx          __init__.py\r\nE   __pycache__\r\nE   ___________________________________________________________________________\r\nE   It seems that scikit-learn has not been built correctly.\r\nE\r\nE   If you have installed scikit-learn from source, please do not forget\r\nE   to build the package before using it: run `python setup.py install` or\r\nE   `make` in the source directory.\r\nE\r\nE   If you have used an installer, please check that it is suited for your\r\nE   Python version, your operating system and your platform.\r\n""}}",0,0,0,"Provider-free replay diagnostics and checkpoint transitions. F1 labels are setup/source proxies, F2 is an observed textual-conflict status, and none of these rows estimate survival, behavior, adaptation, cost, causality or population effects.",failure_diagnostics,diagnostic
scikit-learn__scikit-learn-10949,issue_resolution,scikit-learn/scikit-learn,python,human,scikit-learn__scikit-learn-10949-d180,180,source_unavailable_during_replay,F1_proxy_source_unavailable,"source unavailable is observed, but environment-cause attribution is not established",NA,NA,NA,NA,NA,NA,3cb31de2e5b2f071a9c56ae7619f8f9881fce2a1,SWE-bench Lite local record; F2P-only pilot,aa168cdbc5873f2b6658f12c884eacb82802b44ab74259f7266aa5d9d8f8f913,3a3a78a485571b45b3686f4fae1b132387a1ee1b: available,0,0,0,"Provider-free replay diagnostics and checkpoint transitions. F1 labels are setup/source proxies, F2 is an observed textual-conflict status, and none of these rows estimate survival, behavior, adaptation, cost, causality or population effects.",failure_diagnostics,diagnostic
scikit-learn__scikit-learn-10949,issue_resolution,scikit-learn/scikit-learn,python,OrcaLoca,scikit-learn__scikit-learn-10949-d180,180,source_unavailable_during_replay,F1_proxy_source_unavailable,"source unavailable is observed, but environment-cause attribution is not established",NA,NA,NA,NA,NA,NA,3cb31de2e5b2f071a9c56ae7619f8f9881fce2a1,SWE-bench Lite local record; F2P-only pilot,ca51a864ffdeba86771a9642e58e03ac00a5de2b261af42305073a6643ffc046,3a3a78a485571b45b3686f4fae1b132387a1ee1b: available,0,0,0,"Provider-free replay diagnostics and checkpoint transitions. F1 labels are setup/source proxies, F2 is an observed textual-conflict status, and none of these rows estimate survival, behavior, adaptation, cost, causality or population effects.",failure_diagnostics,diagnostic
scikit-learn__scikit-learn-10949,issue_resolution,scikit-learn/scikit-learn,python,human,scikit-learn__scikit-learn-10949-d365,365,source_unavailable_during_replay,F1_proxy_source_unavailable,"source unavailable is observed, but environment-cause attribution is not established",NA,NA,NA,NA,NA,NA,3f25ea034cca6fa719dec024e0cbba608bce07e6,SWE-bench Lite local record; F2P-only pilot,aa168cdbc5873f2b6658f12c884eacb82802b44ab74259f7266aa5d9d8f8f913,3a3a78a485571b45b3686f4fae1b132387a1ee1b: available,0,0,0,"Provider-free replay diagnostics and checkpoint transitions. F1 labels are setup/source proxies, F2 is an observed textual-conflict status, and none of these rows estimate survival, behavior, adaptation, cost, causality or population effects.",failure_diagnostics,diagnostic
scikit-learn__scikit-learn-10949,issue_resolution,scikit-learn/scikit-learn,python,OrcaLoca,scikit-learn__scikit-learn-10949-d365,365,source_unavailable_during_replay,F1_proxy_source_unavailable,"source unavailable is observed, but environment-cause attribution is not established",NA,NA,NA,NA,NA,NA,3f25ea034cca6fa719dec024e0cbba608bce07e6,SWE-bench Lite local record; F2P-only pilot,ca51a864ffdeba86771a9642e58e03ac00a5de2b261af42305073a6643ffc046,3a3a78a485571b45b3686f4fae1b132387a1ee1b: available,0,0,0,"Provider-free replay diagnostics and checkpoint transitions. F1 labels are setup/source proxies, F2 is an observed textual-conflict status, and none of these rows estimate survival, behavior, adaptation, cost, causality or population effects.",failure_diagnostics,diagnostic
sphinx-doc__sphinx-10325,issue_resolution,sphinx-doc/sphinx,python,human,sphinx-doc__sphinx-10325-d30,30,future_textual_conflict,F2_textual_conflict,replay status explicitly reports textual conflict,NA,NA,True,NA,NA,NA,eb7f84d72618b084828b1dc6b20d2237601cd129,SWE-bench Lite local record; F2P-only pilot,2108eab79d715181db3ba0eea8b9514403cbfe106e63bf1f335808adfa9f2651,"26a2e2935b3b18f197ca92aaa7a9808a5f567c21: error: patch failed: .github/workflows/transifex.yml:13
error: .github/workflows/transifex.yml: patch does not apply
error: patch failed: package-lock.json:2195
error: package-lock.json: patch does not apply
",0,0,0,"Provider-free replay diagnostics and checkpoint transitions. F1 labels are setup/source proxies, F2 is an observed textual-conflict status, and none of these rows estimate survival, behavior, adaptation, cost, causality or population effects.",failure_diagnostics,diagnostic
sphinx-doc__sphinx-10325,issue_resolution,sphinx-doc/sphinx,python,OrcaLoca,sphinx-doc__sphinx-10325-d30,30,future_textual_conflict,F2_textual_conflict,replay status explicitly reports textual conflict,NA,NA,True,NA,NA,NA,eb7f84d72618b084828b1dc6b20d2237601cd129,SWE-bench Lite local record; F2P-only pilot,03f4d74283a91488521496d32bce2c416341f5f9f0d12baf7e28715841f2ea62,"26a2e2935b3b18f197ca92aaa7a9808a5f567c21: error: patch failed: .github/workflows/transifex.yml:13
error: .github/workflows/transifex.yml: patch does not apply
error: patch failed: package-lock.json:2195
error: package-lock.json: patch does not apply
",0,0,0,"Provider-free replay diagnostics and checkpoint transitions. F1 labels are setup/source proxies, F2 is an observed textual-conflict status, and none of these rows estimate survival, behavior, adaptation, cost, causality or population effects.",failure_diagnostics,diagnostic
sphinx-doc__sphinx-10325,issue_resolution,sphinx-doc/sphinx,python,human,sphinx-doc__sphinx-10325-d90,90,future_textual_conflict,F2_textual_conflict,replay status explicitly reports textual conflict,NA,NA,True,NA,NA,NA,3d175d9a2423e52e549f003700abb42c7a9db21f,SWE-bench Lite local record; F2P-only pilot,2108eab79d715181db3ba0eea8b9514403cbfe106e63bf1f335808adfa9f2651,"26a2e2935b3b18f197ca92aaa7a9808a5f567c21: error: patch failed: .github/workflows/transifex.yml:13
error: .github/workflows/transifex.yml: patch does not apply
error: patch failed: package-lock.json:2195
error: package-lock.json: patch does not apply
",0,0,0,"Provider-free replay diagnostics and checkpoint transitions. F1 labels are setup/source proxies, F2 is an observed textual-conflict status, and none of these rows estimate survival, behavior, adaptation, cost, causality or population effects.",failure_diagnostics,diagnostic
sphinx-doc__sphinx-10325,issue_resolution,sphinx-doc/sphinx,python,OrcaLoca,sphinx-doc__sphinx-10325-d90,90,future_textual_conflict,F2_textual_conflict,replay status explicitly reports textual conflict,NA,NA,True,NA,NA,NA,3d175d9a2423e52e549f003700abb42c7a9db21f,SWE-bench Lite local record; F2P-only pilot,03f4d74283a91488521496d32bce2c416341f5f9f0d12baf7e28715841f2ea62,"26a2e2935b3b18f197ca92aaa7a9808a5f567c21: error: patch failed: .github/workflows/transifex.yml:13
error: .github/workflows/transifex.yml: patch does not apply
error: patch failed: package-lock.json:2195
error: package-lock.json: patch does not apply
",0,0,0,"Provider-free replay diagnostics and checkpoint transitions. F1 labels are setup/source proxies, F2 is an observed textual-conflict status, and none of these rows estimate survival, behavior, adaptation, cost, causality or population effects.",failure_diagnostics,diagnostic
sphinx-doc__sphinx-10325,issue_resolution,sphinx-doc/sphinx,python,human,sphinx-doc__sphinx-10325-d180,180,future_textual_conflict,F2_textual_conflict,replay status explicitly reports textual conflict,NA,NA,True,NA,NA,NA,63dea6172aa3d5351a80085b9bebf02985c267e5,SWE-bench Lite local record; F2P-only pilot,2108eab79d715181db3ba0eea8b9514403cbfe106e63bf1f335808adfa9f2651,"26a2e2935b3b18f197ca92aaa7a9808a5f567c21: error: patch failed: .github/workflows/transifex.yml:13
error: .github/workflows/transifex.yml: patch does not apply
error: patch failed: package-lock.json:2195
error: package-lock.json: patch does not apply
",0,0,0,"Provider-free replay diagnostics and checkpoint transitions. F1 labels are setup/source proxies, F2 is an observed textual-conflict status, and none of these rows estimate survival, behavior, adaptation, cost, causality or population effects.",failure_diagnostics,diagnostic
sphinx-doc__sphinx-10325,issue_resolution,sphinx-doc/sphinx,python,OrcaLoca,sphinx-doc__sphinx-10325-d180,180,future_textual_conflict,F2_textual_conflict,replay status explicitly reports textual conflict,NA,NA,True,NA,NA,NA,63dea6172aa3d5351a80085b9bebf02985c267e5,SWE-bench Lite local record; F2P-only pilot,03f4d74283a91488521496d32bce2c416341f5f9f0d12baf7e28715841f2ea62,"26a2e2935b3b18f197ca92aaa7a9808a5f567c21: error: patch failed: .github/workflows/transifex.yml:13
error: .github/workflows/transifex.yml: patch does not apply
error: patch failed: package-lock.json:2195
error: package-lock.json: patch does not apply
",0,0,0,"Provider-free replay diagnostics and checkpoint transitions. F1 labels are setup/source proxies, F2 is an observed textual-conflict status, and none of these rows estimate survival, behavior, adaptation, cost, causality or population effects.",failure_diagnostics,diagnostic
sphinx-doc__sphinx-10325,issue_resolution,sphinx-doc/sphinx,python,human,sphinx-doc__sphinx-10325-d365,365,future_textual_conflict,F2_textual_conflict,replay status explicitly reports textual conflict,NA,NA,True,NA,NA,NA,126737c3cda13d063565d48499d0a5b0fe685eb9,SWE-bench Lite local record; F2P-only pilot,2108eab79d715181db3ba0eea8b9514403cbfe106e63bf1f335808adfa9f2651,"26a2e2935b3b18f197ca92aaa7a9808a5f567c21: error: patch failed: .github/workflows/transifex.yml:13
error: .github/workflows/transifex.yml: patch does not apply
error: patch failed: package-lock.json:2195
error: package-lock.json: patch does not apply
",0,0,0,"Provider-free replay diagnostics and checkpoint transitions. F1 labels are setup/source proxies, F2 is an observed textual-conflict status, and none of these rows estimate survival, behavior, adaptation, cost, causality or population effects.",failure_diagnostics,diagnostic
sphinx-doc__sphinx-10325,issue_resolution,sphinx-doc/sphinx,python,OrcaLoca,sphinx-doc__sphinx-10325-d365,365,future_textual_conflict,F2_textual_conflict,replay status explicitly reports textual conflict,NA,NA,True,NA,NA,NA,126737c3cda13d063565d48499d0a5b0fe685eb9,SWE-bench Lite local record; F2P-only pilot,03f4d74283a91488521496d32bce2c416341f5f9f0d12baf7e28715841f2ea62,"26a2e2935b3b18f197ca92aaa7a9808a5f567c21: error: patch failed: .github/workflows/transifex.yml:13
error: .github/workflows/transifex.yml: patch does not apply
error: patch failed: package-lock.json:2195
error: package-lock.json: patch does not apply
",0,0,0,"Provider-free replay diagnostics and checkpoint transitions. F1 labels are setup/source proxies, F2 is an observed textual-conflict status, and none of these rows estimate survival, behavior, adaptation, cost, causality or population effects.",failure_diagnostics,diagnostic
sphinx-doc__sphinx-11445,issue_resolution,sphinx-doc/sphinx,python,human,sphinx-doc__sphinx-11445-d30,30,future_textual_conflict,F2_textual_conflict,replay status explicitly reports textual conflict,NA,NA,True,NA,NA,NA,a73fb59a71f205b9bae90ac28f65dd5c1e48ed9b,SWE-bench Lite local record; F2P-only pilot,951e9680cb0d3ba0ab4ebea2e6e4092167e5e7c273420e9aaecd8a8755585cde,"e11bf76919f4c2ccf6420fd7b4d2ab42901badf8: error: patch failed: CHANGES:58
error: CHANGES: patch does not apply
",0,0,0,"Provider-free replay diagnostics and checkpoint transitions. F1 labels are setup/source proxies, F2 is an observed textual-conflict status, and none of these rows estimate survival, behavior, adaptation, cost, causality or population effects.",failure_diagnostics,diagnostic
sphinx-doc__sphinx-11445,issue_resolution,sphinx-doc/sphinx,python,OrcaLoca,sphinx-doc__sphinx-11445-d30,30,future_textual_conflict,F2_textual_conflict,replay status explicitly reports textual conflict,NA,NA,True,NA,NA,NA,a73fb59a71f205b9bae90ac28f65dd5c1e48ed9b,SWE-bench Lite local record; F2P-only pilot,4716291cb07403562be6a66fae614b14c1d956de1fca95dbd5a32e8b6d12ae98,"e11bf76919f4c2ccf6420fd7b4d2ab42901badf8: error: patch failed: CHANGES:58
error: CHANGES: patch does not apply
",0,0,0,"Provider-free replay diagnostics and checkpoint transitions. F1 labels are setup/source proxies, F2 is an observed textual-conflict status, and none of these rows estimate survival, behavior, adaptation, cost, causality or population effects.",failure_diagnostics,diagnostic
sphinx-doc__sphinx-11445,issue_resolution,sphinx-doc/sphinx,python,human,sphinx-doc__sphinx-11445-d90,90,future_textual_conflict,F2_textual_conflict,replay status explicitly reports textual conflict,NA,NA,True,NA,NA,NA,2d1e60748fe8bef6958c4747ce0a59b36f284c06,SWE-bench Lite local record; F2P-only pilot,951e9680cb0d3ba0ab4ebea2e6e4092167e5e7c273420e9aaecd8a8755585cde,"e11bf76919f4c2ccf6420fd7b4d2ab42901badf8: error: patch failed: CHANGES:58
error: CHANGES: patch does not apply
",0,0,0,"Provider-free replay diagnostics and checkpoint transitions. F1 labels are setup/source proxies, F2 is an observed textual-conflict status, and none of these rows estimate survival, behavior, adaptation, cost, causality or population effects.",failure_diagnostics,diagnostic
sphinx-doc__sphinx-11445,issue_resolution,sphinx-doc/sphinx,python,OrcaLoca,sphinx-doc__sphinx-11445-d90,90,future_textual_conflict,F2_textual_conflict,replay status explicitly reports textual conflict,NA,NA,True,NA,NA,NA,2d1e60748fe8bef6958c4747ce0a59b36f284c06,SWE-bench Lite local record; F2P-only pilot,4716291cb07403562be6a66fae614b14c1d956de1fca95dbd5a32e8b6d12ae98,"e11bf76919f4c2ccf6420fd7b4d2ab42901badf8: error: patch failed: CHANGES:58
error: CHANGES: patch does not apply
",0,0,0,"Provider-free replay diagnostics and checkpoint transitions. F1 labels are setup/source proxies, F2 is an observed textual-conflict status, and none of these rows estimate survival, behavior, adaptation, cost, causality or population effects.",failure_diagnostics,diagnostic
sphinx-doc__sphinx-11445,issue_resolution,sphinx-doc/sphinx,python,human,sphinx-doc__sphinx-11445-d180,180,future_textual_conflict,F2_textual_conflict,replay status explicitly reports textual conflict,NA,NA,True,NA,NA,NA,2ccc9d315ef062855e8040d8de5407c99e13dbf9,SWE-bench Lite local record; F2P-only pilot,951e9680cb0d3ba0ab4ebea2e6e4092167e5e7c273420e9aaecd8a8755585cde,"e11bf76919f4c2ccf6420fd7b4d2ab42901badf8: error: patch failed: CHANGES:58
error: CHANGES: patch does not apply
",0,0,0,"Provider-free replay diagnostics and checkpoint transitions. F1 labels are setup/source proxies, F2 is an observed textual-conflict status, and none of these rows estimate survival, behavior, adaptation, cost, causality or population effects.",failure_diagnostics,diagnostic
sphinx-doc__sphinx-11445,issue_resolution,sphinx-doc/sphinx,python,OrcaLoca,sphinx-doc__sphinx-11445-d180,180,future_textual_conflict,F2_textual_conflict,replay status explicitly reports textual conflict,NA,NA,True,NA,NA,NA,2ccc9d315ef062855e8040d8de5407c99e13dbf9,SWE-bench Lite local record; F2P-only pilot,4716291cb07403562be6a66fae614b14c1d956de1fca95dbd5a32e8b6d12ae98,"e11bf76919f4c2ccf6420fd7b4d2ab42901badf8: error: patch failed: CHANGES:58
error: CHANGES: patch does not apply
",0,0,0,"Provider-free replay diagnostics and checkpoint transitions. F1 labels are setup/source proxies, F2 is an observed textual-conflict status, and none of these rows estimate survival, behavior, adaptation, cost, causality or population effects.",failure_diagnostics,diagnostic
sphinx-doc__sphinx-11445,issue_resolution,sphinx-doc/sphinx,python,human,sphinx-doc__sphinx-11445-d365,365,future_textual_conflict,F2_textual_conflict,replay status explicitly reports textual conflict,NA,NA,True,NA,NA,NA,8c6d234e961eaf945567755863d377fa27dc6f22,SWE-bench Lite local record; F2P-only pilot,951e9680cb0d3ba0ab4ebea2e6e4092167e5e7c273420e9aaecd8a8755585cde,"e11bf76919f4c2ccf6420fd7b4d2ab42901badf8: error: patch failed: CHANGES:58
error: CHANGES: patch does not apply
",0,0,0,"Provider-free replay diagnostics and checkpoint transitions. F1 labels are setup/source proxies, F2 is an observed textual-conflict status, and none of these rows estimate survival, behavior, adaptation, cost, causality or population effects.",failure_diagnostics,diagnostic
sphinx-doc__sphinx-11445,issue_resolution,sphinx-doc/sphinx,python,OrcaLoca,sphinx-doc__sphinx-11445-d365,365,future_textual_conflict,F2_textual_conflict,replay status explicitly reports textual conflict,NA,NA,True,NA,NA,NA,8c6d234e961eaf945567755863d377fa27dc6f22,SWE-bench Lite local record; F2P-only pilot,4716291cb07403562be6a66fae614b14c1d956de1fca95dbd5a32e8b6d12ae98,"e11bf76919f4c2ccf6420fd7b4d2ab42901badf8: error: patch failed: CHANGES:58
error: CHANGES: patch does not apply
",0,0,0,"Provider-free replay diagnostics and checkpoint transitions. F1 labels are setup/source proxies, F2 is an observed textual-conflict status, and none of these rows estimate survival, behavior, adaptation, cost, causality or population effects.",failure_diagnostics,diagnostic
sphinx-doc__sphinx-7686,issue_resolution,sphinx-doc/sphinx,python,human,sphinx-doc__sphinx-7686-d30,30,future_textual_conflict,F2_textual_conflict,replay status explicitly reports textual conflict,NA,NA,True,NA,NA,NA,44f4b2ad97bd36f938b1a64462ebb466334c8c80,SWE-bench Lite local record; F2P-only pilot,d3fff7eaa9d59034884ef053f33aa2a87898242d6ae00bb101800c9eefddd594,"ca15aacd6c92f72713a2e3d3aaa508f5fa9b5a1b: error: patch failed: CHANGES:1
error: CHANGES: patch does not apply
error: patch failed: sphinx/__init__.py:32
error: sphinx/__init__.py: patch does not apply
",0,0,0,"Provider-free replay diagnostics and checkpoint transitions. F1 labels are setup/source proxies, F2 is an observed textual-conflict status, and none of these rows estimate survival, behavior, adaptation, cost, causality or population effects.",failure_diagnostics,diagnostic
sphinx-doc__sphinx-7686,issue_resolution,sphinx-doc/sphinx,python,OrcaLoca,sphinx-doc__sphinx-7686-d30,30,future_textual_conflict,F2_textual_conflict,replay status explicitly reports textual conflict,NA,NA,True,NA,NA,NA,44f4b2ad97bd36f938b1a64462ebb466334c8c80,SWE-bench Lite local record; F2P-only pilot,73304dd3d601f2d06e57e97c65d7b544daabd81e3e8773cfd75d3f3e0ef542cc,"ca15aacd6c92f72713a2e3d3aaa508f5fa9b5a1b: error: patch failed: CHANGES:1
error: CHANGES: patch does not apply
error: patch failed: sphinx/__init__.py:32
error: sphinx/__init__.py: patch does not apply
",0,0,0,"Provider-free replay diagnostics and checkpoint transitions. F1 labels are setup/source proxies, F2 is an observed textual-conflict status, and none of these rows estimate survival, behavior, adaptation, cost, causality or population effects.",failure_diagnostics,diagnostic
sphinx-doc__sphinx-7686,issue_resolution,sphinx-doc/sphinx,python,human,sphinx-doc__sphinx-7686-d90,90,future_textual_conflict,F2_textual_conflict,replay status explicitly reports textual conflict,NA,NA,True,NA,NA,NA,bec30596a8f7487cad23df532bf02d1b29024dbc,SWE-bench Lite local record; F2P-only pilot,d3fff7eaa9d59034884ef053f33aa2a87898242d6ae00bb101800c9eefddd594,"ca15aacd6c92f72713a2e3d3aaa508f5fa9b5a1b: error: patch failed: CHANGES:1
error: CHANGES: patch does not apply
error: patch failed: sphinx/__init__.py:32
error: sphinx/__init__.py: patch does not apply
",0,0,0,"Provider-free replay diagnostics and checkpoint transitions. F1 labels are setup/source proxies, F2 is an observed textual-conflict status, and none of these rows estimate survival, behavior, adaptation, cost, causality or population effects.",failure_diagnostics,diagnostic
sphinx-doc__sphinx-7686,issue_resolution,sphinx-doc/sphinx,python,OrcaLoca,sphinx-doc__sphinx-7686-d90,90,future_textual_conflict,F2_textual_conflict,replay status explicitly reports textual conflict,NA,NA,True,NA,NA,NA,bec30596a8f7487cad23df532bf02d1b29024dbc,SWE-bench Lite local record; F2P-only pilot,73304dd3d601f2d06e57e97c65d7b544daabd81e3e8773cfd75d3f3e0ef542cc,"ca15aacd6c92f72713a2e3d3aaa508f5fa9b5a1b: error: patch failed: CHANGES:1
error: CHANGES: patch does not apply
error: patch failed: sphinx/__init__.py:32
error: sphinx/__init__.py: patch does not apply
",0,0,0,"Provider-free replay diagnostics and checkpoint transitions. F1 labels are setup/source proxies, F2 is an observed textual-conflict status, and none of these rows estimate survival, behavior, adaptation, cost, causality or population effects.",failure_diagnostics,diagnostic
sphinx-doc__sphinx-7686,issue_resolution,sphinx-doc/sphinx,python,human,sphinx-doc__sphinx-7686-d180,180,future_textual_conflict,F2_textual_conflict,replay status explicitly reports textual conflict,NA,NA,True,NA,NA,NA,801999133f03c65b14a9432b631c5b781f81abf9,SWE-bench Lite local record; F2P-only pilot,d3fff7eaa9d59034884ef053f33aa2a87898242d6ae00bb101800c9eefddd594,"ca15aacd6c92f72713a2e3d3aaa508f5fa9b5a1b: error: patch failed: CHANGES:1
error: CHANGES: patch does not apply
error: patch failed: sphinx/__init__.py:32
error: sphinx/__init__.py: patch does not apply
",0,0,0,"Provider-free replay diagnostics and checkpoint transitions. F1 labels are setup/source proxies, F2 is an observed textual-conflict status, and none of these rows estimate survival, behavior, adaptation, cost, causality or population effects.",failure_diagnostics,diagnostic
sphinx-doc__sphinx-7686,issue_resolution,sphinx-doc/sphinx,python,OrcaLoca,sphinx-doc__sphinx-7686-d180,180,future_textual_conflict,F2_textual_conflict,replay status explicitly reports textual conflict,NA,NA,True,NA,NA,NA,801999133f03c65b14a9432b631c5b781f81abf9,SWE-bench Lite local record; F2P-only pilot,73304dd3d601f2d06e57e97c65d7b544daabd81e3e8773cfd75d3f3e0ef542cc,"ca15aacd6c92f72713a2e3d3aaa508f5fa9b5a1b: error: patch failed: CHANGES:1
error: CHANGES: patch does not apply
error: patch failed: sphinx/__init__.py:32
error: sphinx/__init__.py: patch does not apply
",0,0,0,"Provider-free replay diagnostics and checkpoint transitions. F1 labels are setup/source proxies, F2 is an observed textual-conflict status, and none of these rows estimate survival, behavior, adaptation, cost, causality or population effects.",failure_diagnostics,diagnostic
sphinx-doc__sphinx-7686,issue_resolution,sphinx-doc/sphinx,python,human,sphinx-doc__sphinx-7686-d365,365,future_textual_conflict,F2_textual_conflict,replay status explicitly reports textual conflict,NA,NA,True,NA,NA,NA,1f711d0c089bf909bfce1de1649e98d9ceded7c3,SWE-bench Lite local record; F2P-only pilot,d3fff7eaa9d59034884ef053f33aa2a87898242d6ae00bb101800c9eefddd594,"ca15aacd6c92f72713a2e3d3aaa508f5fa9b5a1b: error: patch failed: CHANGES:1
error: CHANGES: patch does not apply
error: patch failed: sphinx/__init__.py:32
error: sphinx/__init__.py: patch does not apply
",0,0,0,"Provider-free replay diagnostics and checkpoint transitions. F1 labels are setup/source proxies, F2 is an observed textual-conflict status, and none of these rows estimate survival, behavior, adaptation, cost, causality or population effects.",failure_diagnostics,diagnostic
sphinx-doc__sphinx-7686,issue_resolution,sphinx-doc/sphinx,python,OrcaLoca,sphinx-doc__sphinx-7686-d365,365,future_textual_conflict,F2_textual_conflict,replay status explicitly reports textual conflict,NA,NA,True,NA,NA,NA,1f711d0c089bf909bfce1de1649e98d9ceded7c3,SWE-bench Lite local record; F2P-only pilot,73304dd3d601f2d06e57e97c65d7b544daabd81e3e8773cfd75d3f3e0ef542cc,"ca15aacd6c92f72713a2e3d3aaa508f5fa9b5a1b: error: patch failed: CHANGES:1
error: CHANGES: patch does not apply
error: patch failed: sphinx/__init__.py:32
error: sphinx/__init__.py: patch does not apply
",0,0,0,"Provider-free replay diagnostics and checkpoint transitions. F1 labels are setup/source proxies, F2 is an observed textual-conflict status, and none of these rows estimate survival, behavior, adaptation, cost, causality or population effects.",failure_diagnostics,diagnostic
sympy__sympy-11400,issue_resolution,sympy/sympy,python,human,sympy__sympy-11400-d30,30,checkpoint_replay_completed,replay_completed,replay status explicitly completed,True,0.0,NA,NA,NA,NA,9f1cf7f71ac64c4aeadbef56866bb825156f4cc9,SWE-bench Lite local record; F2P-only pilot,7f79e0c6e6909a311c54215f3e858f057db77bb11248853e84095261195d6c1b,"{""build"": {""returncode"": 0, ""timed_out"": false, ""duration_seconds"": 10.983, ""stdout_sha256"": ""e3b0c44298fc1c149afbf4c8996fb92427ae41e4649b934ca495991b7852b855"", ""stderr_sha256"": ""efd0aeddcd68797ff5514ecd156f897d7b7c6a4b5e62e5ea67e2311d7093539c"", ""stdout_head"": """", ""stderr_head"": "".\\doc\\ext\\docscrape.py:287: SyntaxWarning: invalid escape sequence '\\w'\r\n  if re.compile('^([\\w., ]+=)?\\s*[\\w\\.]+\\(.*\\)$').match(summary_str):\r\n.\\doc\\ext\\docscrape.py:341: SyntaxWarning: invalid escape sequence '\\*'\r\n  return [self['Signature'].replace('*', '\\*')] + ['']\r\n.\\doc\\ext\\docscrape.py:469: SyntaxWarning: invalid escape sequence '\\*'\r\n  argspec = argspec.replace('*', '\\*')\r\n.\\doc\\ext\\docscrape.py:487: SyntaxWarning: invalid escape sequence '\\*'\r\n  signature = self['Signature'].replace('*', '\\*')\r\n.\\examples\\intermediate\\mplot2d.py:23: SyntaxWarning: invalid escape sequence '\\S'\r\n  warnings.filterwarnings(\""ignore\"", \""Could not match \\S\"")\r\n.\\examples\\intermediate\\mplot3d.py:22: SyntaxWarning: invalid escape sequence '\\S'\r\n  warnings.filterwarnings(\""ignore\"", \""Could not match \\S\"")\r\n.\\examples\\intermediate\\sample.py:4: SyntaxWarning: invalid escape sequence '\\m'\r\n  See examples\\mplot2d.py and examples\\mplot3d.py for usable 2d and 3d\r\n.\\examples\\intermediate\\sample.py:16: SyntaxWarning: invalid escape sequence '\\m'\r\n  syntax. See examples\\mplot2d.py.\r\n.\\examples\\intermediate\\sample.py:47: SyntaxWarning: invalid escape sequence '\\m'\r\n  syntax. See examples\\mplot3d.py.\r\n.\\examples\\intermediate\\vandermonde.py:121: SyntaxWarning: invalid escape sequence '\\s'\r\n  print(\""Computing the determinant and comparing to \\sum_{0<i<j<=3}(a_j - a_i)\"")\r\n.\\examples\\intermediate\\vandermonde.py:130: SyntaxWarning: invalid escape sequence '\\s'\r\n  \\sum   = %(sum)s\r\n.\\sympy\\calculus\\util.py:469: SyntaxWarning: invalid escape sequence '\\l'\r\n  `\\langle a, b\\rangle = \\{x \\in \\mathbb{R} \\mid a \\le x \\le b\\}`\r\n.\\sympy\\combinatorics\\fp_groups.py:523: SyntaxWarning: invalid escape sequence '\\O'\r\n  \""Standardize\"" reorders the elements of \\Omega such that, if we scan\r\n.\\sympy\\combinatorics\\perm_groups.py:1124: SyntaxWarning: invalid escape sequence '\\i'\r\n  by all commutators ``[g, h] = hgh^{-1}g^{-1}`` for ``g, h\\in G`` ; it is\r\n.\\sympy\\combinatorics\\perm_groups.py:1621: SyntaxWarning: invalid escape sequence '\\{'\r\n  minimal_block to search for blocks of the form ``\\{0, k\\}`` for ``k``\r\n.\\sympy\\combinatorics\\perm_groups.py:2836: SyntaxWarning: invalid escape sequence '\\{'\r\n  A generating set ``S = \\{g_1, g_2, ..., g_t\\}`` for a permutation group\r\n.\\sympy\\combinatorics\\perm_groups.py:3120: SyntaxWarning: invalid escape sequence '\\O'\r\n  A permutation group ``G`` acting on ``\\Omega = \\{0, 1, ..., n-1\\}`` is\r\n.\\sympy\\combinatorics\\util.py:124: SyntaxWarning: invalid escape sequence '\\i'\r\n  `"", ""stdout_tail"": """", ""stderr_tail"": ""'\r\n  >>> print(rawlines(s)) # the \\\\ appears as \\ when printed\r\n.\\sympy\\utilities\\runtests.py:531: SyntaxWarning: invalid escape sequence '\\*'\r\n  Runs doctests in all \\*.py files in the sympy directory which match\r\n.\\sympy\\utilities\\runtests.py:1318: SyntaxWarning: invalid escape sequence '\\*'\r\n  Returns the list of \\*.py files (default) from which docstrings\r\n.\\sympy\\utilities\\runtests.py:1564: SyntaxWarning: invalid escape sequence '\\d'\r\n  matches = re.findall(\""line \\d+\"", name)\r\n.\\sympy\\utilities\\runtests.py:1772: SyntaxWarning: invalid escape sequence '\\s'\r\n  want = re.sub('(?m)^%s\\s*?$' % re.escape(pdoctest.BLANKLINE_MARKER),\r\n.\\sympy\\utilities\\runtests.py:1776: SyntaxWarning: invalid escape sequence '\\s'\r\n  got = re.sub('(?m)^\\s*?$', '', got)\r\n.\\sympy\\vector\\dyadic.py:261: SyntaxWarning: invalid escape sequence '\\m'\r\n  _latex_form = '(\\mathbf{\\hat{0}}|\\mathbf{\\hat{0}})'\r\n.\\sympy\\vector\\vector.py:451: SyntaxWarning: invalid escape sequence '\\m'\r\n  _latex_form = '\\mathbf{\\hat{0}}'\r\n""}, ""future_test"": {""returncode"": 4, ""timed_out"": false, ""duration_seconds"": 0.472, ""stdout_sha256"": ""ba9e2444dc3c22074044f39b39e0c8c9d178a82c6f41baec35502b9c47eec178"", ""stderr_sha256"": ""396504903b51253778b5630cfcc1e1aeeedbd1ce4ac135d235e885339c68ed3f"", ""stdout_head"": ""\r\nno tests ran in 0.00s\r\n"", ""stderr_head"": ""ERROR: file or directory not found: test_ccode_Relational\r\n\r\n"", ""stdout_tail"": ""\r\nno tests ran in 0.00s\r\n"", ""stderr_tail"": ""ERROR: file or directory not found: test_ccode_Relational\r\n\r\n""}}",0,0,0,"Provider-free replay diagnostics and checkpoint transitions. F1 labels are setup/source proxies, F2 is an observed textual-conflict status, and none of these rows estimate survival, behavior, adaptation, cost, causality or population effects.",failure_diagnostics,diagnostic
sympy__sympy-11400,issue_resolution,sympy/sympy,python,OrcaLoca,sympy__sympy-11400-d30,30,checkpoint_replay_completed,replay_completed,replay status explicitly completed,True,0.0,NA,NA,NA,NA,9f1cf7f71ac64c4aeadbef56866bb825156f4cc9,SWE-bench Lite local record; F2P-only pilot,e453c23067e7eca7b35dafa18badfa3d132fc305687763abd11457e7efad31d6,"{""build"": {""returncode"": 0, ""timed_out"": false, ""duration_seconds"": 8.868, ""stdout_sha256"": ""e3b0c44298fc1c149afbf4c8996fb92427ae41e4649b934ca495991b7852b855"", ""stderr_sha256"": ""efd0aeddcd68797ff5514ecd156f897d7b7c6a4b5e62e5ea67e2311d7093539c"", ""stdout_head"": """", ""stderr_head"": "".\\doc\\ext\\docscrape.py:287: SyntaxWarning: invalid escape sequence '\\w'\r\n  if re.compile('^([\\w., ]+=)?\\s*[\\w\\.]+\\(.*\\)$').match(summary_str):\r\n.\\doc\\ext\\docscrape.py:341: SyntaxWarning: invalid escape sequence '\\*'\r\n  return [self['Signature'].replace('*', '\\*')] + ['']\r\n.\\doc\\ext\\docscrape.py:469: SyntaxWarning: invalid escape sequence '\\*'\r\n  argspec = argspec.replace('*', '\\*')\r\n.\\doc\\ext\\docscrape.py:487: SyntaxWarning: invalid escape sequence '\\*'\r\n  signature = self['Signature'].replace('*', '\\*')\r\n.\\examples\\intermediate\\mplot2d.py:23: SyntaxWarning: invalid escape sequence '\\S'\r\n  warnings.filterwarnings(\""ignore\"", \""Could not match \\S\"")\r\n.\\examples\\intermediate\\mplot3d.py:22: SyntaxWarning: invalid escape sequence '\\S'\r\n  warnings.filterwarnings(\""ignore\"", \""Could not match \\S\"")\r\n.\\examples\\intermediate\\sample.py:4: SyntaxWarning: invalid escape sequence '\\m'\r\n  See examples\\mplot2d.py and examples\\mplot3d.py for usable 2d and 3d\r\n.\\examples\\intermediate\\sample.py:16: SyntaxWarning: invalid escape sequence '\\m'\r\n  syntax. See examples\\mplot2d.py.\r\n.\\examples\\intermediate\\sample.py:47: SyntaxWarning: invalid escape sequence '\\m'\r\n  syntax. See examples\\mplot3d.py.\r\n.\\examples\\intermediate\\vandermonde.py:121: SyntaxWarning: invalid escape sequence '\\s'\r\n  print(\""Computing the determinant and comparing to \\sum_{0<i<j<=3}(a_j - a_i)\"")\r\n.\\examples\\intermediate\\vandermonde.py:130: SyntaxWarning: invalid escape sequence '\\s'\r\n  \\sum   = %(sum)s\r\n.\\sympy\\calculus\\util.py:469: SyntaxWarning: invalid escape sequence '\\l'\r\n  `\\langle a, b\\rangle = \\{x \\in \\mathbb{R} \\mid a \\le x \\le b\\}`\r\n.\\sympy\\combinatorics\\fp_groups.py:523: SyntaxWarning: invalid escape sequence '\\O'\r\n  \""Standardize\"" reorders the elements of \\Omega such that, if we scan\r\n.\\sympy\\combinatorics\\perm_groups.py:1124: SyntaxWarning: invalid escape sequence '\\i'\r\n  by all commutators ``[g, h] = hgh^{-1}g^{-1}`` for ``g, h\\in G`` ; it is\r\n.\\sympy\\combinatorics\\perm_groups.py:1621: SyntaxWarning: invalid escape sequence '\\{'\r\n  minimal_block to search for blocks of the form ``\\{0, k\\}`` for ``k``\r\n.\\sympy\\combinatorics\\perm_groups.py:2836: SyntaxWarning: invalid escape sequence '\\{'\r\n  A generating set ``S = \\{g_1, g_2, ..., g_t\\}`` for a permutation group\r\n.\\sympy\\combinatorics\\perm_groups.py:3120: SyntaxWarning: invalid escape sequence '\\O'\r\n  A permutation group ``G`` acting on ``\\Omega = \\{0, 1, ..., n-1\\}`` is\r\n.\\sympy\\combinatorics\\util.py:124: SyntaxWarning: invalid escape sequence '\\i'\r\n  `"", ""stdout_tail"": """", ""stderr_tail"": ""'\r\n  >>> print(rawlines(s)) # the \\\\ appears as \\ when printed\r\n.\\sympy\\utilities\\runtests.py:531: SyntaxWarning: invalid escape sequence '\\*'\r\n  Runs doctests in all \\*.py files in the sympy directory which match\r\n.\\sympy\\utilities\\runtests.py:1318: SyntaxWarning: invalid escape sequence '\\*'\r\n  Returns the list of \\*.py files (default) from which docstrings\r\n.\\sympy\\utilities\\runtests.py:1564: SyntaxWarning: invalid escape sequence '\\d'\r\n  matches = re.findall(\""line \\d+\"", name)\r\n.\\sympy\\utilities\\runtests.py:1772: SyntaxWarning: invalid escape sequence '\\s'\r\n  want = re.sub('(?m)^%s\\s*?$' % re.escape(pdoctest.BLANKLINE_MARKER),\r\n.\\sympy\\utilities\\runtests.py:1776: SyntaxWarning: invalid escape sequence '\\s'\r\n  got = re.sub('(?m)^\\s*?$', '', got)\r\n.\\sympy\\vector\\dyadic.py:261: SyntaxWarning: invalid escape sequence '\\m'\r\n  _latex_form = '(\\mathbf{\\hat{0}}|\\mathbf{\\hat{0}})'\r\n.\\sympy\\vector\\vector.py:451: SyntaxWarning: invalid escape sequence '\\m'\r\n  _latex_form = '\\mathbf{\\hat{0}}'\r\n""}, ""future_test"": {""returncode"": 4, ""timed_out"": false, ""duration_seconds"": 0.376, ""stdout_sha256"": ""ba9e2444dc3c22074044f39b39e0c8c9d178a82c6f41baec35502b9c47eec178"", ""stderr_sha256"": ""396504903b51253778b5630cfcc1e1aeeedbd1ce4ac135d235e885339c68ed3f"", ""stdout_head"": ""\r\nno tests ran in 0.00s\r\n"", ""stderr_head"": ""ERROR: file or directory not found: test_ccode_Relational\r\n\r\n"", ""stdout_tail"": ""\r\nno tests ran in 0.00s\r\n"", ""stderr_tail"": ""ERROR: file or directory not found: test_ccode_Relational\r\n\r\n""}}",0,0,0,"Provider-free replay diagnostics and checkpoint transitions. F1 labels are setup/source proxies, F2 is an observed textual-conflict status, and none of these rows estimate survival, behavior, adaptation, cost, causality or population effects.",failure_diagnostics,diagnostic
sympy__sympy-11400,issue_resolution,sympy/sympy,python,human,sympy__sympy-11400-d90,90,checkpoint_replay_completed,replay_completed,replay status explicitly completed,True,0.0,NA,NA,NA,NA,cdf6b67fbf6e5fe8a23377f36f42ee82c797bb15,SWE-bench Lite local record; F2P-only pilot,7f79e0c6e6909a311c54215f3e858f057db77bb11248853e84095261195d6c1b,"{""build"": {""returncode"": 0, ""timed_out"": false, ""duration_seconds"": 8.025, ""stdout_sha256"": ""e3b0c44298fc1c149afbf4c8996fb92427ae41e4649b934ca495991b7852b855"", ""stderr_sha256"": ""2d2a195a26b5039accd4ab8d264d1a3002ebfea5643e89496529d96b8d086209"", ""stdout_head"": """", ""stderr_head"": "".\\doc\\ext\\docscrape.py:287: SyntaxWarning: invalid escape sequence '\\w'\r\n  if re.compile('^([\\w., ]+=)?\\s*[\\w\\.]+\\(.*\\)$').match(summary_str):\r\n.\\doc\\ext\\docscrape.py:341: SyntaxWarning: invalid escape sequence '\\*'\r\n  return [self['Signature'].replace('*', '\\*')] + ['']\r\n.\\doc\\ext\\docscrape.py:469: SyntaxWarning: invalid escape sequence '\\*'\r\n  argspec = argspec.replace('*', '\\*')\r\n.\\doc\\ext\\docscrape.py:487: SyntaxWarning: invalid escape sequence '\\*'\r\n  signature = self['Signature'].replace('*', '\\*')\r\n.\\examples\\intermediate\\mplot2d.py:23: SyntaxWarning: invalid escape sequence '\\S'\r\n  warnings.filterwarnings(\""ignore\"", \""Could not match \\S\"")\r\n.\\examples\\intermediate\\mplot3d.py:22: SyntaxWarning: invalid escape sequence '\\S'\r\n  warnings.filterwarnings(\""ignore\"", \""Could not match \\S\"")\r\n.\\examples\\intermediate\\sample.py:4: SyntaxWarning: invalid escape sequence '\\m'\r\n  See examples\\mplot2d.py and examples\\mplot3d.py for usable 2d and 3d\r\n.\\examples\\intermediate\\sample.py:16: SyntaxWarning: invalid escape sequence '\\m'\r\n  syntax. See examples\\mplot2d.py.\r\n.\\examples\\intermediate\\sample.py:47: SyntaxWarning: invalid escape sequence '\\m'\r\n  syntax. See examples\\mplot3d.py.\r\n.\\examples\\intermediate\\vandermonde.py:121: SyntaxWarning: invalid escape sequence '\\s'\r\n  print(\""Computing the determinant and comparing to \\sum_{0<i<j<=3}(a_j - a_i)\"")\r\n.\\examples\\intermediate\\vandermonde.py:130: SyntaxWarning: invalid escape sequence '\\s'\r\n  \\sum   = %(sum)s\r\n.\\sympy\\calculus\\finite_diff.py:425: SyntaxWarning: invalid escape sequence '\\*'\r\n  \\*symbols : differentiate with respect to symbols\r\n.\\sympy\\calculus\\util.py:469: SyntaxWarning: invalid escape sequence '\\l'\r\n  `\\langle a, b\\rangle = \\{x \\in \\mathbb{R} \\mid a \\le x \\le b\\}`\r\n.\\sympy\\combinatorics\\fp_groups.py:864: SyntaxWarning: invalid escape sequence '\\l'\r\n  `0, 1, , \\ldots, n`. \""Standardize\"" reorders the elements of `\\Omega`\r\n.\\sympy\\combinatorics\\perm_groups.py:1127: SyntaxWarning: invalid escape sequence '\\i'\r\n  by all commutators `[g, h] = hgh^{-1}g^{-1}` for `g, h\\in G` ; it is\r\n.\\sympy\\combinatorics\\perm_groups.py:1624: SyntaxWarning: invalid escape sequence '\\{'\r\n  minimal_block to search for blocks of the form `\\{0, k\\}` for ``k``\r\n.\\sympy\\combinatorics\\perm_groups.py:2841: SyntaxWarning: invalid escape sequence '\\{'\r\n  A generating set `S = \\{g_1, g_2, ..., g_t\\}` for a permutation group\r\n.\\sympy\\combinatorics\\perm_groups.py:3125: SyntaxWarning: invalid escape sequence '\\O'\r\n  A permutation group `G` act"", ""stdout_tail"": """", ""stderr_tail"": ""'\r\n  >>> print(rawlines(s)) # the \\\\ appears as \\ when printed\r\n.\\sympy\\utilities\\runtests.py:531: SyntaxWarning: invalid escape sequence '\\*'\r\n  Runs doctests in all \\*.py files in the sympy directory which match\r\n.\\sympy\\utilities\\runtests.py:1318: SyntaxWarning: invalid escape sequence '\\*'\r\n  Returns the list of \\*.py files (default) from which docstrings\r\n.\\sympy\\utilities\\runtests.py:1564: SyntaxWarning: invalid escape sequence '\\d'\r\n  matches = re.findall(\""line \\d+\"", name)\r\n.\\sympy\\utilities\\runtests.py:1772: SyntaxWarning: invalid escape sequence '\\s'\r\n  want = re.sub('(?m)^%s\\s*?$' % re.escape(pdoctest.BLANKLINE_MARKER),\r\n.\\sympy\\utilities\\runtests.py:1776: SyntaxWarning: invalid escape sequence '\\s'\r\n  got = re.sub('(?m)^\\s*?$', '', got)\r\n.\\sympy\\vector\\dyadic.py:260: SyntaxWarning: invalid escape sequence '\\m'\r\n  _latex_form = '(\\mathbf{\\hat{0}}|\\mathbf{\\hat{0}})'\r\n.\\sympy\\vector\\vector.py:453: SyntaxWarning: invalid escape sequence '\\m'\r\n  _latex_form = '\\mathbf{\\hat{0}}'\r\n""}, ""future_test"": {""returncode"": 4, ""timed_out"": false, ""duration_seconds"": 0.35, ""stdout_sha256"": ""ba9e2444dc3c22074044f39b39e0c8c9d178a82c6f41baec35502b9c47eec178"", ""stderr_sha256"": ""396504903b51253778b5630cfcc1e1aeeedbd1ce4ac135d235e885339c68ed3f"", ""stdout_head"": ""\r\nno tests ran in 0.00s\r\n"", ""stderr_head"": ""ERROR: file or directory not found: test_ccode_Relational\r\n\r\n"", ""stdout_tail"": ""\r\nno tests ran in 0.00s\r\n"", ""stderr_tail"": ""ERROR: file or directory not found: test_ccode_Relational\r\n\r\n""}}",0,0,0,"Provider-free replay diagnostics and checkpoint transitions. F1 labels are setup/source proxies, F2 is an observed textual-conflict status, and none of these rows estimate survival, behavior, adaptation, cost, causality or population effects.",failure_diagnostics,diagnostic
sympy__sympy-11400,issue_resolution,sympy/sympy,python,OrcaLoca,sympy__sympy-11400-d90,90,checkpoint_replay_completed,replay_completed,replay status explicitly completed,True,0.0,NA,NA,NA,NA,cdf6b67fbf6e5fe8a23377f36f42ee82c797bb15,SWE-bench Lite local record; F2P-only pilot,e453c23067e7eca7b35dafa18badfa3d132fc305687763abd11457e7efad31d6,"{""build"": {""returncode"": 0, ""timed_out"": false, ""duration_seconds"": 7.804, ""stdout_sha256"": ""e3b0c44298fc1c149afbf4c8996fb92427ae41e4649b934ca495991b7852b855"", ""stderr_sha256"": ""2d2a195a26b5039accd4ab8d264d1a3002ebfea5643e89496529d96b8d086209"", ""stdout_head"": """", ""stderr_head"": "".\\doc\\ext\\docscrape.py:287: SyntaxWarning: invalid escape sequence '\\w'\r\n  if re.compile('^([\\w., ]+=)?\\s*[\\w\\.]+\\(.*\\)$').match(summary_str):\r\n.\\doc\\ext\\docscrape.py:341: SyntaxWarning: invalid escape sequence '\\*'\r\n  return [self['Signature'].replace('*', '\\*')] + ['']\r\n.\\doc\\ext\\docscrape.py:469: SyntaxWarning: invalid escape sequence '\\*'\r\n  argspec = argspec.replace('*', '\\*')\r\n.\\doc\\ext\\docscrape.py:487: SyntaxWarning: invalid escape sequence '\\*'\r\n  signature = self['Signature'].replace('*', '\\*')\r\n.\\examples\\intermediate\\mplot2d.py:23: SyntaxWarning: invalid escape sequence '\\S'\r\n  warnings.filterwarnings(\""ignore\"", \""Could not match \\S\"")\r\n.\\examples\\intermediate\\mplot3d.py:22: SyntaxWarning: invalid escape sequence '\\S'\r\n  warnings.filterwarnings(\""ignore\"", \""Could not match \\S\"")\r\n.\\examples\\intermediate\\sample.py:4: SyntaxWarning: invalid escape sequence '\\m'\r\n  See examples\\mplot2d.py and examples\\mplot3d.py for usable 2d and 3d\r\n.\\examples\\intermediate\\sample.py:16: SyntaxWarning: invalid escape sequence '\\m'\r\n  syntax. See examples\\mplot2d.py.\r\n.\\examples\\intermediate\\sample.py:47: SyntaxWarning: invalid escape sequence '\\m'\r\n  syntax. See examples\\mplot3d.py.\r\n.\\examples\\intermediate\\vandermonde.py:121: SyntaxWarning: invalid escape sequence '\\s'\r\n  print(\""Computing the determinant and comparing to \\sum_{0<i<j<=3}(a_j - a_i)\"")\r\n.\\examples\\intermediate\\vandermonde.py:130: SyntaxWarning: invalid escape sequence '\\s'\r\n  \\sum   = %(sum)s\r\n.\\sympy\\calculus\\finite_diff.py:425: SyntaxWarning: invalid escape sequence '\\*'\r\n  \\*symbols : differentiate with respect to symbols\r\n.\\sympy\\calculus\\util.py:469: SyntaxWarning: invalid escape sequence '\\l'\r\n  `\\langle a, b\\rangle = \\{x \\in \\mathbb{R} \\mid a \\le x \\le b\\}`\r\n.\\sympy\\combinatorics\\fp_groups.py:864: SyntaxWarning: invalid escape sequence '\\l'\r\n  `0, 1, , \\ldots, n`. \""Standardize\"" reorders the elements of `\\Omega`\r\n.\\sympy\\combinatorics\\perm_groups.py:1127: SyntaxWarning: invalid escape sequence '\\i'\r\n  by all commutators `[g, h] = hgh^{-1}g^{-1}` for `g, h\\in G` ; it is\r\n.\\sympy\\combinatorics\\perm_groups.py:1624: SyntaxWarning: invalid escape sequence '\\{'\r\n  minimal_block to search for blocks of the form `\\{0, k\\}` for ``k``\r\n.\\sympy\\combinatorics\\perm_groups.py:2841: SyntaxWarning: invalid escape sequence '\\{'\r\n  A generating set `S = \\{g_1, g_2, ..., g_t\\}` for a permutation group\r\n.\\sympy\\combinatorics\\perm_groups.py:3125: SyntaxWarning: invalid escape sequence '\\O'\r\n  A permutation group `G` act"", ""stdout_tail"": """", ""stderr_tail"": ""'\r\n  >>> print(rawlines(s)) # the \\\\ appears as \\ when printed\r\n.\\sympy\\utilities\\runtests.py:531: SyntaxWarning: invalid escape sequence '\\*'\r\n  Runs doctests in all \\*.py files in the sympy directory which match\r\n.\\sympy\\utilities\\runtests.py:1318: SyntaxWarning: invalid escape sequence '\\*'\r\n  Returns the list of \\*.py files (default) from which docstrings\r\n.\\sympy\\utilities\\runtests.py:1564: SyntaxWarning: invalid escape sequence '\\d'\r\n  matches = re.findall(\""line \\d+\"", name)\r\n.\\sympy\\utilities\\runtests.py:1772: SyntaxWarning: invalid escape sequence '\\s'\r\n  want = re.sub('(?m)^%s\\s*?$' % re.escape(pdoctest.BLANKLINE_MARKER),\r\n.\\sympy\\utilities\\runtests.py:1776: SyntaxWarning: invalid escape sequence '\\s'\r\n  got = re.sub('(?m)^\\s*?$', '', got)\r\n.\\sympy\\vector\\dyadic.py:260: SyntaxWarning: invalid escape sequence '\\m'\r\n  _latex_form = '(\\mathbf{\\hat{0}}|\\mathbf{\\hat{0}})'\r\n.\\sympy\\vector\\vector.py:453: SyntaxWarning: invalid escape sequence '\\m'\r\n  _latex_form = '\\mathbf{\\hat{0}}'\r\n""}, ""future_test"": {""returncode"": 4, ""timed_out"": false, ""duration_seconds"": 0.359, ""stdout_sha256"": ""ba9e2444dc3c22074044f39b39e0c8c9d178a82c6f41baec35502b9c47eec178"", ""stderr_sha256"": ""396504903b51253778b5630cfcc1e1aeeedbd1ce4ac135d235e885339c68ed3f"", ""stdout_head"": ""\r\nno tests ran in 0.00s\r\n"", ""stderr_head"": ""ERROR: file or directory not found: test_ccode_Relational\r\n\r\n"", ""stdout_tail"": ""\r\nno tests ran in 0.00s\r\n"", ""stderr_tail"": ""ERROR: file or directory not found: test_ccode_Relational\r\n\r\n""}}",0,0,0,"Provider-free replay diagnostics and checkpoint transitions. F1 labels are setup/source proxies, F2 is an observed textual-conflict status, and none of these rows estimate survival, behavior, adaptation, cost, causality or population effects.",failure_diagnostics,diagnostic
sympy__sympy-11400,issue_resolution,sympy/sympy,python,human,sympy__sympy-11400-d180,180,checkpoint_replay_completed,replay_completed,replay status explicitly completed,True,0.0,NA,NA,NA,NA,1c752feee4167d13e326cca5f7bce67d8ab5bc36,SWE-bench Lite local record; F2P-only pilot,7f79e0c6e6909a311c54215f3e858f057db77bb11248853e84095261195d6c1b,"{""build"": {""returncode"": 0, ""timed_out"": false, ""duration_seconds"": 7.661, ""stdout_sha256"": ""e3b0c44298fc1c149afbf4c8996fb92427ae41e4649b934ca495991b7852b855"", ""stderr_sha256"": ""4dfaa1aa01a280b13554428848f484a09db7d6c51dc4a46989e2a7681adfc037"", ""stdout_head"": """", ""stderr_head"": "".\\doc\\ext\\docscrape.py:287: SyntaxWarning: invalid escape sequence '\\w'\r\n  if re.compile('^([\\w., ]+=)?\\s*[\\w\\.]+\\(.*\\)$').match(summary_str):\r\n.\\doc\\ext\\docscrape.py:341: SyntaxWarning: invalid escape sequence '\\*'\r\n  return [self['Signature'].replace('*', '\\*')] + ['']\r\n.\\doc\\ext\\docscrape.py:469: SyntaxWarning: invalid escape sequence '\\*'\r\n  argspec = argspec.replace('*', '\\*')\r\n.\\doc\\ext\\docscrape.py:487: SyntaxWarning: invalid escape sequence '\\*'\r\n  signature = self['Signature'].replace('*', '\\*')\r\n.\\examples\\intermediate\\mplot2d.py:23: SyntaxWarning: invalid escape sequence '\\S'\r\n  warnings.filterwarnings(\""ignore\"", \""Could not match \\S\"")\r\n.\\examples\\intermediate\\mplot3d.py:22: SyntaxWarning: invalid escape sequence '\\S'\r\n  warnings.filterwarnings(\""ignore\"", \""Could not match \\S\"")\r\n.\\examples\\intermediate\\sample.py:4: SyntaxWarning: invalid escape sequence '\\m'\r\n  See examples\\mplot2d.py and examples\\mplot3d.py for usable 2d and 3d\r\n.\\examples\\intermediate\\sample.py:16: SyntaxWarning: invalid escape sequence '\\m'\r\n  syntax. See examples\\mplot2d.py.\r\n.\\examples\\intermediate\\sample.py:47: SyntaxWarning: invalid escape sequence '\\m'\r\n  syntax. See examples\\mplot3d.py.\r\n.\\examples\\intermediate\\vandermonde.py:121: SyntaxWarning: invalid escape sequence '\\s'\r\n  print(\""Computing the determinant and comparing to \\sum_{0<i<j<=3}(a_j - a_i)\"")\r\n.\\examples\\intermediate\\vandermonde.py:130: SyntaxWarning: invalid escape sequence '\\s'\r\n  \\sum   = %(sum)s\r\n.\\sympy\\calculus\\finite_diff.py:425: SyntaxWarning: invalid escape sequence '\\*'\r\n  \\*symbols : differentiate with respect to symbols\r\n.\\sympy\\calculus\\util.py:469: SyntaxWarning: invalid escape sequence '\\l'\r\n  `\\langle a, b\\rangle = \\{x \\in \\mathbb{R} \\mid a \\le x \\le b\\}`\r\n.\\sympy\\combinatorics\\fp_groups.py:864: SyntaxWarning: invalid escape sequence '\\l'\r\n  `0, 1, , \\ldots, n`. \""Standardize\"" reorders the elements of `\\Omega`\r\n.\\sympy\\combinatorics\\perm_groups.py:1127: SyntaxWarning: invalid escape sequence '\\i'\r\n  by all commutators `[g, h] = hgh^{-1}g^{-1}` for `g, h\\in G` ; it is\r\n.\\sympy\\combinatorics\\perm_groups.py:1624: SyntaxWarning: invalid escape sequence '\\{'\r\n  minimal_block to search for blocks of the form `\\{0, k\\}` for ``k``\r\n.\\sympy\\combinatorics\\perm_groups.py:2840: SyntaxWarning: invalid escape sequence '\\{'\r\n  A generating set `S = \\{g_1, g_2, ..., g_t\\}` for a permutation group\r\n.\\sympy\\combinatorics\\perm_groups.py:3124: SyntaxWarning: invalid escape sequence '\\O'\r\n  A permutation group `G` act"", ""stdout_tail"": """", ""stderr_tail"": ""'\r\n  >>> print(rawlines(s)) # the \\\\ appears as \\ when printed\r\n.\\sympy\\utilities\\runtests.py:531: SyntaxWarning: invalid escape sequence '\\*'\r\n  Runs doctests in all \\*.py files in the sympy directory which match\r\n.\\sympy\\utilities\\runtests.py:1318: SyntaxWarning: invalid escape sequence '\\*'\r\n  Returns the list of \\*.py files (default) from which docstrings\r\n.\\sympy\\utilities\\runtests.py:1564: SyntaxWarning: invalid escape sequence '\\d'\r\n  matches = re.findall(\""line \\d+\"", name)\r\n.\\sympy\\utilities\\runtests.py:1772: SyntaxWarning: invalid escape sequence '\\s'\r\n  want = re.sub('(?m)^%s\\s*?$' % re.escape(pdoctest.BLANKLINE_MARKER),\r\n.\\sympy\\utilities\\runtests.py:1776: SyntaxWarning: invalid escape sequence '\\s'\r\n  got = re.sub('(?m)^\\s*?$', '', got)\r\n.\\sympy\\vector\\dyadic.py:260: SyntaxWarning: invalid escape sequence '\\m'\r\n  _latex_form = '(\\mathbf{\\hat{0}}|\\mathbf{\\hat{0}})'\r\n.\\sympy\\vector\\vector.py:453: SyntaxWarning: invalid escape sequence '\\m'\r\n  _latex_form = '\\mathbf{\\hat{0}}'\r\n""}, ""future_test"": {""returncode"": 4, ""timed_out"": false, ""duration_seconds"": 0.378, ""stdout_sha256"": ""ba9e2444dc3c22074044f39b39e0c8c9d178a82c6f41baec35502b9c47eec178"", ""stderr_sha256"": ""396504903b51253778b5630cfcc1e1aeeedbd1ce4ac135d235e885339c68ed3f"", ""stdout_head"": ""\r\nno tests ran in 0.00s\r\n"", ""stderr_head"": ""ERROR: file or directory not found: test_ccode_Relational\r\n\r\n"", ""stdout_tail"": ""\r\nno tests ran in 0.00s\r\n"", ""stderr_tail"": ""ERROR: file or directory not found: test_ccode_Relational\r\n\r\n""}}",0,0,0,"Provider-free replay diagnostics and checkpoint transitions. F1 labels are setup/source proxies, F2 is an observed textual-conflict status, and none of these rows estimate survival, behavior, adaptation, cost, causality or population effects.",failure_diagnostics,diagnostic
sympy__sympy-11400,issue_resolution,sympy/sympy,python,OrcaLoca,sympy__sympy-11400-d180,180,checkpoint_replay_completed,replay_completed,replay status explicitly completed,True,0.0,NA,NA,NA,NA,1c752feee4167d13e326cca5f7bce67d8ab5bc36,SWE-bench Lite local record; F2P-only pilot,e453c23067e7eca7b35dafa18badfa3d132fc305687763abd11457e7efad31d6,"{""build"": {""returncode"": 0, ""timed_out"": false, ""duration_seconds"": 8.618, ""stdout_sha256"": ""e3b0c44298fc1c149afbf4c8996fb92427ae41e4649b934ca495991b7852b855"", ""stderr_sha256"": ""4dfaa1aa01a280b13554428848f484a09db7d6c51dc4a46989e2a7681adfc037"", ""stdout_head"": """", ""stderr_head"": "".\\doc\\ext\\docscrape.py:287: SyntaxWarning: invalid escape sequence '\\w'\r\n  if re.compile('^([\\w., ]+=)?\\s*[\\w\\.]+\\(.*\\)$').match(summary_str):\r\n.\\doc\\ext\\docscrape.py:341: SyntaxWarning: invalid escape sequence '\\*'\r\n  return [self['Signature'].replace('*', '\\*')] + ['']\r\n.\\doc\\ext\\docscrape.py:469: SyntaxWarning: invalid escape sequence '\\*'\r\n  argspec = argspec.replace('*', '\\*')\r\n.\\doc\\ext\\docscrape.py:487: SyntaxWarning: invalid escape sequence '\\*'\r\n  signature = self['Signature'].replace('*', '\\*')\r\n.\\examples\\intermediate\\mplot2d.py:23: SyntaxWarning: invalid escape sequence '\\S'\r\n  warnings.filterwarnings(\""ignore\"", \""Could not match \\S\"")\r\n.\\examples\\intermediate\\mplot3d.py:22: SyntaxWarning: invalid escape sequence '\\S'\r\n  warnings.filterwarnings(\""ignore\"", \""Could not match \\S\"")\r\n.\\examples\\intermediate\\sample.py:4: SyntaxWarning: invalid escape sequence '\\m'\r\n  See examples\\mplot2d.py and examples\\mplot3d.py for usable 2d and 3d\r\n.\\examples\\intermediate\\sample.py:16: SyntaxWarning: invalid escape sequence '\\m'\r\n  syntax. See examples\\mplot2d.py.\r\n.\\examples\\intermediate\\sample.py:47: SyntaxWarning: invalid escape sequence '\\m'\r\n  syntax. See examples\\mplot3d.py.\r\n.\\examples\\intermediate\\vandermonde.py:121: SyntaxWarning: invalid escape sequence '\\s'\r\n  print(\""Computing the determinant and comparing to \\sum_{0<i<j<=3}(a_j - a_i)\"")\r\n.\\examples\\intermediate\\vandermonde.py:130: SyntaxWarning: invalid escape sequence '\\s'\r\n  \\sum   = %(sum)s\r\n.\\sympy\\calculus\\finite_diff.py:425: SyntaxWarning: invalid escape sequence '\\*'\r\n  \\*symbols : differentiate with respect to symbols\r\n.\\sympy\\calculus\\util.py:469: SyntaxWarning: invalid escape sequence '\\l'\r\n  `\\langle a, b\\rangle = \\{x \\in \\mathbb{R} \\mid a \\le x \\le b\\}`\r\n.\\sympy\\combinatorics\\fp_groups.py:864: SyntaxWarning: invalid escape sequence '\\l'\r\n  `0, 1, , \\ldots, n`. \""Standardize\"" reorders the elements of `\\Omega`\r\n.\\sympy\\combinatorics\\perm_groups.py:1127: SyntaxWarning: invalid escape sequence '\\i'\r\n  by all commutators `[g, h] = hgh^{-1}g^{-1}` for `g, h\\in G` ; it is\r\n.\\sympy\\combinatorics\\perm_groups.py:1624: SyntaxWarning: invalid escape sequence '\\{'\r\n  minimal_block to search for blocks of the form `\\{0, k\\}` for ``k``\r\n.\\sympy\\combinatorics\\perm_groups.py:2840: SyntaxWarning: invalid escape sequence '\\{'\r\n  A generating set `S = \\{g_1, g_2, ..., g_t\\}` for a permutation group\r\n.\\sympy\\combinatorics\\perm_groups.py:3124: SyntaxWarning: invalid escape sequence '\\O'\r\n  A permutation group `G` act"", ""stdout_tail"": """", ""stderr_tail"": ""'\r\n  >>> print(rawlines(s)) # the \\\\ appears as \\ when printed\r\n.\\sympy\\utilities\\runtests.py:531: SyntaxWarning: invalid escape sequence '\\*'\r\n  Runs doctests in all \\*.py files in the sympy directory which match\r\n.\\sympy\\utilities\\runtests.py:1318: SyntaxWarning: invalid escape sequence '\\*'\r\n  Returns the list of \\*.py files (default) from which docstrings\r\n.\\sympy\\utilities\\runtests.py:1564: SyntaxWarning: invalid escape sequence '\\d'\r\n  matches = re.findall(\""line \\d+\"", name)\r\n.\\sympy\\utilities\\runtests.py:1772: SyntaxWarning: invalid escape sequence '\\s'\r\n  want = re.sub('(?m)^%s\\s*?$' % re.escape(pdoctest.BLANKLINE_MARKER),\r\n.\\sympy\\utilities\\runtests.py:1776: SyntaxWarning: invalid escape sequence '\\s'\r\n  got = re.sub('(?m)^\\s*?$', '', got)\r\n.\\sympy\\vector\\dyadic.py:260: SyntaxWarning: invalid escape sequence '\\m'\r\n  _latex_form = '(\\mathbf{\\hat{0}}|\\mathbf{\\hat{0}})'\r\n.\\sympy\\vector\\vector.py:453: SyntaxWarning: invalid escape sequence '\\m'\r\n  _latex_form = '\\mathbf{\\hat{0}}'\r\n""}, ""future_test"": {""returncode"": 4, ""timed_out"": false, ""duration_seconds"": 0.428, ""stdout_sha256"": ""ba9e2444dc3c22074044f39b39e0c8c9d178a82c6f41baec35502b9c47eec178"", ""stderr_sha256"": ""396504903b51253778b5630cfcc1e1aeeedbd1ce4ac135d235e885339c68ed3f"", ""stdout_head"": ""\r\nno tests ran in 0.00s\r\n"", ""stderr_head"": ""ERROR: file or directory not found: test_ccode_Relational\r\n\r\n"", ""stdout_tail"": ""\r\nno tests ran in 0.00s\r\n"", ""stderr_tail"": ""ERROR: file or directory not found: test_ccode_Relational\r\n\r\n""}}",0,0,0,"Provider-free replay diagnostics and checkpoint transitions. F1 labels are setup/source proxies, F2 is an observed textual-conflict status, and none of these rows estimate survival, behavior, adaptation, cost, causality or population effects.",failure_diagnostics,diagnostic
sympy__sympy-11400,issue_resolution,sympy/sympy,python,human,sympy__sympy-11400-d365,365,checkpoint_replay_completed,replay_completed,replay status explicitly completed,True,0.0,NA,NA,NA,NA,34ad4bd03e81f44ce4ed630efcc8c88b9e0b108f,SWE-bench Lite local record; F2P-only pilot,7f79e0c6e6909a311c54215f3e858f057db77bb11248853e84095261195d6c1b,"{""build"": {""returncode"": 0, ""timed_out"": false, ""duration_seconds"": 9.043, ""stdout_sha256"": ""e3b0c44298fc1c149afbf4c8996fb92427ae41e4649b934ca495991b7852b855"", ""stderr_sha256"": ""037e662c68cf669c15b4231fa2012f0ff1b7b582786344049f4753e1e8c1822d"", ""stdout_head"": """", ""stderr_head"": "".\\doc\\ext\\docscrape.py:287: SyntaxWarning: invalid escape sequence '\\w'\r\n  if re.compile('^([\\w., ]+=)?\\s*[\\w\\.]+\\(.*\\)$').match(summary_str):\r\n.\\doc\\ext\\docscrape.py:341: SyntaxWarning: invalid escape sequence '\\*'\r\n  return [self['Signature'].replace('*', '\\*')] + ['']\r\n.\\doc\\ext\\docscrape.py:469: SyntaxWarning: invalid escape sequence '\\*'\r\n  argspec = argspec.replace('*', '\\*')\r\n.\\doc\\ext\\docscrape.py:487: SyntaxWarning: invalid escape sequence '\\*'\r\n  signature = self['Signature'].replace('*', '\\*')\r\n.\\examples\\intermediate\\mplot2d.py:23: SyntaxWarning: invalid escape sequence '\\S'\r\n  warnings.filterwarnings(\""ignore\"", \""Could not match \\S\"")\r\n.\\examples\\intermediate\\mplot3d.py:22: SyntaxWarning: invalid escape sequence '\\S'\r\n  warnings.filterwarnings(\""ignore\"", \""Could not match \\S\"")\r\n.\\examples\\intermediate\\sample.py:4: SyntaxWarning: invalid escape sequence '\\m'\r\n  See examples\\mplot2d.py and examples\\mplot3d.py for usable 2d and 3d\r\n.\\examples\\intermediate\\sample.py:16: SyntaxWarning: invalid escape sequence '\\m'\r\n  syntax. See examples\\mplot2d.py.\r\n.\\examples\\intermediate\\sample.py:47: SyntaxWarning: invalid escape sequence '\\m'\r\n  syntax. See examples\\mplot3d.py.\r\n.\\examples\\intermediate\\vandermonde.py:121: SyntaxWarning: invalid escape sequence '\\s'\r\n  print(\""Computing the determinant and comparing to \\sum_{0<i<j<=3}(a_j - a_i)\"")\r\n.\\examples\\intermediate\\vandermonde.py:130: SyntaxWarning: invalid escape sequence '\\s'\r\n  \\sum   = %(sum)s\r\n.\\sympy\\combinatorics\\coset_table.py:687: SyntaxWarning: invalid escape sequence '\\l'\r\n  `0, 1, , \\ldots, n`. \""Standardize\"" reorders the elements of `\\Omega`\r\n.\\sympy\\combinatorics\\perm_groups.py:1275: SyntaxWarning: invalid escape sequence '\\i'\r\n  by all commutators `[g, h] = hgh^{-1}g^{-1}` for `g, h\\in G` ; it is\r\n.\\sympy\\combinatorics\\perm_groups.py:1772: SyntaxWarning: invalid escape sequence '\\{'\r\n  minimal_block to search for blocks of the form `\\{0, k\\}` for ``k``\r\n.\\sympy\\combinatorics\\perm_groups.py:2992: SyntaxWarning: invalid escape sequence '\\{'\r\n  A generating set `S = \\{g_1, g_2, ..., g_t\\}` for a permutation group\r\n.\\sympy\\combinatorics\\perm_groups.py:3288: SyntaxWarning: invalid escape sequence '\\O'\r\n  A permutation group `G` acting on `\\Omega = \\{0, 1, ..., n-1\\}` is\r\n.\\sympy\\combinatorics\\util.py:124: SyntaxWarning: invalid escape sequence '\\i'\r\n  `i \\in\\{1, 2, ..., k\\}`.\r\n.\\sympy\\core\\tests\\test_containers.py:55: SyntaxWarning: \""is not\"" with 'tuple' literal. Did you mean \""!=\""?\r\n  assert Tuple(1, "", ""stdout_tail"": """", ""stderr_tail"": ""he\r\n.\\sympy\\polys\\agca\\ideals.py:207: SyntaxWarning: invalid escape sequence '\\i'\r\n  of ``self`` and `y \\in J`.\r\n.\\sympy\\polys\\agca\\modules.py:351: SyntaxWarning: \""is\"" with 'int' literal. Did you mean \""==\""?\r\n  elif elem is 0:\r\n.\\sympy\\polys\\distributedmodules.py:83: SyntaxWarning: invalid escape sequence '\\l'\r\n  this returns `\\lcm(M, N) e_j`. Note that ``A`` and ``B`` involve distinct\r\n.\\sympy\\solvers\\diophantine.py:3188: SyntaxWarning: \""is\"" with 'int' literal. Did you mean \""==\""?\r\n  if feasible is 1:  # it's prime and k == 2\r\n.\\sympy\\stats\\error_prop.py:12: SyntaxWarning: invalid escape sequence '\\s'\r\n  \""\""\""Symbolically propagates variance (`\\sigma^2`) for expressions.\r\n.\\sympy\\stats\\rv.py:499: SyntaxWarning: invalid escape sequence '\\/'\r\n  \\/ 2 *e\r\n.\\sympy\\vector\\dyadic.py:260: SyntaxWarning: invalid escape sequence '\\m'\r\n  _latex_form = '(\\mathbf{\\hat{0}}|\\mathbf{\\hat{0}})'\r\n.\\sympy\\vector\\vector.py:460: SyntaxWarning: invalid escape sequence '\\m'\r\n  _latex_form = '\\mathbf{\\hat{0}}'\r\n""}, ""future_test"": {""returncode"": 4, ""timed_out"": false, ""duration_seconds"": 0.435, ""stdout_sha256"": ""ba9e2444dc3c22074044f39b39e0c8c9d178a82c6f41baec35502b9c47eec178"", ""stderr_sha256"": ""396504903b51253778b5630cfcc1e1aeeedbd1ce4ac135d235e885339c68ed3f"", ""stdout_head"": ""\r\nno tests ran in 0.00s\r\n"", ""stderr_head"": ""ERROR: file or directory not found: test_ccode_Relational\r\n\r\n"", ""stdout_tail"": ""\r\nno tests ran in 0.00s\r\n"", ""stderr_tail"": ""ERROR: file or directory not found: test_ccode_Relational\r\n\r\n""}}",0,0,0,"Provider-free replay diagnostics and checkpoint transitions. F1 labels are setup/source proxies, F2 is an observed textual-conflict status, and none of these rows estimate survival, behavior, adaptation, cost, causality or population effects.",failure_diagnostics,diagnostic
sympy__sympy-11400,issue_resolution,sympy/sympy,python,OrcaLoca,sympy__sympy-11400-d365,365,future_textual_conflict,F2_textual_conflict,replay status explicitly reports textual conflict,NA,NA,True,NA,NA,NA,34ad4bd03e81f44ce4ed630efcc8c88b9e0b108f,SWE-bench Lite local record; F2P-only pilot,e453c23067e7eca7b35dafa18badfa3d132fc305687763abd11457e7efad31d6,"50b5818ef1a0175aefd8c8592defb5e54206559d: error: patch failed: sympy/printing/ccode.py:34
error: sympy/printing/ccode.py: patch does not apply
",0,0,0,"Provider-free replay diagnostics and checkpoint transitions. F1 labels are setup/source proxies, F2 is an observed textual-conflict status, and none of these rows estimate survival, behavior, adaptation, cost, causality or population effects.",failure_diagnostics,diagnostic
sympy__sympy-11870,issue_resolution,sympy/sympy,python,human,sympy__sympy-11870-d30,30,checkpoint_replay_completed,replay_completed,replay status explicitly completed,True,0.0,NA,NA,NA,NA,23c2a4624f3f28702b80a6ad8aa9d9e0dbbec67b,SWE-bench Lite local record; F2P-only pilot,051c56fee9628243fb9c8fdcaae677f7cd82afcf8574e373b87dda95b11b57df,"{""build"": {""returncode"": 0, ""timed_out"": false, ""duration_seconds"": 13.687, ""stdout_sha256"": ""e3b0c44298fc1c149afbf4c8996fb92427ae41e4649b934ca495991b7852b855"", ""stderr_sha256"": ""597a2215f3339f88a412fe5f7e6a9260da9612c459446f7a0c9b410a860c5601"", ""stdout_head"": """", ""stderr_head"": "".\\doc\\ext\\docscrape.py:287: SyntaxWarning: invalid escape sequence '\\w'\r\n  if re.compile('^([\\w., ]+=)?\\s*[\\w\\.]+\\(.*\\)$').match(summary_str):\r\n.\\doc\\ext\\docscrape.py:341: SyntaxWarning: invalid escape sequence '\\*'\r\n  return [self['Signature'].replace('*', '\\*')] + ['']\r\n.\\doc\\ext\\docscrape.py:469: SyntaxWarning: invalid escape sequence '\\*'\r\n  argspec = argspec.replace('*', '\\*')\r\n.\\doc\\ext\\docscrape.py:487: SyntaxWarning: invalid escape sequence '\\*'\r\n  signature = self['Signature'].replace('*', '\\*')\r\n.\\examples\\intermediate\\mplot2d.py:23: SyntaxWarning: invalid escape sequence '\\S'\r\n  warnings.filterwarnings(\""ignore\"", \""Could not match \\S\"")\r\n.\\examples\\intermediate\\mplot3d.py:22: SyntaxWarning: invalid escape sequence '\\S'\r\n  warnings.filterwarnings(\""ignore\"", \""Could not match \\S\"")\r\n.\\examples\\intermediate\\sample.py:4: SyntaxWarning: invalid escape sequence '\\m'\r\n  See examples\\mplot2d.py and examples\\mplot3d.py for usable 2d and 3d\r\n.\\examples\\intermediate\\sample.py:16: SyntaxWarning: invalid escape sequence '\\m'\r\n  syntax. See examples\\mplot2d.py.\r\n.\\examples\\intermediate\\sample.py:47: SyntaxWarning: invalid escape sequence '\\m'\r\n  syntax. See examples\\mplot3d.py.\r\n.\\examples\\intermediate\\vandermonde.py:121: SyntaxWarning: invalid escape sequence '\\s'\r\n  print(\""Computing the determinant and comparing to \\sum_{0<i<j<=3}(a_j - a_i)\"")\r\n.\\examples\\intermediate\\vandermonde.py:130: SyntaxWarning: invalid escape sequence '\\s'\r\n  \\sum   = %(sum)s\r\n.\\sympy\\core\\tests\\test_containers.py:55: SyntaxWarning: \""is not\"" with 'tuple' literal. Did you mean \""!=\""?\r\n  assert Tuple(1, 2) is not (1, 2)\r\n.\\sympy\\geometry\\tests\\test_plane.py:184: SyntaxWarning: \""is\"" with 'int' literal. Did you mean \""==\""?\r\n  assert len(pl8.intersection(Ray3D(Point3D(0, 2, 3), Point3D(1, 0, 3)))) is 0\r\n.\\sympy\\integrals\\rubi\\tests\\test_1_4.py:60: SyntaxWarning: list indices must be integers or slices, not tuple; perhaps you missed a comma?\r\n  [(a + b*x)**m*(c + d*x)**n*(e + f*x)**p/(g + h*x), x, S(0), Integrate((a + b*x)**m*(c + d*x)**n*(e + f*x)**p/(g + h*x), x)]\r\n.\\sympy\\physics\\vector\\printing.py:150: SyntaxWarning: \""is not\"" with 'int' literal. Did you mean \""!=\""?\r\n  if len(base_split) is not 1:\r\n.\\sympy\\polys\\agca\\modules.py:351: SyntaxWarning: \""is\"" with 'int' literal. Did you mean \""==\""?\r\n  elif elem is 0:\r\n.\\sympy\\solvers\\diophantine.py:3188: SyntaxWarning: \""is\"" with 'int' literal. Did you mean \""==\""?\r\n  if feasible is 1:  # it's prime and k == 2\r\n.\\sympy\\vector\\coordsysrect.py:171: SyntaxWa"", ""stdout_tail"": """", ""stderr_tail"": ""rsection(Ray3D(Point3D(0, 2, 3), Point3D(1, 0, 3)))) is 0\r\n.\\sympy\\integrals\\rubi\\tests\\test_1_4.py:60: SyntaxWarning: list indices must be integers or slices, not tuple; perhaps you missed a comma?\r\n  [(a + b*x)**m*(c + d*x)**n*(e + f*x)**p/(g + h*x), x, S(0), Integrate((a + b*x)**m*(c + d*x)**n*(e + f*x)**p/(g + h*x), x)]\r\n.\\sympy\\physics\\vector\\printing.py:150: SyntaxWarning: \""is not\"" with 'int' literal. Did you mean \""!=\""?\r\n  if len(base_split) is not 1:\r\n.\\sympy\\polys\\agca\\modules.py:351: SyntaxWarning: \""is\"" with 'int' literal. Did you mean \""==\""?\r\n  elif elem is 0:\r\n.\\sympy\\solvers\\diophantine.py:3188: SyntaxWarning: \""is\"" with 'int' literal. Did you mean \""==\""?\r\n  if feasible is 1:  # it's prime and k == 2\r\n.\\sympy\\vector\\coordsysrect.py:171: SyntaxWarning: \""is\"" with 'str' literal. Did you mean \""==\""?\r\n  if transformation.name is 'spherical':\r\n.\\sympy\\vector\\coordsysrect.py:173: SyntaxWarning: \""is\"" with 'str' literal. Did you mean \""==\""?\r\n  elif transformation.name is 'cylindrical':\r\n""}, ""future_test"": {""returncode"": 4, ""timed_out"": false, ""duration_seconds"": 0.429, ""stdout_sha256"": ""ba9e2444dc3c22074044f39b39e0c8c9d178a82c6f41baec35502b9c47eec178"", ""stderr_sha256"": ""4c8ffe837f3572037e50f2f5765a88e4811cc2c3494c29adc9947ab5f0046e7e"", ""stdout_head"": ""\r\nno tests ran in 0.00s\r\n"", ""stderr_head"": ""ERROR: file or directory not found: test_sinc\r\n\r\n"", ""stdout_tail"": ""\r\nno tests ran in 0.00s\r\n"", ""stderr_tail"": ""ERROR: file or directory not found: test_sinc\r\n\r\n""}}",0,0,0,"Provider-free replay diagnostics and checkpoint transitions. F1 labels are setup/source proxies, F2 is an observed textual-conflict status, and none of these rows estimate survival, behavior, adaptation, cost, causality or population effects.",failure_diagnostics,diagnostic
sympy__sympy-11870,issue_resolution,sympy/sympy,python,OrcaLoca,sympy__sympy-11870-d30,30,checkpoint_replay_completed,replay_completed,replay status explicitly completed,True,0.0,NA,NA,NA,NA,23c2a4624f3f28702b80a6ad8aa9d9e0dbbec67b,SWE-bench Lite local record; F2P-only pilot,3e43fbd361bacf5163f130a8c8c161caf8a83d24407dea31d4ef8d256555e03b,"{""build"": {""returncode"": 0, ""timed_out"": false, ""duration_seconds"": 13.381, ""stdout_sha256"": ""e3b0c44298fc1c149afbf4c8996fb92427ae41e4649b934ca495991b7852b855"", ""stderr_sha256"": ""597a2215f3339f88a412fe5f7e6a9260da9612c459446f7a0c9b410a860c5601"", ""stdout_head"": """", ""stderr_head"": "".\\doc\\ext\\docscrape.py:287: SyntaxWarning: invalid escape sequence '\\w'\r\n  if re.compile('^([\\w., ]+=)?\\s*[\\w\\.]+\\(.*\\)$').match(summary_str):\r\n.\\doc\\ext\\docscrape.py:341: SyntaxWarning: invalid escape sequence '\\*'\r\n  return [self['Signature'].replace('*', '\\*')] + ['']\r\n.\\doc\\ext\\docscrape.py:469: SyntaxWarning: invalid escape sequence '\\*'\r\n  argspec = argspec.replace('*', '\\*')\r\n.\\doc\\ext\\docscrape.py:487: SyntaxWarning: invalid escape sequence '\\*'\r\n  signature = self['Signature'].replace('*', '\\*')\r\n.\\examples\\intermediate\\mplot2d.py:23: SyntaxWarning: invalid escape sequence '\\S'\r\n  warnings.filterwarnings(\""ignore\"", \""Could not match \\S\"")\r\n.\\examples\\intermediate\\mplot3d.py:22: SyntaxWarning: invalid escape sequence '\\S'\r\n  warnings.filterwarnings(\""ignore\"", \""Could not match \\S\"")\r\n.\\examples\\intermediate\\sample.py:4: SyntaxWarning: invalid escape sequence '\\m'\r\n  See examples\\mplot2d.py and examples\\mplot3d.py for usable 2d and 3d\r\n.\\examples\\intermediate\\sample.py:16: SyntaxWarning: invalid escape sequence '\\m'\r\n  syntax. See examples\\mplot2d.py.\r\n.\\examples\\intermediate\\sample.py:47: SyntaxWarning: invalid escape sequence '\\m'\r\n  syntax. See examples\\mplot3d.py.\r\n.\\examples\\intermediate\\vandermonde.py:121: SyntaxWarning: invalid escape sequence '\\s'\r\n  print(\""Computing the determinant and comparing to \\sum_{0<i<j<=3}(a_j - a_i)\"")\r\n.\\examples\\intermediate\\vandermonde.py:130: SyntaxWarning: invalid escape sequence '\\s'\r\n  \\sum   = %(sum)s\r\n.\\sympy\\core\\tests\\test_containers.py:55: SyntaxWarning: \""is not\"" with 'tuple' literal. Did you mean \""!=\""?\r\n  assert Tuple(1, 2) is not (1, 2)\r\n.\\sympy\\geometry\\tests\\test_plane.py:184: SyntaxWarning: \""is\"" with 'int' literal. Did you mean \""==\""?\r\n  assert len(pl8.intersection(Ray3D(Point3D(0, 2, 3), Point3D(1, 0, 3)))) is 0\r\n.\\sympy\\integrals\\rubi\\tests\\test_1_4.py:60: SyntaxWarning: list indices must be integers or slices, not tuple; perhaps you missed a comma?\r\n  [(a + b*x)**m*(c + d*x)**n*(e + f*x)**p/(g + h*x), x, S(0), Integrate((a + b*x)**m*(c + d*x)**n*(e + f*x)**p/(g + h*x), x)]\r\n.\\sympy\\physics\\vector\\printing.py:150: SyntaxWarning: \""is not\"" with 'int' literal. Did you mean \""!=\""?\r\n  if len(base_split) is not 1:\r\n.\\sympy\\polys\\agca\\modules.py:351: SyntaxWarning: \""is\"" with 'int' literal. Did you mean \""==\""?\r\n  elif elem is 0:\r\n.\\sympy\\solvers\\diophantine.py:3188: SyntaxWarning: \""is\"" with 'int' literal. Did you mean \""==\""?\r\n  if feasible is 1:  # it's prime and k == 2\r\n.\\sympy\\vector\\coordsysrect.py:171: SyntaxWa"", ""stdout_tail"": """", ""stderr_tail"": ""rsection(Ray3D(Point3D(0, 2, 3), Point3D(1, 0, 3)))) is 0\r\n.\\sympy\\integrals\\rubi\\tests\\test_1_4.py:60: SyntaxWarning: list indices must be integers or slices, not tuple; perhaps you missed a comma?\r\n  [(a + b*x)**m*(c + d*x)**n*(e + f*x)**p/(g + h*x), x, S(0), Integrate((a + b*x)**m*(c + d*x)**n*(e + f*x)**p/(g + h*x), x)]\r\n.\\sympy\\physics\\vector\\printing.py:150: SyntaxWarning: \""is not\"" with 'int' literal. Did you mean \""!=\""?\r\n  if len(base_split) is not 1:\r\n.\\sympy\\polys\\agca\\modules.py:351: SyntaxWarning: \""is\"" with 'int' literal. Did you mean \""==\""?\r\n  elif elem is 0:\r\n.\\sympy\\solvers\\diophantine.py:3188: SyntaxWarning: \""is\"" with 'int' literal. Did you mean \""==\""?\r\n  if feasible is 1:  # it's prime and k == 2\r\n.\\sympy\\vector\\coordsysrect.py:171: SyntaxWarning: \""is\"" with 'str' literal. Did you mean \""==\""?\r\n  if transformation.name is 'spherical':\r\n.\\sympy\\vector\\coordsysrect.py:173: SyntaxWarning: \""is\"" with 'str' literal. Did you mean \""==\""?\r\n  elif transformation.name is 'cylindrical':\r\n""}, ""future_test"": {""returncode"": 4, ""timed_out"": false, ""duration_seconds"": 0.462, ""stdout_sha256"": ""ba9e2444dc3c22074044f39b39e0c8c9d178a82c6f41baec35502b9c47eec178"", ""stderr_sha256"": ""4c8ffe837f3572037e50f2f5765a88e4811cc2c3494c29adc9947ab5f0046e7e"", ""stdout_head"": ""\r\nno tests ran in 0.00s\r\n"", ""stderr_head"": ""ERROR: file or directory not found: test_sinc\r\n\r\n"", ""stdout_tail"": ""\r\nno tests ran in 0.00s\r\n"", ""stderr_tail"": ""ERROR: file or directory not found: test_sinc\r\n\r\n""}}",0,0,0,"Provider-free replay diagnostics and checkpoint transitions. F1 labels are setup/source proxies, F2 is an observed textual-conflict status, and none of these rows estimate survival, behavior, adaptation, cost, causality or population effects.",failure_diagnostics,diagnostic
sympy__sympy-11870,issue_resolution,sympy/sympy,python,human,sympy__sympy-11870-d90,90,future_textual_conflict,F2_textual_conflict,replay status explicitly reports textual conflict,NA,NA,True,NA,NA,NA,d716108eca73061c2d5f8704774c12fff68255a9,SWE-bench Lite local record; F2P-only pilot,051c56fee9628243fb9c8fdcaae677f7cd82afcf8574e373b87dda95b11b57df,"a5e6a101869e027e7930e694f8b1cfb082603453: error: patch failed: sympy/functions/elementary/tests/test_trigonometric.py:1541
error: sympy/functions/elementary/tests/test_trigonometric.py: patch does not apply
",0,0,0,"Provider-free replay diagnostics and checkpoint transitions. F1 labels are setup/source proxies, F2 is an observed textual-conflict status, and none of these rows estimate survival, behavior, adaptation, cost, causality or population effects.",failure_diagnostics,diagnostic
sympy__sympy-11870,issue_resolution,sympy/sympy,python,OrcaLoca,sympy__sympy-11870-d90,90,future_textual_conflict,F2_textual_conflict,replay status explicitly reports textual conflict,NA,NA,True,NA,NA,NA,d716108eca73061c2d5f8704774c12fff68255a9,SWE-bench Lite local record; F2P-only pilot,3e43fbd361bacf5163f130a8c8c161caf8a83d24407dea31d4ef8d256555e03b,"a5e6a101869e027e7930e694f8b1cfb082603453: error: patch failed: sympy/functions/elementary/tests/test_trigonometric.py:1541
error: sympy/functions/elementary/tests/test_trigonometric.py: patch does not apply
",0,0,0,"Provider-free replay diagnostics and checkpoint transitions. F1 labels are setup/source proxies, F2 is an observed textual-conflict status, and none of these rows estimate survival, behavior, adaptation, cost, causality or population effects.",failure_diagnostics,diagnostic
sympy__sympy-11870,issue_resolution,sympy/sympy,python,human,sympy__sympy-11870-d180,180,future_textual_conflict,F2_textual_conflict,replay status explicitly reports textual conflict,NA,NA,True,NA,NA,NA,8c9ff258ff14c9607fb37f5e09c4ddc904778be7,SWE-bench Lite local record; F2P-only pilot,051c56fee9628243fb9c8fdcaae677f7cd82afcf8574e373b87dda95b11b57df,"a5e6a101869e027e7930e694f8b1cfb082603453: error: patch failed: sympy/functions/elementary/tests/test_trigonometric.py:1541
error: sympy/functions/elementary/tests/test_trigonometric.py: patch does not apply
",0,0,0,"Provider-free replay diagnostics and checkpoint transitions. F1 labels are setup/source proxies, F2 is an observed textual-conflict status, and none of these rows estimate survival, behavior, adaptation, cost, causality or population effects.",failure_diagnostics,diagnostic
sympy__sympy-11870,issue_resolution,sympy/sympy,python,OrcaLoca,sympy__sympy-11870-d180,180,future_textual_conflict,F2_textual_conflict,replay status explicitly reports textual conflict,NA,NA,True,NA,NA,NA,8c9ff258ff14c9607fb37f5e09c4ddc904778be7,SWE-bench Lite local record; F2P-only pilot,3e43fbd361bacf5163f130a8c8c161caf8a83d24407dea31d4ef8d256555e03b,"a5e6a101869e027e7930e694f8b1cfb082603453: error: patch failed: sympy/functions/elementary/tests/test_trigonometric.py:1541
error: sympy/functions/elementary/tests/test_trigonometric.py: patch does not apply
",0,0,0,"Provider-free replay diagnostics and checkpoint transitions. F1 labels are setup/source proxies, F2 is an observed textual-conflict status, and none of these rows estimate survival, behavior, adaptation, cost, causality or population effects.",failure_diagnostics,diagnostic
sympy__sympy-11870,issue_resolution,sympy/sympy,python,human,sympy__sympy-11870-d365,365,future_textual_conflict,F2_textual_conflict,replay status explicitly reports textual conflict,NA,NA,True,NA,NA,NA,27390f4b254714ad56217fa26328554a0952862c,SWE-bench Lite local record; F2P-only pilot,051c56fee9628243fb9c8fdcaae677f7cd82afcf8574e373b87dda95b11b57df,"a5e6a101869e027e7930e694f8b1cfb082603453: error: patch failed: sympy/functions/elementary/tests/test_trigonometric.py:1541
error: sympy/functions/elementary/tests/test_trigonometric.py: patch does not apply
",0,0,0,"Provider-free replay diagnostics and checkpoint transitions. F1 labels are setup/source proxies, F2 is an observed textual-conflict status, and none of these rows estimate survival, behavior, adaptation, cost, causality or population effects.",failure_diagnostics,diagnostic
sympy__sympy-11870,issue_resolution,sympy/sympy,python,OrcaLoca,sympy__sympy-11870-d365,365,future_textual_conflict,F2_textual_conflict,replay status explicitly reports textual conflict,NA,NA,True,NA,NA,NA,27390f4b254714ad56217fa26328554a0952862c,SWE-bench Lite local record; F2P-only pilot,3e43fbd361bacf5163f130a8c8c161caf8a83d24407dea31d4ef8d256555e03b,"a5e6a101869e027e7930e694f8b1cfb082603453: error: patch failed: sympy/functions/elementary/tests/test_trigonometric.py:1541
error: sympy/functions/elementary/tests/test_trigonometric.py: patch does not apply
",0,0,0,"Provider-free replay diagnostics and checkpoint transitions. F1 labels are setup/source proxies, F2 is an observed textual-conflict status, and none of these rows estimate survival, behavior, adaptation, cost, causality or population effects.",failure_diagnostics,diagnostic
sympy__sympy-12171,issue_resolution,sympy/sympy,python,human,sympy__sympy-12171-d30,30,checkpoint_replay_completed,replay_completed,replay status explicitly completed,True,0.0,NA,NA,NA,NA,c9d60afad4326c6059e2202b577155081f6b19cb,SWE-bench Lite local record; F2P-only pilot,44ff6d656d8ce81cf1010326235df148a0146a8e736aad4186d597e272f66243,"{""build"": {""returncode"": 0, ""timed_out"": false, ""duration_seconds"": 9.229, ""stdout_sha256"": ""e3b0c44298fc1c149afbf4c8996fb92427ae41e4649b934ca495991b7852b855"", ""stderr_sha256"": ""b59a8379bee32b36abcf55d1ab1eff098f3fea92e39501df65f69dd136db5fef"", ""stdout_head"": """", ""stderr_head"": "".\\doc\\ext\\docscrape.py:287: SyntaxWarning: invalid escape sequence '\\w'\r\n  if re.compile('^([\\w., ]+=)?\\s*[\\w\\.]+\\(.*\\)$').match(summary_str):\r\n.\\doc\\ext\\docscrape.py:341: SyntaxWarning: invalid escape sequence '\\*'\r\n  return [self['Signature'].replace('*', '\\*')] + ['']\r\n.\\doc\\ext\\docscrape.py:469: SyntaxWarning: invalid escape sequence '\\*'\r\n  argspec = argspec.replace('*', '\\*')\r\n.\\doc\\ext\\docscrape.py:487: SyntaxWarning: invalid escape sequence '\\*'\r\n  signature = self['Signature'].replace('*', '\\*')\r\n.\\examples\\intermediate\\mplot2d.py:23: SyntaxWarning: invalid escape sequence '\\S'\r\n  warnings.filterwarnings(\""ignore\"", \""Could not match \\S\"")\r\n.\\examples\\intermediate\\mplot3d.py:22: SyntaxWarning: invalid escape sequence '\\S'\r\n  warnings.filterwarnings(\""ignore\"", \""Could not match \\S\"")\r\n.\\examples\\intermediate\\sample.py:4: SyntaxWarning: invalid escape sequence '\\m'\r\n  See examples\\mplot2d.py and examples\\mplot3d.py for usable 2d and 3d\r\n.\\examples\\intermediate\\sample.py:16: SyntaxWarning: invalid escape sequence '\\m'\r\n  syntax. See examples\\mplot2d.py.\r\n.\\examples\\intermediate\\sample.py:47: SyntaxWarning: invalid escape sequence '\\m'\r\n  syntax. See examples\\mplot3d.py.\r\n.\\examples\\intermediate\\vandermonde.py:121: SyntaxWarning: invalid escape sequence '\\s'\r\n  print(\""Computing the determinant and comparing to \\sum_{0<i<j<=3}(a_j - a_i)\"")\r\n.\\examples\\intermediate\\vandermonde.py:130: SyntaxWarning: invalid escape sequence '\\s'\r\n  \\sum   = %(sum)s\r\n.\\sympy\\calculus\\finite_diff.py:425: SyntaxWarning: invalid escape sequence '\\*'\r\n  \\*symbols : differentiate with respect to symbols\r\n.\\sympy\\calculus\\util.py:473: SyntaxWarning: invalid escape sequence '\\l'\r\n  `\\langle a, b\\rangle = \\{x \\in \\mathbb{R} \\mid a \\le x \\le b\\}`\r\n.\\sympy\\combinatorics\\fp_groups.py:864: SyntaxWarning: invalid escape sequence '\\l'\r\n  `0, 1, , \\ldots, n`. \""Standardize\"" reorders the elements of `\\Omega`\r\n.\\sympy\\combinatorics\\perm_groups.py:1127: SyntaxWarning: invalid escape sequence '\\i'\r\n  by all commutators `[g, h] = hgh^{-1}g^{-1}` for `g, h\\in G` ; it is\r\n.\\sympy\\combinatorics\\perm_groups.py:1624: SyntaxWarning: invalid escape sequence '\\{'\r\n  minimal_block to search for blocks of the form `\\{0, k\\}` for ``k``\r\n.\\sympy\\combinatorics\\perm_groups.py:2840: SyntaxWarning: invalid escape sequence '\\{'\r\n  A generating set `S = \\{g_1, g_2, ..., g_t\\}` for a permutation group\r\n.\\sympy\\combinatorics\\perm_groups.py:3124: SyntaxWarning: invalid escape sequence '\\O'\r\n  A permutation group `G` act"", ""stdout_tail"": """", ""stderr_tail"": ""'\r\n  >>> print(rawlines(s)) # the \\\\ appears as \\ when printed\r\n.\\sympy\\utilities\\runtests.py:542: SyntaxWarning: invalid escape sequence '\\*'\r\n  Runs doctests in all \\*.py files in the sympy directory which match\r\n.\\sympy\\utilities\\runtests.py:1329: SyntaxWarning: invalid escape sequence '\\*'\r\n  Returns the list of \\*.py files (default) from which docstrings\r\n.\\sympy\\utilities\\runtests.py:1575: SyntaxWarning: invalid escape sequence '\\d'\r\n  matches = re.findall(\""line \\d+\"", name)\r\n.\\sympy\\utilities\\runtests.py:1783: SyntaxWarning: invalid escape sequence '\\s'\r\n  want = re.sub('(?m)^%s\\s*?$' % re.escape(pdoctest.BLANKLINE_MARKER),\r\n.\\sympy\\utilities\\runtests.py:1787: SyntaxWarning: invalid escape sequence '\\s'\r\n  got = re.sub('(?m)^\\s*?$', '', got)\r\n.\\sympy\\vector\\dyadic.py:260: SyntaxWarning: invalid escape sequence '\\m'\r\n  _latex_form = '(\\mathbf{\\hat{0}}|\\mathbf{\\hat{0}})'\r\n.\\sympy\\vector\\vector.py:453: SyntaxWarning: invalid escape sequence '\\m'\r\n  _latex_form = '\\mathbf{\\hat{0}}'\r\n""}, ""future_test"": {""returncode"": 4, ""timed_out"": false, ""duration_seconds"": 0.364, ""stdout_sha256"": ""ba9e2444dc3c22074044f39b39e0c8c9d178a82c6f41baec35502b9c47eec178"", ""stderr_sha256"": ""923e6a695c5a62e34c0e212e7c22e3e2132051c1e24b5fa6a13ec7bde3e48c31"", ""stdout_head"": ""\r\nno tests ran in 0.00s\r\n"", ""stderr_head"": ""ERROR: file or directory not found: test_Derivative\r\n\r\n"", ""stdout_tail"": ""\r\nno tests ran in 0.00s\r\n"", ""stderr_tail"": ""ERROR: file or directory not found: test_Derivative\r\n\r\n""}}",0,0,0,"Provider-free replay diagnostics and checkpoint transitions. F1 labels are setup/source proxies, F2 is an observed textual-conflict status, and none of these rows estimate survival, behavior, adaptation, cost, causality or population effects.",failure_diagnostics,diagnostic
sympy__sympy-12171,issue_resolution,sympy/sympy,python,OrcaLoca,sympy__sympy-12171-d30,30,checkpoint_replay_completed,replay_completed,replay status explicitly completed,True,0.0,NA,NA,NA,NA,c9d60afad4326c6059e2202b577155081f6b19cb,SWE-bench Lite local record; F2P-only pilot,5e519a2c639d495eea609be17f3d1da73ada64bf541cf8ef9fb6f4dfe7ecddf8,"{""build"": {""returncode"": 0, ""timed_out"": false, ""duration_seconds"": 8.594, ""stdout_sha256"": ""e3b0c44298fc1c149afbf4c8996fb92427ae41e4649b934ca495991b7852b855"", ""stderr_sha256"": ""b59a8379bee32b36abcf55d1ab1eff098f3fea92e39501df65f69dd136db5fef"", ""stdout_head"": """", ""stderr_head"": "".\\doc\\ext\\docscrape.py:287: SyntaxWarning: invalid escape sequence '\\w'\r\n  if re.compile('^([\\w., ]+=)?\\s*[\\w\\.]+\\(.*\\)$').match(summary_str):\r\n.\\doc\\ext\\docscrape.py:341: SyntaxWarning: invalid escape sequence '\\*'\r\n  return [self['Signature'].replace('*', '\\*')] + ['']\r\n.\\doc\\ext\\docscrape.py:469: SyntaxWarning: invalid escape sequence '\\*'\r\n  argspec = argspec.replace('*', '\\*')\r\n.\\doc\\ext\\docscrape.py:487: SyntaxWarning: invalid escape sequence '\\*'\r\n  signature = self['Signature'].replace('*', '\\*')\r\n.\\examples\\intermediate\\mplot2d.py:23: SyntaxWarning: invalid escape sequence '\\S'\r\n  warnings.filterwarnings(\""ignore\"", \""Could not match \\S\"")\r\n.\\examples\\intermediate\\mplot3d.py:22: SyntaxWarning: invalid escape sequence '\\S'\r\n  warnings.filterwarnings(\""ignore\"", \""Could not match \\S\"")\r\n.\\examples\\intermediate\\sample.py:4: SyntaxWarning: invalid escape sequence '\\m'\r\n  See examples\\mplot2d.py and examples\\mplot3d.py for usable 2d and 3d\r\n.\\examples\\intermediate\\sample.py:16: SyntaxWarning: invalid escape sequence '\\m'\r\n  syntax. See examples\\mplot2d.py.\r\n.\\examples\\intermediate\\sample.py:47: SyntaxWarning: invalid escape sequence '\\m'\r\n  syntax. See examples\\mplot3d.py.\r\n.\\examples\\intermediate\\vandermonde.py:121: SyntaxWarning: invalid escape sequence '\\s'\r\n  print(\""Computing the determinant and comparing to \\sum_{0<i<j<=3}(a_j - a_i)\"")\r\n.\\examples\\intermediate\\vandermonde.py:130: SyntaxWarning: invalid escape sequence '\\s'\r\n  \\sum   = %(sum)s\r\n.\\sympy\\calculus\\finite_diff.py:425: SyntaxWarning: invalid escape sequence '\\*'\r\n  \\*symbols : differentiate with respect to symbols\r\n.\\sympy\\calculus\\util.py:473: SyntaxWarning: invalid escape sequence '\\l'\r\n  `\\langle a, b\\rangle = \\{x \\in \\mathbb{R} \\mid a \\le x \\le b\\}`\r\n.\\sympy\\combinatorics\\fp_groups.py:864: SyntaxWarning: invalid escape sequence '\\l'\r\n  `0, 1, , \\ldots, n`. \""Standardize\"" reorders the elements of `\\Omega`\r\n.\\sympy\\combinatorics\\perm_groups.py:1127: SyntaxWarning: invalid escape sequence '\\i'\r\n  by all commutators `[g, h] = hgh^{-1}g^{-1}` for `g, h\\in G` ; it is\r\n.\\sympy\\combinatorics\\perm_groups.py:1624: SyntaxWarning: invalid escape sequence '\\{'\r\n  minimal_block to search for blocks of the form `\\{0, k\\}` for ``k``\r\n.\\sympy\\combinatorics\\perm_groups.py:2840: SyntaxWarning: invalid escape sequence '\\{'\r\n  A generating set `S = \\{g_1, g_2, ..., g_t\\}` for a permutation group\r\n.\\sympy\\combinatorics\\perm_groups.py:3124: SyntaxWarning: invalid escape sequence '\\O'\r\n  A permutation group `G` act"", ""stdout_tail"": """", ""stderr_tail"": ""'\r\n  >>> print(rawlines(s)) # the \\\\ appears as \\ when printed\r\n.\\sympy\\utilities\\runtests.py:542: SyntaxWarning: invalid escape sequence '\\*'\r\n  Runs doctests in all \\*.py files in the sympy directory which match\r\n.\\sympy\\utilities\\runtests.py:1329: SyntaxWarning: invalid escape sequence '\\*'\r\n  Returns the list of \\*.py files (default) from which docstrings\r\n.\\sympy\\utilities\\runtests.py:1575: SyntaxWarning: invalid escape sequence '\\d'\r\n  matches = re.findall(\""line \\d+\"", name)\r\n.\\sympy\\utilities\\runtests.py:1783: SyntaxWarning: invalid escape sequence '\\s'\r\n  want = re.sub('(?m)^%s\\s*?$' % re.escape(pdoctest.BLANKLINE_MARKER),\r\n.\\sympy\\utilities\\runtests.py:1787: SyntaxWarning: invalid escape sequence '\\s'\r\n  got = re.sub('(?m)^\\s*?$', '', got)\r\n.\\sympy\\vector\\dyadic.py:260: SyntaxWarning: invalid escape sequence '\\m'\r\n  _latex_form = '(\\mathbf{\\hat{0}}|\\mathbf{\\hat{0}})'\r\n.\\sympy\\vector\\vector.py:453: SyntaxWarning: invalid escape sequence '\\m'\r\n  _latex_form = '\\mathbf{\\hat{0}}'\r\n""}, ""future_test"": {""returncode"": 4, ""timed_out"": false, ""duration_seconds"": 0.396, ""stdout_sha256"": ""ba9e2444dc3c22074044f39b39e0c8c9d178a82c6f41baec35502b9c47eec178"", ""stderr_sha256"": ""923e6a695c5a62e34c0e212e7c22e3e2132051c1e24b5fa6a13ec7bde3e48c31"", ""stdout_head"": ""\r\nno tests ran in 0.00s\r\n"", ""stderr_head"": ""ERROR: file or directory not found: test_Derivative\r\n\r\n"", ""stdout_tail"": ""\r\nno tests ran in 0.00s\r\n"", ""stderr_tail"": ""ERROR: file or directory not found: test_Derivative\r\n\r\n""}}",0,0,0,"Provider-free replay diagnostics and checkpoint transitions. F1 labels are setup/source proxies, F2 is an observed textual-conflict status, and none of these rows estimate survival, behavior, adaptation, cost, causality or population effects.",failure_diagnostics,diagnostic
sympy__sympy-12171,issue_resolution,sympy/sympy,python,human,sympy__sympy-12171-d90,90,checkpoint_replay_completed,replay_completed,replay status explicitly completed,True,0.0,NA,NA,NA,NA,7d8917b0b45932d6c495906a7e6ea4b0dc9ed72b,SWE-bench Lite local record; F2P-only pilot,44ff6d656d8ce81cf1010326235df148a0146a8e736aad4186d597e272f66243,"{""build"": {""returncode"": 0, ""timed_out"": false, ""duration_seconds"": 9.308, ""stdout_sha256"": ""e3b0c44298fc1c149afbf4c8996fb92427ae41e4649b934ca495991b7852b855"", ""stderr_sha256"": ""3a154efa9897472ba2d7ceb5e75ce6307594d8ee28a6c3e31f2f851f92ad675c"", ""stdout_head"": """", ""stderr_head"": "".\\doc\\ext\\docscrape.py:287: SyntaxWarning: invalid escape sequence '\\w'\r\n  if re.compile('^([\\w., ]+=)?\\s*[\\w\\.]+\\(.*\\)$').match(summary_str):\r\n.\\doc\\ext\\docscrape.py:341: SyntaxWarning: invalid escape sequence '\\*'\r\n  return [self['Signature'].replace('*', '\\*')] + ['']\r\n.\\doc\\ext\\docscrape.py:469: SyntaxWarning: invalid escape sequence '\\*'\r\n  argspec = argspec.replace('*', '\\*')\r\n.\\doc\\ext\\docscrape.py:487: SyntaxWarning: invalid escape sequence '\\*'\r\n  signature = self['Signature'].replace('*', '\\*')\r\n.\\examples\\intermediate\\mplot2d.py:23: SyntaxWarning: invalid escape sequence '\\S'\r\n  warnings.filterwarnings(\""ignore\"", \""Could not match \\S\"")\r\n.\\examples\\intermediate\\mplot3d.py:22: SyntaxWarning: invalid escape sequence '\\S'\r\n  warnings.filterwarnings(\""ignore\"", \""Could not match \\S\"")\r\n.\\examples\\intermediate\\sample.py:4: SyntaxWarning: invalid escape sequence '\\m'\r\n  See examples\\mplot2d.py and examples\\mplot3d.py for usable 2d and 3d\r\n.\\examples\\intermediate\\sample.py:16: SyntaxWarning: invalid escape sequence '\\m'\r\n  syntax. See examples\\mplot2d.py.\r\n.\\examples\\intermediate\\sample.py:47: SyntaxWarning: invalid escape sequence '\\m'\r\n  syntax. See examples\\mplot3d.py.\r\n.\\examples\\intermediate\\vandermonde.py:121: SyntaxWarning: invalid escape sequence '\\s'\r\n  print(\""Computing the determinant and comparing to \\sum_{0<i<j<=3}(a_j - a_i)\"")\r\n.\\examples\\intermediate\\vandermonde.py:130: SyntaxWarning: invalid escape sequence '\\s'\r\n  \\sum   = %(sum)s\r\n.\\sympy\\calculus\\finite_diff.py:425: SyntaxWarning: invalid escape sequence '\\*'\r\n  \\*symbols : differentiate with respect to symbols\r\n.\\sympy\\calculus\\util.py:473: SyntaxWarning: invalid escape sequence '\\l'\r\n  `\\langle a, b\\rangle = \\{x \\in \\mathbb{R} \\mid a \\le x \\le b\\}`\r\n.\\sympy\\combinatorics\\fp_groups.py:862: SyntaxWarning: invalid escape sequence '\\l'\r\n  `0, 1, , \\ldots, n`. \""Standardize\"" reorders the elements of `\\Omega`\r\n.\\sympy\\combinatorics\\perm_groups.py:1275: SyntaxWarning: invalid escape sequence '\\i'\r\n  by all commutators `[g, h] = hgh^{-1}g^{-1}` for `g, h\\in G` ; it is\r\n.\\sympy\\combinatorics\\perm_groups.py:1772: SyntaxWarning: invalid escape sequence '\\{'\r\n  minimal_block to search for blocks of the form `\\{0, k\\}` for ``k``\r\n.\\sympy\\combinatorics\\perm_groups.py:2992: SyntaxWarning: invalid escape sequence '\\{'\r\n  A generating set `S = \\{g_1, g_2, ..., g_t\\}` for a permutation group\r\n.\\sympy\\combinatorics\\perm_groups.py:3276: SyntaxWarning: invalid escape sequence '\\O'\r\n  A permutation group `G` act"", ""stdout_tail"": """", ""stderr_tail"": ""'\r\n  >>> print(rawlines(s)) # the \\\\ appears as \\ when printed\r\n.\\sympy\\utilities\\runtests.py:542: SyntaxWarning: invalid escape sequence '\\*'\r\n  Runs doctests in all \\*.py files in the sympy directory which match\r\n.\\sympy\\utilities\\runtests.py:1329: SyntaxWarning: invalid escape sequence '\\*'\r\n  Returns the list of \\*.py files (default) from which docstrings\r\n.\\sympy\\utilities\\runtests.py:1575: SyntaxWarning: invalid escape sequence '\\d'\r\n  matches = re.findall(\""line \\d+\"", name)\r\n.\\sympy\\utilities\\runtests.py:1783: SyntaxWarning: invalid escape sequence '\\s'\r\n  want = re.sub('(?m)^%s\\s*?$' % re.escape(pdoctest.BLANKLINE_MARKER),\r\n.\\sympy\\utilities\\runtests.py:1787: SyntaxWarning: invalid escape sequence '\\s'\r\n  got = re.sub('(?m)^\\s*?$', '', got)\r\n.\\sympy\\vector\\dyadic.py:260: SyntaxWarning: invalid escape sequence '\\m'\r\n  _latex_form = '(\\mathbf{\\hat{0}}|\\mathbf{\\hat{0}})'\r\n.\\sympy\\vector\\vector.py:453: SyntaxWarning: invalid escape sequence '\\m'\r\n  _latex_form = '\\mathbf{\\hat{0}}'\r\n""}, ""future_test"": {""returncode"": 4, ""timed_out"": false, ""duration_seconds"": 0.353, ""stdout_sha256"": ""ba9e2444dc3c22074044f39b39e0c8c9d178a82c6f41baec35502b9c47eec178"", ""stderr_sha256"": ""923e6a695c5a62e34c0e212e7c22e3e2132051c1e24b5fa6a13ec7bde3e48c31"", ""stdout_head"": ""\r\nno tests ran in 0.00s\r\n"", ""stderr_head"": ""ERROR: file or directory not found: test_Derivative\r\n\r\n"", ""stdout_tail"": ""\r\nno tests ran in 0.00s\r\n"", ""stderr_tail"": ""ERROR: file or directory not found: test_Derivative\r\n\r\n""}}",0,0,0,"Provider-free replay diagnostics and checkpoint transitions. F1 labels are setup/source proxies, F2 is an observed textual-conflict status, and none of these rows estimate survival, behavior, adaptation, cost, causality or population effects.",failure_diagnostics,diagnostic
sympy__sympy-12171,issue_resolution,sympy/sympy,python,OrcaLoca,sympy__sympy-12171-d90,90,checkpoint_replay_completed,replay_completed,replay status explicitly completed,True,0.0,NA,NA,NA,NA,7d8917b0b45932d6c495906a7e6ea4b0dc9ed72b,SWE-bench Lite local record; F2P-only pilot,5e519a2c639d495eea609be17f3d1da73ada64bf541cf8ef9fb6f4dfe7ecddf8,"{""build"": {""returncode"": 0, ""timed_out"": false, ""duration_seconds"": 9.84, ""stdout_sha256"": ""e3b0c44298fc1c149afbf4c8996fb92427ae41e4649b934ca495991b7852b855"", ""stderr_sha256"": ""3a154efa9897472ba2d7ceb5e75ce6307594d8ee28a6c3e31f2f851f92ad675c"", ""stdout_head"": """", ""stderr_head"": "".\\doc\\ext\\docscrape.py:287: SyntaxWarning: invalid escape sequence '\\w'\r\n  if re.compile('^([\\w., ]+=)?\\s*[\\w\\.]+\\(.*\\)$').match(summary_str):\r\n.\\doc\\ext\\docscrape.py:341: SyntaxWarning: invalid escape sequence '\\*'\r\n  return [self['Signature'].replace('*', '\\*')] + ['']\r\n.\\doc\\ext\\docscrape.py:469: SyntaxWarning: invalid escape sequence '\\*'\r\n  argspec = argspec.replace('*', '\\*')\r\n.\\doc\\ext\\docscrape.py:487: SyntaxWarning: invalid escape sequence '\\*'\r\n  signature = self['Signature'].replace('*', '\\*')\r\n.\\examples\\intermediate\\mplot2d.py:23: SyntaxWarning: invalid escape sequence '\\S'\r\n  warnings.filterwarnings(\""ignore\"", \""Could not match \\S\"")\r\n.\\examples\\intermediate\\mplot3d.py:22: SyntaxWarning: invalid escape sequence '\\S'\r\n  warnings.filterwarnings(\""ignore\"", \""Could not match \\S\"")\r\n.\\examples\\intermediate\\sample.py:4: SyntaxWarning: invalid escape sequence '\\m'\r\n  See examples\\mplot2d.py and examples\\mplot3d.py for usable 2d and 3d\r\n.\\examples\\intermediate\\sample.py:16: SyntaxWarning: invalid escape sequence '\\m'\r\n  syntax. See examples\\mplot2d.py.\r\n.\\examples\\intermediate\\sample.py:47: SyntaxWarning: invalid escape sequence '\\m'\r\n  syntax. See examples\\mplot3d.py.\r\n.\\examples\\intermediate\\vandermonde.py:121: SyntaxWarning: invalid escape sequence '\\s'\r\n  print(\""Computing the determinant and comparing to \\sum_{0<i<j<=3}(a_j - a_i)\"")\r\n.\\examples\\intermediate\\vandermonde.py:130: SyntaxWarning: invalid escape sequence '\\s'\r\n  \\sum   = %(sum)s\r\n.\\sympy\\calculus\\finite_diff.py:425: SyntaxWarning: invalid escape sequence '\\*'\r\n  \\*symbols : differentiate with respect to symbols\r\n.\\sympy\\calculus\\util.py:473: SyntaxWarning: invalid escape sequence '\\l'\r\n  `\\langle a, b\\rangle = \\{x \\in \\mathbb{R} \\mid a \\le x \\le b\\}`\r\n.\\sympy\\combinatorics\\fp_groups.py:862: SyntaxWarning: invalid escape sequence '\\l'\r\n  `0, 1, , \\ldots, n`. \""Standardize\"" reorders the elements of `\\Omega`\r\n.\\sympy\\combinatorics\\perm_groups.py:1275: SyntaxWarning: invalid escape sequence '\\i'\r\n  by all commutators `[g, h] = hgh^{-1}g^{-1}` for `g, h\\in G` ; it is\r\n.\\sympy\\combinatorics\\perm_groups.py:1772: SyntaxWarning: invalid escape sequence '\\{'\r\n  minimal_block to search for blocks of the form `\\{0, k\\}` for ``k``\r\n.\\sympy\\combinatorics\\perm_groups.py:2992: SyntaxWarning: invalid escape sequence '\\{'\r\n  A generating set `S = \\{g_1, g_2, ..., g_t\\}` for a permutation group\r\n.\\sympy\\combinatorics\\perm_groups.py:3276: SyntaxWarning: invalid escape sequence '\\O'\r\n  A permutation group `G` act"", ""stdout_tail"": """", ""stderr_tail"": ""'\r\n  >>> print(rawlines(s)) # the \\\\ appears as \\ when printed\r\n.\\sympy\\utilities\\runtests.py:542: SyntaxWarning: invalid escape sequence '\\*'\r\n  Runs doctests in all \\*.py files in the sympy directory which match\r\n.\\sympy\\utilities\\runtests.py:1329: SyntaxWarning: invalid escape sequence '\\*'\r\n  Returns the list of \\*.py files (default) from which docstrings\r\n.\\sympy\\utilities\\runtests.py:1575: SyntaxWarning: invalid escape sequence '\\d'\r\n  matches = re.findall(\""line \\d+\"", name)\r\n.\\sympy\\utilities\\runtests.py:1783: SyntaxWarning: invalid escape sequence '\\s'\r\n  want = re.sub('(?m)^%s\\s*?$' % re.escape(pdoctest.BLANKLINE_MARKER),\r\n.\\sympy\\utilities\\runtests.py:1787: SyntaxWarning: invalid escape sequence '\\s'\r\n  got = re.sub('(?m)^\\s*?$', '', got)\r\n.\\sympy\\vector\\dyadic.py:260: SyntaxWarning: invalid escape sequence '\\m'\r\n  _latex_form = '(\\mathbf{\\hat{0}}|\\mathbf{\\hat{0}})'\r\n.\\sympy\\vector\\vector.py:453: SyntaxWarning: invalid escape sequence '\\m'\r\n  _latex_form = '\\mathbf{\\hat{0}}'\r\n""}, ""future_test"": {""returncode"": 4, ""timed_out"": false, ""duration_seconds"": 0.436, ""stdout_sha256"": ""ba9e2444dc3c22074044f39b39e0c8c9d178a82c6f41baec35502b9c47eec178"", ""stderr_sha256"": ""923e6a695c5a62e34c0e212e7c22e3e2132051c1e24b5fa6a13ec7bde3e48c31"", ""stdout_head"": ""\r\nno tests ran in 0.00s\r\n"", ""stderr_head"": ""ERROR: file or directory not found: test_Derivative\r\n\r\n"", ""stdout_tail"": ""\r\nno tests ran in 0.00s\r\n"", ""stderr_tail"": ""ERROR: file or directory not found: test_Derivative\r\n\r\n""}}",0,0,0,"Provider-free replay diagnostics and checkpoint transitions. F1 labels are setup/source proxies, F2 is an observed textual-conflict status, and none of these rows estimate survival, behavior, adaptation, cost, causality or population effects.",failure_diagnostics,diagnostic
sympy__sympy-12171,issue_resolution,sympy/sympy,python,human,sympy__sympy-12171-d180,180,future_textual_conflict,F2_textual_conflict,replay status explicitly reports textual conflict,NA,NA,True,NA,NA,NA,662cfb818e865f580e18b59efbb3540c34232beb,SWE-bench Lite local record; F2P-only pilot,44ff6d656d8ce81cf1010326235df148a0146a8e736aad4186d597e272f66243,"b678d8103e48fdb1af335dbf0080b3d5366f2d17: error: sympy/physics/units/systems/si.py: already exists in working directory
",0,0,0,"Provider-free replay diagnostics and checkpoint transitions. F1 labels are setup/source proxies, F2 is an observed textual-conflict status, and none of these rows estimate survival, behavior, adaptation, cost, causality or population effects.",failure_diagnostics,diagnostic
sympy__sympy-12171,issue_resolution,sympy/sympy,python,OrcaLoca,sympy__sympy-12171-d180,180,future_textual_conflict,F2_textual_conflict,replay status explicitly reports textual conflict,NA,NA,True,NA,NA,NA,662cfb818e865f580e18b59efbb3540c34232beb,SWE-bench Lite local record; F2P-only pilot,5e519a2c639d495eea609be17f3d1da73ada64bf541cf8ef9fb6f4dfe7ecddf8,"b678d8103e48fdb1af335dbf0080b3d5366f2d17: error: sympy/physics/units/systems/si.py: already exists in working directory
",0,0,0,"Provider-free replay diagnostics and checkpoint transitions. F1 labels are setup/source proxies, F2 is an observed textual-conflict status, and none of these rows estimate survival, behavior, adaptation, cost, causality or population effects.",failure_diagnostics,diagnostic
sympy__sympy-12171,issue_resolution,sympy/sympy,python,human,sympy__sympy-12171-d365,365,future_textual_conflict,F2_textual_conflict,replay status explicitly reports textual conflict,NA,NA,True,NA,NA,NA,84a58dd33abb1de9e9cf5b06e2a50d01477831c1,SWE-bench Lite local record; F2P-only pilot,44ff6d656d8ce81cf1010326235df148a0146a8e736aad4186d597e272f66243,"b678d8103e48fdb1af335dbf0080b3d5366f2d17: error: sympy/physics/units/systems/si.py: already exists in working directory
",0,0,0,"Provider-free replay diagnostics and checkpoint transitions. F1 labels are setup/source proxies, F2 is an observed textual-conflict status, and none of these rows estimate survival, behavior, adaptation, cost, causality or population effects.",failure_diagnostics,diagnostic
sympy__sympy-12171,issue_resolution,sympy/sympy,python,OrcaLoca,sympy__sympy-12171-d365,365,future_textual_conflict,F2_textual_conflict,replay status explicitly reports textual conflict,NA,NA,True,NA,NA,NA,84a58dd33abb1de9e9cf5b06e2a50d01477831c1,SWE-bench Lite local record; F2P-only pilot,5e519a2c639d495eea609be17f3d1da73ada64bf541cf8ef9fb6f4dfe7ecddf8,"b678d8103e48fdb1af335dbf0080b3d5366f2d17: error: sympy/physics/units/systems/si.py: already exists in working directory
",0,0,0,"Provider-free replay diagnostics and checkpoint transitions. F1 labels are setup/source proxies, F2 is an observed textual-conflict status, and none of these rows estimate survival, behavior, adaptation, cost, causality or population effects.",failure_diagnostics,diagnostic
astropy__astropy-14995,issue_resolution,astropy/astropy,python,human,astropy__astropy-14995-d30,30,checkpoint_replay_completed,replay_completed,replay status explicitly completed,True,0.0,NA,NA,NA,NA,bb0e1f61719a3be6ccddb802a3044ae5f264405b,SWE-bench Lite local record; F2P-only pilot,370b3ff97b3a0627c29b74cf0b60bae46fe75edcd35a8d121c2dbe0f0421899a,"{""build"": {""returncode"": 0, ""timed_out"": false, ""duration_seconds"": 9.116, ""stdout_sha256"": ""e3b0c44298fc1c149afbf4c8996fb92427ae41e4649b934ca495991b7852b855"", ""stderr_sha256"": ""e3b0c44298fc1c149afbf4c8996fb92427ae41e4649b934ca495991b7852b855"", ""stdout_head"": """", ""stderr_head"": """", ""stdout_tail"": """", ""stderr_tail"": """"}, ""future_test"": {""returncode"": 4, ""timed_out"": false, ""duration_seconds"": 0.492, ""stdout_sha256"": ""e3b0c44298fc1c149afbf4c8996fb92427ae41e4649b934ca495991b7852b855"", ""stderr_sha256"": ""12a304a439ca101672e5a4c8ed75d3edab49d7b111afb4e4c02a0a37751b431d"", ""stdout_head"": """", ""stderr_head"": ""ImportError while loading conftest '[LOCAL_DRIVE]/lossoracc\\analysis_outputs\\work2_30_task_multicheckpoint_replay_current_20260901_v2\\scratch\\task_w6q0ab32\\branch_human\\conftest.py'.\r\nconftest.py:9: in <module>\r\n    import hypothesis\r\nE   ModuleNotFoundError: No module named 'hypothesis'\r\n"", ""stdout_tail"": """", ""stderr_tail"": ""ImportError while loading conftest '[LOCAL_DRIVE]/lossoracc\\analysis_outputs\\work2_30_task_multicheckpoint_replay_current_20260901_v2\\scratch\\task_w6q0ab32\\branch_human\\conftest.py'.\r\nconftest.py:9: in <module>\r\n    import hypothesis\r\nE   ModuleNotFoundError: No module named 'hypothesis'\r\n""}}",0,0,0,"Provider-free replay diagnostics and checkpoint transitions. F1 labels are setup/source proxies, F2 is an observed textual-conflict status, and none of these rows estimate survival, behavior, adaptation, cost, causality or population effects.",failure_diagnostics,diagnostic
astropy__astropy-14995,issue_resolution,astropy/astropy,python,OrcaLoca,astropy__astropy-14995-d30,30,future_textual_conflict,F2_textual_conflict,replay status explicitly reports textual conflict,NA,NA,True,NA,NA,NA,bb0e1f61719a3be6ccddb802a3044ae5f264405b,SWE-bench Lite local record; F2P-only pilot,7b99818a61f962d9fc42bb239368c86fe2fc3cd3866ffcfa153c94779881054e,"fa84475a5ae8f821b3034e0c95ea18be01c75012: error: patch failed: astropy/nddata/mixins/ndarithmetic.py:520
error: astropy/nddata/mixins/ndarithmetic.py: patch does not apply
",0,0,0,"Provider-free replay diagnostics and checkpoint transitions. F1 labels are setup/source proxies, F2 is an observed textual-conflict status, and none of these rows estimate survival, behavior, adaptation, cost, causality or population effects.",failure_diagnostics,diagnostic
astropy__astropy-14995,issue_resolution,astropy/astropy,python,human,astropy__astropy-14995-d90,90,source_unavailable_during_replay,F1_proxy_source_unavailable,"source unavailable is observed, but environment-cause attribution is not established",NA,NA,NA,NA,NA,NA,568e2e32072cbb89f9edaa52c6c0ec440a46f1ac,SWE-bench Lite local record; F2P-only pilot,370b3ff97b3a0627c29b74cf0b60bae46fe75edcd35a8d121c2dbe0f0421899a,291414a3b600a12738762b7c50bfc6709f3cbf13: available,0,0,0,"Provider-free replay diagnostics and checkpoint transitions. F1 labels are setup/source proxies, F2 is an observed textual-conflict status, and none of these rows estimate survival, behavior, adaptation, cost, causality or population effects.",failure_diagnostics,diagnostic
astropy__astropy-14995,issue_resolution,astropy/astropy,python,OrcaLoca,astropy__astropy-14995-d90,90,future_textual_conflict,F2_textual_conflict,replay status explicitly reports textual conflict,NA,NA,True,NA,NA,NA,568e2e32072cbb89f9edaa52c6c0ec440a46f1ac,SWE-bench Lite local record; F2P-only pilot,7b99818a61f962d9fc42bb239368c86fe2fc3cd3866ffcfa153c94779881054e,"fa84475a5ae8f821b3034e0c95ea18be01c75012: error: patch failed: astropy/nddata/mixins/ndarithmetic.py:520
error: astropy/nddata/mixins/ndarithmetic.py: patch does not apply
",0,0,0,"Provider-free replay diagnostics and checkpoint transitions. F1 labels are setup/source proxies, F2 is an observed textual-conflict status, and none of these rows estimate survival, behavior, adaptation, cost, causality or population effects.",failure_diagnostics,diagnostic
astropy__astropy-14995,issue_resolution,astropy/astropy,python,human,astropy__astropy-14995-d180,180,source_unavailable_during_replay,F1_proxy_source_unavailable,"source unavailable is observed, but environment-cause attribution is not established",NA,NA,NA,NA,NA,NA,6568d90661f12a144ec9a2ccc814a3e2eaaf8a82,SWE-bench Lite local record; F2P-only pilot,370b3ff97b3a0627c29b74cf0b60bae46fe75edcd35a8d121c2dbe0f0421899a,291414a3b600a12738762b7c50bfc6709f3cbf13: available,0,0,0,"Provider-free replay diagnostics and checkpoint transitions. F1 labels are setup/source proxies, F2 is an observed textual-conflict status, and none of these rows estimate survival, behavior, adaptation, cost, causality or population effects.",failure_diagnostics,diagnostic
astropy__astropy-14995,issue_resolution,astropy/astropy,python,OrcaLoca,astropy__astropy-14995-d180,180,future_textual_conflict,F2_textual_conflict,replay status explicitly reports textual conflict,NA,NA,True,NA,NA,NA,6568d90661f12a144ec9a2ccc814a3e2eaaf8a82,SWE-bench Lite local record; F2P-only pilot,7b99818a61f962d9fc42bb239368c86fe2fc3cd3866ffcfa153c94779881054e,"fa84475a5ae8f821b3034e0c95ea18be01c75012: error: patch failed: astropy/nddata/mixins/ndarithmetic.py:520
error: astropy/nddata/mixins/ndarithmetic.py: patch does not apply
",0,0,0,"Provider-free replay diagnostics and checkpoint transitions. F1 labels are setup/source proxies, F2 is an observed textual-conflict status, and none of these rows estimate survival, behavior, adaptation, cost, causality or population effects.",failure_diagnostics,diagnostic
astropy__astropy-14995,issue_resolution,astropy/astropy,python,human,astropy__astropy-14995-d365,365,source_unavailable_during_replay,F1_proxy_source_unavailable,"source unavailable is observed, but environment-cause attribution is not established",NA,NA,NA,NA,NA,NA,49127d6650cd2ccd076b88a8219d87166e5c57cb,SWE-bench Lite local record; F2P-only pilot,370b3ff97b3a0627c29b74cf0b60bae46fe75edcd35a8d121c2dbe0f0421899a,291414a3b600a12738762b7c50bfc6709f3cbf13: available,0,0,0,"Provider-free replay diagnostics and checkpoint transitions. F1 labels are setup/source proxies, F2 is an observed textual-conflict status, and none of these rows estimate survival, behavior, adaptation, cost, causality or population effects.",failure_diagnostics,diagnostic
astropy__astropy-14995,issue_resolution,astropy/astropy,python,OrcaLoca,astropy__astropy-14995-d365,365,future_textual_conflict,F2_textual_conflict,replay status explicitly reports textual conflict,NA,NA,True,NA,NA,NA,49127d6650cd2ccd076b88a8219d87166e5c57cb,SWE-bench Lite local record; F2P-only pilot,7b99818a61f962d9fc42bb239368c86fe2fc3cd3866ffcfa153c94779881054e,"fa84475a5ae8f821b3034e0c95ea18be01c75012: error: patch failed: astropy/nddata/mixins/ndarithmetic.py:520
error: astropy/nddata/mixins/ndarithmetic.py: patch does not apply
",0,0,0,"Provider-free replay diagnostics and checkpoint transitions. F1 labels are setup/source proxies, F2 is an observed textual-conflict status, and none of these rows estimate survival, behavior, adaptation, cost, causality or population effects.",failure_diagnostics,diagnostic
matplotlib__matplotlib-23476,issue_resolution,matplotlib/matplotlib,python,human,matplotlib__matplotlib-23476-d30,30,future_textual_conflict,F2_textual_conflict,replay status explicitly reports textual conflict,NA,NA,True,NA,NA,NA,5773bf9a5ce11b7ba0c9bc1d6693ad99a39426cb,SWE-bench Lite local record; F2P-only pilot,0d25d0202773e4f51f9b66bd1264428152e9c3e8ef71cb953ce0440eed7dcc60,"a33a6fd1ad4b2fdeafc3367620b2146dcfc08ad6: error: patch failed: lib/matplotlib/tests/baseline_images/test_mathtext/mathtext_cm_77.pdf:1
error: lib/matplotlib/tests/baseline_images/test_mathtext/mathtext_cm_77.pdf: patch does not apply
error: patch failed: lib/matplotlib/tests/baseline_images/test_mathtext/mathtext_dejavusans_77.pdf:1
error: lib/matplotlib/tests/baseline_images/test_mathtext/mathtext_dejavusans_77.pdf: patch does not apply
error: patch failed: lib/matplotlib/tests/baseline_images/test_mathtext/mathtext_dejavuserif_77.pdf:1
error: lib/matplotlib/tests/baseline_images/test_mathtext/mathtext_dejavuserif_77.pdf: patch does not apply
error: patch failed: lib/matplotlib/tests/baseline_images/test_mathtext/mathtext_stix_77.pdf:1
error: lib/matplotlib/tests/baseline_images/test_mathtext/mathtext_stix_77.pdf: patch does not apply
error: patch failed: lib/matplotlib/tests/baseline_images/test_mathtext/mathtext_stixsans_77.pdf:1
error: lib/matplotlib/tests/baseline_images/test_mathtext/mathtext_stixsans_77.pdf: patch does not apply
",0,0,0,"Provider-free replay diagnostics and checkpoint transitions. F1 labels are setup/source proxies, F2 is an observed textual-conflict status, and none of these rows estimate survival, behavior, adaptation, cost, causality or population effects.",failure_diagnostics,diagnostic
matplotlib__matplotlib-23476,issue_resolution,matplotlib/matplotlib,python,OrcaLoca,matplotlib__matplotlib-23476-d30,30,future_textual_conflict,F2_textual_conflict,replay status explicitly reports textual conflict,NA,NA,True,NA,NA,NA,5773bf9a5ce11b7ba0c9bc1d6693ad99a39426cb,SWE-bench Lite local record; F2P-only pilot,aec756a20ae8b04ec6c6cf2ddf07d0cb0a76bd456e0c5264473de823d0d9731e,"a33a6fd1ad4b2fdeafc3367620b2146dcfc08ad6: error: patch failed: lib/matplotlib/tests/baseline_images/test_mathtext/mathtext_cm_77.pdf:1
error: lib/matplotlib/tests/baseline_images/test_mathtext/mathtext_cm_77.pdf: patch does not apply
error: patch failed: lib/matplotlib/tests/baseline_images/test_mathtext/mathtext_dejavusans_77.pdf:1
error: lib/matplotlib/tests/baseline_images/test_mathtext/mathtext_dejavusans_77.pdf: patch does not apply
error: patch failed: lib/matplotlib/tests/baseline_images/test_mathtext/mathtext_dejavuserif_77.pdf:1
error: lib/matplotlib/tests/baseline_images/test_mathtext/mathtext_dejavuserif_77.pdf: patch does not apply
error: patch failed: lib/matplotlib/tests/baseline_images/test_mathtext/mathtext_stix_77.pdf:1
error: lib/matplotlib/tests/baseline_images/test_mathtext/mathtext_stix_77.pdf: patch does not apply
error: patch failed: lib/matplotlib/tests/baseline_images/test_mathtext/mathtext_stixsans_77.pdf:1
error: lib/matplotlib/tests/baseline_images/test_mathtext/mathtext_stixsans_77.pdf: patch does not apply
",0,0,0,"Provider-free replay diagnostics and checkpoint transitions. F1 labels are setup/source proxies, F2 is an observed textual-conflict status, and none of these rows estimate survival, behavior, adaptation, cost, causality or population effects.",failure_diagnostics,diagnostic
matplotlib__matplotlib-23476,issue_resolution,matplotlib/matplotlib,python,human,matplotlib__matplotlib-23476-d90,90,future_textual_conflict,F2_textual_conflict,replay status explicitly reports textual conflict,NA,NA,True,NA,NA,NA,407e8d89a6221cb7ae149f41d49ea5873bd518f7,SWE-bench Lite local record; F2P-only pilot,0d25d0202773e4f51f9b66bd1264428152e9c3e8ef71cb953ce0440eed7dcc60,"a33a6fd1ad4b2fdeafc3367620b2146dcfc08ad6: error: patch failed: lib/matplotlib/tests/baseline_images/test_mathtext/mathtext_cm_77.pdf:1
error: lib/matplotlib/tests/baseline_images/test_mathtext/mathtext_cm_77.pdf: patch does not apply
error: patch failed: lib/matplotlib/tests/baseline_images/test_mathtext/mathtext_dejavusans_77.pdf:1
error: lib/matplotlib/tests/baseline_images/test_mathtext/mathtext_dejavusans_77.pdf: patch does not apply
error: patch failed: lib/matplotlib/tests/baseline_images/test_mathtext/mathtext_dejavuserif_77.pdf:1
error: lib/matplotlib/tests/baseline_images/test_mathtext/mathtext_dejavuserif_77.pdf: patch does not apply
error: patch failed: lib/matplotlib/tests/baseline_images/test_mathtext/mathtext_stix_77.pdf:1
error: lib/matplotlib/tests/baseline_images/test_mathtext/mathtext_stix_77.pdf: patch does not apply
error: patch failed: lib/matplotlib/tests/baseline_images/test_mathtext/mathtext_stixsans_77.pdf:1
error: lib/matplotlib/tests/baseline_images/test_mathtext/mathtext_stixsans_77.pdf: patch does not apply
",0,0,0,"Provider-free replay diagnostics and checkpoint transitions. F1 labels are setup/source proxies, F2 is an observed textual-conflict status, and none of these rows estimate survival, behavior, adaptation, cost, causality or population effects.",failure_diagnostics,diagnostic
matplotlib__matplotlib-23476,issue_resolution,matplotlib/matplotlib,python,OrcaLoca,matplotlib__matplotlib-23476-d90,90,future_textual_conflict,F2_textual_conflict,replay status explicitly reports textual conflict,NA,NA,True,NA,NA,NA,407e8d89a6221cb7ae149f41d49ea5873bd518f7,SWE-bench Lite local record; F2P-only pilot,aec756a20ae8b04ec6c6cf2ddf07d0cb0a76bd456e0c5264473de823d0d9731e,"a33a6fd1ad4b2fdeafc3367620b2146dcfc08ad6: error: patch failed: lib/matplotlib/tests/baseline_images/test_mathtext/mathtext_cm_77.pdf:1
error: lib/matplotlib/tests/baseline_images/test_mathtext/mathtext_cm_77.pdf: patch does not apply
error: patch failed: lib/matplotlib/tests/baseline_images/test_mathtext/mathtext_dejavusans_77.pdf:1
error: lib/matplotlib/tests/baseline_images/test_mathtext/mathtext_dejavusans_77.pdf: patch does not apply
error: patch failed: lib/matplotlib/tests/baseline_images/test_mathtext/mathtext_dejavuserif_77.pdf:1
error: lib/matplotlib/tests/baseline_images/test_mathtext/mathtext_dejavuserif_77.pdf: patch does not apply
error: patch failed: lib/matplotlib/tests/baseline_images/test_mathtext/mathtext_stix_77.pdf:1
error: lib/matplotlib/tests/baseline_images/test_mathtext/mathtext_stix_77.pdf: patch does not apply
error: patch failed: lib/matplotlib/tests/baseline_images/test_mathtext/mathtext_stixsans_77.pdf:1
error: lib/matplotlib/tests/baseline_images/test_mathtext/mathtext_stixsans_77.pdf: patch does not apply
",0,0,0,"Provider-free replay diagnostics and checkpoint transitions. F1 labels are setup/source proxies, F2 is an observed textual-conflict status, and none of these rows estimate survival, behavior, adaptation, cost, causality or population effects.",failure_diagnostics,diagnostic
matplotlib__matplotlib-23476,issue_resolution,matplotlib/matplotlib,python,human,matplotlib__matplotlib-23476-d180,180,future_textual_conflict,F2_textual_conflict,replay status explicitly reports textual conflict,NA,NA,True,NA,NA,NA,6d95491ea272db702f50493a01297db27f278d4a,SWE-bench Lite local record; F2P-only pilot,0d25d0202773e4f51f9b66bd1264428152e9c3e8ef71cb953ce0440eed7dcc60,"a33a6fd1ad4b2fdeafc3367620b2146dcfc08ad6: error: patch failed: lib/matplotlib/tests/baseline_images/test_mathtext/mathtext_cm_77.pdf:1
error: lib/matplotlib/tests/baseline_images/test_mathtext/mathtext_cm_77.pdf: patch does not apply
error: patch failed: lib/matplotlib/tests/baseline_images/test_mathtext/mathtext_dejavusans_77.pdf:1
error: lib/matplotlib/tests/baseline_images/test_mathtext/mathtext_dejavusans_77.pdf: patch does not apply
error: patch failed: lib/matplotlib/tests/baseline_images/test_mathtext/mathtext_dejavuserif_77.pdf:1
error: lib/matplotlib/tests/baseline_images/test_mathtext/mathtext_dejavuserif_77.pdf: patch does not apply
error: patch failed: lib/matplotlib/tests/baseline_images/test_mathtext/mathtext_stix_77.pdf:1
error: lib/matplotlib/tests/baseline_images/test_mathtext/mathtext_stix_77.pdf: patch does not apply
error: patch failed: lib/matplotlib/tests/baseline_images/test_mathtext/mathtext_stixsans_77.pdf:1
error: lib/matplotlib/tests/baseline_images/test_mathtext/mathtext_stixsans_77.pdf: patch does not apply
",0,0,0,"Provider-free replay diagnostics and checkpoint transitions. F1 labels are setup/source proxies, F2 is an observed textual-conflict status, and none of these rows estimate survival, behavior, adaptation, cost, causality or population effects.",failure_diagnostics,diagnostic
matplotlib__matplotlib-23476,issue_resolution,matplotlib/matplotlib,python,OrcaLoca,matplotlib__matplotlib-23476-d180,180,future_textual_conflict,F2_textual_conflict,replay status explicitly reports textual conflict,NA,NA,True,NA,NA,NA,6d95491ea272db702f50493a01297db27f278d4a,SWE-bench Lite local record; F2P-only pilot,aec756a20ae8b04ec6c6cf2ddf07d0cb0a76bd456e0c5264473de823d0d9731e,"a33a6fd1ad4b2fdeafc3367620b2146dcfc08ad6: error: patch failed: lib/matplotlib/tests/baseline_images/test_mathtext/mathtext_cm_77.pdf:1
error: lib/matplotlib/tests/baseline_images/test_mathtext/mathtext_cm_77.pdf: patch does not apply
error: patch failed: lib/matplotlib/tests/baseline_images/test_mathtext/mathtext_dejavusans_77.pdf:1
error: lib/matplotlib/tests/baseline_images/test_mathtext/mathtext_dejavusans_77.pdf: patch does not apply
error: patch failed: lib/matplotlib/tests/baseline_images/test_mathtext/mathtext_dejavuserif_77.pdf:1
error: lib/matplotlib/tests/baseline_images/test_mathtext/mathtext_dejavuserif_77.pdf: patch does not apply
error: patch failed: lib/matplotlib/tests/baseline_images/test_mathtext/mathtext_stix_77.pdf:1
error: lib/matplotlib/tests/baseline_images/test_mathtext/mathtext_stix_77.pdf: patch does not apply
error: patch failed: lib/matplotlib/tests/baseline_images/test_mathtext/mathtext_stixsans_77.pdf:1
error: lib/matplotlib/tests/baseline_images/test_mathtext/mathtext_stixsans_77.pdf: patch does not apply
",0,0,0,"Provider-free replay diagnostics and checkpoint transitions. F1 labels are setup/source proxies, F2 is an observed textual-conflict status, and none of these rows estimate survival, behavior, adaptation, cost, causality or population effects.",failure_diagnostics,diagnostic
matplotlib__matplotlib-23476,issue_resolution,matplotlib/matplotlib,python,human,matplotlib__matplotlib-23476-d365,365,future_textual_conflict,F2_textual_conflict,replay status explicitly reports textual conflict,NA,NA,True,NA,NA,NA,6eeede6a1a96272c9f87ea2a0774baa79f8503b6,SWE-bench Lite local record; F2P-only pilot,0d25d0202773e4f51f9b66bd1264428152e9c3e8ef71cb953ce0440eed7dcc60,"a33a6fd1ad4b2fdeafc3367620b2146dcfc08ad6: error: patch failed: lib/matplotlib/tests/baseline_images/test_mathtext/mathtext_cm_77.pdf:1
error: lib/matplotlib/tests/baseline_images/test_mathtext/mathtext_cm_77.pdf: patch does not apply
error: patch failed: lib/matplotlib/tests/baseline_images/test_mathtext/mathtext_dejavusans_77.pdf:1
error: lib/matplotlib/tests/baseline_images/test_mathtext/mathtext_dejavusans_77.pdf: patch does not apply
error: patch failed: lib/matplotlib/tests/baseline_images/test_mathtext/mathtext_dejavuserif_77.pdf:1
error: lib/matplotlib/tests/baseline_images/test_mathtext/mathtext_dejavuserif_77.pdf: patch does not apply
error: patch failed: lib/matplotlib/tests/baseline_images/test_mathtext/mathtext_stix_77.pdf:1
error: lib/matplotlib/tests/baseline_images/test_mathtext/mathtext_stix_77.pdf: patch does not apply
error: patch failed: lib/matplotlib/tests/baseline_images/test_mathtext/mathtext_stixsans_77.pdf:1
error: lib/matplotlib/tests/baseline_images/test_mathtext/mathtext_stixsans_77.pdf: patch does not apply
",0,0,0,"Provider-free replay diagnostics and checkpoint transitions. F1 labels are setup/source proxies, F2 is an observed textual-conflict status, and none of these rows estimate survival, behavior, adaptation, cost, causality or population effects.",failure_diagnostics,diagnostic
matplotlib__matplotlib-23476,issue_resolution,matplotlib/matplotlib,python,OrcaLoca,matplotlib__matplotlib-23476-d365,365,future_textual_conflict,F2_textual_conflict,replay status explicitly reports textual conflict,NA,NA,True,NA,NA,NA,6eeede6a1a96272c9f87ea2a0774baa79f8503b6,SWE-bench Lite local record; F2P-only pilot,aec756a20ae8b04ec6c6cf2ddf07d0cb0a76bd456e0c5264473de823d0d9731e,"a33a6fd1ad4b2fdeafc3367620b2146dcfc08ad6: error: patch failed: lib/matplotlib/tests/baseline_images/test_mathtext/mathtext_cm_77.pdf:1
error: lib/matplotlib/tests/baseline_images/test_mathtext/mathtext_cm_77.pdf: patch does not apply
error: patch failed: lib/matplotlib/tests/baseline_images/test_mathtext/mathtext_dejavusans_77.pdf:1
error: lib/matplotlib/tests/baseline_images/test_mathtext/mathtext_dejavusans_77.pdf: patch does not apply
error: patch failed: lib/matplotlib/tests/baseline_images/test_mathtext/mathtext_dejavuserif_77.pdf:1
error: lib/matplotlib/tests/baseline_images/test_mathtext/mathtext_dejavuserif_77.pdf: patch does not apply
error: patch failed: lib/matplotlib/tests/baseline_images/test_mathtext/mathtext_stix_77.pdf:1
error: lib/matplotlib/tests/baseline_images/test_mathtext/mathtext_stix_77.pdf: patch does not apply
error: patch failed: lib/matplotlib/tests/baseline_images/test_mathtext/mathtext_stixsans_77.pdf:1
error: lib/matplotlib/tests/baseline_images/test_mathtext/mathtext_stixsans_77.pdf: patch does not apply
",0,0,0,"Provider-free replay diagnostics and checkpoint transitions. F1 labels are setup/source proxies, F2 is an observed textual-conflict status, and none of these rows estimate survival, behavior, adaptation, cost, causality or population effects.",failure_diagnostics,diagnostic
matplotlib__matplotlib-23562,issue_resolution,matplotlib/matplotlib,python,human,matplotlib__matplotlib-23562-d30,30,future_textual_conflict,F2_textual_conflict,replay status explicitly reports textual conflict,NA,NA,True,NA,NA,NA,4ad86c8ed5e3dc6cd426abdfe73346f6502787ba,SWE-bench Lite local record; F2P-only pilot,3b180488c3529ec12b650e953281a79f4e3c0f6a107c461374dc807ab53a4f98,"a68f21f589b1747cccf30d2f9bd460bacf397003: error: patch failed: .git_archival.txt:1
error: .git_archival.txt: patch does not apply
",0,0,0,"Provider-free replay diagnostics and checkpoint transitions. F1 labels are setup/source proxies, F2 is an observed textual-conflict status, and none of these rows estimate survival, behavior, adaptation, cost, causality or population effects.",failure_diagnostics,diagnostic
matplotlib__matplotlib-23562,issue_resolution,matplotlib/matplotlib,python,OrcaLoca,matplotlib__matplotlib-23562-d30,30,future_textual_conflict,F2_textual_conflict,replay status explicitly reports textual conflict,NA,NA,True,NA,NA,NA,4ad86c8ed5e3dc6cd426abdfe73346f6502787ba,SWE-bench Lite local record; F2P-only pilot,acc841c5c8b4fadaa6837aa663164c29c098f0cf73ce98541c4f665580ffa0ef,"a68f21f589b1747cccf30d2f9bd460bacf397003: error: patch failed: .git_archival.txt:1
error: .git_archival.txt: patch does not apply
",0,0,0,"Provider-free replay diagnostics and checkpoint transitions. F1 labels are setup/source proxies, F2 is an observed textual-conflict status, and none of these rows estimate survival, behavior, adaptation, cost, causality or population effects.",failure_diagnostics,diagnostic
matplotlib__matplotlib-23562,issue_resolution,matplotlib/matplotlib,python,human,matplotlib__matplotlib-23562-d90,90,future_textual_conflict,F2_textual_conflict,replay status explicitly reports textual conflict,NA,NA,True,NA,NA,NA,6c09a56fa6f3f3c0cb5160af7207bf628c43405b,SWE-bench Lite local record; F2P-only pilot,3b180488c3529ec12b650e953281a79f4e3c0f6a107c461374dc807ab53a4f98,"a68f21f589b1747cccf30d2f9bd460bacf397003: error: patch failed: .git_archival.txt:1
error: .git_archival.txt: patch does not apply
",0,0,0,"Provider-free replay diagnostics and checkpoint transitions. F1 labels are setup/source proxies, F2 is an observed textual-conflict status, and none of these rows estimate survival, behavior, adaptation, cost, causality or population effects.",failure_diagnostics,diagnostic
matplotlib__matplotlib-23562,issue_resolution,matplotlib/matplotlib,python,OrcaLoca,matplotlib__matplotlib-23562-d90,90,future_textual_conflict,F2_textual_conflict,replay status explicitly reports textual conflict,NA,NA,True,NA,NA,NA,6c09a56fa6f3f3c0cb5160af7207bf628c43405b,SWE-bench Lite local record; F2P-only pilot,acc841c5c8b4fadaa6837aa663164c29c098f0cf73ce98541c4f665580ffa0ef,"a68f21f589b1747cccf30d2f9bd460bacf397003: error: patch failed: .git_archival.txt:1
error: .git_archival.txt: patch does not apply
",0,0,0,"Provider-free replay diagnostics and checkpoint transitions. F1 labels are setup/source proxies, F2 is an observed textual-conflict status, and none of these rows estimate survival, behavior, adaptation, cost, causality or population effects.",failure_diagnostics,diagnostic
matplotlib__matplotlib-23562,issue_resolution,matplotlib/matplotlib,python,human,matplotlib__matplotlib-23562-d180,180,future_textual_conflict,F2_textual_conflict,replay status explicitly reports textual conflict,NA,NA,True,NA,NA,NA,faf88bf807b9266263459afe01770814b7603d07,SWE-bench Lite local record; F2P-only pilot,3b180488c3529ec12b650e953281a79f4e3c0f6a107c461374dc807ab53a4f98,"a68f21f589b1747cccf30d2f9bd460bacf397003: error: patch failed: .git_archival.txt:1
error: .git_archival.txt: patch does not apply
",0,0,0,"Provider-free replay diagnostics and checkpoint transitions. F1 labels are setup/source proxies, F2 is an observed textual-conflict status, and none of these rows estimate survival, behavior, adaptation, cost, causality or population effects.",failure_diagnostics,diagnostic
matplotlib__matplotlib-23562,issue_resolution,matplotlib/matplotlib,python,OrcaLoca,matplotlib__matplotlib-23562-d180,180,future_textual_conflict,F2_textual_conflict,replay status explicitly reports textual conflict,NA,NA,True,NA,NA,NA,faf88bf807b9266263459afe01770814b7603d07,SWE-bench Lite local record; F2P-only pilot,acc841c5c8b4fadaa6837aa663164c29c098f0cf73ce98541c4f665580ffa0ef,"a68f21f589b1747cccf30d2f9bd460bacf397003: error: patch failed: .git_archival.txt:1
error: .git_archival.txt: patch does not apply
",0,0,0,"Provider-free replay diagnostics and checkpoint transitions. F1 labels are setup/source proxies, F2 is an observed textual-conflict status, and none of these rows estimate survival, behavior, adaptation, cost, causality or population effects.",failure_diagnostics,diagnostic
matplotlib__matplotlib-23562,issue_resolution,matplotlib/matplotlib,python,human,matplotlib__matplotlib-23562-d365,365,future_textual_conflict,F2_textual_conflict,replay status explicitly reports textual conflict,NA,NA,True,NA,NA,NA,5140177a69f4bfc195975aa24f244e97e2ff1ab6,SWE-bench Lite local record; F2P-only pilot,3b180488c3529ec12b650e953281a79f4e3c0f6a107c461374dc807ab53a4f98,"a68f21f589b1747cccf30d2f9bd460bacf397003: error: patch failed: .git_archival.txt:1
error: .git_archival.txt: patch does not apply
",0,0,0,"Provider-free replay diagnostics and checkpoint transitions. F1 labels are setup/source proxies, F2 is an observed textual-conflict status, and none of these rows estimate survival, behavior, adaptation, cost, causality or population effects.",failure_diagnostics,diagnostic
matplotlib__matplotlib-23562,issue_resolution,matplotlib/matplotlib,python,OrcaLoca,matplotlib__matplotlib-23562-d365,365,future_textual_conflict,F2_textual_conflict,replay status explicitly reports textual conflict,NA,NA,True,NA,NA,NA,5140177a69f4bfc195975aa24f244e97e2ff1ab6,SWE-bench Lite local record; F2P-only pilot,acc841c5c8b4fadaa6837aa663164c29c098f0cf73ce98541c4f665580ffa0ef,"a68f21f589b1747cccf30d2f9bd460bacf397003: error: patch failed: .git_archival.txt:1
error: .git_archival.txt: patch does not apply
",0,0,0,"Provider-free replay diagnostics and checkpoint transitions. F1 labels are setup/source proxies, F2 is an observed textual-conflict status, and none of these rows estimate survival, behavior, adaptation, cost, causality or population effects.",failure_diagnostics,diagnostic
mwaskom__seaborn-3407,issue_resolution,mwaskom/seaborn,python,human,mwaskom__seaborn-3407-d30,30,checkpoint_replay_completed,replay_completed,replay status explicitly completed,True,0.0,NA,NA,NA,NA,3ef2a0f9580e5a4715be878c73751454089c945d,SWE-bench Lite local record; F2P-only pilot,a1d60cf5bd6ca42f45bbd89aef9d736758cdf9ca4c81357efddf7fb78a942b1a,"{""build"": {""returncode"": 0, ""timed_out"": false, ""duration_seconds"": 1.422, ""stdout_sha256"": ""e3b0c44298fc1c149afbf4c8996fb92427ae41e4649b934ca495991b7852b855"", ""stderr_sha256"": ""9fba11ff97e771248f80b155196722b30e5ad83f0c1118d40d00203bba35f1e4"", ""stdout_head"": """", ""stderr_head"": "".\\doc\\conf.py:99: SyntaxWarning: invalid escape sequence '\\s'\r\n  .. |API| replace:: :raw-html:`<span class=\""badge badge-api\"">API</span>` :raw-latex:`{\\small\\sc [API]}`\r\n"", ""stdout_tail"": """", ""stderr_tail"": "".\\doc\\conf.py:99: SyntaxWarning: invalid escape sequence '\\s'\r\n  .. |API| replace:: :raw-html:`<span class=\""badge badge-api\"">API</span>` :raw-latex:`{\\small\\sc [API]}`\r\n""}, ""future_test"": {""returncode"": 4, ""timed_out"": false, ""duration_seconds"": 3.086, ""stdout_sha256"": ""a0ee83c9b01b73dc0f9c52121062779e213341bb95cca67734adbe805bde24b8"", ""stderr_sha256"": ""2366d55794ecbacd0ad3dbd8bd938f25eb9a38cde08be97ce2f61619713f48f9"", ""stdout_head"": ""\r\n=================================== ERRORS ====================================\r\n___________________ ERROR collecting tests/test_axisgrid.py ___________________\r\nImportError while importing test module '[LOCAL_DRIVE]/lossoracc\\analysis_outputs\\work2_30_task_multicheckpoint_replay_current_20260901_v2\\scratch\\task_n4c1imy4\\branch_human\\tests\\test_axisgrid.py'.\r\nHint: make sure your test modules/packages have valid Python names.\r\nTraceback:\r\nD:\\python13\\Lib\\importlib\\__init__.py:88: in import_module\r\n    return _bootstrap._gcd_import(name[level:], package, level)\r\n           ^^^^^^^^^^^^^^^^^^^^^^^^^^^^^^^^^^^^^^^^^^^^^^^^^^^^\r\ntests\\test_axisgrid.py:3: in <module>\r\n    import matplotlib as mpl\r\nE   ModuleNotFoundError: No module named 'matplotlib'\r\n=========================== short test summary info ===========================\r\nERROR tests/test_axisgrid.py\r\n1 error in 0.25s\r\n"", ""stderr_head"": ""ERROR: found no collectors for [LOCAL_DRIVE]/lossoracc\\analysis_outputs\\work2_30_task_multicheckpoint_replay_current_20260901_v2\\scratch\\task_n4c1imy4\\branch_human\\tests\\test_axisgrid.py::TestPairGrid::test_pairplot_column_multiindex\r\n\r\n"", ""stdout_tail"": ""\r\n=================================== ERRORS ====================================\r\n___________________ ERROR collecting tests/test_axisgrid.py ___________________\r\nImportError while importing test module '[LOCAL_DRIVE]/lossoracc\\analysis_outputs\\work2_30_task_multicheckpoint_replay_current_20260901_v2\\scratch\\task_n4c1imy4\\branch_human\\tests\\test_axisgrid.py'.\r\nHint: make sure your test modules/packages have valid Python names.\r\nTraceback:\r\nD:\\python13\\Lib\\importlib\\__init__.py:88: in import_module\r\n    return _bootstrap._gcd_import(name[level:], package, level)\r\n           ^^^^^^^^^^^^^^^^^^^^^^^^^^^^^^^^^^^^^^^^^^^^^^^^^^^^\r\ntests\\test_axisgrid.py:3: in <module>\r\n    import matplotlib as mpl\r\nE   ModuleNotFoundError: No module named 'matplotlib'\r\n=========================== short test summary info ===========================\r\nERROR tests/test_axisgrid.py\r\n1 error in 0.25s\r\n"", ""stderr_tail"": ""ERROR: found no collectors for [LOCAL_DRIVE]/lossoracc\\analysis_outputs\\work2_30_task_multicheckpoint_replay_current_20260901_v2\\scratch\\task_n4c1imy4\\branch_human\\tests\\test_axisgrid.py::TestPairGrid::test_pairplot_column_multiindex\r\n\r\n""}}",0,0,0,"Provider-free replay diagnostics and checkpoint transitions. F1 labels are setup/source proxies, F2 is an observed textual-conflict status, and none of these rows estimate survival, behavior, adaptation, cost, causality or population effects.",failure_diagnostics,diagnostic
mwaskom__seaborn-3407,issue_resolution,mwaskom/seaborn,python,OrcaLoca,mwaskom__seaborn-3407-d30,30,checkpoint_replay_completed,replay_completed,replay status explicitly completed,True,0.0,NA,NA,NA,NA,3ef2a0f9580e5a4715be878c73751454089c945d,SWE-bench Lite local record; F2P-only pilot,a38c0171ff34abc9c3fe344e6dcf9299cfe0e22e6d60c69dffeacec930d4b769,"{""build"": {""returncode"": 0, ""timed_out"": false, ""duration_seconds"": 1.012, ""stdout_sha256"": ""e3b0c44298fc1c149afbf4c8996fb92427ae41e4649b934ca495991b7852b855"", ""stderr_sha256"": ""9fba11ff97e771248f80b155196722b30e5ad83f0c1118d40d00203bba35f1e4"", ""stdout_head"": """", ""stderr_head"": "".\\doc\\conf.py:99: SyntaxWarning: invalid escape sequence '\\s'\r\n  .. |API| replace:: :raw-html:`<span class=\""badge badge-api\"">API</span>` :raw-latex:`{\\small\\sc [API]}`\r\n"", ""stdout_tail"": """", ""stderr_tail"": "".\\doc\\conf.py:99: SyntaxWarning: invalid escape sequence '\\s'\r\n  .. |API| replace:: :raw-html:`<span class=\""badge badge-api\"">API</span>` :raw-latex:`{\\small\\sc [API]}`\r\n""}, ""future_test"": {""returncode"": 4, ""timed_out"": false, ""duration_seconds"": 1.126, ""stdout_sha256"": ""e605c31a3c079c624256e19a3e1835800e86975d9d60315aab9706f98748773b"", ""stderr_sha256"": ""39dba22da1d3fdcbadf67265b03b64bfe1664b7aa474cd335b15d3e0c918c353"", ""stdout_head"": ""\r\n=================================== ERRORS ====================================\r\n___________________ ERROR collecting tests/test_axisgrid.py ___________________\r\nImportError while importing test module '[LOCAL_DRIVE]/lossoracc\\analysis_outputs\\work2_30_task_multicheckpoint_replay_current_20260901_v2\\scratch\\task_n4c1imy4\\branch_OrcaLoca\\tests\\test_axisgrid.py'.\r\nHint: make sure your test modules/packages have valid Python names.\r\nTraceback:\r\nD:\\python13\\Lib\\importlib\\__init__.py:88: in import_module\r\n    return _bootstrap._gcd_import(name[level:], package, level)\r\n           ^^^^^^^^^^^^^^^^^^^^^^^^^^^^^^^^^^^^^^^^^^^^^^^^^^^^\r\ntests\\test_axisgrid.py:3: in <module>\r\n    import matplotlib as mpl\r\nE   ModuleNotFoundError: No module named 'matplotlib'\r\n=========================== short test summary info ===========================\r\nERROR tests/test_axisgrid.py\r\n1 error in 0.21s\r\n"", ""stderr_head"": ""ERROR: found no collectors for [LOCAL_DRIVE]/lossoracc\\analysis_outputs\\work2_30_task_multicheckpoint_replay_current_20260901_v2\\scratch\\task_n4c1imy4\\branch_OrcaLoca\\tests\\test_axisgrid.py::TestPairGrid::test_pairplot_column_multiindex\r\n\r\n"", ""stdout_tail"": ""\r\n=================================== ERRORS ====================================\r\n___________________ ERROR collecting tests/test_axisgrid.py ___________________\r\nImportError while importing test module '[LOCAL_DRIVE]/lossoracc\\analysis_outputs\\work2_30_task_multicheckpoint_replay_current_20260901_v2\\scratch\\task_n4c1imy4\\branch_OrcaLoca\\tests\\test_axisgrid.py'.\r\nHint: make sure your test modules/packages have valid Python names.\r\nTraceback:\r\nD:\\python13\\Lib\\importlib\\__init__.py:88: in import_module\r\n    return _bootstrap._gcd_import(name[level:], package, level)\r\n           ^^^^^^^^^^^^^^^^^^^^^^^^^^^^^^^^^^^^^^^^^^^^^^^^^^^^\r\ntests\\test_axisgrid.py:3: in <module>\r\n    import matplotlib as mpl\r\nE   ModuleNotFoundError: No module named 'matplotlib'\r\n=========================== short test summary info ===========================\r\nERROR tests/test_axisgrid.py\r\n1 error in 0.21s\r\n"", ""stderr_tail"": ""ERROR: found no collectors for [LOCAL_DRIVE]/lossoracc\\analysis_outputs\\work2_30_task_multicheckpoint_replay_current_20260901_v2\\scratch\\task_n4c1imy4\\branch_OrcaLoca\\tests\\test_axisgrid.py::TestPairGrid::test_pairplot_column_multiindex\r\n\r\n""}}",0,0,0,"Provider-free replay diagnostics and checkpoint transitions. F1 labels are setup/source proxies, F2 is an observed textual-conflict status, and none of these rows estimate survival, behavior, adaptation, cost, causality or population effects.",failure_diagnostics,diagnostic
mwaskom__seaborn-3407,issue_resolution,mwaskom/seaborn,python,human,mwaskom__seaborn-3407-d90,90,checkpoint_replay_completed,replay_completed,replay status explicitly completed,True,0.0,NA,NA,NA,NA,1f788201822941a3aca7fedf0bcd49d16ebc313b,SWE-bench Lite local record; F2P-only pilot,a1d60cf5bd6ca42f45bbd89aef9d736758cdf9ca4c81357efddf7fb78a942b1a,"{""build"": {""returncode"": 0, ""timed_out"": false, ""duration_seconds"": 1.179, ""stdout_sha256"": ""e3b0c44298fc1c149afbf4c8996fb92427ae41e4649b934ca495991b7852b855"", ""stderr_sha256"": ""9fba11ff97e771248f80b155196722b30e5ad83f0c1118d40d00203bba35f1e4"", ""stdout_head"": """", ""stderr_head"": "".\\doc\\conf.py:99: SyntaxWarning: invalid escape sequence '\\s'\r\n  .. |API| replace:: :raw-html:`<span class=\""badge badge-api\"">API</span>` :raw-latex:`{\\small\\sc [API]}`\r\n"", ""stdout_tail"": """", ""stderr_tail"": "".\\doc\\conf.py:99: SyntaxWarning: invalid escape sequence '\\s'\r\n  .. |API| replace:: :raw-html:`<span class=\""badge badge-api\"">API</span>` :raw-latex:`{\\small\\sc [API]}`\r\n""}, ""future_test"": {""returncode"": 4, ""timed_out"": false, ""duration_seconds"": 1.187, ""stdout_sha256"": ""17bff6baa8fd83ebe4e39eb0a3a2f1d1f50b04a572dc8eb8afe9baa1e871c4a5"", ""stderr_sha256"": ""e2d5a8de286b882132b2354525a5bcc06f8bf6c9299bb055b549c101c1f6dd34"", ""stdout_head"": ""\r\n=================================== ERRORS ====================================\r\n___________________ ERROR collecting tests/test_axisgrid.py ___________________\r\nImportError while importing test module '[LOCAL_DRIVE]/lossoracc\\analysis_outputs\\work2_30_task_multicheckpoint_replay_current_20260901_v2\\scratch\\task___7hvyuh\\branch_human\\tests\\test_axisgrid.py'.\r\nHint: make sure your test modules/packages have valid Python names.\r\nTraceback:\r\nD:\\python13\\Lib\\importlib\\__init__.py:88: in import_module\r\n    return _bootstrap._gcd_import(name[level:], package, level)\r\n           ^^^^^^^^^^^^^^^^^^^^^^^^^^^^^^^^^^^^^^^^^^^^^^^^^^^^\r\ntests\\test_axisgrid.py:3: in <module>\r\n    import matplotlib as mpl\r\nE   ModuleNotFoundError: No module named 'matplotlib'\r\n=========================== short test summary info ===========================\r\nERROR tests/test_axisgrid.py\r\n1 error in 0.24s\r\n"", ""stderr_head"": ""ERROR: found no collectors for [LOCAL_DRIVE]/lossoracc\\analysis_outputs\\work2_30_task_multicheckpoint_replay_current_20260901_v2\\scratch\\task___7hvyuh\\branch_human\\tests\\test_axisgrid.py::TestPairGrid::test_pairplot_column_multiindex\r\n\r\n"", ""stdout_tail"": ""\r\n=================================== ERRORS ====================================\r\n___________________ ERROR collecting tests/test_axisgrid.py ___________________\r\nImportError while importing test module '[LOCAL_DRIVE]/lossoracc\\analysis_outputs\\work2_30_task_multicheckpoint_replay_current_20260901_v2\\scratch\\task___7hvyuh\\branch_human\\tests\\test_axisgrid.py'.\r\nHint: make sure your test modules/packages have valid Python names.\r\nTraceback:\r\nD:\\python13\\Lib\\importlib\\__init__.py:88: in import_module\r\n    return _bootstrap._gcd_import(name[level:], package, level)\r\n           ^^^^^^^^^^^^^^^^^^^^^^^^^^^^^^^^^^^^^^^^^^^^^^^^^^^^\r\ntests\\test_axisgrid.py:3: in <module>\r\n    import matplotlib as mpl\r\nE   ModuleNotFoundError: No module named 'matplotlib'\r\n=========================== short test summary info ===========================\r\nERROR tests/test_axisgrid.py\r\n1 error in 0.24s\r\n"", ""stderr_tail"": ""ERROR: found no collectors for [LOCAL_DRIVE]/lossoracc\\analysis_outputs\\work2_30_task_multicheckpoint_replay_current_20260901_v2\\scratch\\task___7hvyuh\\branch_human\\tests\\test_axisgrid.py::TestPairGrid::test_pairplot_column_multiindex\r\n\r\n""}}",0,0,0,"Provider-free replay diagnostics and checkpoint transitions. F1 labels are setup/source proxies, F2 is an observed textual-conflict status, and none of these rows estimate survival, behavior, adaptation, cost, causality or population effects.",failure_diagnostics,diagnostic
mwaskom__seaborn-3407,issue_resolution,mwaskom/seaborn,python,OrcaLoca,mwaskom__seaborn-3407-d90,90,checkpoint_replay_completed,replay_completed,replay status explicitly completed,True,0.0,NA,NA,NA,NA,1f788201822941a3aca7fedf0bcd49d16ebc313b,SWE-bench Lite local record; F2P-only pilot,a38c0171ff34abc9c3fe344e6dcf9299cfe0e22e6d60c69dffeacec930d4b769,"{""build"": {""returncode"": 0, ""timed_out"": false, ""duration_seconds"": 1.007, ""stdout_sha256"": ""e3b0c44298fc1c149afbf4c8996fb92427ae41e4649b934ca495991b7852b855"", ""stderr_sha256"": ""9fba11ff97e771248f80b155196722b30e5ad83f0c1118d40d00203bba35f1e4"", ""stdout_head"": """", ""stderr_head"": "".\\doc\\conf.py:99: SyntaxWarning: invalid escape sequence '\\s'\r\n  .. |API| replace:: :raw-html:`<span class=\""badge badge-api\"">API</span>` :raw-latex:`{\\small\\sc [API]}`\r\n"", ""stdout_tail"": """", ""stderr_tail"": "".\\doc\\conf.py:99: SyntaxWarning: invalid escape sequence '\\s'\r\n  .. |API| replace:: :raw-html:`<span class=\""badge badge-api\"">API</span>` :raw-latex:`{\\small\\sc [API]}`\r\n""}, ""future_test"": {""returncode"": 4, ""timed_out"": false, ""duration_seconds"": 1.501, ""stdout_sha256"": ""7cb57771a0afcd1d539e75dcbb21658e461dc8af17f17ec5178363d8e1a3bdd6"", ""stderr_sha256"": ""e8d2a8a7ce104673c89e9a21b16084309bcf567c561a5968eec3b7018f148723"", ""stdout_head"": ""\r\n=================================== ERRORS ====================================\r\n___________________ ERROR collecting tests/test_axisgrid.py ___________________\r\nImportError while importing test module '[LOCAL_DRIVE]/lossoracc\\analysis_outputs\\work2_30_task_multicheckpoint_replay_current_20260901_v2\\scratch\\task___7hvyuh\\branch_OrcaLoca\\tests\\test_axisgrid.py'.\r\nHint: make sure your test modules/packages have valid Python names.\r\nTraceback:\r\nD:\\python13\\Lib\\importlib\\__init__.py:88: in import_module\r\n    return _bootstrap._gcd_import(name[level:], package, level)\r\n           ^^^^^^^^^^^^^^^^^^^^^^^^^^^^^^^^^^^^^^^^^^^^^^^^^^^^\r\ntests\\test_axisgrid.py:3: in <module>\r\n    import matplotlib as mpl\r\nE   ModuleNotFoundError: No module named 'matplotlib'\r\n=========================== short test summary info ===========================\r\nERROR tests/test_axisgrid.py\r\n1 error in 0.27s\r\n"", ""stderr_head"": ""ERROR: found no collectors for [LOCAL_DRIVE]/lossoracc\\analysis_outputs\\work2_30_task_multicheckpoint_replay_current_20260901_v2\\scratch\\task___7hvyuh\\branch_OrcaLoca\\tests\\test_axisgrid.py::TestPairGrid::test_pairplot_column_multiindex\r\n\r\n"", ""stdout_tail"": ""\r\n=================================== ERRORS ====================================\r\n___________________ ERROR collecting tests/test_axisgrid.py ___________________\r\nImportError while importing test module '[LOCAL_DRIVE]/lossoracc\\analysis_outputs\\work2_30_task_multicheckpoint_replay_current_20260901_v2\\scratch\\task___7hvyuh\\branch_OrcaLoca\\tests\\test_axisgrid.py'.\r\nHint: make sure your test modules/packages have valid Python names.\r\nTraceback:\r\nD:\\python13\\Lib\\importlib\\__init__.py:88: in import_module\r\n    return _bootstrap._gcd_import(name[level:], package, level)\r\n           ^^^^^^^^^^^^^^^^^^^^^^^^^^^^^^^^^^^^^^^^^^^^^^^^^^^^\r\ntests\\test_axisgrid.py:3: in <module>\r\n    import matplotlib as mpl\r\nE   ModuleNotFoundError: No module named 'matplotlib'\r\n=========================== short test summary info ===========================\r\nERROR tests/test_axisgrid.py\r\n1 error in 0.27s\r\n"", ""stderr_tail"": ""ERROR: found no collectors for [LOCAL_DRIVE]/lossoracc\\analysis_outputs\\work2_30_task_multicheckpoint_replay_current_20260901_v2\\scratch\\task___7hvyuh\\branch_OrcaLoca\\tests\\test_axisgrid.py::TestPairGrid::test_pairplot_column_multiindex\r\n\r\n""}}",0,0,0,"Provider-free replay diagnostics and checkpoint transitions. F1 labels are setup/source proxies, F2 is an observed textual-conflict status, and none of these rows estimate survival, behavior, adaptation, cost, causality or population effects.",failure_diagnostics,diagnostic
mwaskom__seaborn-3407,issue_resolution,mwaskom/seaborn,python,human,mwaskom__seaborn-3407-d180,180,checkpoint_replay_completed,replay_completed,replay status explicitly completed,True,0.0,NA,NA,NA,NA,d8476676a066c137ac43d50ad49b3ee586ea580f,SWE-bench Lite local record; F2P-only pilot,a1d60cf5bd6ca42f45bbd89aef9d736758cdf9ca4c81357efddf7fb78a942b1a,"{""build"": {""returncode"": 0, ""timed_out"": false, ""duration_seconds"": 1.108, ""stdout_sha256"": ""e3b0c44298fc1c149afbf4c8996fb92427ae41e4649b934ca495991b7852b855"", ""stderr_sha256"": ""9fba11ff97e771248f80b155196722b30e5ad83f0c1118d40d00203bba35f1e4"", ""stdout_head"": """", ""stderr_head"": "".\\doc\\conf.py:99: SyntaxWarning: invalid escape sequence '\\s'\r\n  .. |API| replace:: :raw-html:`<span class=\""badge badge-api\"">API</span>` :raw-latex:`{\\small\\sc [API]}`\r\n"", ""stdout_tail"": """", ""stderr_tail"": "".\\doc\\conf.py:99: SyntaxWarning: invalid escape sequence '\\s'\r\n  .. |API| replace:: :raw-html:`<span class=\""badge badge-api\"">API</span>` :raw-latex:`{\\small\\sc [API]}`\r\n""}, ""future_test"": {""returncode"": 4, ""timed_out"": false, ""duration_seconds"": 1.326, ""stdout_sha256"": ""1154fcc187e7a7665525a13c6bb07a41c1edae43cc45ccb9721e2871245d0859"", ""stderr_sha256"": ""dd2e5bfc6f9dbd0ef42c40d206b5dbe35ddf65eb8566a89b4e65208b0a2bf798"", ""stdout_head"": ""\r\n=================================== ERRORS ====================================\r\n___________________ ERROR collecting tests/test_axisgrid.py ___________________\r\nImportError while importing test module '[LOCAL_DRIVE]/lossoracc\\analysis_outputs\\work2_30_task_multicheckpoint_replay_current_20260901_v2\\scratch\\task_mpdnigjd\\branch_human\\tests\\test_axisgrid.py'.\r\nHint: make sure your test modules/packages have valid Python names.\r\nTraceback:\r\nD:\\python13\\Lib\\importlib\\__init__.py:88: in import_module\r\n    return _bootstrap._gcd_import(name[level:], package, level)\r\n           ^^^^^^^^^^^^^^^^^^^^^^^^^^^^^^^^^^^^^^^^^^^^^^^^^^^^\r\ntests\\test_axisgrid.py:3: in <module>\r\n    import matplotlib as mpl\r\nE   ModuleNotFoundError: No module named 'matplotlib'\r\n=========================== short test summary info ===========================\r\nERROR tests/test_axisgrid.py\r\n1 error in 0.24s\r\n"", ""stderr_head"": ""ERROR: found no collectors for [LOCAL_DRIVE]/lossoracc\\analysis_outputs\\work2_30_task_multicheckpoint_replay_current_20260901_v2\\scratch\\task_mpdnigjd\\branch_human\\tests\\test_axisgrid.py::TestPairGrid::test_pairplot_column_multiindex\r\n\r\n"", ""stdout_tail"": ""\r\n=================================== ERRORS ====================================\r\n___________________ ERROR collecting tests/test_axisgrid.py ___________________\r\nImportError while importing test module '[LOCAL_DRIVE]/lossoracc\\analysis_outputs\\work2_30_task_multicheckpoint_replay_current_20260901_v2\\scratch\\task_mpdnigjd\\branch_human\\tests\\test_axisgrid.py'.\r\nHint: make sure your test modules/packages have valid Python names.\r\nTraceback:\r\nD:\\python13\\Lib\\importlib\\__init__.py:88: in import_module\r\n    return _bootstrap._gcd_import(name[level:], package, level)\r\n           ^^^^^^^^^^^^^^^^^^^^^^^^^^^^^^^^^^^^^^^^^^^^^^^^^^^^\r\ntests\\test_axisgrid.py:3: in <module>\r\n    import matplotlib as mpl\r\nE   ModuleNotFoundError: No module named 'matplotlib'\r\n=========================== short test summary info ===========================\r\nERROR tests/test_axisgrid.py\r\n1 error in 0.24s\r\n"", ""stderr_tail"": ""ERROR: found no collectors for [LOCAL_DRIVE]/lossoracc\\analysis_outputs\\work2_30_task_multicheckpoint_replay_current_20260901_v2\\scratch\\task_mpdnigjd\\branch_human\\tests\\test_axisgrid.py::TestPairGrid::test_pairplot_column_multiindex\r\n\r\n""}}",0,0,0,"Provider-free replay diagnostics and checkpoint transitions. F1 labels are setup/source proxies, F2 is an observed textual-conflict status, and none of these rows estimate survival, behavior, adaptation, cost, causality or population effects.",failure_diagnostics,diagnostic
mwaskom__seaborn-3407,issue_resolution,mwaskom/seaborn,python,OrcaLoca,mwaskom__seaborn-3407-d180,180,checkpoint_replay_completed,replay_completed,replay status explicitly completed,True,0.0,NA,NA,NA,NA,d8476676a066c137ac43d50ad49b3ee586ea580f,SWE-bench Lite local record; F2P-only pilot,a38c0171ff34abc9c3fe344e6dcf9299cfe0e22e6d60c69dffeacec930d4b769,"{""build"": {""returncode"": 0, ""timed_out"": false, ""duration_seconds"": 1.119, ""stdout_sha256"": ""e3b0c44298fc1c149afbf4c8996fb92427ae41e4649b934ca495991b7852b855"", ""stderr_sha256"": ""9fba11ff97e771248f80b155196722b30e5ad83f0c1118d40d00203bba35f1e4"", ""stdout_head"": """", ""stderr_head"": "".\\doc\\conf.py:99: SyntaxWarning: invalid escape sequence '\\s'\r\n  .. |API| replace:: :raw-html:`<span class=\""badge badge-api\"">API</span>` :raw-latex:`{\\small\\sc [API]}`\r\n"", ""stdout_tail"": """", ""stderr_tail"": "".\\doc\\conf.py:99: SyntaxWarning: invalid escape sequence '\\s'\r\n  .. |API| replace:: :raw-html:`<span class=\""badge badge-api\"">API</span>` :raw-latex:`{\\small\\sc [API]}`\r\n""}, ""future_test"": {""returncode"": 4, ""timed_out"": false, ""duration_seconds"": 1.368, ""stdout_sha256"": ""62d4c7133ebd7dbee0f29e24cb580e8e151aa451793b0c98311f58cfedb2397e"", ""stderr_sha256"": ""ceb5a61aacdc812b0a1be6d84e500e6ea81ac61e589a2b8473c2eb39e6e5d7fc"", ""stdout_head"": ""\r\n=================================== ERRORS ====================================\r\n___________________ ERROR collecting tests/test_axisgrid.py ___________________\r\nImportError while importing test module '[LOCAL_DRIVE]/lossoracc\\analysis_outputs\\work2_30_task_multicheckpoint_replay_current_20260901_v2\\scratch\\task_mpdnigjd\\branch_OrcaLoca\\tests\\test_axisgrid.py'.\r\nHint: make sure your test modules/packages have valid Python names.\r\nTraceback:\r\nD:\\python13\\Lib\\importlib\\__init__.py:88: in import_module\r\n    return _bootstrap._gcd_import(name[level:], package, level)\r\n           ^^^^^^^^^^^^^^^^^^^^^^^^^^^^^^^^^^^^^^^^^^^^^^^^^^^^\r\ntests\\test_axisgrid.py:3: in <module>\r\n    import matplotlib as mpl\r\nE   ModuleNotFoundError: No module named 'matplotlib'\r\n=========================== short test summary info ===========================\r\nERROR tests/test_axisgrid.py\r\n1 error in 0.28s\r\n"", ""stderr_head"": ""ERROR: found no collectors for [LOCAL_DRIVE]/lossoracc\\analysis_outputs\\work2_30_task_multicheckpoint_replay_current_20260901_v2\\scratch\\task_mpdnigjd\\branch_OrcaLoca\\tests\\test_axisgrid.py::TestPairGrid::test_pairplot_column_multiindex\r\n\r\n"", ""stdout_tail"": ""\r\n=================================== ERRORS ====================================\r\n___________________ ERROR collecting tests/test_axisgrid.py ___________________\r\nImportError while importing test module '[LOCAL_DRIVE]/lossoracc\\analysis_outputs\\work2_30_task_multicheckpoint_replay_current_20260901_v2\\scratch\\task_mpdnigjd\\branch_OrcaLoca\\tests\\test_axisgrid.py'.\r\nHint: make sure your test modules/packages have valid Python names.\r\nTraceback:\r\nD:\\python13\\Lib\\importlib\\__init__.py:88: in import_module\r\n    return _bootstrap._gcd_import(name[level:], package, level)\r\n           ^^^^^^^^^^^^^^^^^^^^^^^^^^^^^^^^^^^^^^^^^^^^^^^^^^^^\r\ntests\\test_axisgrid.py:3: in <module>\r\n    import matplotlib as mpl\r\nE   ModuleNotFoundError: No module named 'matplotlib'\r\n=========================== short test summary info ===========================\r\nERROR tests/test_axisgrid.py\r\n1 error in 0.28s\r\n"", ""stderr_tail"": ""ERROR: found no collectors for [LOCAL_DRIVE]/lossoracc\\analysis_outputs\\work2_30_task_multicheckpoint_replay_current_20260901_v2\\scratch\\task_mpdnigjd\\branch_OrcaLoca\\tests\\test_axisgrid.py::TestPairGrid::test_pairplot_column_multiindex\r\n\r\n""}}",0,0,0,"Provider-free replay diagnostics and checkpoint transitions. F1 labels are setup/source proxies, F2 is an observed textual-conflict status, and none of these rows estimate survival, behavior, adaptation, cost, causality or population effects.",failure_diagnostics,diagnostic
mwaskom__seaborn-3407,issue_resolution,mwaskom/seaborn,python,human,mwaskom__seaborn-3407-d365,365,checkpoint_replay_completed,replay_completed,replay status explicitly completed,True,0.0,NA,NA,NA,NA,2f5ea60930b96b461107a564ee706aca9d00a6d3,SWE-bench Lite local record; F2P-only pilot,a1d60cf5bd6ca42f45bbd89aef9d736758cdf9ca4c81357efddf7fb78a942b1a,"{""build"": {""returncode"": 0, ""timed_out"": false, ""duration_seconds"": 1.005, ""stdout_sha256"": ""e3b0c44298fc1c149afbf4c8996fb92427ae41e4649b934ca495991b7852b855"", ""stderr_sha256"": ""e3b0c44298fc1c149afbf4c8996fb92427ae41e4649b934ca495991b7852b855"", ""stdout_head"": """", ""stderr_head"": """", ""stdout_tail"": """", ""stderr_tail"": """"}, ""future_test"": {""returncode"": 4, ""timed_out"": false, ""duration_seconds"": 1.221, ""stdout_sha256"": ""697d74d5dfb80dfc018963906b2a0b54643d82d0fd9e4e9f1eb681ccc761d920"", ""stderr_sha256"": ""77e00fce2916f093f7a8d142d937b887ef47a27b77e43a6161efb9c0d2c114d7"", ""stdout_head"": ""\r\n=================================== ERRORS ====================================\r\n___________________ ERROR collecting tests/test_axisgrid.py ___________________\r\nImportError while importing test module '[LOCAL_DRIVE]/lossoracc\\analysis_outputs\\work2_30_task_multicheckpoint_replay_current_20260901_v2\\scratch\\task_j6afc5sp\\branch_human\\tests\\test_axisgrid.py'.\r\nHint: make sure your test modules/packages have valid Python names.\r\nTraceback:\r\nD:\\python13\\Lib\\importlib\\__init__.py:88: in import_module\r\n    return _bootstrap._gcd_import(name[level:], package, level)\r\n           ^^^^^^^^^^^^^^^^^^^^^^^^^^^^^^^^^^^^^^^^^^^^^^^^^^^^\r\ntests\\test_axisgrid.py:3: in <module>\r\n    import matplotlib as mpl\r\nE   ModuleNotFoundError: No module named 'matplotlib'\r\n=========================== short test summary info ===========================\r\nERROR tests/test_axisgrid.py\r\n1 error in 0.23s\r\n"", ""stderr_head"": ""ERROR: found no collectors for [LOCAL_DRIVE]/lossoracc\\analysis_outputs\\work2_30_task_multicheckpoint_replay_current_20260901_v2\\scratch\\task_j6afc5sp\\branch_human\\tests\\test_axisgrid.py::TestPairGrid::test_pairplot_column_multiindex\r\n\r\n"", ""stdout_tail"": ""\r\n=================================== ERRORS ====================================\r\n___________________ ERROR collecting tests/test_axisgrid.py ___________________\r\nImportError while importing test module '[LOCAL_DRIVE]/lossoracc\\analysis_outputs\\work2_30_task_multicheckpoint_replay_current_20260901_v2\\scratch\\task_j6afc5sp\\branch_human\\tests\\test_axisgrid.py'.\r\nHint: make sure your test modules/packages have valid Python names.\r\nTraceback:\r\nD:\\python13\\Lib\\importlib\\__init__.py:88: in import_module\r\n    return _bootstrap._gcd_import(name[level:], package, level)\r\n           ^^^^^^^^^^^^^^^^^^^^^^^^^^^^^^^^^^^^^^^^^^^^^^^^^^^^\r\ntests\\test_axisgrid.py:3: in <module>\r\n    import matplotlib as mpl\r\nE   ModuleNotFoundError: No module named 'matplotlib'\r\n=========================== short test summary info ===========================\r\nERROR tests/test_axisgrid.py\r\n1 error in 0.23s\r\n"", ""stderr_tail"": ""ERROR: found no collectors for [LOCAL_DRIVE]/lossoracc\\analysis_outputs\\work2_30_task_multicheckpoint_replay_current_20260901_v2\\scratch\\task_j6afc5sp\\branch_human\\tests\\test_axisgrid.py::TestPairGrid::test_pairplot_column_multiindex\r\n\r\n""}}",0,0,0,"Provider-free replay diagnostics and checkpoint transitions. F1 labels are setup/source proxies, F2 is an observed textual-conflict status, and none of these rows estimate survival, behavior, adaptation, cost, causality or population effects.",failure_diagnostics,diagnostic
mwaskom__seaborn-3407,issue_resolution,mwaskom/seaborn,python,OrcaLoca,mwaskom__seaborn-3407-d365,365,checkpoint_replay_completed,replay_completed,replay status explicitly completed,True,0.0,NA,NA,NA,NA,2f5ea60930b96b461107a564ee706aca9d00a6d3,SWE-bench Lite local record; F2P-only pilot,a38c0171ff34abc9c3fe344e6dcf9299cfe0e22e6d60c69dffeacec930d4b769,"{""build"": {""returncode"": 0, ""timed_out"": false, ""duration_seconds"": 1.075, ""stdout_sha256"": ""e3b0c44298fc1c149afbf4c8996fb92427ae41e4649b934ca495991b7852b855"", ""stderr_sha256"": ""e3b0c44298fc1c149afbf4c8996fb92427ae41e4649b934ca495991b7852b855"", ""stdout_head"": """", ""stderr_head"": """", ""stdout_tail"": """", ""stderr_tail"": """"}, ""future_test"": {""returncode"": 4, ""timed_out"": false, ""duration_seconds"": 1.36, ""stdout_sha256"": ""f595275556b16fe4155217f162c9a3f017d6604e09d5bc1320e9efbac4c27988"", ""stderr_sha256"": ""c715f4ad23af5d76272d22eccbb072d1d429f148e355c785d26bc2edb7fb4ad1"", ""stdout_head"": ""\r\n=================================== ERRORS ====================================\r\n___________________ ERROR collecting tests/test_axisgrid.py ___________________\r\nImportError while importing test module '[LOCAL_DRIVE]/lossoracc\\analysis_outputs\\work2_30_task_multicheckpoint_replay_current_20260901_v2\\scratch\\task_j6afc5sp\\branch_OrcaLoca\\tests\\test_axisgrid.py'.\r\nHint: make sure your test modules/packages have valid Python names.\r\nTraceback:\r\nD:\\python13\\Lib\\importlib\\__init__.py:88: in import_module\r\n    return _bootstrap._gcd_import(name[level:], package, level)\r\n           ^^^^^^^^^^^^^^^^^^^^^^^^^^^^^^^^^^^^^^^^^^^^^^^^^^^^\r\ntests\\test_axisgrid.py:3: in <module>\r\n    import matplotlib as mpl\r\nE   ModuleNotFoundError: No module named 'matplotlib'\r\n=========================== short test summary info ===========================\r\nERROR tests/test_axisgrid.py\r\n1 error in 0.24s\r\n"", ""stderr_head"": ""ERROR: found no collectors for [LOCAL_DRIVE]/lossoracc\\analysis_outputs\\work2_30_task_multicheckpoint_replay_current_20260901_v2\\scratch\\task_j6afc5sp\\branch_OrcaLoca\\tests\\test_axisgrid.py::TestPairGrid::test_pairplot_column_multiindex\r\n\r\n"", ""stdout_tail"": ""\r\n=================================== ERRORS ====================================\r\n___________________ ERROR collecting tests/test_axisgrid.py ___________________\r\nImportError while importing test module '[LOCAL_DRIVE]/lossoracc\\analysis_outputs\\work2_30_task_multicheckpoint_replay_current_20260901_v2\\scratch\\task_j6afc5sp\\branch_OrcaLoca\\tests\\test_axisgrid.py'.\r\nHint: make sure your test modules/packages have valid Python names.\r\nTraceback:\r\nD:\\python13\\Lib\\importlib\\__init__.py:88: in import_module\r\n    return _bootstrap._gcd_import(name[level:], package, level)\r\n           ^^^^^^^^^^^^^^^^^^^^^^^^^^^^^^^^^^^^^^^^^^^^^^^^^^^^\r\ntests\\test_axisgrid.py:3: in <module>\r\n    import matplotlib as mpl\r\nE   ModuleNotFoundError: No module named 'matplotlib'\r\n=========================== short test summary info ===========================\r\nERROR tests/test_axisgrid.py\r\n1 error in 0.24s\r\n"", ""stderr_tail"": ""ERROR: found no collectors for [LOCAL_DRIVE]/lossoracc\\analysis_outputs\\work2_30_task_multicheckpoint_replay_current_20260901_v2\\scratch\\task_j6afc5sp\\branch_OrcaLoca\\tests\\test_axisgrid.py::TestPairGrid::test_pairplot_column_multiindex\r\n\r\n""}}",0,0,0,"Provider-free replay diagnostics and checkpoint transitions. F1 labels are setup/source proxies, F2 is an observed textual-conflict status, and none of these rows estimate survival, behavior, adaptation, cost, causality or population effects.",failure_diagnostics,diagnostic
scikit-learn__scikit-learn-11040,issue_resolution,scikit-learn/scikit-learn,python,human,scikit-learn__scikit-learn-11040-d30,30,checkpoint_replay_completed,replay_completed,replay status explicitly completed,True,0.0,NA,NA,NA,NA,cb3c704fa12ff42d15bac7e241208df3d58c3cf8,SWE-bench Lite local record; F2P-only pilot,d770bda380b128a8d911b61f4694928eba0685d0585a1c7a32f0f28b05aaa7b2,"{""build"": {""returncode"": 0, ""timed_out"": false, ""duration_seconds"": 6.904, ""stdout_sha256"": ""e3b0c44298fc1c149afbf4c8996fb92427ae41e4649b934ca495991b7852b855"", ""stderr_sha256"": ""c84198da0ebd74c4280fa69acd0b43dccbb98a6808a6229d05c6d54ce1586699"", ""stdout_head"": """", ""stderr_head"": "".\\benchmarks\\bench_plot_randomized_svd.py:242: SyntaxWarning: \""is not\"" with 'str' literal. Did you mean \""!=\""?\r\n  if method is not 'fbpca':\r\n.\\examples\\applications\\svm_gui.py:171: SyntaxWarning: invalid escape sequence '\\e'\r\n  self.ax.text(-20, -60, \""RBF: $\\exp (-\\gamma \\| u-v \\|^2)$\"")\r\n.\\examples\\applications\\svm_gui.py:172: SyntaxWarning: invalid escape sequence '\\g'\r\n  self.ax.text(10, -60, \""Poly: $(\\gamma \\, u^T v + r)^d$\"")\r\n.\\examples\\decomposition\\plot_kernel_pca.py:67: SyntaxWarning: invalid escape sequence '\\p'\r\n  plt.xlabel(\""1st principal component in space induced by $\\phi$\"")\r\n.\\examples\\ensemble\\plot_adaboost_multiclass.py:11: SyntaxWarning: invalid escape sequence '\\c'\r\n  of the :math:`\\chi^2` distribution).\r\n.\\examples\\ensemble\\plot_bias_variance.py:164: SyntaxWarning: invalid escape sequence '\\^'\r\n  plt.plot(X_test, y_predict[:, i], \""r\"", label=\""$\\^y(x)$\"")\r\n.\\examples\\ensemble\\plot_bias_variance.py:169: SyntaxWarning: invalid escape sequence '\\m'\r\n  label=\""$\\mathbb{E}_{LS} \\^y(x)$\"")\r\n.\\examples\\ensemble\\plot_gradient_boosting_quantile.py:67: SyntaxWarning: invalid escape sequence '\\,'\r\n  plt.plot(xx, f(xx), 'g:', label=u'$f(x) = x\\,\\sin(x)$')\r\n.\\examples\\gaussian_process\\plot_gpc_isoprobability.py:81: SyntaxWarning: invalid escape sequence '\\m'\r\n  cb.set_label('${\\\\rm \\mathbb{P}}\\left[\\widehat{G}(\\mathbf{x}) \\leq 0\\\\right]$')\r\n.\\examples\\gaussian_process\\plot_gpr_noisy_targets.py:65: SyntaxWarning: invalid escape sequence '\\,'\r\n  plt.plot(x, f(x), 'r:', label=u'$f(x) = x\\,\\sin(x)$')\r\n.\\examples\\gaussian_process\\plot_gpr_noisy_targets.py:101: SyntaxWarning: invalid escape sequence '\\,'\r\n  plt.plot(x, f(x), 'r:', label=u'$f(x) = x\\,\\sin(x)$')\r\n.\\examples\\model_selection\\plot_learning_curve.py:119: SyntaxWarning: invalid escape sequence '\\g'\r\n  title = \""Learning Curves (SVM, RBF kernel, $\\gamma=0.001$)\""\r\n.\\examples\\model_selection\\plot_validation_curve.py:36: SyntaxWarning: invalid escape sequence '\\g'\r\n  plt.xlabel(\""$\\gamma$\"")\r\n.\\examples\\preprocessing\\plot_power_transformer.py:103: SyntaxWarning: invalid escape sequence '\\l'\r\n  ax_trans.set_title('{} after Box-Cox, $\\lambda$ = {}'.format(name, lmbda),\r\n.\\examples\\svm\\plot_svm_scale_c.py:15: SyntaxWarning: invalid escape sequence '\\s'\r\n  C \\sum_{i=1, n} \\mathcal{L} (f(x_i), y_i) + \\Omega (w)\r\n.\\sklearn\\cluster\\tests\\test_k_means.py:885: SyntaxWarning: invalid escape sequence '\\('\r\n  msg = \""The shape of the initial centers \\(\\(4L?, 4L?\\)\\) \"" \\\r\n.\\sklearn\\cluster\\tests\\test_k_means.py:968: SyntaxW"", ""stdout_tail"": """", ""stderr_tail"": ""plot_svm_scale_c.py:15: SyntaxWarning: invalid escape sequence '\\s'\r\n  C \\sum_{i=1, n} \\mathcal{L} (f(x_i), y_i) + \\Omega (w)\r\n.\\sklearn\\cluster\\tests\\test_k_means.py:885: SyntaxWarning: invalid escape sequence '\\('\r\n  msg = \""The shape of the initial centers \\(\\(4L?, 4L?\\)\\) \"" \\\r\n.\\sklearn\\cluster\\tests\\test_k_means.py:968: SyntaxWarning: invalid escape sequence '\\('\r\n  assert_raises_regex(ValueError, 'len\\(sample_weight\\)', km.fit, X,\r\n.\\sklearn\\datasets\\lfw.py:174: SyntaxWarning: \""is\"" with 'int' literal. Did you mean \""==\""?\r\n  if img.ndim is 0:\r\n.\\sklearn\\model_selection\\tests\\test_search.py:855: SyntaxWarning: \""is not\"" with 'str' literal. Did you mean \""!=\""?\r\n  if k is not 'rank_test_score')\r\n.\\sklearn\\model_selection\\tests\\test_search.py:858: SyntaxWarning: \""is not\"" with 'str' literal. Did you mean \""!=\""?\r\n  k is not 'rank_test_score')\r\n.\\sklearn\\model_selection\\tests\\test_validation.py:1345: SyntaxWarning: \""is\"" with 'str' literal. Did you mean \""==\""?\r\n  if method is 'predict_proba':\r\n""}, ""future_test"": {""returncode"": 4, ""timed_out"": false, ""duration_seconds"": 0.518, ""stdout_sha256"": ""f8c7ac5db6bd8ba4d2b01fd941e19bfe0c10d15e00c0437df9c2486ec42792e4"", ""stderr_sha256"": ""adbaacc78e0fbda9a78da7bba85dd6e5749119d41ccfa78c9ddcec24f5d159dd"", ""stdout_head"": ""\r\n=================================== ERRORS ====================================\r\n_________ ERROR collecting sklearn/neighbors/tests/test_neighbors.py __________\r\nImportError while importing test module '[LOCAL_DRIVE]/lossoracc\\analysis_outputs\\work2_30_task_multicheckpoint_replay_current_20260901_v2\\scratch\\task_943gpwwj\\branch_human\\sklearn\\neighbors\\tests\\test_neighbors.py'.\r\nHint: make sure your test modules/packages have valid Python names.\r\nTraceback:\r\nsklearn\\__check_build\\__init__.py:44: in <module>\r\n    from ._check_build import check_build  # noqa\r\n    ^^^^^^^^^^^^^^^^^^^^^^^^^^^^^^^^^^^^^\r\nE   ModuleNotFoundError: No module named 'sklearn.__check_build._check_build'\r\n\r\nDuring handling of the above exception, another exception occurred:\r\nD:\\python13\\Lib\\importlib\\__init__.py:88: in import_module\r\n    return _bootstrap._gcd_import(name[level:], package, level)\r\n           ^^^^^^^^^^^^^^^^^^^^^^^^^^^^^^^^^^^^^^^^^^^^^^^^^^^^\r\nsklearn\\__init__.py:63: in <module>\r\n    from . import __check_build\r\nsklearn\\__check_build\\__init__.py:46: in <module>\r\n    raise_build_error(e)\r\nsklearn\\__check_build\\__init__.py:31: in raise_build_error\r\n    raise ImportError(\""\""\""%s\r\nE   ImportError: No module named 'sklearn.__check_build._check_build'\r\nE   ___________________________________________________________________________\r\nE   Contents of [LOCAL_DRIVE]/lossoracc\\analysis_outputs\\work2_30_task_multicheckpoint_replay_current_20260901_v2\\scratch\\task_943gpwwj\\branch_human\\sklearn\\__check_build:\r\nE   setup.py                  _check_build.pyx          __init__.py\r\nE   __pycache__\r\nE   ___________________________________________________________________________\r\nE   It seems that scikit-learn has not been built correctly.\r\nE   \r\nE   If you have installed scikit-learn from source, please do not forget\r\nE   to build the package before using it: run `python setup.py install` or\r\nE   `make` in the source directory.\r\nE   \r\nE   If you have used an installer, please check that it is suited for your\r\nE   Python version, your operating system and your platform.\r\n=========================== short test summary info ===========================\r\nERROR sklearn/neighbors/tests/test_neighbors.py\r\n1 error in 0.05s\r\n"", ""stderr_head"": ""ERROR: found no collectors for [LOCAL_DRIVE]/lossoracc\\analysis_outputs\\work2_30_task_multicheckpoint_replay_current_20260901_v2\\scratch\\task_943gpwwj\\branch_human\\sklearn\\neighbors\\tests\\test_neighbors.py::test_n_neighbors_datatype\r\n\r\n"", ""stdout_tail"": ""amed 'sklearn.__check_build._check_build'\r\nE   ___________________________________________________________________________\r\nE   Contents of [LOCAL_DRIVE]/lossoracc\\analysis_outputs\\work2_30_task_multicheckpoint_replay_current_20260901_v2\\scratch\\task_943gpwwj\\branch_human\\sklearn\\__check_build:\r\nE   setup.py                  _check_build.pyx          __init__.py\r\nE   __pycache__\r\nE   ___________________________________________________________________________\r\nE   It seems that scikit-learn has not been built correctly.\r\nE   \r\nE   If you have installed scikit-learn from source, please do not forget\r\nE   to build the package before using it: run `python setup.py install` or\r\nE   `make` in the source directory.\r\nE   \r\nE   If you have used an installer, please check that it is suited for your\r\nE   Python version, your operating system and your platform.\r\n=========================== short test summary info ===========================\r\nERROR sklearn/neighbors/tests/test_neighbors.py\r\n1 error in 0.05s\r\n"", ""stderr_tail"": ""ERROR: found no collectors for [LOCAL_DRIVE]/lossoracc\\analysis_outputs\\work2_30_task_multicheckpoint_replay_current_20260901_v2\\scratch\\task_943gpwwj\\branch_human\\sklearn\\neighbors\\tests\\test_neighbors.py::test_n_neighbors_datatype\r\n\r\n""}}",0,0,0,"Provider-free replay diagnostics and checkpoint transitions. F1 labels are setup/source proxies, F2 is an observed textual-conflict status, and none of these rows estimate survival, behavior, adaptation, cost, causality or population effects.",failure_diagnostics,diagnostic
scikit-learn__scikit-learn-11040,issue_resolution,scikit-learn/scikit-learn,python,OrcaLoca,scikit-learn__scikit-learn-11040-d30,30,checkpoint_replay_completed,replay_completed,replay status explicitly completed,True,0.0,NA,NA,NA,NA,cb3c704fa12ff42d15bac7e241208df3d58c3cf8,SWE-bench Lite local record; F2P-only pilot,268a7b1fcefca83185cd0db40131a40fd413027d6e043c0dd0a0f709e48ff62d,"{""build"": {""returncode"": 0, ""timed_out"": false, ""duration_seconds"": 4.568, ""stdout_sha256"": ""e3b0c44298fc1c149afbf4c8996fb92427ae41e4649b934ca495991b7852b855"", ""stderr_sha256"": ""c84198da0ebd74c4280fa69acd0b43dccbb98a6808a6229d05c6d54ce1586699"", ""stdout_head"": """", ""stderr_head"": "".\\benchmarks\\bench_plot_randomized_svd.py:242: SyntaxWarning: \""is not\"" with 'str' literal. Did you mean \""!=\""?\r\n  if method is not 'fbpca':\r\n.\\examples\\applications\\svm_gui.py:171: SyntaxWarning: invalid escape sequence '\\e'\r\n  self.ax.text(-20, -60, \""RBF: $\\exp (-\\gamma \\| u-v \\|^2)$\"")\r\n.\\examples\\applications\\svm_gui.py:172: SyntaxWarning: invalid escape sequence '\\g'\r\n  self.ax.text(10, -60, \""Poly: $(\\gamma \\, u^T v + r)^d$\"")\r\n.\\examples\\decomposition\\plot_kernel_pca.py:67: SyntaxWarning: invalid escape sequence '\\p'\r\n  plt.xlabel(\""1st principal component in space induced by $\\phi$\"")\r\n.\\examples\\ensemble\\plot_adaboost_multiclass.py:11: SyntaxWarning: invalid escape sequence '\\c'\r\n  of the :math:`\\chi^2` distribution).\r\n.\\examples\\ensemble\\plot_bias_variance.py:164: SyntaxWarning: invalid escape sequence '\\^'\r\n  plt.plot(X_test, y_predict[:, i], \""r\"", label=\""$\\^y(x)$\"")\r\n.\\examples\\ensemble\\plot_bias_variance.py:169: SyntaxWarning: invalid escape sequence '\\m'\r\n  label=\""$\\mathbb{E}_{LS} \\^y(x)$\"")\r\n.\\examples\\ensemble\\plot_gradient_boosting_quantile.py:67: SyntaxWarning: invalid escape sequence '\\,'\r\n  plt.plot(xx, f(xx), 'g:', label=u'$f(x) = x\\,\\sin(x)$')\r\n.\\examples\\gaussian_process\\plot_gpc_isoprobability.py:81: SyntaxWarning: invalid escape sequence '\\m'\r\n  cb.set_label('${\\\\rm \\mathbb{P}}\\left[\\widehat{G}(\\mathbf{x}) \\leq 0\\\\right]$')\r\n.\\examples\\gaussian_process\\plot_gpr_noisy_targets.py:65: SyntaxWarning: invalid escape sequence '\\,'\r\n  plt.plot(x, f(x), 'r:', label=u'$f(x) = x\\,\\sin(x)$')\r\n.\\examples\\gaussian_process\\plot_gpr_noisy_targets.py:101: SyntaxWarning: invalid escape sequence '\\,'\r\n  plt.plot(x, f(x), 'r:', label=u'$f(x) = x\\,\\sin(x)$')\r\n.\\examples\\model_selection\\plot_learning_curve.py:119: SyntaxWarning: invalid escape sequence '\\g'\r\n  title = \""Learning Curves (SVM, RBF kernel, $\\gamma=0.001$)\""\r\n.\\examples\\model_selection\\plot_validation_curve.py:36: SyntaxWarning: invalid escape sequence '\\g'\r\n  plt.xlabel(\""$\\gamma$\"")\r\n.\\examples\\preprocessing\\plot_power_transformer.py:103: SyntaxWarning: invalid escape sequence '\\l'\r\n  ax_trans.set_title('{} after Box-Cox, $\\lambda$ = {}'.format(name, lmbda),\r\n.\\examples\\svm\\plot_svm_scale_c.py:15: SyntaxWarning: invalid escape sequence '\\s'\r\n  C \\sum_{i=1, n} \\mathcal{L} (f(x_i), y_i) + \\Omega (w)\r\n.\\sklearn\\cluster\\tests\\test_k_means.py:885: SyntaxWarning: invalid escape sequence '\\('\r\n  msg = \""The shape of the initial centers \\(\\(4L?, 4L?\\)\\) \"" \\\r\n.\\sklearn\\cluster\\tests\\test_k_means.py:968: SyntaxW"", ""stdout_tail"": """", ""stderr_tail"": ""plot_svm_scale_c.py:15: SyntaxWarning: invalid escape sequence '\\s'\r\n  C \\sum_{i=1, n} \\mathcal{L} (f(x_i), y_i) + \\Omega (w)\r\n.\\sklearn\\cluster\\tests\\test_k_means.py:885: SyntaxWarning: invalid escape sequence '\\('\r\n  msg = \""The shape of the initial centers \\(\\(4L?, 4L?\\)\\) \"" \\\r\n.\\sklearn\\cluster\\tests\\test_k_means.py:968: SyntaxWarning: invalid escape sequence '\\('\r\n  assert_raises_regex(ValueError, 'len\\(sample_weight\\)', km.fit, X,\r\n.\\sklearn\\datasets\\lfw.py:174: SyntaxWarning: \""is\"" with 'int' literal. Did you mean \""==\""?\r\n  if img.ndim is 0:\r\n.\\sklearn\\model_selection\\tests\\test_search.py:855: SyntaxWarning: \""is not\"" with 'str' literal. Did you mean \""!=\""?\r\n  if k is not 'rank_test_score')\r\n.\\sklearn\\model_selection\\tests\\test_search.py:858: SyntaxWarning: \""is not\"" with 'str' literal. Did you mean \""!=\""?\r\n  k is not 'rank_test_score')\r\n.\\sklearn\\model_selection\\tests\\test_validation.py:1345: SyntaxWarning: \""is\"" with 'str' literal. Did you mean \""==\""?\r\n  if method is 'predict_proba':\r\n""}, ""future_test"": {""returncode"": 4, ""timed_out"": false, ""duration_seconds"": 0.589, ""stdout_sha256"": ""48789a5d1193ede36da7b0b7070731643c2cdca19b92f34bdc7a36ccb41ccfb4"", ""stderr_sha256"": ""0c4b845a4c73de3c9eba91c433300913a7321a9a17d3b5469a1893499141c79e"", ""stdout_head"": ""\r\n=================================== ERRORS ====================================\r\n_________ ERROR collecting sklearn/neighbors/tests/test_neighbors.py __________\r\nImportError while importing test module '[LOCAL_DRIVE]/lossoracc\\analysis_outputs\\work2_30_task_multicheckpoint_replay_current_20260901_v2\\scratch\\task_943gpwwj\\branch_OrcaLoca\\sklearn\\neighbors\\tests\\test_neighbors.py'.\r\nHint: make sure your test modules/packages have valid Python names.\r\nTraceback:\r\nsklearn\\__check_build\\__init__.py:44: in <module>\r\n    from ._check_build import check_build  # noqa\r\n    ^^^^^^^^^^^^^^^^^^^^^^^^^^^^^^^^^^^^^\r\nE   ModuleNotFoundError: No module named 'sklearn.__check_build._check_build'\r\n\r\nDuring handling of the above exception, another exception occurred:\r\nD:\\python13\\Lib\\importlib\\__init__.py:88: in import_module\r\n    return _bootstrap._gcd_import(name[level:], package, level)\r\n           ^^^^^^^^^^^^^^^^^^^^^^^^^^^^^^^^^^^^^^^^^^^^^^^^^^^^\r\nsklearn\\__init__.py:63: in <module>\r\n    from . import __check_build\r\nsklearn\\__check_build\\__init__.py:46: in <module>\r\n    raise_build_error(e)\r\nsklearn\\__check_build\\__init__.py:31: in raise_build_error\r\n    raise ImportError(\""\""\""%s\r\nE   ImportError: No module named 'sklearn.__check_build._check_build'\r\nE   ___________________________________________________________________________\r\nE   Contents of [LOCAL_DRIVE]/lossoracc\\analysis_outputs\\work2_30_task_multicheckpoint_replay_current_20260901_v2\\scratch\\task_943gpwwj\\branch_OrcaLoca\\sklearn\\__check_build:\r\nE   setup.py                  _check_build.pyx          __init__.py\r\nE   __pycache__\r\nE   ___________________________________________________________________________\r\nE   It seems that scikit-learn has not been built correctly.\r\nE   \r\nE   If you have installed scikit-learn from source, please do not forget\r\nE   to build the package before using it: run `python setup.py install` or\r\nE   `make` in the source directory.\r\nE   \r\nE   If you have used an installer, please check that it is suited for your\r\nE   Python version, your operating system and your platform.\r\n=========================== short test summary info ===========================\r\nERROR sklearn/neighbors/tests/test_neighbors.py\r\n1 error in 0.06s\r\n"", ""stderr_head"": ""ERROR: found no collectors for [LOCAL_DRIVE]/lossoracc\\analysis_outputs\\work2_30_task_multicheckpoint_replay_current_20260901_v2\\scratch\\task_943gpwwj\\branch_OrcaLoca\\sklearn\\neighbors\\tests\\test_neighbors.py::test_n_neighbors_datatype\r\n\r\n"", ""stdout_tail"": ""d 'sklearn.__check_build._check_build'\r\nE   ___________________________________________________________________________\r\nE   Contents of [LOCAL_DRIVE]/lossoracc\\analysis_outputs\\work2_30_task_multicheckpoint_replay_current_20260901_v2\\scratch\\task_943gpwwj\\branch_OrcaLoca\\sklearn\\__check_build:\r\nE   setup.py                  _check_build.pyx          __init__.py\r\nE   __pycache__\r\nE   ___________________________________________________________________________\r\nE   It seems that scikit-learn has not been built correctly.\r\nE   \r\nE   If you have installed scikit-learn from source, please do not forget\r\nE   to build the package before using it: run `python setup.py install` or\r\nE   `make` in the source directory.\r\nE   \r\nE   If you have used an installer, please check that it is suited for your\r\nE   Python version, your operating system and your platform.\r\n=========================== short test summary info ===========================\r\nERROR sklearn/neighbors/tests/test_neighbors.py\r\n1 error in 0.06s\r\n"", ""stderr_tail"": ""ERROR: found no collectors for [LOCAL_DRIVE]/lossoracc\\analysis_outputs\\work2_30_task_multicheckpoint_replay_current_20260901_v2\\scratch\\task_943gpwwj\\branch_OrcaLoca\\sklearn\\neighbors\\tests\\test_neighbors.py::test_n_neighbors_datatype\r\n\r\n""}}",0,0,0,"Provider-free replay diagnostics and checkpoint transitions. F1 labels are setup/source proxies, F2 is an observed textual-conflict status, and none of these rows estimate survival, behavior, adaptation, cost, causality or population effects.",failure_diagnostics,diagnostic
scikit-learn__scikit-learn-11040,issue_resolution,scikit-learn/scikit-learn,python,human,scikit-learn__scikit-learn-11040-d90,90,checkpoint_replay_completed,replay_completed,replay status explicitly completed,True,0.0,NA,NA,NA,NA,f1c967883b0ab5efe06a205a404ec6899abc5048,SWE-bench Lite local record; F2P-only pilot,d770bda380b128a8d911b61f4694928eba0685d0585a1c7a32f0f28b05aaa7b2,"{""build"": {""returncode"": 0, ""timed_out"": false, ""duration_seconds"": 5.19, ""stdout_sha256"": ""e3b0c44298fc1c149afbf4c8996fb92427ae41e4649b934ca495991b7852b855"", ""stderr_sha256"": ""6b2cb268de786dfdb90dd7bba947de22eab52691b1e2d306077cfc472dc41335"", ""stdout_head"": """", ""stderr_head"": "".\\benchmarks\\bench_plot_randomized_svd.py:242: SyntaxWarning: \""is not\"" with 'str' literal. Did you mean \""!=\""?\r\n  if method is not 'fbpca':\r\n.\\examples\\applications\\svm_gui.py:171: SyntaxWarning: invalid escape sequence '\\e'\r\n  self.ax.text(-20, -60, \""RBF: $\\exp (-\\gamma \\| u-v \\|^2)$\"")\r\n.\\examples\\applications\\svm_gui.py:172: SyntaxWarning: invalid escape sequence '\\g'\r\n  self.ax.text(10, -60, \""Poly: $(\\gamma \\, u^T v + r)^d$\"")\r\n.\\examples\\decomposition\\plot_kernel_pca.py:67: SyntaxWarning: invalid escape sequence '\\p'\r\n  plt.xlabel(\""1st principal component in space induced by $\\phi$\"")\r\n.\\examples\\ensemble\\plot_adaboost_multiclass.py:11: SyntaxWarning: invalid escape sequence '\\c'\r\n  of the :math:`\\chi^2` distribution).\r\n.\\examples\\ensemble\\plot_bias_variance.py:164: SyntaxWarning: invalid escape sequence '\\^'\r\n  plt.plot(X_test, y_predict[:, i], \""r\"", label=\""$\\^y(x)$\"")\r\n.\\examples\\ensemble\\plot_bias_variance.py:169: SyntaxWarning: invalid escape sequence '\\m'\r\n  label=\""$\\mathbb{E}_{LS} \\^y(x)$\"")\r\n.\\examples\\ensemble\\plot_gradient_boosting_quantile.py:67: SyntaxWarning: invalid escape sequence '\\,'\r\n  plt.plot(xx, f(xx), 'g:', label=u'$f(x) = x\\,\\sin(x)$')\r\n.\\examples\\gaussian_process\\plot_gpc_isoprobability.py:81: SyntaxWarning: invalid escape sequence '\\m'\r\n  cb.set_label('${\\\\rm \\mathbb{P}}\\left[\\widehat{G}(\\mathbf{x}) \\leq 0\\\\right]$')\r\n.\\examples\\gaussian_process\\plot_gpr_noisy_targets.py:65: SyntaxWarning: invalid escape sequence '\\,'\r\n  plt.plot(x, f(x), 'r:', label=u'$f(x) = x\\,\\sin(x)$')\r\n.\\examples\\gaussian_process\\plot_gpr_noisy_targets.py:101: SyntaxWarning: invalid escape sequence '\\,'\r\n  plt.plot(x, f(x), 'r:', label=u'$f(x) = x\\,\\sin(x)$')\r\n.\\examples\\model_selection\\plot_learning_curve.py:119: SyntaxWarning: invalid escape sequence '\\g'\r\n  title = \""Learning Curves (SVM, RBF kernel, $\\gamma=0.001$)\""\r\n.\\examples\\model_selection\\plot_validation_curve.py:36: SyntaxWarning: invalid escape sequence '\\g'\r\n  plt.xlabel(\""$\\gamma$\"")\r\n.\\examples\\preprocessing\\plot_map_data_to_normal.py:130: SyntaxWarning: invalid escape sequence '\\l'\r\n  title += '\\n$\\lambda$ = {}'.format(lmbda)\r\n.\\examples\\svm\\plot_svm_scale_c.py:15: SyntaxWarning: invalid escape sequence '\\s'\r\n  C \\sum_{i=1, n} \\mathcal{L} (f(x_i), y_i) + \\Omega (w)\r\n.\\sklearn\\cluster\\tests\\test_k_means.py:888: SyntaxWarning: invalid escape sequence '\\('\r\n  msg = \""The shape of the initial centers \\(\\(4L?, 4L?\\)\\) \"" \\\r\n.\\sklearn\\cluster\\tests\\test_k_means.py:972: SyntaxWarning: invalid escape sequence "", ""stdout_tail"": """", ""stderr_tail"": ""al. Did you mean \""==\""?\r\n  if n_splits is 'warn':\r\n.\\sklearn\\model_selection\\_split.py:496: SyntaxWarning: \""is\"" with 'str' literal. Did you mean \""==\""?\r\n  if n_splits is 'warn':\r\n.\\sklearn\\model_selection\\_split.py:597: SyntaxWarning: \""is\"" with 'str' literal. Did you mean \""==\""?\r\n  if n_splits is 'warn':\r\n.\\sklearn\\model_selection\\_split.py:751: SyntaxWarning: \""is\"" with 'str' literal. Did you mean \""==\""?\r\n  if n_splits is 'warn':\r\n.\\sklearn\\model_selection\\_split.py:1942: SyntaxWarning: \""is\"" with 'str' literal. Did you mean \""==\""?\r\n  if cv is 'warn':\r\n.\\sklearn\\model_selection\\tests\\test_search.py:886: SyntaxWarning: \""is not\"" with 'str' literal. Did you mean \""!=\""?\r\n  if k is not 'rank_test_score')\r\n.\\sklearn\\model_selection\\tests\\test_search.py:889: SyntaxWarning: \""is not\"" with 'str' literal. Did you mean \""!=\""?\r\n  k is not 'rank_test_score')\r\n.\\sklearn\\model_selection\\tests\\test_validation.py:1373: SyntaxWarning: \""is\"" with 'str' literal. Did you mean \""==\""?\r\n  if method is 'predict_proba':\r\n""}, ""future_test"": {""returncode"": 4, ""timed_out"": false, ""duration_seconds"": 0.561, ""stdout_sha256"": ""c16f1ae16351be46c3d82436da065fedba0d931955ffeb79ec1943a4b76b3be4"", ""stderr_sha256"": ""e2c38e6deadf47d28167ea27feab5b3a0899dd2aca132455755d090a3d5e6f96"", ""stdout_head"": ""\r\n=================================== ERRORS ====================================\r\n_________ ERROR collecting sklearn/neighbors/tests/test_neighbors.py __________\r\nImportError while importing test module '[LOCAL_DRIVE]/lossoracc\\analysis_outputs\\work2_30_task_multicheckpoint_replay_current_20260901_v2\\scratch\\task_q7oglead\\branch_human\\sklearn\\neighbors\\tests\\test_neighbors.py'.\r\nHint: make sure your test modules/packages have valid Python names.\r\nTraceback:\r\nsklearn\\__check_build\\__init__.py:44: in <module>\r\n    from ._check_build import check_build  # noqa\r\n    ^^^^^^^^^^^^^^^^^^^^^^^^^^^^^^^^^^^^^\r\nE   ModuleNotFoundError: No module named 'sklearn.__check_build._check_build'\r\n\r\nDuring handling of the above exception, another exception occurred:\r\nD:\\python13\\Lib\\importlib\\__init__.py:88: in import_module\r\n    return _bootstrap._gcd_import(name[level:], package, level)\r\n           ^^^^^^^^^^^^^^^^^^^^^^^^^^^^^^^^^^^^^^^^^^^^^^^^^^^^\r\nsklearn\\__init__.py:63: in <module>\r\n    from . import __check_build\r\nsklearn\\__check_build\\__init__.py:46: in <module>\r\n    raise_build_error(e)\r\nsklearn\\__check_build\\__init__.py:31: in raise_build_error\r\n    raise ImportError(\""\""\""%s\r\nE   ImportError: No module named 'sklearn.__check_build._check_build'\r\nE   ___________________________________________________________________________\r\nE   Contents of [LOCAL_DRIVE]/lossoracc\\analysis_outputs\\work2_30_task_multicheckpoint_replay_current_20260901_v2\\scratch\\task_q7oglead\\branch_human\\sklearn\\__check_build:\r\nE   setup.py                  _check_build.pyx          __init__.py\r\nE   __pycache__\r\nE   ___________________________________________________________________________\r\nE   It seems that scikit-learn has not been built correctly.\r\nE   \r\nE   If you have installed scikit-learn from source, please do not forget\r\nE   to build the package before using it: run `python setup.py install` or\r\nE   `make` in the source directory.\r\nE   \r\nE   If you have used an installer, please check that it is suited for your\r\nE   Python version, your operating system and your platform.\r\n=========================== short test summary info ===========================\r\nERROR sklearn/neighbors/tests/test_neighbors.py\r\n1 error in 0.06s\r\n"", ""stderr_head"": ""ERROR: found no collectors for [LOCAL_DRIVE]/lossoracc\\analysis_outputs\\work2_30_task_multicheckpoint_replay_current_20260901_v2\\scratch\\task_q7oglead\\branch_human\\sklearn\\neighbors\\tests\\test_neighbors.py::test_n_neighbors_datatype\r\n\r\n"", ""stdout_tail"": ""amed 'sklearn.__check_build._check_build'\r\nE   ___________________________________________________________________________\r\nE   Contents of [LOCAL_DRIVE]/lossoracc\\analysis_outputs\\work2_30_task_multicheckpoint_replay_current_20260901_v2\\scratch\\task_q7oglead\\branch_human\\sklearn\\__check_build:\r\nE   setup.py                  _check_build.pyx          __init__.py\r\nE   __pycache__\r\nE   ___________________________________________________________________________\r\nE   It seems that scikit-learn has not been built correctly.\r\nE   \r\nE   If you have installed scikit-learn from source, please do not forget\r\nE   to build the package before using it: run `python setup.py install` or\r\nE   `make` in the source directory.\r\nE   \r\nE   If you have used an installer, please check that it is suited for your\r\nE   Python version, your operating system and your platform.\r\n=========================== short test summary info ===========================\r\nERROR sklearn/neighbors/tests/test_neighbors.py\r\n1 error in 0.06s\r\n"", ""stderr_tail"": ""ERROR: found no collectors for [LOCAL_DRIVE]/lossoracc\\analysis_outputs\\work2_30_task_multicheckpoint_replay_current_20260901_v2\\scratch\\task_q7oglead\\branch_human\\sklearn\\neighbors\\tests\\test_neighbors.py::test_n_neighbors_datatype\r\n\r\n""}}",0,0,0,"Provider-free replay diagnostics and checkpoint transitions. F1 labels are setup/source proxies, F2 is an observed textual-conflict status, and none of these rows estimate survival, behavior, adaptation, cost, causality or population effects.",failure_diagnostics,diagnostic
scikit-learn__scikit-learn-11040,issue_resolution,scikit-learn/scikit-learn,python,OrcaLoca,scikit-learn__scikit-learn-11040-d90,90,checkpoint_replay_completed,replay_completed,replay status explicitly completed,True,0.0,NA,NA,NA,NA,f1c967883b0ab5efe06a205a404ec6899abc5048,SWE-bench Lite local record; F2P-only pilot,268a7b1fcefca83185cd0db40131a40fd413027d6e043c0dd0a0f709e48ff62d,"{""build"": {""returncode"": 0, ""timed_out"": false, ""duration_seconds"": 4.988, ""stdout_sha256"": ""e3b0c44298fc1c149afbf4c8996fb92427ae41e4649b934ca495991b7852b855"", ""stderr_sha256"": ""6b2cb268de786dfdb90dd7bba947de22eab52691b1e2d306077cfc472dc41335"", ""stdout_head"": """", ""stderr_head"": "".\\benchmarks\\bench_plot_randomized_svd.py:242: SyntaxWarning: \""is not\"" with 'str' literal. Did you mean \""!=\""?\r\n  if method is not 'fbpca':\r\n.\\examples\\applications\\svm_gui.py:171: SyntaxWarning: invalid escape sequence '\\e'\r\n  self.ax.text(-20, -60, \""RBF: $\\exp (-\\gamma \\| u-v \\|^2)$\"")\r\n.\\examples\\applications\\svm_gui.py:172: SyntaxWarning: invalid escape sequence '\\g'\r\n  self.ax.text(10, -60, \""Poly: $(\\gamma \\, u^T v + r)^d$\"")\r\n.\\examples\\decomposition\\plot_kernel_pca.py:67: SyntaxWarning: invalid escape sequence '\\p'\r\n  plt.xlabel(\""1st principal component in space induced by $\\phi$\"")\r\n.\\examples\\ensemble\\plot_adaboost_multiclass.py:11: SyntaxWarning: invalid escape sequence '\\c'\r\n  of the :math:`\\chi^2` distribution).\r\n.\\examples\\ensemble\\plot_bias_variance.py:164: SyntaxWarning: invalid escape sequence '\\^'\r\n  plt.plot(X_test, y_predict[:, i], \""r\"", label=\""$\\^y(x)$\"")\r\n.\\examples\\ensemble\\plot_bias_variance.py:169: SyntaxWarning: invalid escape sequence '\\m'\r\n  label=\""$\\mathbb{E}_{LS} \\^y(x)$\"")\r\n.\\examples\\ensemble\\plot_gradient_boosting_quantile.py:67: SyntaxWarning: invalid escape sequence '\\,'\r\n  plt.plot(xx, f(xx), 'g:', label=u'$f(x) = x\\,\\sin(x)$')\r\n.\\examples\\gaussian_process\\plot_gpc_isoprobability.py:81: SyntaxWarning: invalid escape sequence '\\m'\r\n  cb.set_label('${\\\\rm \\mathbb{P}}\\left[\\widehat{G}(\\mathbf{x}) \\leq 0\\\\right]$')\r\n.\\examples\\gaussian_process\\plot_gpr_noisy_targets.py:65: SyntaxWarning: invalid escape sequence '\\,'\r\n  plt.plot(x, f(x), 'r:', label=u'$f(x) = x\\,\\sin(x)$')\r\n.\\examples\\gaussian_process\\plot_gpr_noisy_targets.py:101: SyntaxWarning: invalid escape sequence '\\,'\r\n  plt.plot(x, f(x), 'r:', label=u'$f(x) = x\\,\\sin(x)$')\r\n.\\examples\\model_selection\\plot_learning_curve.py:119: SyntaxWarning: invalid escape sequence '\\g'\r\n  title = \""Learning Curves (SVM, RBF kernel, $\\gamma=0.001$)\""\r\n.\\examples\\model_selection\\plot_validation_curve.py:36: SyntaxWarning: invalid escape sequence '\\g'\r\n  plt.xlabel(\""$\\gamma$\"")\r\n.\\examples\\preprocessing\\plot_map_data_to_normal.py:130: SyntaxWarning: invalid escape sequence '\\l'\r\n  title += '\\n$\\lambda$ = {}'.format(lmbda)\r\n.\\examples\\svm\\plot_svm_scale_c.py:15: SyntaxWarning: invalid escape sequence '\\s'\r\n  C \\sum_{i=1, n} \\mathcal{L} (f(x_i), y_i) + \\Omega (w)\r\n.\\sklearn\\cluster\\tests\\test_k_means.py:888: SyntaxWarning: invalid escape sequence '\\('\r\n  msg = \""The shape of the initial centers \\(\\(4L?, 4L?\\)\\) \"" \\\r\n.\\sklearn\\cluster\\tests\\test_k_means.py:972: SyntaxWarning: invalid escape sequence "", ""stdout_tail"": """", ""stderr_tail"": ""al. Did you mean \""==\""?\r\n  if n_splits is 'warn':\r\n.\\sklearn\\model_selection\\_split.py:496: SyntaxWarning: \""is\"" with 'str' literal. Did you mean \""==\""?\r\n  if n_splits is 'warn':\r\n.\\sklearn\\model_selection\\_split.py:597: SyntaxWarning: \""is\"" with 'str' literal. Did you mean \""==\""?\r\n  if n_splits is 'warn':\r\n.\\sklearn\\model_selection\\_split.py:751: SyntaxWarning: \""is\"" with 'str' literal. Did you mean \""==\""?\r\n  if n_splits is 'warn':\r\n.\\sklearn\\model_selection\\_split.py:1942: SyntaxWarning: \""is\"" with 'str' literal. Did you mean \""==\""?\r\n  if cv is 'warn':\r\n.\\sklearn\\model_selection\\tests\\test_search.py:886: SyntaxWarning: \""is not\"" with 'str' literal. Did you mean \""!=\""?\r\n  if k is not 'rank_test_score')\r\n.\\sklearn\\model_selection\\tests\\test_search.py:889: SyntaxWarning: \""is not\"" with 'str' literal. Did you mean \""!=\""?\r\n  k is not 'rank_test_score')\r\n.\\sklearn\\model_selection\\tests\\test_validation.py:1373: SyntaxWarning: \""is\"" with 'str' literal. Did you mean \""==\""?\r\n  if method is 'predict_proba':\r\n""}, ""future_test"": {""returncode"": 4, ""timed_out"": false, ""duration_seconds"": 0.596, ""stdout_sha256"": ""8e8d0cae56ee399cbee7b48fa7652f5853572b9e67df1b521c970d2129d5b33f"", ""stderr_sha256"": ""aa07334cabd7c7eac37a67b4ab88730b0eb0d66253651982f27ff2b1015e33e7"", ""stdout_head"": ""\r\n=================================== ERRORS ====================================\r\n_________ ERROR collecting sklearn/neighbors/tests/test_neighbors.py __________\r\nImportError while importing test module '[LOCAL_DRIVE]/lossoracc\\analysis_outputs\\work2_30_task_multicheckpoint_replay_current_20260901_v2\\scratch\\task_q7oglead\\branch_OrcaLoca\\sklearn\\neighbors\\tests\\test_neighbors.py'.\r\nHint: make sure your test modules/packages have valid Python names.\r\nTraceback:\r\nsklearn\\__check_build\\__init__.py:44: in <module>\r\n    from ._check_build import check_build  # noqa\r\n    ^^^^^^^^^^^^^^^^^^^^^^^^^^^^^^^^^^^^^\r\nE   ModuleNotFoundError: No module named 'sklearn.__check_build._check_build'\r\n\r\nDuring handling of the above exception, another exception occurred:\r\nD:\\python13\\Lib\\importlib\\__init__.py:88: in import_module\r\n    return _bootstrap._gcd_import(name[level:], package, level)\r\n           ^^^^^^^^^^^^^^^^^^^^^^^^^^^^^^^^^^^^^^^^^^^^^^^^^^^^\r\nsklearn\\__init__.py:63: in <module>\r\n    from . import __check_build\r\nsklearn\\__check_build\\__init__.py:46: in <module>\r\n    raise_build_error(e)\r\nsklearn\\__check_build\\__init__.py:31: in raise_build_error\r\n    raise ImportError(\""\""\""%s\r\nE   ImportError: No module named 'sklearn.__check_build._check_build'\r\nE   ___________________________________________________________________________\r\nE   Contents of [LOCAL_DRIVE]/lossoracc\\analysis_outputs\\work2_30_task_multicheckpoint_replay_current_20260901_v2\\scratch\\task_q7oglead\\branch_OrcaLoca\\sklearn\\__check_build:\r\nE   setup.py                  _check_build.pyx          __init__.py\r\nE   __pycache__\r\nE   ___________________________________________________________________________\r\nE   It seems that scikit-learn has not been built correctly.\r\nE   \r\nE   If you have installed scikit-learn from source, please do not forget\r\nE   to build the package before using it: run `python setup.py install` or\r\nE   `make` in the source directory.\r\nE   \r\nE   If you have used an installer, please check that it is suited for your\r\nE   Python version, your operating system and your platform.\r\n=========================== short test summary info ===========================\r\nERROR sklearn/neighbors/tests/test_neighbors.py\r\n1 error in 0.06s\r\n"", ""stderr_head"": ""ERROR: found no collectors for [LOCAL_DRIVE]/lossoracc\\analysis_outputs\\work2_30_task_multicheckpoint_replay_current_20260901_v2\\scratch\\task_q7oglead\\branch_OrcaLoca\\sklearn\\neighbors\\tests\\test_neighbors.py::test_n_neighbors_datatype\r\n\r\n"", ""stdout_tail"": ""d 'sklearn.__check_build._check_build'\r\nE   ___________________________________________________________________________\r\nE   Contents of [LOCAL_DRIVE]/lossoracc\\analysis_outputs\\work2_30_task_multicheckpoint_replay_current_20260901_v2\\scratch\\task_q7oglead\\branch_OrcaLoca\\sklearn\\__check_build:\r\nE   setup.py                  _check_build.pyx          __init__.py\r\nE   __pycache__\r\nE   ___________________________________________________________________________\r\nE   It seems that scikit-learn has not been built correctly.\r\nE   \r\nE   If you have installed scikit-learn from source, please do not forget\r\nE   to build the package before using it: run `python setup.py install` or\r\nE   `make` in the source directory.\r\nE   \r\nE   If you have used an installer, please check that it is suited for your\r\nE   Python version, your operating system and your platform.\r\n=========================== short test summary info ===========================\r\nERROR sklearn/neighbors/tests/test_neighbors.py\r\n1 error in 0.06s\r\n"", ""stderr_tail"": ""ERROR: found no collectors for [LOCAL_DRIVE]/lossoracc\\analysis_outputs\\work2_30_task_multicheckpoint_replay_current_20260901_v2\\scratch\\task_q7oglead\\branch_OrcaLoca\\sklearn\\neighbors\\tests\\test_neighbors.py::test_n_neighbors_datatype\r\n\r\n""}}",0,0,0,"Provider-free replay diagnostics and checkpoint transitions. F1 labels are setup/source proxies, F2 is an observed textual-conflict status, and none of these rows estimate survival, behavior, adaptation, cost, causality or population effects.",failure_diagnostics,diagnostic
scikit-learn__scikit-learn-11040,issue_resolution,scikit-learn/scikit-learn,python,human,scikit-learn__scikit-learn-11040-d180,180,future_textual_conflict,F2_textual_conflict,replay status explicitly reports textual conflict,NA,NA,True,NA,NA,NA,dc883c7d9e64bd78854c63435c666af880043d76,SWE-bench Lite local record; F2P-only pilot,d770bda380b128a8d911b61f4694928eba0685d0585a1c7a32f0f28b05aaa7b2,"5bcd84be205ebfba6bb625615d3d1de6390a42cb: error: patch failed: sklearn/neighbors/tests/test_neighbors.py:128
error: sklearn/neighbors/tests/test_neighbors.py: patch does not apply
",0,0,0,"Provider-free replay diagnostics and checkpoint transitions. F1 labels are setup/source proxies, F2 is an observed textual-conflict status, and none of these rows estimate survival, behavior, adaptation, cost, causality or population effects.",failure_diagnostics,diagnostic
scikit-learn__scikit-learn-11040,issue_resolution,scikit-learn/scikit-learn,python,OrcaLoca,scikit-learn__scikit-learn-11040-d180,180,future_textual_conflict,F2_textual_conflict,replay status explicitly reports textual conflict,NA,NA,True,NA,NA,NA,dc883c7d9e64bd78854c63435c666af880043d76,SWE-bench Lite local record; F2P-only pilot,268a7b1fcefca83185cd0db40131a40fd413027d6e043c0dd0a0f709e48ff62d,"40e6c43cb49d6c1eb56faa46ca0ffa40ab6228b8: warning: sklearn/cluster/optics_.py has type 100644, expected 100755
error: patch failed: sklearn/neighbors/base.py:109
error: sklearn/neighbors/base.py: patch does not apply
",0,0,0,"Provider-free replay diagnostics and checkpoint transitions. F1 labels are setup/source proxies, F2 is an observed textual-conflict status, and none of these rows estimate survival, behavior, adaptation, cost, causality or population effects.",failure_diagnostics,diagnostic
scikit-learn__scikit-learn-11040,issue_resolution,scikit-learn/scikit-learn,python,human,scikit-learn__scikit-learn-11040-d365,365,future_textual_conflict,F2_textual_conflict,replay status explicitly reports textual conflict,NA,NA,True,NA,NA,NA,5d168ddaaa54d477bedcc135890b8cddbe248b23,SWE-bench Lite local record; F2P-only pilot,d770bda380b128a8d911b61f4694928eba0685d0585a1c7a32f0f28b05aaa7b2,"5bcd84be205ebfba6bb625615d3d1de6390a42cb: error: patch failed: sklearn/neighbors/tests/test_neighbors.py:128
error: sklearn/neighbors/tests/test_neighbors.py: patch does not apply
",0,0,0,"Provider-free replay diagnostics and checkpoint transitions. F1 labels are setup/source proxies, F2 is an observed textual-conflict status, and none of these rows estimate survival, behavior, adaptation, cost, causality or population effects.",failure_diagnostics,diagnostic
scikit-learn__scikit-learn-11040,issue_resolution,scikit-learn/scikit-learn,python,OrcaLoca,scikit-learn__scikit-learn-11040-d365,365,future_textual_conflict,F2_textual_conflict,replay status explicitly reports textual conflict,NA,NA,True,NA,NA,NA,5d168ddaaa54d477bedcc135890b8cddbe248b23,SWE-bench Lite local record; F2P-only pilot,268a7b1fcefca83185cd0db40131a40fd413027d6e043c0dd0a0f709e48ff62d,"40e6c43cb49d6c1eb56faa46ca0ffa40ab6228b8: warning: sklearn/cluster/optics_.py has type 100644, expected 100755
error: patch failed: sklearn/neighbors/base.py:109
error: sklearn/neighbors/base.py: patch does not apply
",0,0,0,"Provider-free replay diagnostics and checkpoint transitions. F1 labels are setup/source proxies, F2 is an observed textual-conflict status, and none of these rows estimate survival, behavior, adaptation, cost, causality or population effects.",failure_diagnostics,diagnostic
