task_id,repository,repo_path,base_commit,checkpoint_id,checkpoint_commit,days_after_t0,commit_ordinal_after_t0,commit,subject,changed_file_count,changed_paths,commit_type,target_paths,first_conflict_branch_count_at_checkpoint,source_objective_sha256,provider_calls,network_disabled,claim_boundary
mwaskom__seaborn-2848,mwaskom/seaborn,[LOCAL_DRIVE]/code\repos_lite_pro\mwaskom__seaborn,94621cef29f80282436d73e8d2c0aa76dab81273,mwaskom__seaborn-2848-d7,5ccd131e2b9abf7ebe335d429fba86fea9ca28d6,7,1,7b3e4dfd211190113d6d4e64d46882e1b2402ab6,Fix hue_order as a subset in scatterplot (#2848),3,doc/releases/v0.12.0.txt;seaborn/_oldcore.py;tests/test_relational.py,directly_overlapping,seaborn/_oldcore.py,0,a3eff2928e60880e264b0ba75ece3b38ec62b4d9609588a9211f19046b52df5b,0,True,Descriptive local Git future-history mechanism inventory; not semantic causality or survival evidence.
mwaskom__seaborn-2848,mwaskom/seaborn,[LOCAL_DRIVE]/code\repos_lite_pro\mwaskom__seaborn,94621cef29f80282436d73e8d2c0aa76dab81273,mwaskom__seaborn-2848-d7,5ccd131e2b9abf7ebe335d429fba86fea9ca28d6,7,2,1a27ce304d947bfdf77383ab452bd2ded812d057,Fix histplot dodge bar widths with log scale (#2849),3,doc/releases/v0.12.0.txt;seaborn/distributions.py;tests/test_distributions.py,related_same_subtree,seaborn/_oldcore.py,2,a3eff2928e60880e264b0ba75ece3b38ec62b4d9609588a9211f19046b52df5b,0,True,Descriptive local Git future-history mechanism inventory; not semantic causality or survival evidence.
mwaskom__seaborn-2848,mwaskom/seaborn,[LOCAL_DRIVE]/code\repos_lite_pro\mwaskom__seaborn,94621cef29f80282436d73e8d2c0aa76dab81273,mwaskom__seaborn-2848-d7,5ccd131e2b9abf7ebe335d429fba86fea9ca28d6,7,3,ba0eda024dd3578ff72f710522fd778deaf99925,Don't remove top left ylabel from corner pairplot with normal diagonal (#2850),3,doc/releases/v0.12.0.txt;seaborn/axisgrid.py;tests/test_axisgrid.py,related_same_subtree,seaborn/_oldcore.py,2,a3eff2928e60880e264b0ba75ece3b38ec62b4d9609588a9211f19046b52df5b,0,True,Descriptive local Git future-history mechanism inventory; not semantic causality or survival evidence.
mwaskom__seaborn-2848,mwaskom/seaborn,[LOCAL_DRIVE]/code\repos_lite_pro\mwaskom__seaborn,94621cef29f80282436d73e8d2c0aa76dab81273,mwaskom__seaborn-2848-d7,5ccd131e2b9abf7ebe335d429fba86fea9ca28d6,7,4,a674a83cc894b5941a86d4c51ba2e57c632882c1,Final removals of previously deprecated features (#2851),5,doc/releases/v0.12.0.txt;seaborn/axisgrid.py;seaborn/categorical.py;seaborn/regression.py;tests/test_categorical.py,related_same_subtree,seaborn/_oldcore.py,2,a3eff2928e60880e264b0ba75ece3b38ec62b4d9609588a9211f19046b52df5b,0,True,Descriptive local Git future-history mechanism inventory; not semantic causality or survival evidence.
mwaskom__seaborn-2848,mwaskom/seaborn,[LOCAL_DRIVE]/code\repos_lite_pro\mwaskom__seaborn,94621cef29f80282436d73e8d2c0aa76dab81273,mwaskom__seaborn-2848-d7,5ccd131e2b9abf7ebe335d429fba86fea9ca28d6,7,5,fe9fad88a48cdb8f6d780702bda973c5f30af1f0,Inherit errorbar alpha from scatter points in regplot (#2853),3,doc/releases/v0.12.0.txt;seaborn/regression.py;tests/test_regression.py,related_same_subtree,seaborn/_oldcore.py,2,a3eff2928e60880e264b0ba75ece3b38ec62b4d9609588a9211f19046b52df5b,0,True,Descriptive local Git future-history mechanism inventory; not semantic causality or survival evidence.
mwaskom__seaborn-2848,mwaskom/seaborn,[LOCAL_DRIVE]/code\repos_lite_pro\mwaskom__seaborn,94621cef29f80282436d73e8d2c0aa76dab81273,mwaskom__seaborn-2848-d7,5ccd131e2b9abf7ebe335d429fba86fea9ca28d6,7,6,762bd3bbac9d70116fdedac0b2ac2c73a40d0513,Implement orient= in lineplot for sorting / aggregating on the y axis (#2854),4,doc/docstrings/lineplot.ipynb;doc/releases/v0.12.0.txt;seaborn/relational.py;tests/test_relational.py,related_same_subtree,seaborn/_oldcore.py,2,a3eff2928e60880e264b0ba75ece3b38ec62b4d9609588a9211f19046b52df5b,0,True,Descriptive local Git future-history mechanism inventory; not semantic causality or survival evidence.
mwaskom__seaborn-2848,mwaskom/seaborn,[LOCAL_DRIVE]/code\repos_lite_pro\mwaskom__seaborn,94621cef29f80282436d73e8d2c0aa76dab81273,mwaskom__seaborn-2848-d7,5ccd131e2b9abf7ebe335d429fba86fea9ca28d6,7,7,26bf4b3b645edc405ca52b533b8d68273aeba7d1,Housekeeping on relational plot parameters (#2855),4,seaborn/relational.py;seaborn/utils.py;tests/test_relational.py;tests/test_utils.py,related_same_subtree,seaborn/_oldcore.py,2,a3eff2928e60880e264b0ba75ece3b38ec62b4d9609588a9211f19046b52df5b,0,True,Descriptive local Git future-history mechanism inventory; not semantic causality or survival evidence.
mwaskom__seaborn-2848,mwaskom/seaborn,[LOCAL_DRIVE]/code\repos_lite_pro\mwaskom__seaborn,94621cef29f80282436d73e8d2c0aa76dab81273,mwaskom__seaborn-2848-d7,5ccd131e2b9abf7ebe335d429fba86fea9ca28d6,7,8,563e96d3be1eaee8db8dfbccf7eed1f1c66dfd31,Downgrade exception on mapping list length mismatch to warning (#2856),3,seaborn/_oldcore.py;tests/test_axisgrid.py;tests/test_core.py,directly_overlapping,seaborn/_oldcore.py,2,a3eff2928e60880e264b0ba75ece3b38ec62b4d9609588a9211f19046b52df5b,0,True,Descriptive local Git future-history mechanism inventory; not semantic causality or survival evidence.
mwaskom__seaborn-2848,mwaskom/seaborn,[LOCAL_DRIVE]/code\repos_lite_pro\mwaskom__seaborn,94621cef29f80282436d73e8d2c0aa76dab81273,mwaskom__seaborn-2848-d7,5ccd131e2b9abf7ebe335d429fba86fea9ca28d6,7,9,533b6005bf1e8d85616fc10be9460b6afca7d791,Remove kwargs from pointplot signature (closes #2775),1,seaborn/categorical.py,related_same_subtree,seaborn/_oldcore.py,2,a3eff2928e60880e264b0ba75ece3b38ec62b4d9609588a9211f19046b52df5b,0,True,Descriptive local Git future-history mechanism inventory; not semantic causality or survival evidence.
mwaskom__seaborn-2848,mwaskom/seaborn,[LOCAL_DRIVE]/code\repos_lite_pro\mwaskom__seaborn,94621cef29f80282436d73e8d2c0aa76dab81273,mwaskom__seaborn-2848-d7,5ccd131e2b9abf7ebe335d429fba86fea9ca28d6,7,10,057cdd83b52bc5359f00ff94cd43317dc03b39cd,Futz around with categorical docstrings,2,seaborn/categorical.py;seaborn/relational.py,related_same_subtree,seaborn/_oldcore.py,2,a3eff2928e60880e264b0ba75ece3b38ec62b4d9609588a9211f19046b52df5b,0,True,Descriptive local Git future-history mechanism inventory; not semantic causality or survival evidence.
mwaskom__seaborn-2848,mwaskom/seaborn,[LOCAL_DRIVE]/code\repos_lite_pro\mwaskom__seaborn,94621cef29f80282436d73e8d2c0aa76dab81273,mwaskom__seaborn-2848-d7,5ccd131e2b9abf7ebe335d429fba86fea9ca28d6,7,11,9d8ce6ad4ab213994f0bc84d0c46869df7be0b49,Port categorical plot docstrings to notebooks,29,doc/docstrings/FacetGrid.ipynb;doc/docstrings/JointGrid.ipynb;doc/docstrings/PairGrid.ipynb;doc/docstrings/axes_style.ipynb;doc/docstrings/barplot.ipynb;doc/docstrings/boxenplot.ipynb;doc/docstrings/boxplot.ipynb;doc/docstrings/catplot.ipynb;doc/docstrings/color_palette.ipynb;doc/docstrings/countplot.ipynb;doc/docstrings/displot.ipynb;doc/docstrings/ecdfplot.ipynb;doc/docstrings/histplot.ipynb;doc/docstrings/jointplot.ipynb;doc/docstrings/kdeplot.ipynb;doc/docstrings/move_legend.ipynb;doc/docstrings/pairplot.ipynb;doc/docstrings/plotting_context.ipynb;doc/docstrings/pointplot.ipynb;doc/docstrings/relplot.ipynb;doc/docstrings/rugplot.ipynb;doc/docstrings/scatterplot.ipynb;doc/docstrings/set_context.ipynb;doc/docstrings/set_style.ipynb;doc/docstrings/set_theme.ipynb;doc/docstrings/stripplot.ipynb;doc/docstrings/swarmplot.ipynb;doc/docstrings/violinplot.ipynb;seaborn/categorical.py,related_same_subtree,seaborn/_oldcore.py,2,a3eff2928e60880e264b0ba75ece3b38ec62b4d9609588a9211f19046b52df5b,0,True,Descriptive local Git future-history mechanism inventory; not semantic causality or survival evidence.
mwaskom__seaborn-2848,mwaskom/seaborn,[LOCAL_DRIVE]/code\repos_lite_pro\mwaskom__seaborn,94621cef29f80282436d73e8d2c0aa76dab81273,mwaskom__seaborn-2848-d7,5ccd131e2b9abf7ebe335d429fba86fea9ca28d6,7,12,a48dc8f4df8d81ff8b50bdf26b6c094333f6ea8d,Relax restriction on element type for discrete histplot (#2859),3,doc/releases/v0.12.0.txt;seaborn/distributions.py;tests/test_distributions.py,related_same_subtree,seaborn/_oldcore.py,2,a3eff2928e60880e264b0ba75ece3b38ec62b4d9609588a9211f19046b52df5b,0,True,Descriptive local Git future-history mechanism inventory; not semantic causality or survival evidence.
mwaskom__seaborn-2848,mwaskom/seaborn,[LOCAL_DRIVE]/code\repos_lite_pro\mwaskom__seaborn,94621cef29f80282436d73e8d2c0aa76dab81273,mwaskom__seaborn-2848-d7,5ccd131e2b9abf7ebe335d429fba86fea9ca28d6,7,13,1e24db4b1051a536df3f441cab2e0e0f62433720,Add width parameter to barplot (#2860),3,doc/releases/v0.12.0.txt;seaborn/categorical.py;tests/test_categorical.py,related_same_subtree,seaborn/_oldcore.py,2,a3eff2928e60880e264b0ba75ece3b38ec62b4d9609588a9211f19046b52df5b,0,True,Descriptive local Git future-history mechanism inventory; not semantic causality or survival evidence.
mwaskom__seaborn-2848,mwaskom/seaborn,[LOCAL_DRIVE]/code\repos_lite_pro\mwaskom__seaborn,94621cef29f80282436d73e8d2c0aa76dab81273,mwaskom__seaborn-2848-d7,5ccd131e2b9abf7ebe335d429fba86fea9ca28d6,7,14,b56081c2ba9b2b240f5c731fc6701fae5421c5f6,Improve robustness to numerical errors in kdeplot (#2862),3,doc/releases/v0.12.0.txt;seaborn/distributions.py;tests/test_distributions.py,related_same_subtree,seaborn/_oldcore.py,2,a3eff2928e60880e264b0ba75ece3b38ec62b4d9609588a9211f19046b52df5b,0,True,Descriptive local Git future-history mechanism inventory; not semantic causality or survival evidence.
mwaskom__seaborn-2848,mwaskom/seaborn,[LOCAL_DRIVE]/code\repos_lite_pro\mwaskom__seaborn,94621cef29f80282436d73e8d2c0aa76dab81273,mwaskom__seaborn-2848-d7,5ccd131e2b9abf7ebe335d429fba86fea9ca28d6,7,15,1191b615a1f0716215a086d9b4615f1342e92cbe,Minor jointplot user-friendliness (#2863),2,seaborn/axisgrid.py;tests/test_axisgrid.py,related_same_subtree,seaborn/_oldcore.py,2,a3eff2928e60880e264b0ba75ece3b38ec62b4d9609588a9211f19046b52df5b,0,True,Descriptive local Git future-history mechanism inventory; not semantic causality or survival evidence.
mwaskom__seaborn-2848,mwaskom/seaborn,[LOCAL_DRIVE]/code\repos_lite_pro\mwaskom__seaborn,94621cef29f80282436d73e8d2c0aa76dab81273,mwaskom__seaborn-2848-d7,5ccd131e2b9abf7ebe335d429fba86fea9ca28d6,7,16,ecba2dcf8a7e318462b976146e00837e622e8a08,Add new errorbar options to bar/pointplot (#2866),8,doc/docstrings/barplot.ipynb;doc/docstrings/pointplot.ipynb;doc/releases/v0.12.0.txt;doc/tutorial/categorical.ipynb;doc/tutorial/error_bars.ipynb;seaborn/_statistics.py;seaborn/categorical.py;tests/test_categorical.py,related_same_subtree,seaborn/_oldcore.py,2,a3eff2928e60880e264b0ba75ece3b38ec62b4d9609588a9211f19046b52df5b,0,True,Descriptive local Git future-history mechanism inventory; not semantic causality or survival evidence.
mwaskom__seaborn-2848,mwaskom/seaborn,[LOCAL_DRIVE]/code\repos_lite_pro\mwaskom__seaborn,94621cef29f80282436d73e8d2c0aa76dab81273,mwaskom__seaborn-2848-d7,5ccd131e2b9abf7ebe335d429fba86fea9ca28d6,7,17,5ccd131e2b9abf7ebe335d429fba86fea9ca28d6,Fix typo in relational docs (#2872),1,doc/tutorial/relational.ipynb,infrastructure_only,seaborn/_oldcore.py,2,a3eff2928e60880e264b0ba75ece3b38ec62b4d9609588a9211f19046b52df5b,0,True,Descriptive local Git future-history mechanism inventory; not semantic causality or survival evidence.
mwaskom__seaborn-2848,mwaskom/seaborn,[LOCAL_DRIVE]/code\repos_lite_pro\mwaskom__seaborn,94621cef29f80282436d73e8d2c0aa76dab81273,mwaskom__seaborn-2848-d30,5910d6ef50196c8bd1f4ed40a5da202a39d7f62c,30,1,7b3e4dfd211190113d6d4e64d46882e1b2402ab6,Fix hue_order as a subset in scatterplot (#2848),3,doc/releases/v0.12.0.txt;seaborn/_oldcore.py;tests/test_relational.py,directly_overlapping,seaborn/_oldcore.py,0,a3eff2928e60880e264b0ba75ece3b38ec62b4d9609588a9211f19046b52df5b,0,True,Descriptive local Git future-history mechanism inventory; not semantic causality or survival evidence.
mwaskom__seaborn-2848,mwaskom/seaborn,[LOCAL_DRIVE]/code\repos_lite_pro\mwaskom__seaborn,94621cef29f80282436d73e8d2c0aa76dab81273,mwaskom__seaborn-2848-d30,5910d6ef50196c8bd1f4ed40a5da202a39d7f62c,30,2,1a27ce304d947bfdf77383ab452bd2ded812d057,Fix histplot dodge bar widths with log scale (#2849),3,doc/releases/v0.12.0.txt;seaborn/distributions.py;tests/test_distributions.py,related_same_subtree,seaborn/_oldcore.py,2,a3eff2928e60880e264b0ba75ece3b38ec62b4d9609588a9211f19046b52df5b,0,True,Descriptive local Git future-history mechanism inventory; not semantic causality or survival evidence.
mwaskom__seaborn-2848,mwaskom/seaborn,[LOCAL_DRIVE]/code\repos_lite_pro\mwaskom__seaborn,94621cef29f80282436d73e8d2c0aa76dab81273,mwaskom__seaborn-2848-d30,5910d6ef50196c8bd1f4ed40a5da202a39d7f62c,30,3,ba0eda024dd3578ff72f710522fd778deaf99925,Don't remove top left ylabel from corner pairplot with normal diagonal (#2850),3,doc/releases/v0.12.0.txt;seaborn/axisgrid.py;tests/test_axisgrid.py,related_same_subtree,seaborn/_oldcore.py,2,a3eff2928e60880e264b0ba75ece3b38ec62b4d9609588a9211f19046b52df5b,0,True,Descriptive local Git future-history mechanism inventory; not semantic causality or survival evidence.
mwaskom__seaborn-2848,mwaskom/seaborn,[LOCAL_DRIVE]/code\repos_lite_pro\mwaskom__seaborn,94621cef29f80282436d73e8d2c0aa76dab81273,mwaskom__seaborn-2848-d30,5910d6ef50196c8bd1f4ed40a5da202a39d7f62c,30,4,a674a83cc894b5941a86d4c51ba2e57c632882c1,Final removals of previously deprecated features (#2851),5,doc/releases/v0.12.0.txt;seaborn/axisgrid.py;seaborn/categorical.py;seaborn/regression.py;tests/test_categorical.py,related_same_subtree,seaborn/_oldcore.py,2,a3eff2928e60880e264b0ba75ece3b38ec62b4d9609588a9211f19046b52df5b,0,True,Descriptive local Git future-history mechanism inventory; not semantic causality or survival evidence.
mwaskom__seaborn-2848,mwaskom/seaborn,[LOCAL_DRIVE]/code\repos_lite_pro\mwaskom__seaborn,94621cef29f80282436d73e8d2c0aa76dab81273,mwaskom__seaborn-2848-d30,5910d6ef50196c8bd1f4ed40a5da202a39d7f62c,30,5,fe9fad88a48cdb8f6d780702bda973c5f30af1f0,Inherit errorbar alpha from scatter points in regplot (#2853),3,doc/releases/v0.12.0.txt;seaborn/regression.py;tests/test_regression.py,related_same_subtree,seaborn/_oldcore.py,2,a3eff2928e60880e264b0ba75ece3b38ec62b4d9609588a9211f19046b52df5b,0,True,Descriptive local Git future-history mechanism inventory; not semantic causality or survival evidence.
mwaskom__seaborn-2848,mwaskom/seaborn,[LOCAL_DRIVE]/code\repos_lite_pro\mwaskom__seaborn,94621cef29f80282436d73e8d2c0aa76dab81273,mwaskom__seaborn-2848-d30,5910d6ef50196c8bd1f4ed40a5da202a39d7f62c,30,6,762bd3bbac9d70116fdedac0b2ac2c73a40d0513,Implement orient= in lineplot for sorting / aggregating on the y axis (#2854),4,doc/docstrings/lineplot.ipynb;doc/releases/v0.12.0.txt;seaborn/relational.py;tests/test_relational.py,related_same_subtree,seaborn/_oldcore.py,2,a3eff2928e60880e264b0ba75ece3b38ec62b4d9609588a9211f19046b52df5b,0,True,Descriptive local Git future-history mechanism inventory; not semantic causality or survival evidence.
mwaskom__seaborn-2848,mwaskom/seaborn,[LOCAL_DRIVE]/code\repos_lite_pro\mwaskom__seaborn,94621cef29f80282436d73e8d2c0aa76dab81273,mwaskom__seaborn-2848-d30,5910d6ef50196c8bd1f4ed40a5da202a39d7f62c,30,7,26bf4b3b645edc405ca52b533b8d68273aeba7d1,Housekeeping on relational plot parameters (#2855),4,seaborn/relational.py;seaborn/utils.py;tests/test_relational.py;tests/test_utils.py,related_same_subtree,seaborn/_oldcore.py,2,a3eff2928e60880e264b0ba75ece3b38ec62b4d9609588a9211f19046b52df5b,0,True,Descriptive local Git future-history mechanism inventory; not semantic causality or survival evidence.
mwaskom__seaborn-2848,mwaskom/seaborn,[LOCAL_DRIVE]/code\repos_lite_pro\mwaskom__seaborn,94621cef29f80282436d73e8d2c0aa76dab81273,mwaskom__seaborn-2848-d30,5910d6ef50196c8bd1f4ed40a5da202a39d7f62c,30,8,563e96d3be1eaee8db8dfbccf7eed1f1c66dfd31,Downgrade exception on mapping list length mismatch to warning (#2856),3,seaborn/_oldcore.py;tests/test_axisgrid.py;tests/test_core.py,directly_overlapping,seaborn/_oldcore.py,2,a3eff2928e60880e264b0ba75ece3b38ec62b4d9609588a9211f19046b52df5b,0,True,Descriptive local Git future-history mechanism inventory; not semantic causality or survival evidence.
mwaskom__seaborn-2848,mwaskom/seaborn,[LOCAL_DRIVE]/code\repos_lite_pro\mwaskom__seaborn,94621cef29f80282436d73e8d2c0aa76dab81273,mwaskom__seaborn-2848-d30,5910d6ef50196c8bd1f4ed40a5da202a39d7f62c,30,9,533b6005bf1e8d85616fc10be9460b6afca7d791,Remove kwargs from pointplot signature (closes #2775),1,seaborn/categorical.py,related_same_subtree,seaborn/_oldcore.py,2,a3eff2928e60880e264b0ba75ece3b38ec62b4d9609588a9211f19046b52df5b,0,True,Descriptive local Git future-history mechanism inventory; not semantic causality or survival evidence.
mwaskom__seaborn-2848,mwaskom/seaborn,[LOCAL_DRIVE]/code\repos_lite_pro\mwaskom__seaborn,94621cef29f80282436d73e8d2c0aa76dab81273,mwaskom__seaborn-2848-d30,5910d6ef50196c8bd1f4ed40a5da202a39d7f62c,30,10,057cdd83b52bc5359f00ff94cd43317dc03b39cd,Futz around with categorical docstrings,2,seaborn/categorical.py;seaborn/relational.py,related_same_subtree,seaborn/_oldcore.py,2,a3eff2928e60880e264b0ba75ece3b38ec62b4d9609588a9211f19046b52df5b,0,True,Descriptive local Git future-history mechanism inventory; not semantic causality or survival evidence.
mwaskom__seaborn-2848,mwaskom/seaborn,[LOCAL_DRIVE]/code\repos_lite_pro\mwaskom__seaborn,94621cef29f80282436d73e8d2c0aa76dab81273,mwaskom__seaborn-2848-d30,5910d6ef50196c8bd1f4ed40a5da202a39d7f62c,30,11,9d8ce6ad4ab213994f0bc84d0c46869df7be0b49,Port categorical plot docstrings to notebooks,29,doc/docstrings/FacetGrid.ipynb;doc/docstrings/JointGrid.ipynb;doc/docstrings/PairGrid.ipynb;doc/docstrings/axes_style.ipynb;doc/docstrings/barplot.ipynb;doc/docstrings/boxenplot.ipynb;doc/docstrings/boxplot.ipynb;doc/docstrings/catplot.ipynb;doc/docstrings/color_palette.ipynb;doc/docstrings/countplot.ipynb;doc/docstrings/displot.ipynb;doc/docstrings/ecdfplot.ipynb;doc/docstrings/histplot.ipynb;doc/docstrings/jointplot.ipynb;doc/docstrings/kdeplot.ipynb;doc/docstrings/move_legend.ipynb;doc/docstrings/pairplot.ipynb;doc/docstrings/plotting_context.ipynb;doc/docstrings/pointplot.ipynb;doc/docstrings/relplot.ipynb;doc/docstrings/rugplot.ipynb;doc/docstrings/scatterplot.ipynb;doc/docstrings/set_context.ipynb;doc/docstrings/set_style.ipynb;doc/docstrings/set_theme.ipynb;doc/docstrings/stripplot.ipynb;doc/docstrings/swarmplot.ipynb;doc/docstrings/violinplot.ipynb;seaborn/categorical.py,related_same_subtree,seaborn/_oldcore.py,2,a3eff2928e60880e264b0ba75ece3b38ec62b4d9609588a9211f19046b52df5b,0,True,Descriptive local Git future-history mechanism inventory; not semantic causality or survival evidence.
mwaskom__seaborn-2848,mwaskom/seaborn,[LOCAL_DRIVE]/code\repos_lite_pro\mwaskom__seaborn,94621cef29f80282436d73e8d2c0aa76dab81273,mwaskom__seaborn-2848-d30,5910d6ef50196c8bd1f4ed40a5da202a39d7f62c,30,12,a48dc8f4df8d81ff8b50bdf26b6c094333f6ea8d,Relax restriction on element type for discrete histplot (#2859),3,doc/releases/v0.12.0.txt;seaborn/distributions.py;tests/test_distributions.py,related_same_subtree,seaborn/_oldcore.py,2,a3eff2928e60880e264b0ba75ece3b38ec62b4d9609588a9211f19046b52df5b,0,True,Descriptive local Git future-history mechanism inventory; not semantic causality or survival evidence.
mwaskom__seaborn-2848,mwaskom/seaborn,[LOCAL_DRIVE]/code\repos_lite_pro\mwaskom__seaborn,94621cef29f80282436d73e8d2c0aa76dab81273,mwaskom__seaborn-2848-d30,5910d6ef50196c8bd1f4ed40a5da202a39d7f62c,30,13,1e24db4b1051a536df3f441cab2e0e0f62433720,Add width parameter to barplot (#2860),3,doc/releases/v0.12.0.txt;seaborn/categorical.py;tests/test_categorical.py,related_same_subtree,seaborn/_oldcore.py,2,a3eff2928e60880e264b0ba75ece3b38ec62b4d9609588a9211f19046b52df5b,0,True,Descriptive local Git future-history mechanism inventory; not semantic causality or survival evidence.
mwaskom__seaborn-2848,mwaskom/seaborn,[LOCAL_DRIVE]/code\repos_lite_pro\mwaskom__seaborn,94621cef29f80282436d73e8d2c0aa76dab81273,mwaskom__seaborn-2848-d30,5910d6ef50196c8bd1f4ed40a5da202a39d7f62c,30,14,b56081c2ba9b2b240f5c731fc6701fae5421c5f6,Improve robustness to numerical errors in kdeplot (#2862),3,doc/releases/v0.12.0.txt;seaborn/distributions.py;tests/test_distributions.py,related_same_subtree,seaborn/_oldcore.py,2,a3eff2928e60880e264b0ba75ece3b38ec62b4d9609588a9211f19046b52df5b,0,True,Descriptive local Git future-history mechanism inventory; not semantic causality or survival evidence.
mwaskom__seaborn-2848,mwaskom/seaborn,[LOCAL_DRIVE]/code\repos_lite_pro\mwaskom__seaborn,94621cef29f80282436d73e8d2c0aa76dab81273,mwaskom__seaborn-2848-d30,5910d6ef50196c8bd1f4ed40a5da202a39d7f62c,30,15,1191b615a1f0716215a086d9b4615f1342e92cbe,Minor jointplot user-friendliness (#2863),2,seaborn/axisgrid.py;tests/test_axisgrid.py,related_same_subtree,seaborn/_oldcore.py,2,a3eff2928e60880e264b0ba75ece3b38ec62b4d9609588a9211f19046b52df5b,0,True,Descriptive local Git future-history mechanism inventory; not semantic causality or survival evidence.
mwaskom__seaborn-2848,mwaskom/seaborn,[LOCAL_DRIVE]/code\repos_lite_pro\mwaskom__seaborn,94621cef29f80282436d73e8d2c0aa76dab81273,mwaskom__seaborn-2848-d30,5910d6ef50196c8bd1f4ed40a5da202a39d7f62c,30,16,ecba2dcf8a7e318462b976146e00837e622e8a08,Add new errorbar options to bar/pointplot (#2866),8,doc/docstrings/barplot.ipynb;doc/docstrings/pointplot.ipynb;doc/releases/v0.12.0.txt;doc/tutorial/categorical.ipynb;doc/tutorial/error_bars.ipynb;seaborn/_statistics.py;seaborn/categorical.py;tests/test_categorical.py,related_same_subtree,seaborn/_oldcore.py,2,a3eff2928e60880e264b0ba75ece3b38ec62b4d9609588a9211f19046b52df5b,0,True,Descriptive local Git future-history mechanism inventory; not semantic causality or survival evidence.
mwaskom__seaborn-2848,mwaskom/seaborn,[LOCAL_DRIVE]/code\repos_lite_pro\mwaskom__seaborn,94621cef29f80282436d73e8d2c0aa76dab81273,mwaskom__seaborn-2848-d30,5910d6ef50196c8bd1f4ed40a5da202a39d7f62c,30,17,5ccd131e2b9abf7ebe335d429fba86fea9ca28d6,Fix typo in relational docs (#2872),1,doc/tutorial/relational.ipynb,infrastructure_only,seaborn/_oldcore.py,2,a3eff2928e60880e264b0ba75ece3b38ec62b4d9609588a9211f19046b52df5b,0,True,Descriptive local Git future-history mechanism inventory; not semantic causality or survival evidence.
mwaskom__seaborn-2848,mwaskom/seaborn,[LOCAL_DRIVE]/code\repos_lite_pro\mwaskom__seaborn,94621cef29f80282436d73e8d2c0aa76dab81273,mwaskom__seaborn-2848-d30,5910d6ef50196c8bd1f4ed40a5da202a39d7f62c,30,18,2b9f85b71d1dd48e9aaa61d7f3a2b8109b80044d,Remove private attribute access in compound legend (#2878),2,seaborn/_core/plot.py;tests/_core/test_plot.py,related_same_subtree,seaborn/_oldcore.py,2,a3eff2928e60880e264b0ba75ece3b38ec62b4d9609588a9211f19046b52df5b,0,True,Descriptive local Git future-history mechanism inventory; not semantic causality or survival evidence.
mwaskom__seaborn-2848,mwaskom/seaborn,[LOCAL_DRIVE]/code\repos_lite_pro\mwaskom__seaborn,94621cef29f80282436d73e8d2c0aa76dab81273,mwaskom__seaborn-2848-d30,5910d6ef50196c8bd1f4ed40a5da202a39d7f62c,30,19,c2270e79aea173f7b4023b5078921d140855217c,Add Scale.label interface for formatting ticks (#2877),9,pytest.ini;seaborn/_core/plot.py;seaborn/_core/properties.py;seaborn/_core/scales.py;seaborn/_marks/base.py;seaborn/_stats/histograms.py;tests/_core/test_plot.py;tests/_core/test_scales.py;tests/test_categorical.py,related_same_subtree,seaborn/_oldcore.py,2,a3eff2928e60880e264b0ba75ece3b38ec62b4d9609588a9211f19046b52df5b,0,True,Descriptive local Git future-history mechanism inventory; not semantic causality or survival evidence.
mwaskom__seaborn-2848,mwaskom/seaborn,[LOCAL_DRIVE]/code\repos_lite_pro\mwaskom__seaborn,94621cef29f80282436d73e8d2c0aa76dab81273,mwaskom__seaborn-2848-d30,5910d6ef50196c8bd1f4ed40a5da202a39d7f62c,30,20,b03fb331f6a79d3a6f2a1afb261a6e747daaa63f,Remove duplicated package information from setup.py,1,setup.py,infrastructure_only,seaborn/_oldcore.py,2,a3eff2928e60880e264b0ba75ece3b38ec62b4d9609588a9211f19046b52df5b,0,True,Descriptive local Git future-history mechanism inventory; not semantic causality or survival evidence.
mwaskom__seaborn-2848,mwaskom/seaborn,[LOCAL_DRIVE]/code\repos_lite_pro\mwaskom__seaborn,94621cef29f80282436d73e8d2c0aa76dab81273,mwaskom__seaborn-2848-d30,5910d6ef50196c8bd1f4ed40a5da202a39d7f62c,30,21,d7088402ec06508cbbac6f48f3c658156b2f33b5,Add Python 3.10 classifier and update PyPI description,1,setup.py,infrastructure_only,seaborn/_oldcore.py,2,a3eff2928e60880e264b0ba75ece3b38ec62b4d9609588a9211f19046b52df5b,0,True,Descriptive local Git future-history mechanism inventory; not semantic causality or survival evidence.
mwaskom__seaborn-2848,mwaskom/seaborn,[LOCAL_DRIVE]/code\repos_lite_pro\mwaskom__seaborn,94621cef29f80282436d73e8d2c0aa76dab81273,mwaskom__seaborn-2848-d30,5910d6ef50196c8bd1f4ed40a5da202a39d7f62c,30,22,ecdec5417de8ec9a6427a0e38afb0b099b023854,Mention pointplot additional kwargs removal in the release notes (#2879),1,doc/releases/v0.12.0.txt,infrastructure_only,seaborn/_oldcore.py,2,a3eff2928e60880e264b0ba75ece3b38ec62b4d9609588a9211f19046b52df5b,0,True,Descriptive local Git future-history mechanism inventory; not semantic causality or survival evidence.
mwaskom__seaborn-2848,mwaskom/seaborn,[LOCAL_DRIVE]/code\repos_lite_pro\mwaskom__seaborn,94621cef29f80282436d73e8d2c0aa76dab81273,mwaskom__seaborn-2848-d30,5910d6ef50196c8bd1f4ed40a5da202a39d7f62c,30,23,b638c06619b2a62e4dcc956d0f0cf09e18e8ba0e,Narrow channels for seeking help.,1,.github/CONTRIBUTING.md,infrastructure_only,seaborn/_oldcore.py,2,a3eff2928e60880e264b0ba75ece3b38ec62b4d9609588a9211f19046b52df5b,0,True,Descriptive local Git future-history mechanism inventory; not semantic causality or survival evidence.
mwaskom__seaborn-2848,mwaskom/seaborn,[LOCAL_DRIVE]/code\repos_lite_pro\mwaskom__seaborn,94621cef29f80282436d73e8d2c0aa76dab81273,mwaskom__seaborn-2848-d30,5910d6ef50196c8bd1f4ed40a5da202a39d7f62c,30,24,d251deaa7c4cbe6eef87693ce05ac02d74181ff9,Fix typo,1,.github/CONTRIBUTING.md,infrastructure_only,seaborn/_oldcore.py,2,a3eff2928e60880e264b0ba75ece3b38ec62b4d9609588a9211f19046b52df5b,0,True,Descriptive local Git future-history mechanism inventory; not semantic causality or survival evidence.
mwaskom__seaborn-2848,mwaskom/seaborn,[LOCAL_DRIVE]/code\repos_lite_pro\mwaskom__seaborn,94621cef29f80282436d73e8d2c0aa76dab81273,mwaskom__seaborn-2848-d30,5910d6ef50196c8bd1f4ed40a5da202a39d7f62c,30,25,3180fd714f44498de26b256c7cab4b608969aeea,Improve visual appearance of Bar mark (#2889),2,seaborn/_marks/bars.py;tests/_marks/test_bars.py,related_same_subtree,seaborn/_oldcore.py,2,a3eff2928e60880e264b0ba75ece3b38ec62b4d9609588a9211f19046b52df5b,0,True,Descriptive local Git future-history mechanism inventory; not semantic causality or survival evidence.
mwaskom__seaborn-2848,mwaskom/seaborn,[LOCAL_DRIVE]/code\repos_lite_pro\mwaskom__seaborn,94621cef29f80282436d73e8d2c0aa76dab81273,mwaskom__seaborn-2848-d30,5910d6ef50196c8bd1f4ed40a5da202a39d7f62c,30,26,3c8447fc92e73b353202bacefc007784460b225e,Add Bars for more efficient bar plots and improve Bar as well (#2893),6,seaborn/_marks/bars.py;seaborn/_marks/base.py;seaborn/_marks/scatter.py;seaborn/objects.py;tests/_marks/test_bars.py;tests/_marks/test_base.py,related_same_subtree,seaborn/_oldcore.py,2,a3eff2928e60880e264b0ba75ece3b38ec62b4d9609588a9211f19046b52df5b,0,True,Descriptive local Git future-history mechanism inventory; not semantic causality or survival evidence.
mwaskom__seaborn-2848,mwaskom/seaborn,[LOCAL_DRIVE]/code\repos_lite_pro\mwaskom__seaborn,94621cef29f80282436d73e8d2c0aa76dab81273,mwaskom__seaborn-2848-d30,5910d6ef50196c8bd1f4ed40a5da202a39d7f62c,30,27,5910d6ef50196c8bd1f4ed40a5da202a39d7f62c,docs: fix typos (#2899),10,doc/introduction.ipynb;doc/releases/v0.12.0.txt;doc/tutorial/color_palettes.ipynb;doc/tutorial/data_structure.ipynb;doc/tutorial/error_bars.ipynb;seaborn/_core/scales.py;seaborn/_oldcore.py;seaborn/algorithms.py;seaborn/axisgrid.py;seaborn/distributions.py,directly_overlapping,seaborn/_oldcore.py,2,a3eff2928e60880e264b0ba75ece3b38ec62b4d9609588a9211f19046b52df5b,0,True,Descriptive local Git future-history mechanism inventory; not semantic causality or survival evidence.
mwaskom__seaborn-2848,mwaskom/seaborn,[LOCAL_DRIVE]/code\repos_lite_pro\mwaskom__seaborn,94621cef29f80282436d73e8d2c0aa76dab81273,mwaskom__seaborn-2848-d90,0929b9aca26dea1e97a08f8ee70b807058d175ed,90,1,7b3e4dfd211190113d6d4e64d46882e1b2402ab6,Fix hue_order as a subset in scatterplot (#2848),3,doc/releases/v0.12.0.txt;seaborn/_oldcore.py;tests/test_relational.py,directly_overlapping,seaborn/_oldcore.py,0,a3eff2928e60880e264b0ba75ece3b38ec62b4d9609588a9211f19046b52df5b,0,True,Descriptive local Git future-history mechanism inventory; not semantic causality or survival evidence.
mwaskom__seaborn-2848,mwaskom/seaborn,[LOCAL_DRIVE]/code\repos_lite_pro\mwaskom__seaborn,94621cef29f80282436d73e8d2c0aa76dab81273,mwaskom__seaborn-2848-d90,0929b9aca26dea1e97a08f8ee70b807058d175ed,90,2,1a27ce304d947bfdf77383ab452bd2ded812d057,Fix histplot dodge bar widths with log scale (#2849),3,doc/releases/v0.12.0.txt;seaborn/distributions.py;tests/test_distributions.py,related_same_subtree,seaborn/_oldcore.py,2,a3eff2928e60880e264b0ba75ece3b38ec62b4d9609588a9211f19046b52df5b,0,True,Descriptive local Git future-history mechanism inventory; not semantic causality or survival evidence.
mwaskom__seaborn-2848,mwaskom/seaborn,[LOCAL_DRIVE]/code\repos_lite_pro\mwaskom__seaborn,94621cef29f80282436d73e8d2c0aa76dab81273,mwaskom__seaborn-2848-d90,0929b9aca26dea1e97a08f8ee70b807058d175ed,90,3,ba0eda024dd3578ff72f710522fd778deaf99925,Don't remove top left ylabel from corner pairplot with normal diagonal (#2850),3,doc/releases/v0.12.0.txt;seaborn/axisgrid.py;tests/test_axisgrid.py,related_same_subtree,seaborn/_oldcore.py,2,a3eff2928e60880e264b0ba75ece3b38ec62b4d9609588a9211f19046b52df5b,0,True,Descriptive local Git future-history mechanism inventory; not semantic causality or survival evidence.
mwaskom__seaborn-2848,mwaskom/seaborn,[LOCAL_DRIVE]/code\repos_lite_pro\mwaskom__seaborn,94621cef29f80282436d73e8d2c0aa76dab81273,mwaskom__seaborn-2848-d90,0929b9aca26dea1e97a08f8ee70b807058d175ed,90,4,a674a83cc894b5941a86d4c51ba2e57c632882c1,Final removals of previously deprecated features (#2851),5,doc/releases/v0.12.0.txt;seaborn/axisgrid.py;seaborn/categorical.py;seaborn/regression.py;tests/test_categorical.py,related_same_subtree,seaborn/_oldcore.py,2,a3eff2928e60880e264b0ba75ece3b38ec62b4d9609588a9211f19046b52df5b,0,True,Descriptive local Git future-history mechanism inventory; not semantic causality or survival evidence.
mwaskom__seaborn-2848,mwaskom/seaborn,[LOCAL_DRIVE]/code\repos_lite_pro\mwaskom__seaborn,94621cef29f80282436d73e8d2c0aa76dab81273,mwaskom__seaborn-2848-d90,0929b9aca26dea1e97a08f8ee70b807058d175ed,90,5,fe9fad88a48cdb8f6d780702bda973c5f30af1f0,Inherit errorbar alpha from scatter points in regplot (#2853),3,doc/releases/v0.12.0.txt;seaborn/regression.py;tests/test_regression.py,related_same_subtree,seaborn/_oldcore.py,2,a3eff2928e60880e264b0ba75ece3b38ec62b4d9609588a9211f19046b52df5b,0,True,Descriptive local Git future-history mechanism inventory; not semantic causality or survival evidence.
mwaskom__seaborn-2848,mwaskom/seaborn,[LOCAL_DRIVE]/code\repos_lite_pro\mwaskom__seaborn,94621cef29f80282436d73e8d2c0aa76dab81273,mwaskom__seaborn-2848-d90,0929b9aca26dea1e97a08f8ee70b807058d175ed,90,6,762bd3bbac9d70116fdedac0b2ac2c73a40d0513,Implement orient= in lineplot for sorting / aggregating on the y axis (#2854),4,doc/docstrings/lineplot.ipynb;doc/releases/v0.12.0.txt;seaborn/relational.py;tests/test_relational.py,related_same_subtree,seaborn/_oldcore.py,2,a3eff2928e60880e264b0ba75ece3b38ec62b4d9609588a9211f19046b52df5b,0,True,Descriptive local Git future-history mechanism inventory; not semantic causality or survival evidence.
mwaskom__seaborn-2848,mwaskom/seaborn,[LOCAL_DRIVE]/code\repos_lite_pro\mwaskom__seaborn,94621cef29f80282436d73e8d2c0aa76dab81273,mwaskom__seaborn-2848-d90,0929b9aca26dea1e97a08f8ee70b807058d175ed,90,7,26bf4b3b645edc405ca52b533b8d68273aeba7d1,Housekeeping on relational plot parameters (#2855),4,seaborn/relational.py;seaborn/utils.py;tests/test_relational.py;tests/test_utils.py,related_same_subtree,seaborn/_oldcore.py,2,a3eff2928e60880e264b0ba75ece3b38ec62b4d9609588a9211f19046b52df5b,0,True,Descriptive local Git future-history mechanism inventory; not semantic causality or survival evidence.
mwaskom__seaborn-2848,mwaskom/seaborn,[LOCAL_DRIVE]/code\repos_lite_pro\mwaskom__seaborn,94621cef29f80282436d73e8d2c0aa76dab81273,mwaskom__seaborn-2848-d90,0929b9aca26dea1e97a08f8ee70b807058d175ed,90,8,563e96d3be1eaee8db8dfbccf7eed1f1c66dfd31,Downgrade exception on mapping list length mismatch to warning (#2856),3,seaborn/_oldcore.py;tests/test_axisgrid.py;tests/test_core.py,directly_overlapping,seaborn/_oldcore.py,2,a3eff2928e60880e264b0ba75ece3b38ec62b4d9609588a9211f19046b52df5b,0,True,Descriptive local Git future-history mechanism inventory; not semantic causality or survival evidence.
mwaskom__seaborn-2848,mwaskom/seaborn,[LOCAL_DRIVE]/code\repos_lite_pro\mwaskom__seaborn,94621cef29f80282436d73e8d2c0aa76dab81273,mwaskom__seaborn-2848-d90,0929b9aca26dea1e97a08f8ee70b807058d175ed,90,9,533b6005bf1e8d85616fc10be9460b6afca7d791,Remove kwargs from pointplot signature (closes #2775),1,seaborn/categorical.py,related_same_subtree,seaborn/_oldcore.py,2,a3eff2928e60880e264b0ba75ece3b38ec62b4d9609588a9211f19046b52df5b,0,True,Descriptive local Git future-history mechanism inventory; not semantic causality or survival evidence.
mwaskom__seaborn-2848,mwaskom/seaborn,[LOCAL_DRIVE]/code\repos_lite_pro\mwaskom__seaborn,94621cef29f80282436d73e8d2c0aa76dab81273,mwaskom__seaborn-2848-d90,0929b9aca26dea1e97a08f8ee70b807058d175ed,90,10,057cdd83b52bc5359f00ff94cd43317dc03b39cd,Futz around with categorical docstrings,2,seaborn/categorical.py;seaborn/relational.py,related_same_subtree,seaborn/_oldcore.py,2,a3eff2928e60880e264b0ba75ece3b38ec62b4d9609588a9211f19046b52df5b,0,True,Descriptive local Git future-history mechanism inventory; not semantic causality or survival evidence.
mwaskom__seaborn-2848,mwaskom/seaborn,[LOCAL_DRIVE]/code\repos_lite_pro\mwaskom__seaborn,94621cef29f80282436d73e8d2c0aa76dab81273,mwaskom__seaborn-2848-d90,0929b9aca26dea1e97a08f8ee70b807058d175ed,90,11,9d8ce6ad4ab213994f0bc84d0c46869df7be0b49,Port categorical plot docstrings to notebooks,29,doc/docstrings/FacetGrid.ipynb;doc/docstrings/JointGrid.ipynb;doc/docstrings/PairGrid.ipynb;doc/docstrings/axes_style.ipynb;doc/docstrings/barplot.ipynb;doc/docstrings/boxenplot.ipynb;doc/docstrings/boxplot.ipynb;doc/docstrings/catplot.ipynb;doc/docstrings/color_palette.ipynb;doc/docstrings/countplot.ipynb;doc/docstrings/displot.ipynb;doc/docstrings/ecdfplot.ipynb;doc/docstrings/histplot.ipynb;doc/docstrings/jointplot.ipynb;doc/docstrings/kdeplot.ipynb;doc/docstrings/move_legend.ipynb;doc/docstrings/pairplot.ipynb;doc/docstrings/plotting_context.ipynb;doc/docstrings/pointplot.ipynb;doc/docstrings/relplot.ipynb;doc/docstrings/rugplot.ipynb;doc/docstrings/scatterplot.ipynb;doc/docstrings/set_context.ipynb;doc/docstrings/set_style.ipynb;doc/docstrings/set_theme.ipynb;doc/docstrings/stripplot.ipynb;doc/docstrings/swarmplot.ipynb;doc/docstrings/violinplot.ipynb;seaborn/categorical.py,related_same_subtree,seaborn/_oldcore.py,2,a3eff2928e60880e264b0ba75ece3b38ec62b4d9609588a9211f19046b52df5b,0,True,Descriptive local Git future-history mechanism inventory; not semantic causality or survival evidence.
mwaskom__seaborn-2848,mwaskom/seaborn,[LOCAL_DRIVE]/code\repos_lite_pro\mwaskom__seaborn,94621cef29f80282436d73e8d2c0aa76dab81273,mwaskom__seaborn-2848-d90,0929b9aca26dea1e97a08f8ee70b807058d175ed,90,12,a48dc8f4df8d81ff8b50bdf26b6c094333f6ea8d,Relax restriction on element type for discrete histplot (#2859),3,doc/releases/v0.12.0.txt;seaborn/distributions.py;tests/test_distributions.py,related_same_subtree,seaborn/_oldcore.py,2,a3eff2928e60880e264b0ba75ece3b38ec62b4d9609588a9211f19046b52df5b,0,True,Descriptive local Git future-history mechanism inventory; not semantic causality or survival evidence.
mwaskom__seaborn-2848,mwaskom/seaborn,[LOCAL_DRIVE]/code\repos_lite_pro\mwaskom__seaborn,94621cef29f80282436d73e8d2c0aa76dab81273,mwaskom__seaborn-2848-d90,0929b9aca26dea1e97a08f8ee70b807058d175ed,90,13,1e24db4b1051a536df3f441cab2e0e0f62433720,Add width parameter to barplot (#2860),3,doc/releases/v0.12.0.txt;seaborn/categorical.py;tests/test_categorical.py,related_same_subtree,seaborn/_oldcore.py,2,a3eff2928e60880e264b0ba75ece3b38ec62b4d9609588a9211f19046b52df5b,0,True,Descriptive local Git future-history mechanism inventory; not semantic causality or survival evidence.
mwaskom__seaborn-2848,mwaskom/seaborn,[LOCAL_DRIVE]/code\repos_lite_pro\mwaskom__seaborn,94621cef29f80282436d73e8d2c0aa76dab81273,mwaskom__seaborn-2848-d90,0929b9aca26dea1e97a08f8ee70b807058d175ed,90,14,b56081c2ba9b2b240f5c731fc6701fae5421c5f6,Improve robustness to numerical errors in kdeplot (#2862),3,doc/releases/v0.12.0.txt;seaborn/distributions.py;tests/test_distributions.py,related_same_subtree,seaborn/_oldcore.py,2,a3eff2928e60880e264b0ba75ece3b38ec62b4d9609588a9211f19046b52df5b,0,True,Descriptive local Git future-history mechanism inventory; not semantic causality or survival evidence.
mwaskom__seaborn-2848,mwaskom/seaborn,[LOCAL_DRIVE]/code\repos_lite_pro\mwaskom__seaborn,94621cef29f80282436d73e8d2c0aa76dab81273,mwaskom__seaborn-2848-d90,0929b9aca26dea1e97a08f8ee70b807058d175ed,90,15,1191b615a1f0716215a086d9b4615f1342e92cbe,Minor jointplot user-friendliness (#2863),2,seaborn/axisgrid.py;tests/test_axisgrid.py,related_same_subtree,seaborn/_oldcore.py,2,a3eff2928e60880e264b0ba75ece3b38ec62b4d9609588a9211f19046b52df5b,0,True,Descriptive local Git future-history mechanism inventory; not semantic causality or survival evidence.
mwaskom__seaborn-2848,mwaskom/seaborn,[LOCAL_DRIVE]/code\repos_lite_pro\mwaskom__seaborn,94621cef29f80282436d73e8d2c0aa76dab81273,mwaskom__seaborn-2848-d90,0929b9aca26dea1e97a08f8ee70b807058d175ed,90,16,ecba2dcf8a7e318462b976146e00837e622e8a08,Add new errorbar options to bar/pointplot (#2866),8,doc/docstrings/barplot.ipynb;doc/docstrings/pointplot.ipynb;doc/releases/v0.12.0.txt;doc/tutorial/categorical.ipynb;doc/tutorial/error_bars.ipynb;seaborn/_statistics.py;seaborn/categorical.py;tests/test_categorical.py,related_same_subtree,seaborn/_oldcore.py,2,a3eff2928e60880e264b0ba75ece3b38ec62b4d9609588a9211f19046b52df5b,0,True,Descriptive local Git future-history mechanism inventory; not semantic causality or survival evidence.
mwaskom__seaborn-2848,mwaskom/seaborn,[LOCAL_DRIVE]/code\repos_lite_pro\mwaskom__seaborn,94621cef29f80282436d73e8d2c0aa76dab81273,mwaskom__seaborn-2848-d90,0929b9aca26dea1e97a08f8ee70b807058d175ed,90,17,5ccd131e2b9abf7ebe335d429fba86fea9ca28d6,Fix typo in relational docs (#2872),1,doc/tutorial/relational.ipynb,infrastructure_only,seaborn/_oldcore.py,2,a3eff2928e60880e264b0ba75ece3b38ec62b4d9609588a9211f19046b52df5b,0,True,Descriptive local Git future-history mechanism inventory; not semantic causality or survival evidence.
mwaskom__seaborn-2848,mwaskom/seaborn,[LOCAL_DRIVE]/code\repos_lite_pro\mwaskom__seaborn,94621cef29f80282436d73e8d2c0aa76dab81273,mwaskom__seaborn-2848-d90,0929b9aca26dea1e97a08f8ee70b807058d175ed,90,18,2b9f85b71d1dd48e9aaa61d7f3a2b8109b80044d,Remove private attribute access in compound legend (#2878),2,seaborn/_core/plot.py;tests/_core/test_plot.py,related_same_subtree,seaborn/_oldcore.py,2,a3eff2928e60880e264b0ba75ece3b38ec62b4d9609588a9211f19046b52df5b,0,True,Descriptive local Git future-history mechanism inventory; not semantic causality or survival evidence.
mwaskom__seaborn-2848,mwaskom/seaborn,[LOCAL_DRIVE]/code\repos_lite_pro\mwaskom__seaborn,94621cef29f80282436d73e8d2c0aa76dab81273,mwaskom__seaborn-2848-d90,0929b9aca26dea1e97a08f8ee70b807058d175ed,90,19,c2270e79aea173f7b4023b5078921d140855217c,Add Scale.label interface for formatting ticks (#2877),9,pytest.ini;seaborn/_core/plot.py;seaborn/_core/properties.py;seaborn/_core/scales.py;seaborn/_marks/base.py;seaborn/_stats/histograms.py;tests/_core/test_plot.py;tests/_core/test_scales.py;tests/test_categorical.py,related_same_subtree,seaborn/_oldcore.py,2,a3eff2928e60880e264b0ba75ece3b38ec62b4d9609588a9211f19046b52df5b,0,True,Descriptive local Git future-history mechanism inventory; not semantic causality or survival evidence.
mwaskom__seaborn-2848,mwaskom/seaborn,[LOCAL_DRIVE]/code\repos_lite_pro\mwaskom__seaborn,94621cef29f80282436d73e8d2c0aa76dab81273,mwaskom__seaborn-2848-d90,0929b9aca26dea1e97a08f8ee70b807058d175ed,90,20,b03fb331f6a79d3a6f2a1afb261a6e747daaa63f,Remove duplicated package information from setup.py,1,setup.py,infrastructure_only,seaborn/_oldcore.py,2,a3eff2928e60880e264b0ba75ece3b38ec62b4d9609588a9211f19046b52df5b,0,True,Descriptive local Git future-history mechanism inventory; not semantic causality or survival evidence.
mwaskom__seaborn-2848,mwaskom/seaborn,[LOCAL_DRIVE]/code\repos_lite_pro\mwaskom__seaborn,94621cef29f80282436d73e8d2c0aa76dab81273,mwaskom__seaborn-2848-d90,0929b9aca26dea1e97a08f8ee70b807058d175ed,90,21,d7088402ec06508cbbac6f48f3c658156b2f33b5,Add Python 3.10 classifier and update PyPI description,1,setup.py,infrastructure_only,seaborn/_oldcore.py,2,a3eff2928e60880e264b0ba75ece3b38ec62b4d9609588a9211f19046b52df5b,0,True,Descriptive local Git future-history mechanism inventory; not semantic causality or survival evidence.
mwaskom__seaborn-2848,mwaskom/seaborn,[LOCAL_DRIVE]/code\repos_lite_pro\mwaskom__seaborn,94621cef29f80282436d73e8d2c0aa76dab81273,mwaskom__seaborn-2848-d90,0929b9aca26dea1e97a08f8ee70b807058d175ed,90,22,ecdec5417de8ec9a6427a0e38afb0b099b023854,Mention pointplot additional kwargs removal in the release notes (#2879),1,doc/releases/v0.12.0.txt,infrastructure_only,seaborn/_oldcore.py,2,a3eff2928e60880e264b0ba75ece3b38ec62b4d9609588a9211f19046b52df5b,0,True,Descriptive local Git future-history mechanism inventory; not semantic causality or survival evidence.
mwaskom__seaborn-2848,mwaskom/seaborn,[LOCAL_DRIVE]/code\repos_lite_pro\mwaskom__seaborn,94621cef29f80282436d73e8d2c0aa76dab81273,mwaskom__seaborn-2848-d90,0929b9aca26dea1e97a08f8ee70b807058d175ed,90,23,b638c06619b2a62e4dcc956d0f0cf09e18e8ba0e,Narrow channels for seeking help.,1,.github/CONTRIBUTING.md,infrastructure_only,seaborn/_oldcore.py,2,a3eff2928e60880e264b0ba75ece3b38ec62b4d9609588a9211f19046b52df5b,0,True,Descriptive local Git future-history mechanism inventory; not semantic causality or survival evidence.
mwaskom__seaborn-2848,mwaskom/seaborn,[LOCAL_DRIVE]/code\repos_lite_pro\mwaskom__seaborn,94621cef29f80282436d73e8d2c0aa76dab81273,mwaskom__seaborn-2848-d90,0929b9aca26dea1e97a08f8ee70b807058d175ed,90,24,d251deaa7c4cbe6eef87693ce05ac02d74181ff9,Fix typo,1,.github/CONTRIBUTING.md,infrastructure_only,seaborn/_oldcore.py,2,a3eff2928e60880e264b0ba75ece3b38ec62b4d9609588a9211f19046b52df5b,0,True,Descriptive local Git future-history mechanism inventory; not semantic causality or survival evidence.
mwaskom__seaborn-2848,mwaskom/seaborn,[LOCAL_DRIVE]/code\repos_lite_pro\mwaskom__seaborn,94621cef29f80282436d73e8d2c0aa76dab81273,mwaskom__seaborn-2848-d90,0929b9aca26dea1e97a08f8ee70b807058d175ed,90,25,3180fd714f44498de26b256c7cab4b608969aeea,Improve visual appearance of Bar mark (#2889),2,seaborn/_marks/bars.py;tests/_marks/test_bars.py,related_same_subtree,seaborn/_oldcore.py,2,a3eff2928e60880e264b0ba75ece3b38ec62b4d9609588a9211f19046b52df5b,0,True,Descriptive local Git future-history mechanism inventory; not semantic causality or survival evidence.
mwaskom__seaborn-2848,mwaskom/seaborn,[LOCAL_DRIVE]/code\repos_lite_pro\mwaskom__seaborn,94621cef29f80282436d73e8d2c0aa76dab81273,mwaskom__seaborn-2848-d90,0929b9aca26dea1e97a08f8ee70b807058d175ed,90,26,3c8447fc92e73b353202bacefc007784460b225e,Add Bars for more efficient bar plots and improve Bar as well (#2893),6,seaborn/_marks/bars.py;seaborn/_marks/base.py;seaborn/_marks/scatter.py;seaborn/objects.py;tests/_marks/test_bars.py;tests/_marks/test_base.py,related_same_subtree,seaborn/_oldcore.py,2,a3eff2928e60880e264b0ba75ece3b38ec62b4d9609588a9211f19046b52df5b,0,True,Descriptive local Git future-history mechanism inventory; not semantic causality or survival evidence.
mwaskom__seaborn-2848,mwaskom/seaborn,[LOCAL_DRIVE]/code\repos_lite_pro\mwaskom__seaborn,94621cef29f80282436d73e8d2c0aa76dab81273,mwaskom__seaborn-2848-d90,0929b9aca26dea1e97a08f8ee70b807058d175ed,90,27,5910d6ef50196c8bd1f4ed40a5da202a39d7f62c,docs: fix typos (#2899),10,doc/introduction.ipynb;doc/releases/v0.12.0.txt;doc/tutorial/color_palettes.ipynb;doc/tutorial/data_structure.ipynb;doc/tutorial/error_bars.ipynb;seaborn/_core/scales.py;seaborn/_oldcore.py;seaborn/algorithms.py;seaborn/axisgrid.py;seaborn/distributions.py,directly_overlapping,seaborn/_oldcore.py,2,a3eff2928e60880e264b0ba75ece3b38ec62b4d9609588a9211f19046b52df5b,0,True,Descriptive local Git future-history mechanism inventory; not semantic causality or survival evidence.
mwaskom__seaborn-2848,mwaskom/seaborn,[LOCAL_DRIVE]/code\repos_lite_pro\mwaskom__seaborn,94621cef29f80282436d73e8d2c0aa76dab81273,mwaskom__seaborn-2848-d90,0929b9aca26dea1e97a08f8ee70b807058d175ed,90,28,ca9ba9c3072fb9a1ba7706bcceeb6ba650c824a9,Change Area/Ribbon to generate Polygon patches and add clipping trick (#2896),2,seaborn/_marks/area.py;tests/_marks/test_area.py,related_same_subtree,seaborn/_oldcore.py,2,a3eff2928e60880e264b0ba75ece3b38ec62b4d9609588a9211f19046b52df5b,0,True,Descriptive local Git future-history mechanism inventory; not semantic causality or survival evidence.
mwaskom__seaborn-2848,mwaskom/seaborn,[LOCAL_DRIVE]/code\repos_lite_pro\mwaskom__seaborn,94621cef29f80282436d73e8d2c0aa76dab81273,mwaskom__seaborn-2848-d90,0929b9aca26dea1e97a08f8ee70b807058d175ed,90,29,17f44b56f53de24b4c1aa788a4f2690f36005c81,Add Plot.limit method (#2898),2,seaborn/_core/plot.py;tests/_core/test_plot.py,related_same_subtree,seaborn/_oldcore.py,2,a3eff2928e60880e264b0ba75ece3b38ec62b4d9609588a9211f19046b52df5b,0,True,Descriptive local Git future-history mechanism inventory; not semantic causality or survival evidence.
mwaskom__seaborn-2848,mwaskom/seaborn,[LOCAL_DRIVE]/code\repos_lite_pro\mwaskom__seaborn,94621cef29f80282436d73e8d2c0aa76dab81273,mwaskom__seaborn-2848-d90,0929b9aca26dea1e97a08f8ee70b807058d175ed,90,30,05066e0ebd27fa974744fad3ba58b98a870059ec,docs: Fix a few typos (#2887),2,seaborn/_core/plot.py;seaborn/axisgrid.py,related_same_subtree,seaborn/_oldcore.py,2,a3eff2928e60880e264b0ba75ece3b38ec62b4d9609588a9211f19046b52df5b,0,True,Descriptive local Git future-history mechanism inventory; not semantic causality or survival evidence.
mwaskom__seaborn-2848,mwaskom/seaborn,[LOCAL_DRIVE]/code\repos_lite_pro\mwaskom__seaborn,94621cef29f80282436d73e8d2c0aa76dab81273,mwaskom__seaborn-2848-d90,0929b9aca26dea1e97a08f8ee70b807058d175ed,90,31,6cfa5172251c702ce6c56a9dbe7f551257b1bc28,elif optimization in utils.py (#2895),1,seaborn/utils.py,related_same_subtree,seaborn/_oldcore.py,2,a3eff2928e60880e264b0ba75ece3b38ec62b4d9609588a9211f19046b52df5b,0,True,Descriptive local Git future-history mechanism inventory; not semantic causality or survival evidence.
mwaskom__seaborn-2848,mwaskom/seaborn,[LOCAL_DRIVE]/code\repos_lite_pro\mwaskom__seaborn,94621cef29f80282436d73e8d2c0aa76dab81273,mwaskom__seaborn-2848-d90,0929b9aca26dea1e97a08f8ee70b807058d175ed,90,32,189577efdcc5c4fbcb9944f33c27d00b6a5ea234,Vendored library housekeeping (#2903),3,licences/NUMPYDOC_LICENSE;licences/SCIPY_LICENSE;seaborn/external/appdirs.py,related_same_subtree,seaborn/_oldcore.py,2,a3eff2928e60880e264b0ba75ece3b38ec62b4d9609588a9211f19046b52df5b,0,True,Descriptive local Git future-history mechanism inventory; not semantic causality or survival evidence.
mwaskom__seaborn-2848,mwaskom/seaborn,[LOCAL_DRIVE]/code\repos_lite_pro\mwaskom__seaborn,94621cef29f80282436d73e8d2c0aa76dab81273,mwaskom__seaborn-2848-d90,0929b9aca26dea1e97a08f8ee70b807058d175ed,90,33,022e4bd75bd838ca52b2df1a34bebd6438b5efd4,Add Plot.label method (#2902),2,seaborn/_core/plot.py;tests/_core/test_plot.py,related_same_subtree,seaborn/_oldcore.py,2,a3eff2928e60880e264b0ba75ece3b38ec62b4d9609588a9211f19046b52df5b,0,True,Descriptive local Git future-history mechanism inventory; not semantic causality or survival evidence.
mwaskom__seaborn-2848,mwaskom/seaborn,[LOCAL_DRIVE]/code\repos_lite_pro\mwaskom__seaborn,94621cef29f80282436d73e8d2c0aa76dab81273,mwaskom__seaborn-2848-d90,0929b9aca26dea1e97a08f8ee70b807058d175ed,90,34,b726628083f56ddec3cf390b2e7e91d9608d88c9,Update specs from new methods in clone,1,seaborn/_core/plot.py,related_same_subtree,seaborn/_oldcore.py,2,a3eff2928e60880e264b0ba75ece3b38ec62b4d9609588a9211f19046b52df5b,0,True,Descriptive local Git future-history mechanism inventory; not semantic causality or survival evidence.
mwaskom__seaborn-2848,mwaskom/seaborn,[LOCAL_DRIVE]/code\repos_lite_pro\mwaskom__seaborn,94621cef29f80282436d73e8d2c0aa76dab81273,mwaskom__seaborn-2848-d90,0929b9aca26dea1e97a08f8ee70b807058d175ed,90,35,1524d4398d01a652c254d4c9d1c5c72a54a62d22,Add a docstring for seaborn.objects namespace,1,seaborn/objects.py,related_same_subtree,seaborn/_oldcore.py,2,a3eff2928e60880e264b0ba75ece3b38ec62b4d9609588a9211f19046b52df5b,0,True,Descriptive local Git future-history mechanism inventory; not semantic causality or survival evidence.
mwaskom__seaborn-2848,mwaskom/seaborn,[LOCAL_DRIVE]/code\repos_lite_pro\mwaskom__seaborn,94621cef29f80282436d73e8d2c0aa76dab81273,mwaskom__seaborn-2848-d90,0929b9aca26dea1e97a08f8ee70b807058d175ed,90,36,d33ab67b0b691087520ad7ca9673da9c5db86ff4,Store figsize in _figure_spec object (#2917),2,seaborn/_core/plot.py;tests/_core/test_plot.py,related_same_subtree,seaborn/_oldcore.py,2,a3eff2928e60880e264b0ba75ece3b38ec62b4d9609588a9211f19046b52df5b,0,True,Descriptive local Git future-history mechanism inventory; not semantic causality or survival evidence.
mwaskom__seaborn-2848,mwaskom/seaborn,[LOCAL_DRIVE]/code\repos_lite_pro\mwaskom__seaborn,94621cef29f80282436d73e8d2c0aa76dab81273,mwaskom__seaborn-2848-d90,0929b9aca26dea1e97a08f8ee70b807058d175ed,90,37,5a147be5af5e0151df324eb9d48340c3564b149c,Don't modify patch.facecolor in set_palette (#2906),3,doc/releases/v0.12.0.txt;seaborn/rcmod.py;tests/test_rcmod.py,related_same_subtree,seaborn/_oldcore.py,2,a3eff2928e60880e264b0ba75ece3b38ec62b4d9609588a9211f19046b52df5b,0,True,Descriptive local Git future-history mechanism inventory; not semantic causality or survival evidence.
mwaskom__seaborn-2848,mwaskom/seaborn,[LOCAL_DRIVE]/code\repos_lite_pro\mwaskom__seaborn,94621cef29f80282436d73e8d2c0aa76dab81273,mwaskom__seaborn-2848-d90,0929b9aca26dea1e97a08f8ee70b807058d175ed,90,38,b5a85ff9c04b50962ef14a33a2c861a8fb561394,Make scale config apply to variables computed by the stat transform (#2915),3,seaborn/_compat.py;seaborn/_core/plot.py;tests/_core/test_plot.py,related_same_subtree,seaborn/_oldcore.py,2,a3eff2928e60880e264b0ba75ece3b38ec62b4d9609588a9211f19046b52df5b,0,True,Descriptive local Git future-history mechanism inventory; not semantic causality or survival evidence.
mwaskom__seaborn-2848,mwaskom/seaborn,[LOCAL_DRIVE]/code\repos_lite_pro\mwaskom__seaborn,94621cef29f80282436d73e8d2c0aa76dab81273,mwaskom__seaborn-2848-d90,0929b9aca26dea1e97a08f8ee70b807058d175ed,90,39,fb61ded5ea1e0c6c39cd234c99e0d1842ccb60df,Add Est stat and Interval mark to show error bars (#2912),9,seaborn/_core/plot.py;seaborn/_core/scales.py;seaborn/_marks/bars.py;seaborn/_marks/lines.py;seaborn/_stats/aggregation.py;seaborn/_stats/histograms.py;seaborn/objects.py;tests/_marks/test_lines.py;tests/_stats/test_aggregation.py,related_same_subtree,seaborn/_oldcore.py,2,a3eff2928e60880e264b0ba75ece3b38ec62b4d9609588a9211f19046b52df5b,0,True,Descriptive local Git future-history mechanism inventory; not semantic causality or survival evidence.
mwaskom__seaborn-2848,mwaskom/seaborn,[LOCAL_DRIVE]/code\repos_lite_pro\mwaskom__seaborn,94621cef29f80282436d73e8d2c0aa76dab81273,mwaskom__seaborn-2848-d90,0929b9aca26dea1e97a08f8ee70b807058d175ed,90,40,34662f4be5c364e7518f9c1118c9b362038ee5dd,Convert docs to pydata-sphinx-theme and add new material (#2842),149,doc/.gitignore;doc/Makefile;doc/_docstrings/FacetGrid.ipynb;doc/_docstrings/JointGrid.ipynb;doc/_docstrings/Makefile;doc/_docstrings/PairGrid.ipynb;doc/_docstrings/axes_style.ipynb;doc/_docstrings/barplot.ipynb;doc/_docstrings/boxenplot.ipynb;doc/_docstrings/boxplot.ipynb;doc/_docstrings/catplot.ipynb;doc/_docstrings/color_palette.ipynb;doc/_docstrings/countplot.ipynb;doc/_docstrings/displot.ipynb;doc/_docstrings/ecdfplot.ipynb;doc/_docstrings/histplot.ipynb;doc/_docstrings/jointplot.ipynb;doc/_docstrings/kdeplot.ipynb;doc/_docstrings/lineplot.ipynb;doc/_docstrings/move_legend.ipynb;doc/_docstrings/pairplot.ipynb;doc/_docstrings/plotting_context.ipynb;doc/_docstrings/pointplot.ipynb;doc/_docstrings/relplot.ipynb;doc/_docstrings/rugplot.ipynb;doc/_docstrings/scatterplot.ipynb;doc/_docstrings/set_context.ipynb;doc/_docstrings/set_style.ipynb;doc/_docstrings/set_theme.ipynb;doc/_docstrings/stripplot.ipynb;doc/_docstrings/swarmplot.ipynb;doc/_docstrings/violinplot.ipynb;doc/_static/css/custom.css;doc/_static/style.css;doc/_templates/autosummary/base.rst;doc/_templates/autosummary/class.rst;doc/_templates/autosummary/object.rst;doc/_templates/autosummary/scale.rst;doc/_templates/layout.html;doc/_templates/version.html;doc/_tutorial/Makefile;doc/_tutorial/aesthetics.ipynb;doc/_tutorial/axis_grids.ipynb;doc/_tutorial/categorical.ipynb;doc/_tutorial/color_palettes.ipynb;doc/_tutorial/data_structure.ipynb;doc/_tutorial/distributions.ipynb;doc/_tutorial/error_bars.ipynb;doc/_tutorial/function_overview.ipynb;doc/_tutorial/introduction.ipynb;doc/_tutorial/regression.ipynb;doc/_tutorial/relational.ipynb;doc/api.rst;doc/archive.rst;doc/conf.py;doc/docstrings/FacetGrid.ipynb;doc/docstrings/JointGrid.ipynb;doc/docstrings/Makefile;doc/docstrings/PairGrid.ipynb;doc/docstrings/axes_style.ipynb;doc/docstrings/barplot.ipynb;doc/docstrings/boxenplot.ipynb;doc/docstrings/boxplot.ipynb;doc/docstrings/catplot.ipynb;doc/docstrings/color_palette.ipynb;doc/docstrings/countplot.ipynb;doc/docstrings/displot.ipynb;doc/docstrings/ecdfplot.ipynb;doc/docstrings/histplot.ipynb;doc/docstrings/jointplot.ipynb;doc/docstrings/kdeplot.ipynb;doc/docstrings/lineplot.ipynb;doc/docstrings/move_legend.ipynb;doc/docstrings/pairplot.ipynb;doc/docstrings/plotting_context.ipynb;doc/docstrings/pointplot.ipynb;doc/docstrings/relplot.ipynb;doc/docstrings/rugplot.ipynb;doc/docstrings/scatterplot.ipynb;doc/docstrings/set_context.ipynb;doc/docstrings/set_style.ipynb;doc/docstrings/set_theme.ipynb;doc/docstrings/stripplot.ipynb;doc/docstrings/swarmplot.ipynb;doc/docstrings/violinplot.ipynb;doc/index.rst;doc/installing.rst;doc/introduction.ipynb;doc/make.bat;doc/releases/v0.10.0.txt;doc/releases/v0.10.1.txt;doc/releases/v0.11.0.txt;doc/releases/v0.11.1.txt;doc/releases/v0.11.2.txt;doc/releases/v0.12.0.txt;doc/releases/v0.2.0.txt;doc/releases/v0.2.1.txt;doc/releases/v0.3.0.txt;doc/releases/v0.3.1.txt;doc/releases/v0.4.0.txt;doc/releases/v0.5.0.txt;doc/releases/v0.5.1.txt;doc/releases/v0.6.0.txt;doc/releases/v0.7.0.txt;doc/releases/v0.7.1.txt;doc/releases/v0.8.0.txt;doc/releases/v0.8.1.txt;doc/releases/v0.9.0.txt;doc/releases/v0.9.1.txt;doc/requirements.txt;doc/sphinxext/gallery_generator.py;doc/tools/nb_to_doc.py;doc/tutorial.rst;doc/tutorial/Makefile;doc/tutorial/aesthetics.ipynb;doc/tutorial/axis_grids.ipynb;doc/tutorial/categorical.ipynb;doc/tutorial/color_palettes.ipynb;doc/tutorial/data_structure.ipynb;doc/tutorial/distributions.ipynb;doc/tutorial/error_bars.ipynb;doc/tutorial/function_overview.ipynb;doc/tutorial/regression.ipynb;doc/tutorial/relational.ipynb;doc/whatsnew.rst;doc/whatsnew/index.rst;doc/whatsnew/v0.10.0.rst;doc/whatsnew/v0.10.1.rst;doc/whatsnew/v0.11.0.rst;doc/whatsnew/v0.11.1.rst;doc/whatsnew/v0.11.2.rst;doc/whatsnew/v0.12.0.rst;doc/whatsnew/v0.2.0.rst;doc/whatsnew/v0.2.1.rst;doc/whatsnew/v0.3.0.rst;doc/whatsnew/v0.3.1.rst;doc/whatsnew/v0.4.0.rst;doc/whatsnew/v0.5.0.rst;doc/whatsnew/v0.5.1.rst;doc/whatsnew/v0.6.0.rst;doc/whatsnew/v0.7.0.rst;doc/whatsnew/v0.7.1.rst;doc/whatsnew/v0.8.0.rst;doc/whatsnew/v0.8.1.rst;doc/whatsnew/v0.9.0.rst;doc/whatsnew/v0.9.1.rst;seaborn/_core/plot.py;seaborn/_core/scales.py;seaborn/rcmod.py,related_same_subtree,seaborn/_oldcore.py,2,a3eff2928e60880e264b0ba75ece3b38ec62b4d9609588a9211f19046b52df5b,0,True,Descriptive local Git future-history mechanism inventory; not semantic causality or survival evidence.
mwaskom__seaborn-2848,mwaskom/seaborn,[LOCAL_DRIVE]/code\repos_lite_pro\mwaskom__seaborn,94621cef29f80282436d73e8d2c0aa76dab81273,mwaskom__seaborn-2848-d90,0929b9aca26dea1e97a08f8ee70b807058d175ed,90,41,36cc26b701ac0556e9709e2cedbaef22025b84a9,Fix dodging with interval marks (#2922),2,seaborn/_core/plot.py;tests/_core/test_plot.py,related_same_subtree,seaborn/_oldcore.py,2,a3eff2928e60880e264b0ba75ece3b38ec62b4d9609588a9211f19046b52df5b,0,True,Descriptive local Git future-history mechanism inventory; not semantic causality or survival evidence.
mwaskom__seaborn-2848,mwaskom/seaborn,[LOCAL_DRIVE]/code\repos_lite_pro\mwaskom__seaborn,94621cef29f80282436d73e8d2c0aa76dab81273,mwaskom__seaborn-2848-d90,0929b9aca26dea1e97a08f8ee70b807058d175ed,90,42,f581300dd8029f71290a04ffc2bddc7f9f713d00,Pass artist_kws to scatter artist (#2921),1,seaborn/_marks/scatter.py,related_same_subtree,seaborn/_oldcore.py,2,a3eff2928e60880e264b0ba75ece3b38ec62b4d9609588a9211f19046b52df5b,0,True,Descriptive local Git future-history mechanism inventory; not semantic causality or survival evidence.
mwaskom__seaborn-2848,mwaskom/seaborn,[LOCAL_DRIVE]/code\repos_lite_pro\mwaskom__seaborn,94621cef29f80282436d73e8d2c0aa76dab81273,mwaskom__seaborn-2848-d90,0929b9aca26dea1e97a08f8ee70b807058d175ed,90,43,6460a21555ba6557e1f6f06f4d677d9c19148169,Workaround for matplotlib rc_context issue (#2925),3,doc/whatsnew/v0.12.0.rst;seaborn/axisgrid.py;seaborn/utils.py,related_same_subtree,seaborn/_oldcore.py,2,a3eff2928e60880e264b0ba75ece3b38ec62b4d9609588a9211f19046b52df5b,0,True,Descriptive local Git future-history mechanism inventory; not semantic causality or survival evidence.
mwaskom__seaborn-2848,mwaskom/seaborn,[LOCAL_DRIVE]/code\repos_lite_pro\mwaskom__seaborn,94621cef29f80282436d73e8d2c0aa76dab81273,mwaskom__seaborn-2848-d90,0929b9aca26dea1e97a08f8ee70b807058d175ed,90,44,949dec3666ab12a366d2fc05ef18d6e90625b5fa,Add apply and pipe methods to Grid objects for fluent customization (#2928),3,doc/whatsnew/v0.12.0.rst;seaborn/axisgrid.py;tests/test_axisgrid.py,related_same_subtree,seaborn/_oldcore.py,2,a3eff2928e60880e264b0ba75ece3b38ec62b4d9609588a9211f19046b52df5b,0,True,Descriptive local Git future-history mechanism inventory; not semantic causality or survival evidence.
mwaskom__seaborn-2848,mwaskom/seaborn,[LOCAL_DRIVE]/code\repos_lite_pro\mwaskom__seaborn,94621cef29f80282436d73e8d2c0aa76dab81273,mwaskom__seaborn-2848-d90,0929b9aca26dea1e97a08f8ee70b807058d175ed,90,45,079a90d2a64c90aa0ebd6a4bc65ceb94ff4ea728,Fix typos and remove trailing spaces (#2932),3,doc/_docstrings/lineplot.ipynb;doc/nextgen/demo.ipynb;seaborn/cm.py,related_same_subtree,seaborn/_oldcore.py,2,a3eff2928e60880e264b0ba75ece3b38ec62b4d9609588a9211f19046b52df5b,0,True,Descriptive local Git future-history mechanism inventory; not semantic causality or survival evidence.
mwaskom__seaborn-2848,mwaskom/seaborn,[LOCAL_DRIVE]/code\repos_lite_pro\mwaskom__seaborn,94621cef29f80282436d73e8d2c0aa76dab81273,mwaskom__seaborn-2848-d90,0929b9aca26dea1e97a08f8ee70b807058d175ed,90,46,d504bebf8d895675d18c8482710ebcfc9351f7b4,Added new test for heatmap (#2904),1,tests/test_matrix.py,test_only,seaborn/_oldcore.py,2,a3eff2928e60880e264b0ba75ece3b38ec62b4d9609588a9211f19046b52df5b,0,True,Descriptive local Git future-history mechanism inventory; not semantic causality or survival evidence.
mwaskom__seaborn-2848,mwaskom/seaborn,[LOCAL_DRIVE]/code\repos_lite_pro\mwaskom__seaborn,94621cef29f80282436d73e8d2c0aa76dab81273,mwaskom__seaborn-2848-d90,0929b9aca26dea1e97a08f8ee70b807058d175ed,90,47,ff96e1f0f1b54074f6f4dc5976bdfb4f19646851,Document the legend argument of categorical scatterplots (#2933),4,doc/_docstrings/stripplot.ipynb;doc/_docstrings/swarmplot.ipynb;examples/jitter_stripplot.py;seaborn/categorical.py,related_same_subtree,seaborn/_oldcore.py,2,a3eff2928e60880e264b0ba75ece3b38ec62b4d9609588a9211f19046b52df5b,0,True,Descriptive local Git future-history mechanism inventory; not semantic causality or survival evidence.
mwaskom__seaborn-2848,mwaskom/seaborn,[LOCAL_DRIVE]/code\repos_lite_pro\mwaskom__seaborn,94621cef29f80282436d73e8d2c0aa76dab81273,mwaskom__seaborn-2848-d90,0929b9aca26dea1e97a08f8ee70b807058d175ed,90,48,762db897b52d16ab2f164d5103df4cc26c1d0503,Add rudimentary themeing support (#2929),3,seaborn/_core/plot.py;tests/_core/test_plot.py;tests/_marks/test_lines.py,related_same_subtree,seaborn/_oldcore.py,2,a3eff2928e60880e264b0ba75ece3b38ec62b4d9609588a9211f19046b52df5b,0,True,Descriptive local Git future-history mechanism inventory; not semantic causality or survival evidence.
mwaskom__seaborn-2848,mwaskom/seaborn,[LOCAL_DRIVE]/code\repos_lite_pro\mwaskom__seaborn,94621cef29f80282436d73e8d2c0aa76dab81273,mwaskom__seaborn-2848-d90,0929b9aca26dea1e97a08f8ee70b807058d175ed,90,49,a259ac55c4233ab3418459d3b6cd195ebe2cb521,Allow Plot.label to control title(s) (#2934),2,seaborn/_core/plot.py;tests/_core/test_plot.py,related_same_subtree,seaborn/_oldcore.py,2,a3eff2928e60880e264b0ba75ece3b38ec62b4d9609588a9211f19046b52df5b,0,True,Descriptive local Git future-history mechanism inventory; not semantic causality or survival evidence.
mwaskom__seaborn-2848,mwaskom/seaborn,[LOCAL_DRIVE]/code\repos_lite_pro\mwaskom__seaborn,94621cef29f80282436d73e8d2c0aa76dab81273,mwaskom__seaborn-2848-d90,0929b9aca26dea1e97a08f8ee70b807058d175ed,90,50,cb96dd1d6b54d214e7a429250db92dbe77186ce2,Update docs for pydata theme rc2,3,doc/conf.py;doc/index.rst;doc/sphinxext/gallery_generator.py,infrastructure_only,seaborn/_oldcore.py,2,a3eff2928e60880e264b0ba75ece3b38ec62b4d9609588a9211f19046b52df5b,0,True,Descriptive local Git future-history mechanism inventory; not semantic causality or survival evidence.
mwaskom__seaborn-2848,mwaskom/seaborn,[LOCAL_DRIVE]/code\repos_lite_pro\mwaskom__seaborn,94621cef29f80282436d73e8d2c0aa76dab81273,mwaskom__seaborn-2848-d90,0929b9aca26dea1e97a08f8ee70b807058d175ed,90,51,f5bb40cc1c8bfbbefc2868333a6c7694c2871abc,Change scipy/statsmodels install extra to be [stats] and do some housekeeping (#2939),11,.coveragerc;.github/workflows/ci.yaml;LICENSE;LICENSE.md;MANIFEST.in;README.md;doc/installing.rst;doc/whatsnew/v0.12.0.rst;seaborn/__init__.py;setup.cfg;setup.py,related_same_subtree,seaborn/_oldcore.py,2,a3eff2928e60880e264b0ba75ece3b38ec62b4d9609588a9211f19046b52df5b,0,True,Descriptive local Git future-history mechanism inventory; not semantic causality or survival evidence.
mwaskom__seaborn-2848,mwaskom/seaborn,[LOCAL_DRIVE]/code\repos_lite_pro\mwaskom__seaborn,94621cef29f80282436d73e8d2c0aa76dab81273,mwaskom__seaborn-2848-d90,0929b9aca26dea1e97a08f8ee70b807058d175ed,90,52,9771eae42a802f898f95c6b062f036bd7940e6b4,Rename all mark/stat modules to be singular (#2941),13,seaborn/_marks/bar.py;seaborn/_marks/bars.py;seaborn/_marks/line.py;seaborn/_marks/lines.py;seaborn/_stats/histogram.py;seaborn/_stats/histograms.py;seaborn/objects.py;tests/_marks/test_bar.py;tests/_marks/test_bars.py;tests/_marks/test_line.py;tests/_marks/test_lines.py;tests/_stats/test_histogram.py;tests/_stats/test_histograms.py,related_same_subtree,seaborn/_oldcore.py,2,a3eff2928e60880e264b0ba75ece3b38ec62b4d9609588a9211f19046b52df5b,0,True,Descriptive local Git future-history mechanism inventory; not semantic causality or survival evidence.
mwaskom__seaborn-2848,mwaskom/seaborn,[LOCAL_DRIVE]/code\repos_lite_pro\mwaskom__seaborn,94621cef29f80282436d73e8d2c0aa76dab81273,mwaskom__seaborn-2848-d90,0929b9aca26dea1e97a08f8ee70b807058d175ed,90,53,8dad74cb025c044b5ac3e31e9f4cb12c409c3d14,Replace setup.py with pyproject.toml configured to use flit for builds (#2940),4,MANIFEST.in;pyproject.toml;seaborn/__init__.py;setup.py,related_same_subtree,seaborn/_oldcore.py,2,a3eff2928e60880e264b0ba75ece3b38ec62b4d9609588a9211f19046b52df5b,0,True,Descriptive local Git future-history mechanism inventory; not semantic causality or survival evidence.
mwaskom__seaborn-2848,mwaskom/seaborn,[LOCAL_DRIVE]/code\repos_lite_pro\mwaskom__seaborn,94621cef29f80282436d73e8d2c0aa76dab81273,mwaskom__seaborn-2848-d90,0929b9aca26dea1e97a08f8ee70b807058d175ed,90,54,a1ede5eb82fa09164aff65da03136b7382fd5041,Rename Scatter mark to Dots (#2942),9,doc/api.rst;doc/nextgen/demo.ipynb;doc/nextgen/index.ipynb;seaborn/_core/properties.py;seaborn/_marks/dot.py;seaborn/_marks/scatter.py;seaborn/objects.py;tests/_marks/test_dot.py;tests/_marks/test_scatter.py,related_same_subtree,seaborn/_oldcore.py,2,a3eff2928e60880e264b0ba75ece3b38ec62b4d9609588a9211f19046b52df5b,0,True,Descriptive local Git future-history mechanism inventory; not semantic causality or survival evidence.
mwaskom__seaborn-2848,mwaskom/seaborn,[LOCAL_DRIVE]/code\repos_lite_pro\mwaskom__seaborn,94621cef29f80282436d73e8d2c0aa76dab81273,mwaskom__seaborn-2848-d90,0929b9aca26dea1e97a08f8ee70b807058d175ed,90,55,ae9080d583032ab98a731e55753caf82b10c6905,Work around Series.agg non-aggregation EstimateAggregator (#2946),2,seaborn/_statistics.py;tests/test_statistics.py,related_same_subtree,seaborn/_oldcore.py,2,a3eff2928e60880e264b0ba75ece3b38ec62b4d9609588a9211f19046b52df5b,0,True,Descriptive local Git future-history mechanism inventory; not semantic causality or survival evidence.
mwaskom__seaborn-2848,mwaskom/seaborn,[LOCAL_DRIVE]/code\repos_lite_pro\mwaskom__seaborn,94621cef29f80282436d73e8d2c0aa76dab81273,mwaskom__seaborn-2848-d90,0929b9aca26dea1e97a08f8ee70b807058d175ed,90,56,72d1322ee583eb481346e5e661c2998c8a7445dd,Adding Grid.tick_params() method. (#2944),3,doc/whatsnew/v0.12.0.rst;seaborn/axisgrid.py;tests/test_axisgrid.py,related_same_subtree,seaborn/_oldcore.py,2,a3eff2928e60880e264b0ba75ece3b38ec62b4d9609588a9211f19046b52df5b,0,True,Descriptive local Git future-history mechanism inventory; not semantic causality or survival evidence.
mwaskom__seaborn-2848,mwaskom/seaborn,[LOCAL_DRIVE]/code\repos_lite_pro\mwaskom__seaborn,94621cef29f80282436d73e8d2c0aa76dab81273,mwaskom__seaborn-2848-d90,0929b9aca26dea1e97a08f8ee70b807058d175ed,90,57,2c3ea6fbf5a29b552976dc1d35eb96b7bc989169,Switch barplot tests from ci to errorbar. (#2949),1,tests/test_categorical.py,test_only,seaborn/_oldcore.py,2,a3eff2928e60880e264b0ba75ece3b38ec62b4d9609588a9211f19046b52df5b,0,True,Descriptive local Git future-history mechanism inventory; not semantic causality or survival evidence.
mwaskom__seaborn-2848,mwaskom/seaborn,[LOCAL_DRIVE]/code\repos_lite_pro\mwaskom__seaborn,94621cef29f80282436d73e8d2c0aa76dab81273,mwaskom__seaborn-2848-d90,0929b9aca26dea1e97a08f8ee70b807058d175ed,90,58,708122389feb683aaf143339ab279de04c5f6f08,Fix: shifting margins caused by multiple rugplots (#2953),3,doc/whatsnew/v0.12.0.rst;seaborn/utils.py;tests/test_distributions.py,related_same_subtree,seaborn/_oldcore.py,2,a3eff2928e60880e264b0ba75ece3b38ec62b4d9609588a9211f19046b52df5b,0,True,Descriptive local Git future-history mechanism inventory; not semantic causality or survival evidence.
mwaskom__seaborn-2848,mwaskom/seaborn,[LOCAL_DRIVE]/code\repos_lite_pro\mwaskom__seaborn,94621cef29f80282436d73e8d2c0aa76dab81273,mwaskom__seaborn-2848-d90,0929b9aca26dea1e97a08f8ee70b807058d175ed,90,59,04969a3d18ecee8ca6b22bd77628a87d2c1469d3,"Renaming: Ribbon -> Band, Interval -> Range (#2945)",8,doc/api.rst;doc/nextgen/api.rst;doc/nextgen/demo.ipynb;seaborn/_marks/area.py;seaborn/_marks/line.py;seaborn/objects.py;tests/_marks/test_area.py;tests/_marks/test_line.py,related_same_subtree,seaborn/_oldcore.py,2,a3eff2928e60880e264b0ba75ece3b38ec62b4d9609588a9211f19046b52df5b,0,True,Descriptive local Git future-history mechanism inventory; not semantic causality or survival evidence.
mwaskom__seaborn-2848,mwaskom/seaborn,[LOCAL_DRIVE]/code\repos_lite_pro\mwaskom__seaborn,94621cef29f80282436d73e8d2c0aa76dab81273,mwaskom__seaborn-2848-d90,0929b9aca26dea1e97a08f8ee70b807058d175ed,90,60,daa9924132323142360f58d7be8968235e82cd03,Update demo.ipynb (#2952),1,doc/nextgen/demo.ipynb,infrastructure_only,seaborn/_oldcore.py,2,a3eff2928e60880e264b0ba75ece3b38ec62b4d9609588a9211f19046b52df5b,0,True,Descriptive local Git future-history mechanism inventory; not semantic causality or survival evidence.
mwaskom__seaborn-2848,mwaskom/seaborn,[LOCAL_DRIVE]/code\repos_lite_pro\mwaskom__seaborn,94621cef29f80282436d73e8d2c0aa76dab81273,mwaskom__seaborn-2848-d90,0929b9aca26dea1e97a08f8ee70b807058d175ed,90,61,e9ad41969be331c627111c0d56f44e9741b22f81,Accept Stat and/or Move(s) as anonymous positional args in Plot.add (#2948),5,doc/nextgen/demo.ipynb;seaborn/_core/moves.py;seaborn/_core/plot.py;tests/_core/test_moves.py;tests/_core/test_plot.py,related_same_subtree,seaborn/_oldcore.py,2,a3eff2928e60880e264b0ba75ece3b38ec62b4d9609588a9211f19046b52df5b,0,True,Descriptive local Git future-history mechanism inventory; not semantic causality or survival evidence.
mwaskom__seaborn-2848,mwaskom/seaborn,[LOCAL_DRIVE]/code\repos_lite_pro\mwaskom__seaborn,94621cef29f80282436d73e8d2c0aa76dab81273,mwaskom__seaborn-2848-d90,0929b9aca26dea1e97a08f8ee70b807058d175ed,90,62,b1db0f72627e9fae8fda261514392d53906384cf,Cleanup and merge #2909 (#2955),3,doc/whatsnew/v0.12.0.rst;seaborn/categorical.py;tests/test_categorical.py,related_same_subtree,seaborn/_oldcore.py,2,a3eff2928e60880e264b0ba75ece3b38ec62b4d9609588a9211f19046b52df5b,0,True,Descriptive local Git future-history mechanism inventory; not semantic causality or survival evidence.
mwaskom__seaborn-2848,mwaskom/seaborn,[LOCAL_DRIVE]/code\repos_lite_pro\mwaskom__seaborn,94621cef29f80282436d73e8d2c0aa76dab81273,mwaskom__seaborn-2848-d90,0929b9aca26dea1e97a08f8ee70b807058d175ed,90,63,b5c4c35772d73f1100ee242a9bab58dd6973aa42,"Rename Plot.configure -> Plot.layout, add Plot.share, and modify Plot.layout parameters (#2954)",5,doc/nextgen/api.rst;doc/nextgen/demo.ipynb;doc/nextgen/index.ipynb;seaborn/_core/plot.py;tests/_core/test_plot.py,related_same_subtree,seaborn/_oldcore.py,2,a3eff2928e60880e264b0ba75ece3b38ec62b4d9609588a9211f19046b52df5b,0,True,Descriptive local Git future-history mechanism inventory; not semantic causality or survival evidence.
mwaskom__seaborn-2848,mwaskom/seaborn,[LOCAL_DRIVE]/code\repos_lite_pro\mwaskom__seaborn,94621cef29f80282436d73e8d2c0aa76dab81273,mwaskom__seaborn-2848-d90,0929b9aca26dea1e97a08f8ee70b807058d175ed,90,64,6cf4f267b18d5801d016abc782968121e104ac96,Remove Tk backend build from Github CI (#2956),1,.github/workflows/ci.yaml,infrastructure_only,seaborn/_oldcore.py,2,a3eff2928e60880e264b0ba75ece3b38ec62b4d9609588a9211f19046b52df5b,0,True,Descriptive local Git future-history mechanism inventory; not semantic causality or survival evidence.
mwaskom__seaborn-2848,mwaskom/seaborn,[LOCAL_DRIVE]/code\repos_lite_pro\mwaskom__seaborn,94621cef29f80282436d73e8d2c0aa76dab81273,mwaskom__seaborn-2848-d90,0929b9aca26dea1e97a08f8ee70b807058d175ed,90,65,02df7590c70ca8f68282ed941b98410580c55aa9,Fix dpi from inline backend figures in docs,1,doc/tools/nb_to_doc.py,infrastructure_only,seaborn/_oldcore.py,2,a3eff2928e60880e264b0ba75ece3b38ec62b4d9609588a9211f19046b52df5b,0,True,Descriptive local Git future-history mechanism inventory; not semantic causality or survival evidence.
mwaskom__seaborn-2848,mwaskom/seaborn,[LOCAL_DRIVE]/code\repos_lite_pro\mwaskom__seaborn,94621cef29f80282436d73e8d2c0aa76dab81273,mwaskom__seaborn-2848-d90,0929b9aca26dea1e97a08f8ee70b807058d175ed,90,66,1e9476f04dfa93803ff0526dd8fe7c28e0e216b9,Don't apply layout algorithm by default after Plot.on (#2969),2,seaborn/_core/plot.py;tests/_core/test_plot.py,related_same_subtree,seaborn/_oldcore.py,2,a3eff2928e60880e264b0ba75ece3b38ec62b4d9609588a9211f19046b52df5b,0,True,Descriptive local Git future-history mechanism inventory; not semantic causality or survival evidence.
mwaskom__seaborn-2848,mwaskom/seaborn,[LOCAL_DRIVE]/code\repos_lite_pro\mwaskom__seaborn,94621cef29f80282436d73e8d2c0aa76dab81273,mwaskom__seaborn-2848-d90,0929b9aca26dea1e97a08f8ee70b807058d175ed,90,67,ebc4bfe9f8bf5c4ff10b14da8a49c8baa1ba76d0,Remove default pairing from Plot.pair and clean up interface (#2974),3,seaborn/_core/plot.py;seaborn/_core/typing.py;tests/_core/test_plot.py,related_same_subtree,seaborn/_oldcore.py,2,a3eff2928e60880e264b0ba75ece3b38ec62b4d9609588a9211f19046b52df5b,0,True,Descriptive local Git future-history mechanism inventory; not semantic causality or survival evidence.
mwaskom__seaborn-2848,mwaskom/seaborn,[LOCAL_DRIVE]/code\repos_lite_pro\mwaskom__seaborn,94621cef29f80282436d73e8d2c0aa76dab81273,mwaskom__seaborn-2848-d90,0929b9aca26dea1e97a08f8ee70b807058d175ed,90,68,2f70aee390fce0b483dfb63771ef624149f87d06,Fix visibility of internal axis labels with Plot.pair(wrap=...) (#2979),4,seaborn/_core/plot.py;seaborn/_core/subplots.py;tests/_core/test_plot.py;tests/_core/test_subplots.py,related_same_subtree,seaborn/_oldcore.py,2,a3eff2928e60880e264b0ba75ece3b38ec62b4d9609588a9211f19046b52df5b,0,True,Descriptive local Git future-history mechanism inventory; not semantic causality or survival evidence.
mwaskom__seaborn-2848,mwaskom/seaborn,[LOCAL_DRIVE]/code\repos_lite_pro\mwaskom__seaborn,94621cef29f80282436d73e8d2c0aa76dab81273,mwaskom__seaborn-2848-d90,0929b9aca26dea1e97a08f8ee70b807058d175ed,90,69,659d96d5256036e3a0e607f0df24f553e34e68aa,Address breakage from matplotlib 3.6.0rc1 (#2971),14,seaborn/_compat.py;seaborn/_core/plot.py;seaborn/axisgrid.py;seaborn/cm.py;seaborn/matrix.py;seaborn/palettes.py;seaborn/rcmod.py;tests/_core/test_properties.py;tests/test_categorical.py;tests/test_core.py;tests/test_matrix.py;tests/test_palettes.py;tests/test_relational.py;tests/test_utils.py,related_same_subtree,seaborn/_oldcore.py,2,a3eff2928e60880e264b0ba75ece3b38ec62b4d9609588a9211f19046b52df5b,0,True,Descriptive local Git future-history mechanism inventory; not semantic causality or survival evidence.
mwaskom__seaborn-2848,mwaskom/seaborn,[LOCAL_DRIVE]/code\repos_lite_pro\mwaskom__seaborn,94621cef29f80282436d73e8d2c0aa76dab81273,mwaskom__seaborn-2848-d90,0929b9aca26dea1e97a08f8ee70b807058d175ed,90,70,6fdf253393c27f9f2f124c63cc50351f94ca4761,Add API examples for Plot methods (#2970),21,doc/_docstrings/objects.Plot.add.ipynb;doc/_docstrings/objects.Plot.facet.ipynb;doc/_docstrings/objects.Plot.label.ipynb;doc/_docstrings/objects.Plot.layout.ipynb;doc/_docstrings/objects.Plot.limit.ipynb;doc/_docstrings/objects.Plot.on.ipynb;doc/_docstrings/objects.Plot.pair.ipynb;doc/_docstrings/objects.Plot.scale.ipynb;doc/_docstrings/objects.Plot.share.ipynb;doc/_docstrings/objects.Plot.theme.ipynb;doc/_templates/autosummary/plot.rst;doc/api.rst;doc/index.rst;doc/installing.rst;seaborn/_core/moves.py;seaborn/_core/plot.py;seaborn/_core/scales.py;seaborn/_marks/base.py;seaborn/_stats/base.py;seaborn/objects.py;tests/_core/test_scales.py,related_same_subtree,seaborn/_oldcore.py,2,a3eff2928e60880e264b0ba75ece3b38ec62b4d9609588a9211f19046b52df5b,0,True,Descriptive local Git future-history mechanism inventory; not semantic causality or survival evidence.
mwaskom__seaborn-2848,mwaskom/seaborn,[LOCAL_DRIVE]/code\repos_lite_pro\mwaskom__seaborn,94621cef29f80282436d73e8d2c0aa76dab81273,mwaskom__seaborn-2848-d90,0929b9aca26dea1e97a08f8ee70b807058d175ed,90,71,6c839ba2446b75d0d58e5eb3114f0b8d403b662b,Add docstring examples for Mark objects (#2983),20,doc/_docstrings/objects.Area.ipynb;doc/_docstrings/objects.Band.ipynb;doc/_docstrings/objects.Bar.ipynb;doc/_docstrings/objects.Bars.ipynb;doc/_docstrings/objects.Dot.ipynb;doc/_docstrings/objects.Dots.ipynb;doc/_docstrings/objects.Line.ipynb;doc/_docstrings/objects.Lines.ipynb;doc/_docstrings/objects.Path.ipynb;doc/_docstrings/objects.Paths.ipynb;doc/_docstrings/objects.Range.ipynb;doc/_templates/autosummary/plot.rst;doc/api.rst;doc/conf.py;seaborn/_core/plot.py;seaborn/_marks/area.py;seaborn/_marks/bar.py;seaborn/_marks/dot.py;seaborn/_marks/line.py;seaborn/utils.py,related_same_subtree,seaborn/_oldcore.py,2,a3eff2928e60880e264b0ba75ece3b38ec62b4d9609588a9211f19046b52df5b,0,True,Descriptive local Git future-history mechanism inventory; not semantic causality or survival evidence.
mwaskom__seaborn-2848,mwaskom/seaborn,[LOCAL_DRIVE]/code\repos_lite_pro\mwaskom__seaborn,94621cef29f80282436d73e8d2c0aa76dab81273,mwaskom__seaborn-2848-d90,0929b9aca26dea1e97a08f8ee70b807058d175ed,90,72,57653e69fd3ab938e4e38bf5f6d347c11a953a8d,Add tutorial page for Mark properties with cross-referencing from relevant docstrings (#2989),9,doc/_tutorial/properties.ipynb;doc/conf.py;doc/tutorial.rst;seaborn/_core/plot.py;seaborn/_marks/area.py;seaborn/_marks/bar.py;seaborn/_marks/base.py;seaborn/_marks/dot.py;seaborn/_marks/line.py,related_same_subtree,seaborn/_oldcore.py,2,a3eff2928e60880e264b0ba75ece3b38ec62b4d9609588a9211f19046b52df5b,0,True,Descriptive local Git future-history mechanism inventory; not semantic causality or survival evidence.
mwaskom__seaborn-2848,mwaskom/seaborn,[LOCAL_DRIVE]/code\repos_lite_pro\mwaskom__seaborn,94621cef29f80282436d73e8d2c0aa76dab81273,mwaskom__seaborn-2848-d90,0929b9aca26dea1e97a08f8ee70b807058d175ed,90,73,5efd453444ba25077cc81f091b1d98f4351e92ea,Create tutorial index programmatically and update some content (#2991),11,doc/.gitignore;doc/Makefile;doc/_tutorial/categorical.ipynb;doc/_tutorial/error_bars.ipynb;doc/_tutorial/regression.ipynb;doc/_tutorial/relational.ipynb;doc/conf.py;doc/requirements.txt;doc/sphinxext/tutorial_builder.py;doc/tutorial.rst;doc/tutorial.yaml,infrastructure_only,seaborn/_oldcore.py,2,a3eff2928e60880e264b0ba75ece3b38ec62b4d9609588a9211f19046b52df5b,0,True,Descriptive local Git future-history mechanism inventory; not semantic causality or survival evidence.
mwaskom__seaborn-2848,mwaskom/seaborn,[LOCAL_DRIVE]/code\repos_lite_pro\mwaskom__seaborn,94621cef29f80282436d73e8d2c0aa76dab81273,mwaskom__seaborn-2848-d90,0929b9aca26dea1e97a08f8ee70b807058d175ed,90,74,8eb0686c5715c0cdd9d4701cd81f2c0c155f8d91,Update the single-letter color codes as part of the Plot theme context (#2995),4,seaborn/_core/plot.py;tests/_marks/test_area.py;tests/_marks/test_bar.py;tests/_marks/test_dot.py,related_same_subtree,seaborn/_oldcore.py,2,a3eff2928e60880e264b0ba75ece3b38ec62b4d9609588a9211f19046b52df5b,0,True,Descriptive local Git future-history mechanism inventory; not semantic causality or survival evidence.
mwaskom__seaborn-2848,mwaskom/seaborn,[LOCAL_DRIVE]/code\repos_lite_pro\mwaskom__seaborn,94621cef29f80282436d73e8d2c0aa76dab81273,mwaskom__seaborn-2848-d90,0929b9aca26dea1e97a08f8ee70b807058d175ed,90,75,a5816697cbcab195a987f5e074204a052c13e1d5,Add tutorial for objects interface and remove 'nextgen' preview (#2993),17,doc/_docstrings/objects.Band.ipynb;doc/_docstrings/objects.Bar.ipynb;doc/_docstrings/objects.Bars.ipynb;doc/_docstrings/objects.Dot.ipynb;doc/_docstrings/objects.Path.ipynb;doc/_tutorial/objects_interface.ipynb;doc/installing.rst;doc/nextgen/.gitignore;doc/nextgen/Makefile;doc/nextgen/api.rst;doc/nextgen/conf.py;doc/nextgen/demo.ipynb;doc/nextgen/index.ipynb;doc/nextgen/index.rst;doc/nextgen/nb_to_doc.py;doc/sphinxext/tutorial_builder.py;doc/tutorial.yaml,infrastructure_only,seaborn/_oldcore.py,2,a3eff2928e60880e264b0ba75ece3b38ec62b4d9609588a9211f19046b52df5b,0,True,Descriptive local Git future-history mechanism inventory; not semantic causality or survival evidence.
mwaskom__seaborn-2848,mwaskom/seaborn,[LOCAL_DRIVE]/code\repos_lite_pro\mwaskom__seaborn,94621cef29f80282436d73e8d2c0aa76dab81273,mwaskom__seaborn-2848-d90,0929b9aca26dea1e97a08f8ee70b807058d175ed,90,76,7b0d42eb8b0d456f063fb0b59c6738c728321379,Rename layout parameter algo->engine (#2996),5,doc/_docstrings/objects.Plot.layout.ipynb;doc/_tutorial/properties.ipynb;seaborn/_compat.py;seaborn/_core/plot.py;tests/_core/test_plot.py,related_same_subtree,seaborn/_oldcore.py,2,a3eff2928e60880e264b0ba75ece3b38ec62b4d9609588a9211f19046b52df5b,0,True,Descriptive local Git future-history mechanism inventory; not semantic causality or survival evidence.
mwaskom__seaborn-2848,mwaskom/seaborn,[LOCAL_DRIVE]/code\repos_lite_pro\mwaskom__seaborn,94621cef29f80282436d73e8d2c0aa76dab81273,mwaskom__seaborn-2848-d90,0929b9aca26dea1e97a08f8ee70b807058d175ed,90,77,db32de8cbadb91f18059d6867adef06c69d21d6b,Assorted pre-release doc tweaks (#2997),8,doc/_static/css/custom.css;doc/_tutorial/objects_interface.ipynb;doc/_tutorial/regression.ipynb;doc/api.rst;doc/conf.py;doc/index.rst;doc/sphinxext/tutorial_builder.py;doc/whatsnew/v0.12.0.rst,infrastructure_only,seaborn/_oldcore.py,2,a3eff2928e60880e264b0ba75ece3b38ec62b4d9609588a9211f19046b52df5b,0,True,Descriptive local Git future-history mechanism inventory; not semantic causality or survival evidence.
mwaskom__seaborn-2848,mwaskom/seaborn,[LOCAL_DRIVE]/code\repos_lite_pro\mwaskom__seaborn,94621cef29f80282436d73e8d2c0aa76dab81273,mwaskom__seaborn-2848-d90,0929b9aca26dea1e97a08f8ee70b807058d175ed,90,78,f057f191c61b07d642417af3d37793c4aa7696c9,Add FAQ page to docs (#2998),4,doc/_tutorial/function_overview.ipynb;doc/_tutorial/regression.ipynb;doc/faq.rst;doc/index.rst,infrastructure_only,seaborn/_oldcore.py,2,a3eff2928e60880e264b0ba75ece3b38ec62b4d9609588a9211f19046b52df5b,0,True,Descriptive local Git future-history mechanism inventory; not semantic causality or survival evidence.
mwaskom__seaborn-2848,mwaskom/seaborn,[LOCAL_DRIVE]/code\repos_lite_pro\mwaskom__seaborn,94621cef29f80282436d73e8d2c0aa76dab81273,mwaskom__seaborn-2848-d90,0929b9aca26dea1e97a08f8ee70b807058d175ed,90,79,1fab16af06c38aeb4edfa833220697adbaddde18,Update errorbar API in example gallery and add new strip/reg example (#2999),5,examples/anscombes_quartet.py;examples/grouped_barplot.py;examples/jitter_stripplot.py;examples/pointplot_anova.py;examples/strip_regplot.py,independent,seaborn/_oldcore.py,2,a3eff2928e60880e264b0ba75ece3b38ec62b4d9609588a9211f19046b52df5b,0,True,Descriptive local Git future-history mechanism inventory; not semantic causality or survival evidence.
mwaskom__seaborn-2848,mwaskom/seaborn,[LOCAL_DRIVE]/code\repos_lite_pro\mwaskom__seaborn,94621cef29f80282436d73e8d2c0aa76dab81273,mwaskom__seaborn-2848-d90,0929b9aca26dea1e97a08f8ee70b807058d175ed,90,80,e150cec6e9cf904c4229589cd33899eed735c255,Fix tutorial crossref,1,doc/_tutorial/regression.ipynb,infrastructure_only,seaborn/_oldcore.py,2,a3eff2928e60880e264b0ba75ece3b38ec62b4d9609588a9211f19046b52df5b,0,True,Descriptive local Git future-history mechanism inventory; not semantic causality or survival evidence.
mwaskom__seaborn-2848,mwaskom/seaborn,[LOCAL_DRIVE]/code\repos_lite_pro\mwaskom__seaborn,94621cef29f80282436d73e8d2c0aa76dab81273,mwaskom__seaborn-2848-d90,0929b9aca26dea1e97a08f8ee70b807058d175ed,90,81,0dfd322734f929a02eda6de09e78f2a11560709b,Documentation tweaks upon pre-release review,5,doc/_docstrings/swarmplot.ipynb;doc/_tutorial/color_palettes.ipynb;doc/_tutorial/error_bars.ipynb;doc/_tutorial/function_overview.ipynb;doc/_tutorial/objects_interface.ipynb,infrastructure_only,seaborn/_oldcore.py,2,a3eff2928e60880e264b0ba75ece3b38ec62b4d9609588a9211f19046b52df5b,0,True,Descriptive local Git future-history mechanism inventory; not semantic causality or survival evidence.
mwaskom__seaborn-2848,mwaskom/seaborn,[LOCAL_DRIVE]/code\repos_lite_pro\mwaskom__seaborn,94621cef29f80282436d73e8d2c0aa76dab81273,mwaskom__seaborn-2848-d90,0929b9aca26dea1e97a08f8ee70b807058d175ed,90,82,57a0b54a6e68387b585a6eed5a5a802bd8036894,Add v0.11 docs to archive dropdown,1,doc/_templates/layout.html,infrastructure_only,seaborn/_oldcore.py,2,a3eff2928e60880e264b0ba75ece3b38ec62b4d9609588a9211f19046b52df5b,0,True,Descriptive local Git future-history mechanism inventory; not semantic causality or survival evidence.
mwaskom__seaborn-2848,mwaskom/seaborn,[LOCAL_DRIVE]/code\repos_lite_pro\mwaskom__seaborn,94621cef29f80282436d73e8d2c0aa76dab81273,mwaskom__seaborn-2848-d90,0929b9aca26dea1e97a08f8ee70b807058d175ed,90,83,6a17b60d77aaecd54530bc72ac728402d4f1afcf,Move position in FAQ page,1,doc/index.rst,infrastructure_only,seaborn/_oldcore.py,2,a3eff2928e60880e264b0ba75ece3b38ec62b4d9609588a9211f19046b52df5b,0,True,Descriptive local Git future-history mechanism inventory; not semantic causality or survival evidence.
mwaskom__seaborn-2848,mwaskom/seaborn,[LOCAL_DRIVE]/code\repos_lite_pro\mwaskom__seaborn,94621cef29f80282436d73e8d2c0aa76dab81273,mwaskom__seaborn-2848-d90,0929b9aca26dea1e97a08f8ee70b807058d175ed,90,84,1b6d9bdc5c06039c14ec3560e8dff59862fcd7a5,Make doc archive links absolute paths,1,doc/_templates/layout.html,infrastructure_only,seaborn/_oldcore.py,2,a3eff2928e60880e264b0ba75ece3b38ec62b4d9609588a9211f19046b52df5b,0,True,Descriptive local Git future-history mechanism inventory; not semantic causality or survival evidence.
mwaskom__seaborn-2848,mwaskom/seaborn,[LOCAL_DRIVE]/code\repos_lite_pro\mwaskom__seaborn,94621cef29f80282436d73e8d2c0aa76dab81273,mwaskom__seaborn-2848-d90,0929b9aca26dea1e97a08f8ee70b807058d175ed,90,85,0929b9aca26dea1e97a08f8ee70b807058d175ed,Use pip extras for installation of dev tools (#3009),6,.github/workflows/ci.yaml;README.md;ci/utils.txt;doc/README.md;doc/requirements.txt;pyproject.toml,independent,seaborn/_oldcore.py,2,a3eff2928e60880e264b0ba75ece3b38ec62b4d9609588a9211f19046b52df5b,0,True,Descriptive local Git future-history mechanism inventory; not semantic causality or survival evidence.
mwaskom__seaborn-2848,mwaskom/seaborn,[LOCAL_DRIVE]/code\repos_lite_pro\mwaskom__seaborn,94621cef29f80282436d73e8d2c0aa76dab81273,mwaskom__seaborn-2848-d180,22cdfb0c93f8ec78492d87edb810f10cb7f57a31,180,1,7b3e4dfd211190113d6d4e64d46882e1b2402ab6,Fix hue_order as a subset in scatterplot (#2848),3,doc/releases/v0.12.0.txt;seaborn/_oldcore.py;tests/test_relational.py,directly_overlapping,seaborn/_oldcore.py,0,a3eff2928e60880e264b0ba75ece3b38ec62b4d9609588a9211f19046b52df5b,0,True,Descriptive local Git future-history mechanism inventory; not semantic causality or survival evidence.
mwaskom__seaborn-2848,mwaskom/seaborn,[LOCAL_DRIVE]/code\repos_lite_pro\mwaskom__seaborn,94621cef29f80282436d73e8d2c0aa76dab81273,mwaskom__seaborn-2848-d180,22cdfb0c93f8ec78492d87edb810f10cb7f57a31,180,2,1a27ce304d947bfdf77383ab452bd2ded812d057,Fix histplot dodge bar widths with log scale (#2849),3,doc/releases/v0.12.0.txt;seaborn/distributions.py;tests/test_distributions.py,related_same_subtree,seaborn/_oldcore.py,2,a3eff2928e60880e264b0ba75ece3b38ec62b4d9609588a9211f19046b52df5b,0,True,Descriptive local Git future-history mechanism inventory; not semantic causality or survival evidence.
mwaskom__seaborn-2848,mwaskom/seaborn,[LOCAL_DRIVE]/code\repos_lite_pro\mwaskom__seaborn,94621cef29f80282436d73e8d2c0aa76dab81273,mwaskom__seaborn-2848-d180,22cdfb0c93f8ec78492d87edb810f10cb7f57a31,180,3,ba0eda024dd3578ff72f710522fd778deaf99925,Don't remove top left ylabel from corner pairplot with normal diagonal (#2850),3,doc/releases/v0.12.0.txt;seaborn/axisgrid.py;tests/test_axisgrid.py,related_same_subtree,seaborn/_oldcore.py,2,a3eff2928e60880e264b0ba75ece3b38ec62b4d9609588a9211f19046b52df5b,0,True,Descriptive local Git future-history mechanism inventory; not semantic causality or survival evidence.
mwaskom__seaborn-2848,mwaskom/seaborn,[LOCAL_DRIVE]/code\repos_lite_pro\mwaskom__seaborn,94621cef29f80282436d73e8d2c0aa76dab81273,mwaskom__seaborn-2848-d180,22cdfb0c93f8ec78492d87edb810f10cb7f57a31,180,4,a674a83cc894b5941a86d4c51ba2e57c632882c1,Final removals of previously deprecated features (#2851),5,doc/releases/v0.12.0.txt;seaborn/axisgrid.py;seaborn/categorical.py;seaborn/regression.py;tests/test_categorical.py,related_same_subtree,seaborn/_oldcore.py,2,a3eff2928e60880e264b0ba75ece3b38ec62b4d9609588a9211f19046b52df5b,0,True,Descriptive local Git future-history mechanism inventory; not semantic causality or survival evidence.
mwaskom__seaborn-2848,mwaskom/seaborn,[LOCAL_DRIVE]/code\repos_lite_pro\mwaskom__seaborn,94621cef29f80282436d73e8d2c0aa76dab81273,mwaskom__seaborn-2848-d180,22cdfb0c93f8ec78492d87edb810f10cb7f57a31,180,5,fe9fad88a48cdb8f6d780702bda973c5f30af1f0,Inherit errorbar alpha from scatter points in regplot (#2853),3,doc/releases/v0.12.0.txt;seaborn/regression.py;tests/test_regression.py,related_same_subtree,seaborn/_oldcore.py,2,a3eff2928e60880e264b0ba75ece3b38ec62b4d9609588a9211f19046b52df5b,0,True,Descriptive local Git future-history mechanism inventory; not semantic causality or survival evidence.
mwaskom__seaborn-2848,mwaskom/seaborn,[LOCAL_DRIVE]/code\repos_lite_pro\mwaskom__seaborn,94621cef29f80282436d73e8d2c0aa76dab81273,mwaskom__seaborn-2848-d180,22cdfb0c93f8ec78492d87edb810f10cb7f57a31,180,6,762bd3bbac9d70116fdedac0b2ac2c73a40d0513,Implement orient= in lineplot for sorting / aggregating on the y axis (#2854),4,doc/docstrings/lineplot.ipynb;doc/releases/v0.12.0.txt;seaborn/relational.py;tests/test_relational.py,related_same_subtree,seaborn/_oldcore.py,2,a3eff2928e60880e264b0ba75ece3b38ec62b4d9609588a9211f19046b52df5b,0,True,Descriptive local Git future-history mechanism inventory; not semantic causality or survival evidence.
mwaskom__seaborn-2848,mwaskom/seaborn,[LOCAL_DRIVE]/code\repos_lite_pro\mwaskom__seaborn,94621cef29f80282436d73e8d2c0aa76dab81273,mwaskom__seaborn-2848-d180,22cdfb0c93f8ec78492d87edb810f10cb7f57a31,180,7,26bf4b3b645edc405ca52b533b8d68273aeba7d1,Housekeeping on relational plot parameters (#2855),4,seaborn/relational.py;seaborn/utils.py;tests/test_relational.py;tests/test_utils.py,related_same_subtree,seaborn/_oldcore.py,2,a3eff2928e60880e264b0ba75ece3b38ec62b4d9609588a9211f19046b52df5b,0,True,Descriptive local Git future-history mechanism inventory; not semantic causality or survival evidence.
mwaskom__seaborn-2848,mwaskom/seaborn,[LOCAL_DRIVE]/code\repos_lite_pro\mwaskom__seaborn,94621cef29f80282436d73e8d2c0aa76dab81273,mwaskom__seaborn-2848-d180,22cdfb0c93f8ec78492d87edb810f10cb7f57a31,180,8,563e96d3be1eaee8db8dfbccf7eed1f1c66dfd31,Downgrade exception on mapping list length mismatch to warning (#2856),3,seaborn/_oldcore.py;tests/test_axisgrid.py;tests/test_core.py,directly_overlapping,seaborn/_oldcore.py,2,a3eff2928e60880e264b0ba75ece3b38ec62b4d9609588a9211f19046b52df5b,0,True,Descriptive local Git future-history mechanism inventory; not semantic causality or survival evidence.
mwaskom__seaborn-2848,mwaskom/seaborn,[LOCAL_DRIVE]/code\repos_lite_pro\mwaskom__seaborn,94621cef29f80282436d73e8d2c0aa76dab81273,mwaskom__seaborn-2848-d180,22cdfb0c93f8ec78492d87edb810f10cb7f57a31,180,9,533b6005bf1e8d85616fc10be9460b6afca7d791,Remove kwargs from pointplot signature (closes #2775),1,seaborn/categorical.py,related_same_subtree,seaborn/_oldcore.py,2,a3eff2928e60880e264b0ba75ece3b38ec62b4d9609588a9211f19046b52df5b,0,True,Descriptive local Git future-history mechanism inventory; not semantic causality or survival evidence.
mwaskom__seaborn-2848,mwaskom/seaborn,[LOCAL_DRIVE]/code\repos_lite_pro\mwaskom__seaborn,94621cef29f80282436d73e8d2c0aa76dab81273,mwaskom__seaborn-2848-d180,22cdfb0c93f8ec78492d87edb810f10cb7f57a31,180,10,057cdd83b52bc5359f00ff94cd43317dc03b39cd,Futz around with categorical docstrings,2,seaborn/categorical.py;seaborn/relational.py,related_same_subtree,seaborn/_oldcore.py,2,a3eff2928e60880e264b0ba75ece3b38ec62b4d9609588a9211f19046b52df5b,0,True,Descriptive local Git future-history mechanism inventory; not semantic causality or survival evidence.
mwaskom__seaborn-2848,mwaskom/seaborn,[LOCAL_DRIVE]/code\repos_lite_pro\mwaskom__seaborn,94621cef29f80282436d73e8d2c0aa76dab81273,mwaskom__seaborn-2848-d180,22cdfb0c93f8ec78492d87edb810f10cb7f57a31,180,11,9d8ce6ad4ab213994f0bc84d0c46869df7be0b49,Port categorical plot docstrings to notebooks,29,doc/docstrings/FacetGrid.ipynb;doc/docstrings/JointGrid.ipynb;doc/docstrings/PairGrid.ipynb;doc/docstrings/axes_style.ipynb;doc/docstrings/barplot.ipynb;doc/docstrings/boxenplot.ipynb;doc/docstrings/boxplot.ipynb;doc/docstrings/catplot.ipynb;doc/docstrings/color_palette.ipynb;doc/docstrings/countplot.ipynb;doc/docstrings/displot.ipynb;doc/docstrings/ecdfplot.ipynb;doc/docstrings/histplot.ipynb;doc/docstrings/jointplot.ipynb;doc/docstrings/kdeplot.ipynb;doc/docstrings/move_legend.ipynb;doc/docstrings/pairplot.ipynb;doc/docstrings/plotting_context.ipynb;doc/docstrings/pointplot.ipynb;doc/docstrings/relplot.ipynb;doc/docstrings/rugplot.ipynb;doc/docstrings/scatterplot.ipynb;doc/docstrings/set_context.ipynb;doc/docstrings/set_style.ipynb;doc/docstrings/set_theme.ipynb;doc/docstrings/stripplot.ipynb;doc/docstrings/swarmplot.ipynb;doc/docstrings/violinplot.ipynb;seaborn/categorical.py,related_same_subtree,seaborn/_oldcore.py,2,a3eff2928e60880e264b0ba75ece3b38ec62b4d9609588a9211f19046b52df5b,0,True,Descriptive local Git future-history mechanism inventory; not semantic causality or survival evidence.
mwaskom__seaborn-2848,mwaskom/seaborn,[LOCAL_DRIVE]/code\repos_lite_pro\mwaskom__seaborn,94621cef29f80282436d73e8d2c0aa76dab81273,mwaskom__seaborn-2848-d180,22cdfb0c93f8ec78492d87edb810f10cb7f57a31,180,12,a48dc8f4df8d81ff8b50bdf26b6c094333f6ea8d,Relax restriction on element type for discrete histplot (#2859),3,doc/releases/v0.12.0.txt;seaborn/distributions.py;tests/test_distributions.py,related_same_subtree,seaborn/_oldcore.py,2,a3eff2928e60880e264b0ba75ece3b38ec62b4d9609588a9211f19046b52df5b,0,True,Descriptive local Git future-history mechanism inventory; not semantic causality or survival evidence.
mwaskom__seaborn-2848,mwaskom/seaborn,[LOCAL_DRIVE]/code\repos_lite_pro\mwaskom__seaborn,94621cef29f80282436d73e8d2c0aa76dab81273,mwaskom__seaborn-2848-d180,22cdfb0c93f8ec78492d87edb810f10cb7f57a31,180,13,1e24db4b1051a536df3f441cab2e0e0f62433720,Add width parameter to barplot (#2860),3,doc/releases/v0.12.0.txt;seaborn/categorical.py;tests/test_categorical.py,related_same_subtree,seaborn/_oldcore.py,2,a3eff2928e60880e264b0ba75ece3b38ec62b4d9609588a9211f19046b52df5b,0,True,Descriptive local Git future-history mechanism inventory; not semantic causality or survival evidence.
mwaskom__seaborn-2848,mwaskom/seaborn,[LOCAL_DRIVE]/code\repos_lite_pro\mwaskom__seaborn,94621cef29f80282436d73e8d2c0aa76dab81273,mwaskom__seaborn-2848-d180,22cdfb0c93f8ec78492d87edb810f10cb7f57a31,180,14,b56081c2ba9b2b240f5c731fc6701fae5421c5f6,Improve robustness to numerical errors in kdeplot (#2862),3,doc/releases/v0.12.0.txt;seaborn/distributions.py;tests/test_distributions.py,related_same_subtree,seaborn/_oldcore.py,2,a3eff2928e60880e264b0ba75ece3b38ec62b4d9609588a9211f19046b52df5b,0,True,Descriptive local Git future-history mechanism inventory; not semantic causality or survival evidence.
mwaskom__seaborn-2848,mwaskom/seaborn,[LOCAL_DRIVE]/code\repos_lite_pro\mwaskom__seaborn,94621cef29f80282436d73e8d2c0aa76dab81273,mwaskom__seaborn-2848-d180,22cdfb0c93f8ec78492d87edb810f10cb7f57a31,180,15,1191b615a1f0716215a086d9b4615f1342e92cbe,Minor jointplot user-friendliness (#2863),2,seaborn/axisgrid.py;tests/test_axisgrid.py,related_same_subtree,seaborn/_oldcore.py,2,a3eff2928e60880e264b0ba75ece3b38ec62b4d9609588a9211f19046b52df5b,0,True,Descriptive local Git future-history mechanism inventory; not semantic causality or survival evidence.
mwaskom__seaborn-2848,mwaskom/seaborn,[LOCAL_DRIVE]/code\repos_lite_pro\mwaskom__seaborn,94621cef29f80282436d73e8d2c0aa76dab81273,mwaskom__seaborn-2848-d180,22cdfb0c93f8ec78492d87edb810f10cb7f57a31,180,16,ecba2dcf8a7e318462b976146e00837e622e8a08,Add new errorbar options to bar/pointplot (#2866),8,doc/docstrings/barplot.ipynb;doc/docstrings/pointplot.ipynb;doc/releases/v0.12.0.txt;doc/tutorial/categorical.ipynb;doc/tutorial/error_bars.ipynb;seaborn/_statistics.py;seaborn/categorical.py;tests/test_categorical.py,related_same_subtree,seaborn/_oldcore.py,2,a3eff2928e60880e264b0ba75ece3b38ec62b4d9609588a9211f19046b52df5b,0,True,Descriptive local Git future-history mechanism inventory; not semantic causality or survival evidence.
mwaskom__seaborn-2848,mwaskom/seaborn,[LOCAL_DRIVE]/code\repos_lite_pro\mwaskom__seaborn,94621cef29f80282436d73e8d2c0aa76dab81273,mwaskom__seaborn-2848-d180,22cdfb0c93f8ec78492d87edb810f10cb7f57a31,180,17,5ccd131e2b9abf7ebe335d429fba86fea9ca28d6,Fix typo in relational docs (#2872),1,doc/tutorial/relational.ipynb,infrastructure_only,seaborn/_oldcore.py,2,a3eff2928e60880e264b0ba75ece3b38ec62b4d9609588a9211f19046b52df5b,0,True,Descriptive local Git future-history mechanism inventory; not semantic causality or survival evidence.
mwaskom__seaborn-2848,mwaskom/seaborn,[LOCAL_DRIVE]/code\repos_lite_pro\mwaskom__seaborn,94621cef29f80282436d73e8d2c0aa76dab81273,mwaskom__seaborn-2848-d180,22cdfb0c93f8ec78492d87edb810f10cb7f57a31,180,18,2b9f85b71d1dd48e9aaa61d7f3a2b8109b80044d,Remove private attribute access in compound legend (#2878),2,seaborn/_core/plot.py;tests/_core/test_plot.py,related_same_subtree,seaborn/_oldcore.py,2,a3eff2928e60880e264b0ba75ece3b38ec62b4d9609588a9211f19046b52df5b,0,True,Descriptive local Git future-history mechanism inventory; not semantic causality or survival evidence.
mwaskom__seaborn-2848,mwaskom/seaborn,[LOCAL_DRIVE]/code\repos_lite_pro\mwaskom__seaborn,94621cef29f80282436d73e8d2c0aa76dab81273,mwaskom__seaborn-2848-d180,22cdfb0c93f8ec78492d87edb810f10cb7f57a31,180,19,c2270e79aea173f7b4023b5078921d140855217c,Add Scale.label interface for formatting ticks (#2877),9,pytest.ini;seaborn/_core/plot.py;seaborn/_core/properties.py;seaborn/_core/scales.py;seaborn/_marks/base.py;seaborn/_stats/histograms.py;tests/_core/test_plot.py;tests/_core/test_scales.py;tests/test_categorical.py,related_same_subtree,seaborn/_oldcore.py,2,a3eff2928e60880e264b0ba75ece3b38ec62b4d9609588a9211f19046b52df5b,0,True,Descriptive local Git future-history mechanism inventory; not semantic causality or survival evidence.
mwaskom__seaborn-2848,mwaskom/seaborn,[LOCAL_DRIVE]/code\repos_lite_pro\mwaskom__seaborn,94621cef29f80282436d73e8d2c0aa76dab81273,mwaskom__seaborn-2848-d180,22cdfb0c93f8ec78492d87edb810f10cb7f57a31,180,20,b03fb331f6a79d3a6f2a1afb261a6e747daaa63f,Remove duplicated package information from setup.py,1,setup.py,infrastructure_only,seaborn/_oldcore.py,2,a3eff2928e60880e264b0ba75ece3b38ec62b4d9609588a9211f19046b52df5b,0,True,Descriptive local Git future-history mechanism inventory; not semantic causality or survival evidence.
mwaskom__seaborn-2848,mwaskom/seaborn,[LOCAL_DRIVE]/code\repos_lite_pro\mwaskom__seaborn,94621cef29f80282436d73e8d2c0aa76dab81273,mwaskom__seaborn-2848-d180,22cdfb0c93f8ec78492d87edb810f10cb7f57a31,180,21,d7088402ec06508cbbac6f48f3c658156b2f33b5,Add Python 3.10 classifier and update PyPI description,1,setup.py,infrastructure_only,seaborn/_oldcore.py,2,a3eff2928e60880e264b0ba75ece3b38ec62b4d9609588a9211f19046b52df5b,0,True,Descriptive local Git future-history mechanism inventory; not semantic causality or survival evidence.
mwaskom__seaborn-2848,mwaskom/seaborn,[LOCAL_DRIVE]/code\repos_lite_pro\mwaskom__seaborn,94621cef29f80282436d73e8d2c0aa76dab81273,mwaskom__seaborn-2848-d180,22cdfb0c93f8ec78492d87edb810f10cb7f57a31,180,22,ecdec5417de8ec9a6427a0e38afb0b099b023854,Mention pointplot additional kwargs removal in the release notes (#2879),1,doc/releases/v0.12.0.txt,infrastructure_only,seaborn/_oldcore.py,2,a3eff2928e60880e264b0ba75ece3b38ec62b4d9609588a9211f19046b52df5b,0,True,Descriptive local Git future-history mechanism inventory; not semantic causality or survival evidence.
mwaskom__seaborn-2848,mwaskom/seaborn,[LOCAL_DRIVE]/code\repos_lite_pro\mwaskom__seaborn,94621cef29f80282436d73e8d2c0aa76dab81273,mwaskom__seaborn-2848-d180,22cdfb0c93f8ec78492d87edb810f10cb7f57a31,180,23,b638c06619b2a62e4dcc956d0f0cf09e18e8ba0e,Narrow channels for seeking help.,1,.github/CONTRIBUTING.md,infrastructure_only,seaborn/_oldcore.py,2,a3eff2928e60880e264b0ba75ece3b38ec62b4d9609588a9211f19046b52df5b,0,True,Descriptive local Git future-history mechanism inventory; not semantic causality or survival evidence.
mwaskom__seaborn-2848,mwaskom/seaborn,[LOCAL_DRIVE]/code\repos_lite_pro\mwaskom__seaborn,94621cef29f80282436d73e8d2c0aa76dab81273,mwaskom__seaborn-2848-d180,22cdfb0c93f8ec78492d87edb810f10cb7f57a31,180,24,d251deaa7c4cbe6eef87693ce05ac02d74181ff9,Fix typo,1,.github/CONTRIBUTING.md,infrastructure_only,seaborn/_oldcore.py,2,a3eff2928e60880e264b0ba75ece3b38ec62b4d9609588a9211f19046b52df5b,0,True,Descriptive local Git future-history mechanism inventory; not semantic causality or survival evidence.
mwaskom__seaborn-2848,mwaskom/seaborn,[LOCAL_DRIVE]/code\repos_lite_pro\mwaskom__seaborn,94621cef29f80282436d73e8d2c0aa76dab81273,mwaskom__seaborn-2848-d180,22cdfb0c93f8ec78492d87edb810f10cb7f57a31,180,25,3180fd714f44498de26b256c7cab4b608969aeea,Improve visual appearance of Bar mark (#2889),2,seaborn/_marks/bars.py;tests/_marks/test_bars.py,related_same_subtree,seaborn/_oldcore.py,2,a3eff2928e60880e264b0ba75ece3b38ec62b4d9609588a9211f19046b52df5b,0,True,Descriptive local Git future-history mechanism inventory; not semantic causality or survival evidence.
mwaskom__seaborn-2848,mwaskom/seaborn,[LOCAL_DRIVE]/code\repos_lite_pro\mwaskom__seaborn,94621cef29f80282436d73e8d2c0aa76dab81273,mwaskom__seaborn-2848-d180,22cdfb0c93f8ec78492d87edb810f10cb7f57a31,180,26,3c8447fc92e73b353202bacefc007784460b225e,Add Bars for more efficient bar plots and improve Bar as well (#2893),6,seaborn/_marks/bars.py;seaborn/_marks/base.py;seaborn/_marks/scatter.py;seaborn/objects.py;tests/_marks/test_bars.py;tests/_marks/test_base.py,related_same_subtree,seaborn/_oldcore.py,2,a3eff2928e60880e264b0ba75ece3b38ec62b4d9609588a9211f19046b52df5b,0,True,Descriptive local Git future-history mechanism inventory; not semantic causality or survival evidence.
mwaskom__seaborn-2848,mwaskom/seaborn,[LOCAL_DRIVE]/code\repos_lite_pro\mwaskom__seaborn,94621cef29f80282436d73e8d2c0aa76dab81273,mwaskom__seaborn-2848-d180,22cdfb0c93f8ec78492d87edb810f10cb7f57a31,180,27,5910d6ef50196c8bd1f4ed40a5da202a39d7f62c,docs: fix typos (#2899),10,doc/introduction.ipynb;doc/releases/v0.12.0.txt;doc/tutorial/color_palettes.ipynb;doc/tutorial/data_structure.ipynb;doc/tutorial/error_bars.ipynb;seaborn/_core/scales.py;seaborn/_oldcore.py;seaborn/algorithms.py;seaborn/axisgrid.py;seaborn/distributions.py,directly_overlapping,seaborn/_oldcore.py,2,a3eff2928e60880e264b0ba75ece3b38ec62b4d9609588a9211f19046b52df5b,0,True,Descriptive local Git future-history mechanism inventory; not semantic causality or survival evidence.
mwaskom__seaborn-2848,mwaskom/seaborn,[LOCAL_DRIVE]/code\repos_lite_pro\mwaskom__seaborn,94621cef29f80282436d73e8d2c0aa76dab81273,mwaskom__seaborn-2848-d180,22cdfb0c93f8ec78492d87edb810f10cb7f57a31,180,28,ca9ba9c3072fb9a1ba7706bcceeb6ba650c824a9,Change Area/Ribbon to generate Polygon patches and add clipping trick (#2896),2,seaborn/_marks/area.py;tests/_marks/test_area.py,related_same_subtree,seaborn/_oldcore.py,2,a3eff2928e60880e264b0ba75ece3b38ec62b4d9609588a9211f19046b52df5b,0,True,Descriptive local Git future-history mechanism inventory; not semantic causality or survival evidence.
mwaskom__seaborn-2848,mwaskom/seaborn,[LOCAL_DRIVE]/code\repos_lite_pro\mwaskom__seaborn,94621cef29f80282436d73e8d2c0aa76dab81273,mwaskom__seaborn-2848-d180,22cdfb0c93f8ec78492d87edb810f10cb7f57a31,180,29,17f44b56f53de24b4c1aa788a4f2690f36005c81,Add Plot.limit method (#2898),2,seaborn/_core/plot.py;tests/_core/test_plot.py,related_same_subtree,seaborn/_oldcore.py,2,a3eff2928e60880e264b0ba75ece3b38ec62b4d9609588a9211f19046b52df5b,0,True,Descriptive local Git future-history mechanism inventory; not semantic causality or survival evidence.
mwaskom__seaborn-2848,mwaskom/seaborn,[LOCAL_DRIVE]/code\repos_lite_pro\mwaskom__seaborn,94621cef29f80282436d73e8d2c0aa76dab81273,mwaskom__seaborn-2848-d180,22cdfb0c93f8ec78492d87edb810f10cb7f57a31,180,30,05066e0ebd27fa974744fad3ba58b98a870059ec,docs: Fix a few typos (#2887),2,seaborn/_core/plot.py;seaborn/axisgrid.py,related_same_subtree,seaborn/_oldcore.py,2,a3eff2928e60880e264b0ba75ece3b38ec62b4d9609588a9211f19046b52df5b,0,True,Descriptive local Git future-history mechanism inventory; not semantic causality or survival evidence.
mwaskom__seaborn-2848,mwaskom/seaborn,[LOCAL_DRIVE]/code\repos_lite_pro\mwaskom__seaborn,94621cef29f80282436d73e8d2c0aa76dab81273,mwaskom__seaborn-2848-d180,22cdfb0c93f8ec78492d87edb810f10cb7f57a31,180,31,6cfa5172251c702ce6c56a9dbe7f551257b1bc28,elif optimization in utils.py (#2895),1,seaborn/utils.py,related_same_subtree,seaborn/_oldcore.py,2,a3eff2928e60880e264b0ba75ece3b38ec62b4d9609588a9211f19046b52df5b,0,True,Descriptive local Git future-history mechanism inventory; not semantic causality or survival evidence.
mwaskom__seaborn-2848,mwaskom/seaborn,[LOCAL_DRIVE]/code\repos_lite_pro\mwaskom__seaborn,94621cef29f80282436d73e8d2c0aa76dab81273,mwaskom__seaborn-2848-d180,22cdfb0c93f8ec78492d87edb810f10cb7f57a31,180,32,189577efdcc5c4fbcb9944f33c27d00b6a5ea234,Vendored library housekeeping (#2903),3,licences/NUMPYDOC_LICENSE;licences/SCIPY_LICENSE;seaborn/external/appdirs.py,related_same_subtree,seaborn/_oldcore.py,2,a3eff2928e60880e264b0ba75ece3b38ec62b4d9609588a9211f19046b52df5b,0,True,Descriptive local Git future-history mechanism inventory; not semantic causality or survival evidence.
mwaskom__seaborn-2848,mwaskom/seaborn,[LOCAL_DRIVE]/code\repos_lite_pro\mwaskom__seaborn,94621cef29f80282436d73e8d2c0aa76dab81273,mwaskom__seaborn-2848-d180,22cdfb0c93f8ec78492d87edb810f10cb7f57a31,180,33,022e4bd75bd838ca52b2df1a34bebd6438b5efd4,Add Plot.label method (#2902),2,seaborn/_core/plot.py;tests/_core/test_plot.py,related_same_subtree,seaborn/_oldcore.py,2,a3eff2928e60880e264b0ba75ece3b38ec62b4d9609588a9211f19046b52df5b,0,True,Descriptive local Git future-history mechanism inventory; not semantic causality or survival evidence.
mwaskom__seaborn-2848,mwaskom/seaborn,[LOCAL_DRIVE]/code\repos_lite_pro\mwaskom__seaborn,94621cef29f80282436d73e8d2c0aa76dab81273,mwaskom__seaborn-2848-d180,22cdfb0c93f8ec78492d87edb810f10cb7f57a31,180,34,b726628083f56ddec3cf390b2e7e91d9608d88c9,Update specs from new methods in clone,1,seaborn/_core/plot.py,related_same_subtree,seaborn/_oldcore.py,2,a3eff2928e60880e264b0ba75ece3b38ec62b4d9609588a9211f19046b52df5b,0,True,Descriptive local Git future-history mechanism inventory; not semantic causality or survival evidence.
mwaskom__seaborn-2848,mwaskom/seaborn,[LOCAL_DRIVE]/code\repos_lite_pro\mwaskom__seaborn,94621cef29f80282436d73e8d2c0aa76dab81273,mwaskom__seaborn-2848-d180,22cdfb0c93f8ec78492d87edb810f10cb7f57a31,180,35,1524d4398d01a652c254d4c9d1c5c72a54a62d22,Add a docstring for seaborn.objects namespace,1,seaborn/objects.py,related_same_subtree,seaborn/_oldcore.py,2,a3eff2928e60880e264b0ba75ece3b38ec62b4d9609588a9211f19046b52df5b,0,True,Descriptive local Git future-history mechanism inventory; not semantic causality or survival evidence.
mwaskom__seaborn-2848,mwaskom/seaborn,[LOCAL_DRIVE]/code\repos_lite_pro\mwaskom__seaborn,94621cef29f80282436d73e8d2c0aa76dab81273,mwaskom__seaborn-2848-d180,22cdfb0c93f8ec78492d87edb810f10cb7f57a31,180,36,d33ab67b0b691087520ad7ca9673da9c5db86ff4,Store figsize in _figure_spec object (#2917),2,seaborn/_core/plot.py;tests/_core/test_plot.py,related_same_subtree,seaborn/_oldcore.py,2,a3eff2928e60880e264b0ba75ece3b38ec62b4d9609588a9211f19046b52df5b,0,True,Descriptive local Git future-history mechanism inventory; not semantic causality or survival evidence.
mwaskom__seaborn-2848,mwaskom/seaborn,[LOCAL_DRIVE]/code\repos_lite_pro\mwaskom__seaborn,94621cef29f80282436d73e8d2c0aa76dab81273,mwaskom__seaborn-2848-d180,22cdfb0c93f8ec78492d87edb810f10cb7f57a31,180,37,5a147be5af5e0151df324eb9d48340c3564b149c,Don't modify patch.facecolor in set_palette (#2906),3,doc/releases/v0.12.0.txt;seaborn/rcmod.py;tests/test_rcmod.py,related_same_subtree,seaborn/_oldcore.py,2,a3eff2928e60880e264b0ba75ece3b38ec62b4d9609588a9211f19046b52df5b,0,True,Descriptive local Git future-history mechanism inventory; not semantic causality or survival evidence.
mwaskom__seaborn-2848,mwaskom/seaborn,[LOCAL_DRIVE]/code\repos_lite_pro\mwaskom__seaborn,94621cef29f80282436d73e8d2c0aa76dab81273,mwaskom__seaborn-2848-d180,22cdfb0c93f8ec78492d87edb810f10cb7f57a31,180,38,b5a85ff9c04b50962ef14a33a2c861a8fb561394,Make scale config apply to variables computed by the stat transform (#2915),3,seaborn/_compat.py;seaborn/_core/plot.py;tests/_core/test_plot.py,related_same_subtree,seaborn/_oldcore.py,2,a3eff2928e60880e264b0ba75ece3b38ec62b4d9609588a9211f19046b52df5b,0,True,Descriptive local Git future-history mechanism inventory; not semantic causality or survival evidence.
mwaskom__seaborn-2848,mwaskom/seaborn,[LOCAL_DRIVE]/code\repos_lite_pro\mwaskom__seaborn,94621cef29f80282436d73e8d2c0aa76dab81273,mwaskom__seaborn-2848-d180,22cdfb0c93f8ec78492d87edb810f10cb7f57a31,180,39,fb61ded5ea1e0c6c39cd234c99e0d1842ccb60df,Add Est stat and Interval mark to show error bars (#2912),9,seaborn/_core/plot.py;seaborn/_core/scales.py;seaborn/_marks/bars.py;seaborn/_marks/lines.py;seaborn/_stats/aggregation.py;seaborn/_stats/histograms.py;seaborn/objects.py;tests/_marks/test_lines.py;tests/_stats/test_aggregation.py,related_same_subtree,seaborn/_oldcore.py,2,a3eff2928e60880e264b0ba75ece3b38ec62b4d9609588a9211f19046b52df5b,0,True,Descriptive local Git future-history mechanism inventory; not semantic causality or survival evidence.
mwaskom__seaborn-2848,mwaskom/seaborn,[LOCAL_DRIVE]/code\repos_lite_pro\mwaskom__seaborn,94621cef29f80282436d73e8d2c0aa76dab81273,mwaskom__seaborn-2848-d180,22cdfb0c93f8ec78492d87edb810f10cb7f57a31,180,40,34662f4be5c364e7518f9c1118c9b362038ee5dd,Convert docs to pydata-sphinx-theme and add new material (#2842),149,doc/.gitignore;doc/Makefile;doc/_docstrings/FacetGrid.ipynb;doc/_docstrings/JointGrid.ipynb;doc/_docstrings/Makefile;doc/_docstrings/PairGrid.ipynb;doc/_docstrings/axes_style.ipynb;doc/_docstrings/barplot.ipynb;doc/_docstrings/boxenplot.ipynb;doc/_docstrings/boxplot.ipynb;doc/_docstrings/catplot.ipynb;doc/_docstrings/color_palette.ipynb;doc/_docstrings/countplot.ipynb;doc/_docstrings/displot.ipynb;doc/_docstrings/ecdfplot.ipynb;doc/_docstrings/histplot.ipynb;doc/_docstrings/jointplot.ipynb;doc/_docstrings/kdeplot.ipynb;doc/_docstrings/lineplot.ipynb;doc/_docstrings/move_legend.ipynb;doc/_docstrings/pairplot.ipynb;doc/_docstrings/plotting_context.ipynb;doc/_docstrings/pointplot.ipynb;doc/_docstrings/relplot.ipynb;doc/_docstrings/rugplot.ipynb;doc/_docstrings/scatterplot.ipynb;doc/_docstrings/set_context.ipynb;doc/_docstrings/set_style.ipynb;doc/_docstrings/set_theme.ipynb;doc/_docstrings/stripplot.ipynb;doc/_docstrings/swarmplot.ipynb;doc/_docstrings/violinplot.ipynb;doc/_static/css/custom.css;doc/_static/style.css;doc/_templates/autosummary/base.rst;doc/_templates/autosummary/class.rst;doc/_templates/autosummary/object.rst;doc/_templates/autosummary/scale.rst;doc/_templates/layout.html;doc/_templates/version.html;doc/_tutorial/Makefile;doc/_tutorial/aesthetics.ipynb;doc/_tutorial/axis_grids.ipynb;doc/_tutorial/categorical.ipynb;doc/_tutorial/color_palettes.ipynb;doc/_tutorial/data_structure.ipynb;doc/_tutorial/distributions.ipynb;doc/_tutorial/error_bars.ipynb;doc/_tutorial/function_overview.ipynb;doc/_tutorial/introduction.ipynb;doc/_tutorial/regression.ipynb;doc/_tutorial/relational.ipynb;doc/api.rst;doc/archive.rst;doc/conf.py;doc/docstrings/FacetGrid.ipynb;doc/docstrings/JointGrid.ipynb;doc/docstrings/Makefile;doc/docstrings/PairGrid.ipynb;doc/docstrings/axes_style.ipynb;doc/docstrings/barplot.ipynb;doc/docstrings/boxenplot.ipynb;doc/docstrings/boxplot.ipynb;doc/docstrings/catplot.ipynb;doc/docstrings/color_palette.ipynb;doc/docstrings/countplot.ipynb;doc/docstrings/displot.ipynb;doc/docstrings/ecdfplot.ipynb;doc/docstrings/histplot.ipynb;doc/docstrings/jointplot.ipynb;doc/docstrings/kdeplot.ipynb;doc/docstrings/lineplot.ipynb;doc/docstrings/move_legend.ipynb;doc/docstrings/pairplot.ipynb;doc/docstrings/plotting_context.ipynb;doc/docstrings/pointplot.ipynb;doc/docstrings/relplot.ipynb;doc/docstrings/rugplot.ipynb;doc/docstrings/scatterplot.ipynb;doc/docstrings/set_context.ipynb;doc/docstrings/set_style.ipynb;doc/docstrings/set_theme.ipynb;doc/docstrings/stripplot.ipynb;doc/docstrings/swarmplot.ipynb;doc/docstrings/violinplot.ipynb;doc/index.rst;doc/installing.rst;doc/introduction.ipynb;doc/make.bat;doc/releases/v0.10.0.txt;doc/releases/v0.10.1.txt;doc/releases/v0.11.0.txt;doc/releases/v0.11.1.txt;doc/releases/v0.11.2.txt;doc/releases/v0.12.0.txt;doc/releases/v0.2.0.txt;doc/releases/v0.2.1.txt;doc/releases/v0.3.0.txt;doc/releases/v0.3.1.txt;doc/releases/v0.4.0.txt;doc/releases/v0.5.0.txt;doc/releases/v0.5.1.txt;doc/releases/v0.6.0.txt;doc/releases/v0.7.0.txt;doc/releases/v0.7.1.txt;doc/releases/v0.8.0.txt;doc/releases/v0.8.1.txt;doc/releases/v0.9.0.txt;doc/releases/v0.9.1.txt;doc/requirements.txt;doc/sphinxext/gallery_generator.py;doc/tools/nb_to_doc.py;doc/tutorial.rst;doc/tutorial/Makefile;doc/tutorial/aesthetics.ipynb;doc/tutorial/axis_grids.ipynb;doc/tutorial/categorical.ipynb;doc/tutorial/color_palettes.ipynb;doc/tutorial/data_structure.ipynb;doc/tutorial/distributions.ipynb;doc/tutorial/error_bars.ipynb;doc/tutorial/function_overview.ipynb;doc/tutorial/regression.ipynb;doc/tutorial/relational.ipynb;doc/whatsnew.rst;doc/whatsnew/index.rst;doc/whatsnew/v0.10.0.rst;doc/whatsnew/v0.10.1.rst;doc/whatsnew/v0.11.0.rst;doc/whatsnew/v0.11.1.rst;doc/whatsnew/v0.11.2.rst;doc/whatsnew/v0.12.0.rst;doc/whatsnew/v0.2.0.rst;doc/whatsnew/v0.2.1.rst;doc/whatsnew/v0.3.0.rst;doc/whatsnew/v0.3.1.rst;doc/whatsnew/v0.4.0.rst;doc/whatsnew/v0.5.0.rst;doc/whatsnew/v0.5.1.rst;doc/whatsnew/v0.6.0.rst;doc/whatsnew/v0.7.0.rst;doc/whatsnew/v0.7.1.rst;doc/whatsnew/v0.8.0.rst;doc/whatsnew/v0.8.1.rst;doc/whatsnew/v0.9.0.rst;doc/whatsnew/v0.9.1.rst;seaborn/_core/plot.py;seaborn/_core/scales.py;seaborn/rcmod.py,related_same_subtree,seaborn/_oldcore.py,2,a3eff2928e60880e264b0ba75ece3b38ec62b4d9609588a9211f19046b52df5b,0,True,Descriptive local Git future-history mechanism inventory; not semantic causality or survival evidence.
mwaskom__seaborn-2848,mwaskom/seaborn,[LOCAL_DRIVE]/code\repos_lite_pro\mwaskom__seaborn,94621cef29f80282436d73e8d2c0aa76dab81273,mwaskom__seaborn-2848-d180,22cdfb0c93f8ec78492d87edb810f10cb7f57a31,180,41,36cc26b701ac0556e9709e2cedbaef22025b84a9,Fix dodging with interval marks (#2922),2,seaborn/_core/plot.py;tests/_core/test_plot.py,related_same_subtree,seaborn/_oldcore.py,2,a3eff2928e60880e264b0ba75ece3b38ec62b4d9609588a9211f19046b52df5b,0,True,Descriptive local Git future-history mechanism inventory; not semantic causality or survival evidence.
mwaskom__seaborn-2848,mwaskom/seaborn,[LOCAL_DRIVE]/code\repos_lite_pro\mwaskom__seaborn,94621cef29f80282436d73e8d2c0aa76dab81273,mwaskom__seaborn-2848-d180,22cdfb0c93f8ec78492d87edb810f10cb7f57a31,180,42,f581300dd8029f71290a04ffc2bddc7f9f713d00,Pass artist_kws to scatter artist (#2921),1,seaborn/_marks/scatter.py,related_same_subtree,seaborn/_oldcore.py,2,a3eff2928e60880e264b0ba75ece3b38ec62b4d9609588a9211f19046b52df5b,0,True,Descriptive local Git future-history mechanism inventory; not semantic causality or survival evidence.
mwaskom__seaborn-2848,mwaskom/seaborn,[LOCAL_DRIVE]/code\repos_lite_pro\mwaskom__seaborn,94621cef29f80282436d73e8d2c0aa76dab81273,mwaskom__seaborn-2848-d180,22cdfb0c93f8ec78492d87edb810f10cb7f57a31,180,43,6460a21555ba6557e1f6f06f4d677d9c19148169,Workaround for matplotlib rc_context issue (#2925),3,doc/whatsnew/v0.12.0.rst;seaborn/axisgrid.py;seaborn/utils.py,related_same_subtree,seaborn/_oldcore.py,2,a3eff2928e60880e264b0ba75ece3b38ec62b4d9609588a9211f19046b52df5b,0,True,Descriptive local Git future-history mechanism inventory; not semantic causality or survival evidence.
mwaskom__seaborn-2848,mwaskom/seaborn,[LOCAL_DRIVE]/code\repos_lite_pro\mwaskom__seaborn,94621cef29f80282436d73e8d2c0aa76dab81273,mwaskom__seaborn-2848-d180,22cdfb0c93f8ec78492d87edb810f10cb7f57a31,180,44,949dec3666ab12a366d2fc05ef18d6e90625b5fa,Add apply and pipe methods to Grid objects for fluent customization (#2928),3,doc/whatsnew/v0.12.0.rst;seaborn/axisgrid.py;tests/test_axisgrid.py,related_same_subtree,seaborn/_oldcore.py,2,a3eff2928e60880e264b0ba75ece3b38ec62b4d9609588a9211f19046b52df5b,0,True,Descriptive local Git future-history mechanism inventory; not semantic causality or survival evidence.
mwaskom__seaborn-2848,mwaskom/seaborn,[LOCAL_DRIVE]/code\repos_lite_pro\mwaskom__seaborn,94621cef29f80282436d73e8d2c0aa76dab81273,mwaskom__seaborn-2848-d180,22cdfb0c93f8ec78492d87edb810f10cb7f57a31,180,45,079a90d2a64c90aa0ebd6a4bc65ceb94ff4ea728,Fix typos and remove trailing spaces (#2932),3,doc/_docstrings/lineplot.ipynb;doc/nextgen/demo.ipynb;seaborn/cm.py,related_same_subtree,seaborn/_oldcore.py,2,a3eff2928e60880e264b0ba75ece3b38ec62b4d9609588a9211f19046b52df5b,0,True,Descriptive local Git future-history mechanism inventory; not semantic causality or survival evidence.
mwaskom__seaborn-2848,mwaskom/seaborn,[LOCAL_DRIVE]/code\repos_lite_pro\mwaskom__seaborn,94621cef29f80282436d73e8d2c0aa76dab81273,mwaskom__seaborn-2848-d180,22cdfb0c93f8ec78492d87edb810f10cb7f57a31,180,46,d504bebf8d895675d18c8482710ebcfc9351f7b4,Added new test for heatmap (#2904),1,tests/test_matrix.py,test_only,seaborn/_oldcore.py,2,a3eff2928e60880e264b0ba75ece3b38ec62b4d9609588a9211f19046b52df5b,0,True,Descriptive local Git future-history mechanism inventory; not semantic causality or survival evidence.
mwaskom__seaborn-2848,mwaskom/seaborn,[LOCAL_DRIVE]/code\repos_lite_pro\mwaskom__seaborn,94621cef29f80282436d73e8d2c0aa76dab81273,mwaskom__seaborn-2848-d180,22cdfb0c93f8ec78492d87edb810f10cb7f57a31,180,47,ff96e1f0f1b54074f6f4dc5976bdfb4f19646851,Document the legend argument of categorical scatterplots (#2933),4,doc/_docstrings/stripplot.ipynb;doc/_docstrings/swarmplot.ipynb;examples/jitter_stripplot.py;seaborn/categorical.py,related_same_subtree,seaborn/_oldcore.py,2,a3eff2928e60880e264b0ba75ece3b38ec62b4d9609588a9211f19046b52df5b,0,True,Descriptive local Git future-history mechanism inventory; not semantic causality or survival evidence.
mwaskom__seaborn-2848,mwaskom/seaborn,[LOCAL_DRIVE]/code\repos_lite_pro\mwaskom__seaborn,94621cef29f80282436d73e8d2c0aa76dab81273,mwaskom__seaborn-2848-d180,22cdfb0c93f8ec78492d87edb810f10cb7f57a31,180,48,762db897b52d16ab2f164d5103df4cc26c1d0503,Add rudimentary themeing support (#2929),3,seaborn/_core/plot.py;tests/_core/test_plot.py;tests/_marks/test_lines.py,related_same_subtree,seaborn/_oldcore.py,2,a3eff2928e60880e264b0ba75ece3b38ec62b4d9609588a9211f19046b52df5b,0,True,Descriptive local Git future-history mechanism inventory; not semantic causality or survival evidence.
mwaskom__seaborn-2848,mwaskom/seaborn,[LOCAL_DRIVE]/code\repos_lite_pro\mwaskom__seaborn,94621cef29f80282436d73e8d2c0aa76dab81273,mwaskom__seaborn-2848-d180,22cdfb0c93f8ec78492d87edb810f10cb7f57a31,180,49,a259ac55c4233ab3418459d3b6cd195ebe2cb521,Allow Plot.label to control title(s) (#2934),2,seaborn/_core/plot.py;tests/_core/test_plot.py,related_same_subtree,seaborn/_oldcore.py,2,a3eff2928e60880e264b0ba75ece3b38ec62b4d9609588a9211f19046b52df5b,0,True,Descriptive local Git future-history mechanism inventory; not semantic causality or survival evidence.
mwaskom__seaborn-2848,mwaskom/seaborn,[LOCAL_DRIVE]/code\repos_lite_pro\mwaskom__seaborn,94621cef29f80282436d73e8d2c0aa76dab81273,mwaskom__seaborn-2848-d180,22cdfb0c93f8ec78492d87edb810f10cb7f57a31,180,50,cb96dd1d6b54d214e7a429250db92dbe77186ce2,Update docs for pydata theme rc2,3,doc/conf.py;doc/index.rst;doc/sphinxext/gallery_generator.py,infrastructure_only,seaborn/_oldcore.py,2,a3eff2928e60880e264b0ba75ece3b38ec62b4d9609588a9211f19046b52df5b,0,True,Descriptive local Git future-history mechanism inventory; not semantic causality or survival evidence.
mwaskom__seaborn-2848,mwaskom/seaborn,[LOCAL_DRIVE]/code\repos_lite_pro\mwaskom__seaborn,94621cef29f80282436d73e8d2c0aa76dab81273,mwaskom__seaborn-2848-d180,22cdfb0c93f8ec78492d87edb810f10cb7f57a31,180,51,f5bb40cc1c8bfbbefc2868333a6c7694c2871abc,Change scipy/statsmodels install extra to be [stats] and do some housekeeping (#2939),11,.coveragerc;.github/workflows/ci.yaml;LICENSE;LICENSE.md;MANIFEST.in;README.md;doc/installing.rst;doc/whatsnew/v0.12.0.rst;seaborn/__init__.py;setup.cfg;setup.py,related_same_subtree,seaborn/_oldcore.py,2,a3eff2928e60880e264b0ba75ece3b38ec62b4d9609588a9211f19046b52df5b,0,True,Descriptive local Git future-history mechanism inventory; not semantic causality or survival evidence.
mwaskom__seaborn-2848,mwaskom/seaborn,[LOCAL_DRIVE]/code\repos_lite_pro\mwaskom__seaborn,94621cef29f80282436d73e8d2c0aa76dab81273,mwaskom__seaborn-2848-d180,22cdfb0c93f8ec78492d87edb810f10cb7f57a31,180,52,9771eae42a802f898f95c6b062f036bd7940e6b4,Rename all mark/stat modules to be singular (#2941),13,seaborn/_marks/bar.py;seaborn/_marks/bars.py;seaborn/_marks/line.py;seaborn/_marks/lines.py;seaborn/_stats/histogram.py;seaborn/_stats/histograms.py;seaborn/objects.py;tests/_marks/test_bar.py;tests/_marks/test_bars.py;tests/_marks/test_line.py;tests/_marks/test_lines.py;tests/_stats/test_histogram.py;tests/_stats/test_histograms.py,related_same_subtree,seaborn/_oldcore.py,2,a3eff2928e60880e264b0ba75ece3b38ec62b4d9609588a9211f19046b52df5b,0,True,Descriptive local Git future-history mechanism inventory; not semantic causality or survival evidence.
mwaskom__seaborn-2848,mwaskom/seaborn,[LOCAL_DRIVE]/code\repos_lite_pro\mwaskom__seaborn,94621cef29f80282436d73e8d2c0aa76dab81273,mwaskom__seaborn-2848-d180,22cdfb0c93f8ec78492d87edb810f10cb7f57a31,180,53,8dad74cb025c044b5ac3e31e9f4cb12c409c3d14,Replace setup.py with pyproject.toml configured to use flit for builds (#2940),4,MANIFEST.in;pyproject.toml;seaborn/__init__.py;setup.py,related_same_subtree,seaborn/_oldcore.py,2,a3eff2928e60880e264b0ba75ece3b38ec62b4d9609588a9211f19046b52df5b,0,True,Descriptive local Git future-history mechanism inventory; not semantic causality or survival evidence.
mwaskom__seaborn-2848,mwaskom/seaborn,[LOCAL_DRIVE]/code\repos_lite_pro\mwaskom__seaborn,94621cef29f80282436d73e8d2c0aa76dab81273,mwaskom__seaborn-2848-d180,22cdfb0c93f8ec78492d87edb810f10cb7f57a31,180,54,a1ede5eb82fa09164aff65da03136b7382fd5041,Rename Scatter mark to Dots (#2942),9,doc/api.rst;doc/nextgen/demo.ipynb;doc/nextgen/index.ipynb;seaborn/_core/properties.py;seaborn/_marks/dot.py;seaborn/_marks/scatter.py;seaborn/objects.py;tests/_marks/test_dot.py;tests/_marks/test_scatter.py,related_same_subtree,seaborn/_oldcore.py,2,a3eff2928e60880e264b0ba75ece3b38ec62b4d9609588a9211f19046b52df5b,0,True,Descriptive local Git future-history mechanism inventory; not semantic causality or survival evidence.
mwaskom__seaborn-2848,mwaskom/seaborn,[LOCAL_DRIVE]/code\repos_lite_pro\mwaskom__seaborn,94621cef29f80282436d73e8d2c0aa76dab81273,mwaskom__seaborn-2848-d180,22cdfb0c93f8ec78492d87edb810f10cb7f57a31,180,55,ae9080d583032ab98a731e55753caf82b10c6905,Work around Series.agg non-aggregation EstimateAggregator (#2946),2,seaborn/_statistics.py;tests/test_statistics.py,related_same_subtree,seaborn/_oldcore.py,2,a3eff2928e60880e264b0ba75ece3b38ec62b4d9609588a9211f19046b52df5b,0,True,Descriptive local Git future-history mechanism inventory; not semantic causality or survival evidence.
mwaskom__seaborn-2848,mwaskom/seaborn,[LOCAL_DRIVE]/code\repos_lite_pro\mwaskom__seaborn,94621cef29f80282436d73e8d2c0aa76dab81273,mwaskom__seaborn-2848-d180,22cdfb0c93f8ec78492d87edb810f10cb7f57a31,180,56,72d1322ee583eb481346e5e661c2998c8a7445dd,Adding Grid.tick_params() method. (#2944),3,doc/whatsnew/v0.12.0.rst;seaborn/axisgrid.py;tests/test_axisgrid.py,related_same_subtree,seaborn/_oldcore.py,2,a3eff2928e60880e264b0ba75ece3b38ec62b4d9609588a9211f19046b52df5b,0,True,Descriptive local Git future-history mechanism inventory; not semantic causality or survival evidence.
mwaskom__seaborn-2848,mwaskom/seaborn,[LOCAL_DRIVE]/code\repos_lite_pro\mwaskom__seaborn,94621cef29f80282436d73e8d2c0aa76dab81273,mwaskom__seaborn-2848-d180,22cdfb0c93f8ec78492d87edb810f10cb7f57a31,180,57,2c3ea6fbf5a29b552976dc1d35eb96b7bc989169,Switch barplot tests from ci to errorbar. (#2949),1,tests/test_categorical.py,test_only,seaborn/_oldcore.py,2,a3eff2928e60880e264b0ba75ece3b38ec62b4d9609588a9211f19046b52df5b,0,True,Descriptive local Git future-history mechanism inventory; not semantic causality or survival evidence.
mwaskom__seaborn-2848,mwaskom/seaborn,[LOCAL_DRIVE]/code\repos_lite_pro\mwaskom__seaborn,94621cef29f80282436d73e8d2c0aa76dab81273,mwaskom__seaborn-2848-d180,22cdfb0c93f8ec78492d87edb810f10cb7f57a31,180,58,708122389feb683aaf143339ab279de04c5f6f08,Fix: shifting margins caused by multiple rugplots (#2953),3,doc/whatsnew/v0.12.0.rst;seaborn/utils.py;tests/test_distributions.py,related_same_subtree,seaborn/_oldcore.py,2,a3eff2928e60880e264b0ba75ece3b38ec62b4d9609588a9211f19046b52df5b,0,True,Descriptive local Git future-history mechanism inventory; not semantic causality or survival evidence.
mwaskom__seaborn-2848,mwaskom/seaborn,[LOCAL_DRIVE]/code\repos_lite_pro\mwaskom__seaborn,94621cef29f80282436d73e8d2c0aa76dab81273,mwaskom__seaborn-2848-d180,22cdfb0c93f8ec78492d87edb810f10cb7f57a31,180,59,04969a3d18ecee8ca6b22bd77628a87d2c1469d3,"Renaming: Ribbon -> Band, Interval -> Range (#2945)",8,doc/api.rst;doc/nextgen/api.rst;doc/nextgen/demo.ipynb;seaborn/_marks/area.py;seaborn/_marks/line.py;seaborn/objects.py;tests/_marks/test_area.py;tests/_marks/test_line.py,related_same_subtree,seaborn/_oldcore.py,2,a3eff2928e60880e264b0ba75ece3b38ec62b4d9609588a9211f19046b52df5b,0,True,Descriptive local Git future-history mechanism inventory; not semantic causality or survival evidence.
mwaskom__seaborn-2848,mwaskom/seaborn,[LOCAL_DRIVE]/code\repos_lite_pro\mwaskom__seaborn,94621cef29f80282436d73e8d2c0aa76dab81273,mwaskom__seaborn-2848-d180,22cdfb0c93f8ec78492d87edb810f10cb7f57a31,180,60,daa9924132323142360f58d7be8968235e82cd03,Update demo.ipynb (#2952),1,doc/nextgen/demo.ipynb,infrastructure_only,seaborn/_oldcore.py,2,a3eff2928e60880e264b0ba75ece3b38ec62b4d9609588a9211f19046b52df5b,0,True,Descriptive local Git future-history mechanism inventory; not semantic causality or survival evidence.
mwaskom__seaborn-2848,mwaskom/seaborn,[LOCAL_DRIVE]/code\repos_lite_pro\mwaskom__seaborn,94621cef29f80282436d73e8d2c0aa76dab81273,mwaskom__seaborn-2848-d180,22cdfb0c93f8ec78492d87edb810f10cb7f57a31,180,61,e9ad41969be331c627111c0d56f44e9741b22f81,Accept Stat and/or Move(s) as anonymous positional args in Plot.add (#2948),5,doc/nextgen/demo.ipynb;seaborn/_core/moves.py;seaborn/_core/plot.py;tests/_core/test_moves.py;tests/_core/test_plot.py,related_same_subtree,seaborn/_oldcore.py,2,a3eff2928e60880e264b0ba75ece3b38ec62b4d9609588a9211f19046b52df5b,0,True,Descriptive local Git future-history mechanism inventory; not semantic causality or survival evidence.
mwaskom__seaborn-2848,mwaskom/seaborn,[LOCAL_DRIVE]/code\repos_lite_pro\mwaskom__seaborn,94621cef29f80282436d73e8d2c0aa76dab81273,mwaskom__seaborn-2848-d180,22cdfb0c93f8ec78492d87edb810f10cb7f57a31,180,62,b1db0f72627e9fae8fda261514392d53906384cf,Cleanup and merge #2909 (#2955),3,doc/whatsnew/v0.12.0.rst;seaborn/categorical.py;tests/test_categorical.py,related_same_subtree,seaborn/_oldcore.py,2,a3eff2928e60880e264b0ba75ece3b38ec62b4d9609588a9211f19046b52df5b,0,True,Descriptive local Git future-history mechanism inventory; not semantic causality or survival evidence.
mwaskom__seaborn-2848,mwaskom/seaborn,[LOCAL_DRIVE]/code\repos_lite_pro\mwaskom__seaborn,94621cef29f80282436d73e8d2c0aa76dab81273,mwaskom__seaborn-2848-d180,22cdfb0c93f8ec78492d87edb810f10cb7f57a31,180,63,b5c4c35772d73f1100ee242a9bab58dd6973aa42,"Rename Plot.configure -> Plot.layout, add Plot.share, and modify Plot.layout parameters (#2954)",5,doc/nextgen/api.rst;doc/nextgen/demo.ipynb;doc/nextgen/index.ipynb;seaborn/_core/plot.py;tests/_core/test_plot.py,related_same_subtree,seaborn/_oldcore.py,2,a3eff2928e60880e264b0ba75ece3b38ec62b4d9609588a9211f19046b52df5b,0,True,Descriptive local Git future-history mechanism inventory; not semantic causality or survival evidence.
mwaskom__seaborn-2848,mwaskom/seaborn,[LOCAL_DRIVE]/code\repos_lite_pro\mwaskom__seaborn,94621cef29f80282436d73e8d2c0aa76dab81273,mwaskom__seaborn-2848-d180,22cdfb0c93f8ec78492d87edb810f10cb7f57a31,180,64,6cf4f267b18d5801d016abc782968121e104ac96,Remove Tk backend build from Github CI (#2956),1,.github/workflows/ci.yaml,infrastructure_only,seaborn/_oldcore.py,2,a3eff2928e60880e264b0ba75ece3b38ec62b4d9609588a9211f19046b52df5b,0,True,Descriptive local Git future-history mechanism inventory; not semantic causality or survival evidence.
mwaskom__seaborn-2848,mwaskom/seaborn,[LOCAL_DRIVE]/code\repos_lite_pro\mwaskom__seaborn,94621cef29f80282436d73e8d2c0aa76dab81273,mwaskom__seaborn-2848-d180,22cdfb0c93f8ec78492d87edb810f10cb7f57a31,180,65,02df7590c70ca8f68282ed941b98410580c55aa9,Fix dpi from inline backend figures in docs,1,doc/tools/nb_to_doc.py,infrastructure_only,seaborn/_oldcore.py,2,a3eff2928e60880e264b0ba75ece3b38ec62b4d9609588a9211f19046b52df5b,0,True,Descriptive local Git future-history mechanism inventory; not semantic causality or survival evidence.
mwaskom__seaborn-2848,mwaskom/seaborn,[LOCAL_DRIVE]/code\repos_lite_pro\mwaskom__seaborn,94621cef29f80282436d73e8d2c0aa76dab81273,mwaskom__seaborn-2848-d180,22cdfb0c93f8ec78492d87edb810f10cb7f57a31,180,66,1e9476f04dfa93803ff0526dd8fe7c28e0e216b9,Don't apply layout algorithm by default after Plot.on (#2969),2,seaborn/_core/plot.py;tests/_core/test_plot.py,related_same_subtree,seaborn/_oldcore.py,2,a3eff2928e60880e264b0ba75ece3b38ec62b4d9609588a9211f19046b52df5b,0,True,Descriptive local Git future-history mechanism inventory; not semantic causality or survival evidence.
mwaskom__seaborn-2848,mwaskom/seaborn,[LOCAL_DRIVE]/code\repos_lite_pro\mwaskom__seaborn,94621cef29f80282436d73e8d2c0aa76dab81273,mwaskom__seaborn-2848-d180,22cdfb0c93f8ec78492d87edb810f10cb7f57a31,180,67,ebc4bfe9f8bf5c4ff10b14da8a49c8baa1ba76d0,Remove default pairing from Plot.pair and clean up interface (#2974),3,seaborn/_core/plot.py;seaborn/_core/typing.py;tests/_core/test_plot.py,related_same_subtree,seaborn/_oldcore.py,2,a3eff2928e60880e264b0ba75ece3b38ec62b4d9609588a9211f19046b52df5b,0,True,Descriptive local Git future-history mechanism inventory; not semantic causality or survival evidence.
mwaskom__seaborn-2848,mwaskom/seaborn,[LOCAL_DRIVE]/code\repos_lite_pro\mwaskom__seaborn,94621cef29f80282436d73e8d2c0aa76dab81273,mwaskom__seaborn-2848-d180,22cdfb0c93f8ec78492d87edb810f10cb7f57a31,180,68,2f70aee390fce0b483dfb63771ef624149f87d06,Fix visibility of internal axis labels with Plot.pair(wrap=...) (#2979),4,seaborn/_core/plot.py;seaborn/_core/subplots.py;tests/_core/test_plot.py;tests/_core/test_subplots.py,related_same_subtree,seaborn/_oldcore.py,2,a3eff2928e60880e264b0ba75ece3b38ec62b4d9609588a9211f19046b52df5b,0,True,Descriptive local Git future-history mechanism inventory; not semantic causality or survival evidence.
mwaskom__seaborn-2848,mwaskom/seaborn,[LOCAL_DRIVE]/code\repos_lite_pro\mwaskom__seaborn,94621cef29f80282436d73e8d2c0aa76dab81273,mwaskom__seaborn-2848-d180,22cdfb0c93f8ec78492d87edb810f10cb7f57a31,180,69,659d96d5256036e3a0e607f0df24f553e34e68aa,Address breakage from matplotlib 3.6.0rc1 (#2971),14,seaborn/_compat.py;seaborn/_core/plot.py;seaborn/axisgrid.py;seaborn/cm.py;seaborn/matrix.py;seaborn/palettes.py;seaborn/rcmod.py;tests/_core/test_properties.py;tests/test_categorical.py;tests/test_core.py;tests/test_matrix.py;tests/test_palettes.py;tests/test_relational.py;tests/test_utils.py,related_same_subtree,seaborn/_oldcore.py,2,a3eff2928e60880e264b0ba75ece3b38ec62b4d9609588a9211f19046b52df5b,0,True,Descriptive local Git future-history mechanism inventory; not semantic causality or survival evidence.
mwaskom__seaborn-2848,mwaskom/seaborn,[LOCAL_DRIVE]/code\repos_lite_pro\mwaskom__seaborn,94621cef29f80282436d73e8d2c0aa76dab81273,mwaskom__seaborn-2848-d180,22cdfb0c93f8ec78492d87edb810f10cb7f57a31,180,70,6fdf253393c27f9f2f124c63cc50351f94ca4761,Add API examples for Plot methods (#2970),21,doc/_docstrings/objects.Plot.add.ipynb;doc/_docstrings/objects.Plot.facet.ipynb;doc/_docstrings/objects.Plot.label.ipynb;doc/_docstrings/objects.Plot.layout.ipynb;doc/_docstrings/objects.Plot.limit.ipynb;doc/_docstrings/objects.Plot.on.ipynb;doc/_docstrings/objects.Plot.pair.ipynb;doc/_docstrings/objects.Plot.scale.ipynb;doc/_docstrings/objects.Plot.share.ipynb;doc/_docstrings/objects.Plot.theme.ipynb;doc/_templates/autosummary/plot.rst;doc/api.rst;doc/index.rst;doc/installing.rst;seaborn/_core/moves.py;seaborn/_core/plot.py;seaborn/_core/scales.py;seaborn/_marks/base.py;seaborn/_stats/base.py;seaborn/objects.py;tests/_core/test_scales.py,related_same_subtree,seaborn/_oldcore.py,2,a3eff2928e60880e264b0ba75ece3b38ec62b4d9609588a9211f19046b52df5b,0,True,Descriptive local Git future-history mechanism inventory; not semantic causality or survival evidence.
mwaskom__seaborn-2848,mwaskom/seaborn,[LOCAL_DRIVE]/code\repos_lite_pro\mwaskom__seaborn,94621cef29f80282436d73e8d2c0aa76dab81273,mwaskom__seaborn-2848-d180,22cdfb0c93f8ec78492d87edb810f10cb7f57a31,180,71,6c839ba2446b75d0d58e5eb3114f0b8d403b662b,Add docstring examples for Mark objects (#2983),20,doc/_docstrings/objects.Area.ipynb;doc/_docstrings/objects.Band.ipynb;doc/_docstrings/objects.Bar.ipynb;doc/_docstrings/objects.Bars.ipynb;doc/_docstrings/objects.Dot.ipynb;doc/_docstrings/objects.Dots.ipynb;doc/_docstrings/objects.Line.ipynb;doc/_docstrings/objects.Lines.ipynb;doc/_docstrings/objects.Path.ipynb;doc/_docstrings/objects.Paths.ipynb;doc/_docstrings/objects.Range.ipynb;doc/_templates/autosummary/plot.rst;doc/api.rst;doc/conf.py;seaborn/_core/plot.py;seaborn/_marks/area.py;seaborn/_marks/bar.py;seaborn/_marks/dot.py;seaborn/_marks/line.py;seaborn/utils.py,related_same_subtree,seaborn/_oldcore.py,2,a3eff2928e60880e264b0ba75ece3b38ec62b4d9609588a9211f19046b52df5b,0,True,Descriptive local Git future-history mechanism inventory; not semantic causality or survival evidence.
mwaskom__seaborn-2848,mwaskom/seaborn,[LOCAL_DRIVE]/code\repos_lite_pro\mwaskom__seaborn,94621cef29f80282436d73e8d2c0aa76dab81273,mwaskom__seaborn-2848-d180,22cdfb0c93f8ec78492d87edb810f10cb7f57a31,180,72,57653e69fd3ab938e4e38bf5f6d347c11a953a8d,Add tutorial page for Mark properties with cross-referencing from relevant docstrings (#2989),9,doc/_tutorial/properties.ipynb;doc/conf.py;doc/tutorial.rst;seaborn/_core/plot.py;seaborn/_marks/area.py;seaborn/_marks/bar.py;seaborn/_marks/base.py;seaborn/_marks/dot.py;seaborn/_marks/line.py,related_same_subtree,seaborn/_oldcore.py,2,a3eff2928e60880e264b0ba75ece3b38ec62b4d9609588a9211f19046b52df5b,0,True,Descriptive local Git future-history mechanism inventory; not semantic causality or survival evidence.
mwaskom__seaborn-2848,mwaskom/seaborn,[LOCAL_DRIVE]/code\repos_lite_pro\mwaskom__seaborn,94621cef29f80282436d73e8d2c0aa76dab81273,mwaskom__seaborn-2848-d180,22cdfb0c93f8ec78492d87edb810f10cb7f57a31,180,73,5efd453444ba25077cc81f091b1d98f4351e92ea,Create tutorial index programmatically and update some content (#2991),11,doc/.gitignore;doc/Makefile;doc/_tutorial/categorical.ipynb;doc/_tutorial/error_bars.ipynb;doc/_tutorial/regression.ipynb;doc/_tutorial/relational.ipynb;doc/conf.py;doc/requirements.txt;doc/sphinxext/tutorial_builder.py;doc/tutorial.rst;doc/tutorial.yaml,infrastructure_only,seaborn/_oldcore.py,2,a3eff2928e60880e264b0ba75ece3b38ec62b4d9609588a9211f19046b52df5b,0,True,Descriptive local Git future-history mechanism inventory; not semantic causality or survival evidence.
mwaskom__seaborn-2848,mwaskom/seaborn,[LOCAL_DRIVE]/code\repos_lite_pro\mwaskom__seaborn,94621cef29f80282436d73e8d2c0aa76dab81273,mwaskom__seaborn-2848-d180,22cdfb0c93f8ec78492d87edb810f10cb7f57a31,180,74,8eb0686c5715c0cdd9d4701cd81f2c0c155f8d91,Update the single-letter color codes as part of the Plot theme context (#2995),4,seaborn/_core/plot.py;tests/_marks/test_area.py;tests/_marks/test_bar.py;tests/_marks/test_dot.py,related_same_subtree,seaborn/_oldcore.py,2,a3eff2928e60880e264b0ba75ece3b38ec62b4d9609588a9211f19046b52df5b,0,True,Descriptive local Git future-history mechanism inventory; not semantic causality or survival evidence.
mwaskom__seaborn-2848,mwaskom/seaborn,[LOCAL_DRIVE]/code\repos_lite_pro\mwaskom__seaborn,94621cef29f80282436d73e8d2c0aa76dab81273,mwaskom__seaborn-2848-d180,22cdfb0c93f8ec78492d87edb810f10cb7f57a31,180,75,a5816697cbcab195a987f5e074204a052c13e1d5,Add tutorial for objects interface and remove 'nextgen' preview (#2993),17,doc/_docstrings/objects.Band.ipynb;doc/_docstrings/objects.Bar.ipynb;doc/_docstrings/objects.Bars.ipynb;doc/_docstrings/objects.Dot.ipynb;doc/_docstrings/objects.Path.ipynb;doc/_tutorial/objects_interface.ipynb;doc/installing.rst;doc/nextgen/.gitignore;doc/nextgen/Makefile;doc/nextgen/api.rst;doc/nextgen/conf.py;doc/nextgen/demo.ipynb;doc/nextgen/index.ipynb;doc/nextgen/index.rst;doc/nextgen/nb_to_doc.py;doc/sphinxext/tutorial_builder.py;doc/tutorial.yaml,infrastructure_only,seaborn/_oldcore.py,2,a3eff2928e60880e264b0ba75ece3b38ec62b4d9609588a9211f19046b52df5b,0,True,Descriptive local Git future-history mechanism inventory; not semantic causality or survival evidence.
mwaskom__seaborn-2848,mwaskom/seaborn,[LOCAL_DRIVE]/code\repos_lite_pro\mwaskom__seaborn,94621cef29f80282436d73e8d2c0aa76dab81273,mwaskom__seaborn-2848-d180,22cdfb0c93f8ec78492d87edb810f10cb7f57a31,180,76,7b0d42eb8b0d456f063fb0b59c6738c728321379,Rename layout parameter algo->engine (#2996),5,doc/_docstrings/objects.Plot.layout.ipynb;doc/_tutorial/properties.ipynb;seaborn/_compat.py;seaborn/_core/plot.py;tests/_core/test_plot.py,related_same_subtree,seaborn/_oldcore.py,2,a3eff2928e60880e264b0ba75ece3b38ec62b4d9609588a9211f19046b52df5b,0,True,Descriptive local Git future-history mechanism inventory; not semantic causality or survival evidence.
mwaskom__seaborn-2848,mwaskom/seaborn,[LOCAL_DRIVE]/code\repos_lite_pro\mwaskom__seaborn,94621cef29f80282436d73e8d2c0aa76dab81273,mwaskom__seaborn-2848-d180,22cdfb0c93f8ec78492d87edb810f10cb7f57a31,180,77,db32de8cbadb91f18059d6867adef06c69d21d6b,Assorted pre-release doc tweaks (#2997),8,doc/_static/css/custom.css;doc/_tutorial/objects_interface.ipynb;doc/_tutorial/regression.ipynb;doc/api.rst;doc/conf.py;doc/index.rst;doc/sphinxext/tutorial_builder.py;doc/whatsnew/v0.12.0.rst,infrastructure_only,seaborn/_oldcore.py,2,a3eff2928e60880e264b0ba75ece3b38ec62b4d9609588a9211f19046b52df5b,0,True,Descriptive local Git future-history mechanism inventory; not semantic causality or survival evidence.
mwaskom__seaborn-2848,mwaskom/seaborn,[LOCAL_DRIVE]/code\repos_lite_pro\mwaskom__seaborn,94621cef29f80282436d73e8d2c0aa76dab81273,mwaskom__seaborn-2848-d180,22cdfb0c93f8ec78492d87edb810f10cb7f57a31,180,78,f057f191c61b07d642417af3d37793c4aa7696c9,Add FAQ page to docs (#2998),4,doc/_tutorial/function_overview.ipynb;doc/_tutorial/regression.ipynb;doc/faq.rst;doc/index.rst,infrastructure_only,seaborn/_oldcore.py,2,a3eff2928e60880e264b0ba75ece3b38ec62b4d9609588a9211f19046b52df5b,0,True,Descriptive local Git future-history mechanism inventory; not semantic causality or survival evidence.
mwaskom__seaborn-2848,mwaskom/seaborn,[LOCAL_DRIVE]/code\repos_lite_pro\mwaskom__seaborn,94621cef29f80282436d73e8d2c0aa76dab81273,mwaskom__seaborn-2848-d180,22cdfb0c93f8ec78492d87edb810f10cb7f57a31,180,79,1fab16af06c38aeb4edfa833220697adbaddde18,Update errorbar API in example gallery and add new strip/reg example (#2999),5,examples/anscombes_quartet.py;examples/grouped_barplot.py;examples/jitter_stripplot.py;examples/pointplot_anova.py;examples/strip_regplot.py,independent,seaborn/_oldcore.py,2,a3eff2928e60880e264b0ba75ece3b38ec62b4d9609588a9211f19046b52df5b,0,True,Descriptive local Git future-history mechanism inventory; not semantic causality or survival evidence.
mwaskom__seaborn-2848,mwaskom/seaborn,[LOCAL_DRIVE]/code\repos_lite_pro\mwaskom__seaborn,94621cef29f80282436d73e8d2c0aa76dab81273,mwaskom__seaborn-2848-d180,22cdfb0c93f8ec78492d87edb810f10cb7f57a31,180,80,e150cec6e9cf904c4229589cd33899eed735c255,Fix tutorial crossref,1,doc/_tutorial/regression.ipynb,infrastructure_only,seaborn/_oldcore.py,2,a3eff2928e60880e264b0ba75ece3b38ec62b4d9609588a9211f19046b52df5b,0,True,Descriptive local Git future-history mechanism inventory; not semantic causality or survival evidence.
mwaskom__seaborn-2848,mwaskom/seaborn,[LOCAL_DRIVE]/code\repos_lite_pro\mwaskom__seaborn,94621cef29f80282436d73e8d2c0aa76dab81273,mwaskom__seaborn-2848-d180,22cdfb0c93f8ec78492d87edb810f10cb7f57a31,180,81,0dfd322734f929a02eda6de09e78f2a11560709b,Documentation tweaks upon pre-release review,5,doc/_docstrings/swarmplot.ipynb;doc/_tutorial/color_palettes.ipynb;doc/_tutorial/error_bars.ipynb;doc/_tutorial/function_overview.ipynb;doc/_tutorial/objects_interface.ipynb,infrastructure_only,seaborn/_oldcore.py,2,a3eff2928e60880e264b0ba75ece3b38ec62b4d9609588a9211f19046b52df5b,0,True,Descriptive local Git future-history mechanism inventory; not semantic causality or survival evidence.
mwaskom__seaborn-2848,mwaskom/seaborn,[LOCAL_DRIVE]/code\repos_lite_pro\mwaskom__seaborn,94621cef29f80282436d73e8d2c0aa76dab81273,mwaskom__seaborn-2848-d180,22cdfb0c93f8ec78492d87edb810f10cb7f57a31,180,82,57a0b54a6e68387b585a6eed5a5a802bd8036894,Add v0.11 docs to archive dropdown,1,doc/_templates/layout.html,infrastructure_only,seaborn/_oldcore.py,2,a3eff2928e60880e264b0ba75ece3b38ec62b4d9609588a9211f19046b52df5b,0,True,Descriptive local Git future-history mechanism inventory; not semantic causality or survival evidence.
mwaskom__seaborn-2848,mwaskom/seaborn,[LOCAL_DRIVE]/code\repos_lite_pro\mwaskom__seaborn,94621cef29f80282436d73e8d2c0aa76dab81273,mwaskom__seaborn-2848-d180,22cdfb0c93f8ec78492d87edb810f10cb7f57a31,180,83,6a17b60d77aaecd54530bc72ac728402d4f1afcf,Move position in FAQ page,1,doc/index.rst,infrastructure_only,seaborn/_oldcore.py,2,a3eff2928e60880e264b0ba75ece3b38ec62b4d9609588a9211f19046b52df5b,0,True,Descriptive local Git future-history mechanism inventory; not semantic causality or survival evidence.
mwaskom__seaborn-2848,mwaskom/seaborn,[LOCAL_DRIVE]/code\repos_lite_pro\mwaskom__seaborn,94621cef29f80282436d73e8d2c0aa76dab81273,mwaskom__seaborn-2848-d180,22cdfb0c93f8ec78492d87edb810f10cb7f57a31,180,84,1b6d9bdc5c06039c14ec3560e8dff59862fcd7a5,Make doc archive links absolute paths,1,doc/_templates/layout.html,infrastructure_only,seaborn/_oldcore.py,2,a3eff2928e60880e264b0ba75ece3b38ec62b4d9609588a9211f19046b52df5b,0,True,Descriptive local Git future-history mechanism inventory; not semantic causality or survival evidence.
mwaskom__seaborn-2848,mwaskom/seaborn,[LOCAL_DRIVE]/code\repos_lite_pro\mwaskom__seaborn,94621cef29f80282436d73e8d2c0aa76dab81273,mwaskom__seaborn-2848-d180,22cdfb0c93f8ec78492d87edb810f10cb7f57a31,180,85,0929b9aca26dea1e97a08f8ee70b807058d175ed,Use pip extras for installation of dev tools (#3009),6,.github/workflows/ci.yaml;README.md;ci/utils.txt;doc/README.md;doc/requirements.txt;pyproject.toml,independent,seaborn/_oldcore.py,2,a3eff2928e60880e264b0ba75ece3b38ec62b4d9609588a9211f19046b52df5b,0,True,Descriptive local Git future-history mechanism inventory; not semantic causality or survival evidence.
mwaskom__seaborn-2848,mwaskom/seaborn,[LOCAL_DRIVE]/code\repos_lite_pro\mwaskom__seaborn,94621cef29f80282436d73e8d2c0aa76dab81273,mwaskom__seaborn-2848-d180,22cdfb0c93f8ec78492d87edb810f10cb7f57a31,180,86,0f5a013e2cf43562deec3b879458e59a73853813,Bump version,1,seaborn/__init__.py,related_same_subtree,seaborn/_oldcore.py,2,a3eff2928e60880e264b0ba75ece3b38ec62b4d9609588a9211f19046b52df5b,0,True,Descriptive local Git future-history mechanism inventory; not semantic causality or survival evidence.
mwaskom__seaborn-2848,mwaskom/seaborn,[LOCAL_DRIVE]/code\repos_lite_pro\mwaskom__seaborn,94621cef29f80282436d73e8d2c0aa76dab81273,mwaskom__seaborn-2848-d180,22cdfb0c93f8ec78492d87edb810f10cb7f57a31,180,87,15713b387156fc089cb923dced0f60cc13d86edc,Add pre-commit hook config (#2963),20,.pre-commit-config.yaml;README.md;ci/deps_pinned.txt;ci/getmsfonts.sh;doc/README.md;doc/_static/copybutton.js;doc/_templates/autosummary/base.rst;doc/_templates/autosummary/object.rst;doc/citing.rst;doc/faq.rst;doc/index.rst;doc/tutorial.yaml;doc/whatsnew/v0.11.0.rst;doc/whatsnew/v0.11.1.rst;doc/whatsnew/v0.2.0.rst;doc/whatsnew/v0.7.0.rst;licences/NUMPYDOC_LICENSE;pyproject.toml;seaborn/external/docscrape.py;tests/test_utils.py,related_same_subtree,seaborn/_oldcore.py,2,a3eff2928e60880e264b0ba75ece3b38ec62b4d9609588a9211f19046b52df5b,0,True,Descriptive local Git future-history mechanism inventory; not semantic causality or survival evidence.
mwaskom__seaborn-2848,mwaskom/seaborn,[LOCAL_DRIVE]/code\repos_lite_pro\mwaskom__seaborn,94621cef29f80282436d73e8d2c0aa76dab81273,mwaskom__seaborn-2848-d180,22cdfb0c93f8ec78492d87edb810f10cb7f57a31,180,88,c5c5f4a4377f9dd91cc07c5c3e965d7d0d1edd20,Fix: Make PolyFit stat robust to missing data (#3010),3,doc/whatsnew/v0.12.1.rst;seaborn/_stats/regression.py;tests/_stats/test_regression.py,related_same_subtree,seaborn/_oldcore.py,2,a3eff2928e60880e264b0ba75ece3b38ec62b4d9609588a9211f19046b52df5b,0,True,Descriptive local Git future-history mechanism inventory; not semantic causality or survival evidence.
mwaskom__seaborn-2848,mwaskom/seaborn,[LOCAL_DRIVE]/code\repos_lite_pro\mwaskom__seaborn,94621cef29f80282436d73e8d2c0aa76dab81273,mwaskom__seaborn-2848-d180,22cdfb0c93f8ec78492d87edb810f10cb7f57a31,180,89,a25e7cb847a661e45a8582427e781f38e5961863,Silence various warnings in test suite (#3011),4,tests/test_categorical.py;tests/test_distributions.py;tests/test_regression.py;tests/test_relational.py,test_only,seaborn/_oldcore.py,2,a3eff2928e60880e264b0ba75ece3b38ec62b4d9609588a9211f19046b52df5b,0,True,Descriptive local Git future-history mechanism inventory; not semantic causality or survival evidence.
mwaskom__seaborn-2848,mwaskom/seaborn,[LOCAL_DRIVE]/code\repos_lite_pro\mwaskom__seaborn,94621cef29f80282436d73e8d2c0aa76dab81273,mwaskom__seaborn-2848-d180,22cdfb0c93f8ec78492d87edb810f10cb7f57a31,180,90,0c379538b80a748f1e0224e5161f49777c6a29d1,CI: Add biweekly scheduled run (#3013),1,.github/workflows/ci.yaml,infrastructure_only,seaborn/_oldcore.py,2,a3eff2928e60880e264b0ba75ece3b38ec62b4d9609588a9211f19046b52df5b,0,True,Descriptive local Git future-history mechanism inventory; not semantic causality or survival evidence.
mwaskom__seaborn-2848,mwaskom/seaborn,[LOCAL_DRIVE]/code\repos_lite_pro\mwaskom__seaborn,94621cef29f80282436d73e8d2c0aa76dab81273,mwaskom__seaborn-2848-d180,22cdfb0c93f8ec78492d87edb810f10cb7f57a31,180,91,1e6739fbd41b2ee575f431a189e7866cf46d82b8,CI: Impove dataset caching and build docs in parallel (#3014),4,.github/workflows/ci.yaml;ci/cache_datasets.py;ci/cache_test_datasets.py;doc/Makefile,independent,seaborn/_oldcore.py,2,a3eff2928e60880e264b0ba75ece3b38ec62b4d9609588a9211f19046b52df5b,0,True,Descriptive local Git future-history mechanism inventory; not semantic causality or survival evidence.
mwaskom__seaborn-2848,mwaskom/seaborn,[LOCAL_DRIVE]/code\repos_lite_pro\mwaskom__seaborn,94621cef29f80282436d73e8d2c0aa76dab81273,mwaskom__seaborn-2848-d180,22cdfb0c93f8ec78492d87edb810f10cb7f57a31,180,92,9aca86c3757a323c1b868400721b12136e3cfc2a,Parallelize sphinx in CI build (#3018),1,.github/workflows/ci.yaml,infrastructure_only,seaborn/_oldcore.py,2,a3eff2928e60880e264b0ba75ece3b38ec62b4d9609588a9211f19046b52df5b,0,True,Descriptive local Git future-history mechanism inventory; not semantic causality or survival evidence.
mwaskom__seaborn-2848,mwaskom/seaborn,[LOCAL_DRIVE]/code\repos_lite_pro\mwaskom__seaborn,94621cef29f80282436d73e8d2c0aa76dab81273,mwaskom__seaborn-2848-d180,22cdfb0c93f8ec78492d87edb810f10cb7f57a31,180,93,54c36b74bbd4f7dfd5f933fcdc5e81fbb3fc0a45,CI: Improve example dataset usage (#3020),8,.github/workflows/ci.yaml;doc/_docstrings/clustermap.ipynb;doc/_docstrings/heatmap.ipynb;doc/_docstrings/lmplot.ipynb;doc/_docstrings/regplot.ipynb;doc/_docstrings/residplot.ipynb;seaborn/matrix.py;seaborn/regression.py,related_same_subtree,seaborn/_oldcore.py,2,a3eff2928e60880e264b0ba75ece3b38ec62b4d9609588a9211f19046b52df5b,0,True,Descriptive local Git future-history mechanism inventory; not semantic causality or survival evidence.
mwaskom__seaborn-2848,mwaskom/seaborn,[LOCAL_DRIVE]/code\repos_lite_pro\mwaskom__seaborn,94621cef29f80282436d73e8d2c0aa76dab81273,mwaskom__seaborn-2848-d180,22cdfb0c93f8ec78492d87edb810f10cb7f57a31,180,94,1d4bec6bfdb52a39ed465916ac93e0b5ad828cd2,Add StackOverflow link to navbar,1,doc/conf.py,infrastructure_only,seaborn/_oldcore.py,2,a3eff2928e60880e264b0ba75ece3b38ec62b4d9609588a9211f19046b52df5b,0,True,Descriptive local Git future-history mechanism inventory; not semantic causality or survival evidence.
mwaskom__seaborn-2848,mwaskom/seaborn,[LOCAL_DRIVE]/code\repos_lite_pro\mwaskom__seaborn,94621cef29f80282436d73e8d2c0aa76dab81273,mwaskom__seaborn-2848-d180,22cdfb0c93f8ec78492d87edb810f10cb7f57a31,180,95,fb6d932df4241addc630b8a60805127d222a154c,Merge branch 'master' of github.com:mwaskom/seaborn,1,seaborn/categorical.py,related_same_subtree,seaborn/_oldcore.py,2,a3eff2928e60880e264b0ba75ece3b38ec62b4d9609588a9211f19046b52df5b,0,True,Descriptive local Git future-history mechanism inventory; not semantic causality or survival evidence.
mwaskom__seaborn-2848,mwaskom/seaborn,[LOCAL_DRIVE]/code\repos_lite_pro\mwaskom__seaborn,94621cef29f80282436d73e8d2c0aa76dab81273,mwaskom__seaborn-2848-d180,22cdfb0c93f8ec78492d87edb810f10cb7f57a31,180,96,e644793f0ac2b1be178425f20f529121f37f29de,Convert color palette docstrings to notebooks (#3034),80,.github/workflows/ci.yaml;Makefile;README.md;doc/_docstrings/FacetGrid.ipynb;doc/_docstrings/JointGrid.ipynb;doc/_docstrings/PairGrid.ipynb;doc/_docstrings/axes_style.ipynb;doc/_docstrings/barplot.ipynb;doc/_docstrings/blend_palette.ipynb;doc/_docstrings/boxenplot.ipynb;doc/_docstrings/boxplot.ipynb;doc/_docstrings/catplot.ipynb;doc/_docstrings/color_palette.ipynb;doc/_docstrings/countplot.ipynb;doc/_docstrings/cubehelix_palette.ipynb;doc/_docstrings/dark_palette.ipynb;doc/_docstrings/displot.ipynb;doc/_docstrings/diverging_palette.ipynb;doc/_docstrings/ecdfplot.ipynb;doc/_docstrings/histplot.ipynb;doc/_docstrings/hls_palette.ipynb;doc/_docstrings/husl_palette.ipynb;doc/_docstrings/jointplot.ipynb;doc/_docstrings/kdeplot.ipynb;doc/_docstrings/light_palette.ipynb;doc/_docstrings/lineplot.ipynb;doc/_docstrings/move_legend.ipynb;doc/_docstrings/mpl_palette.ipynb;doc/_docstrings/objects.Area.ipynb;doc/_docstrings/objects.Band.ipynb;doc/_docstrings/objects.Bar.ipynb;doc/_docstrings/objects.Bars.ipynb;doc/_docstrings/objects.Dot.ipynb;doc/_docstrings/objects.Dots.ipynb;doc/_docstrings/objects.Line.ipynb;doc/_docstrings/objects.Lines.ipynb;doc/_docstrings/objects.Path.ipynb;doc/_docstrings/objects.Paths.ipynb;doc/_docstrings/objects.Plot.add.ipynb;doc/_docstrings/objects.Plot.facet.ipynb;doc/_docstrings/objects.Plot.label.ipynb;doc/_docstrings/objects.Plot.layout.ipynb;doc/_docstrings/objects.Plot.limit.ipynb;doc/_docstrings/objects.Plot.on.ipynb;doc/_docstrings/objects.Plot.pair.ipynb;doc/_docstrings/objects.Plot.scale.ipynb;doc/_docstrings/objects.Plot.share.ipynb;doc/_docstrings/objects.Plot.theme.ipynb;doc/_docstrings/objects.Range.ipynb;doc/_docstrings/pairplot.ipynb;doc/_docstrings/plotting_context.ipynb;doc/_docstrings/pointplot.ipynb;doc/_docstrings/relplot.ipynb;doc/_docstrings/rugplot.ipynb;doc/_docstrings/scatterplot.ipynb;doc/_docstrings/set_context.ipynb;doc/_docstrings/set_style.ipynb;doc/_docstrings/set_theme.ipynb;doc/_docstrings/stripplot.ipynb;doc/_docstrings/swarmplot.ipynb;doc/_docstrings/violinplot.ipynb;doc/_tutorial/aesthetics.ipynb;doc/_tutorial/axis_grids.ipynb;doc/_tutorial/categorical.ipynb;doc/_tutorial/color_palettes.ipynb;doc/_tutorial/data_structure.ipynb;doc/_tutorial/distributions.ipynb;doc/_tutorial/error_bars.ipynb;doc/_tutorial/function_overview.ipynb;doc/_tutorial/introduction.ipynb;doc/_tutorial/objects_interface.ipynb;doc/_tutorial/properties.ipynb;doc/_tutorial/regression.ipynb;doc/_tutorial/relational.ipynb;doc/whatsnew/index.rst;doc/whatsnew/v0.12.1.rst;seaborn/palettes.py;seaborn/rcmod.py;seaborn/widgets.py;tests/test_palettes.py,related_same_subtree,seaborn/_oldcore.py,2,a3eff2928e60880e264b0ba75ece3b38ec62b4d9609588a9211f19046b52df5b,0,True,Descriptive local Git future-history mechanism inventory; not semantic causality or survival evidence.
mwaskom__seaborn-2848,mwaskom/seaborn,[LOCAL_DRIVE]/code\repos_lite_pro\mwaskom__seaborn,94621cef29f80282436d73e8d2c0aa76dab81273,mwaskom__seaborn-2848-d180,22cdfb0c93f8ec78492d87edb810f10cb7f57a31,180,97,ee6475e7d69fb28b034df2f5f01a2a5674998aab,naive fix for #3037 (#3038),2,seaborn/axisgrid.py;seaborn/categorical.py,related_same_subtree,seaborn/_oldcore.py,2,a3eff2928e60880e264b0ba75ece3b38ec62b4d9609588a9211f19046b52df5b,0,True,Descriptive local Git future-history mechanism inventory; not semantic causality or survival evidence.
mwaskom__seaborn-2848,mwaskom/seaborn,[LOCAL_DRIVE]/code\repos_lite_pro\mwaskom__seaborn,94621cef29f80282436d73e8d2c0aa76dab81273,mwaskom__seaborn-2848-d180,22cdfb0c93f8ec78492d87edb810f10cb7f57a31,180,98,d20332947c0ee544a605c6d82ea91e48dce6fb6d,CI: Make tests more robust to concurrency (#3039),8,tests/_core/test_plot.py;tests/_marks/test_area.py;tests/_marks/test_bar.py;tests/_marks/test_dot.py;tests/_marks/test_line.py;tests/conftest.py;tests/test_core.py;tests/test_rcmod.py,test_only,seaborn/_oldcore.py,2,a3eff2928e60880e264b0ba75ece3b38ec62b4d9609588a9211f19046b52df5b,0,True,Descriptive local Git future-history mechanism inventory; not semantic causality or survival evidence.
mwaskom__seaborn-2848,mwaskom/seaborn,[LOCAL_DRIVE]/code\repos_lite_pro\mwaskom__seaborn,94621cef29f80282436d73e8d2c0aa76dab81273,mwaskom__seaborn-2848-d180,22cdfb0c93f8ec78492d87edb810f10cb7f57a31,180,99,f2fc4b5d8b9c7a8e0b1aaa34793b4f4e3445f81a,Update pandas syntax to avoid deprecated behavior (#3040),4,seaborn/categorical.py;seaborn/distributions.py;tests/_stats/test_histogram.py;tests/test_categorical.py,related_same_subtree,seaborn/_oldcore.py,2,a3eff2928e60880e264b0ba75ece3b38ec62b4d9609588a9211f19046b52df5b,0,True,Descriptive local Git future-history mechanism inventory; not semantic causality or survival evidence.
mwaskom__seaborn-2848,mwaskom/seaborn,[LOCAL_DRIVE]/code\repos_lite_pro\mwaskom__seaborn,94621cef29f80282436d73e8d2c0aa76dab81273,mwaskom__seaborn-2848-d180,22cdfb0c93f8ec78492d87edb810f10cb7f57a31,180,100,ad11bdc4d33793ebc644f58a0c10875bf2455714,Typing: use pandas-type-stubs and address arising issues (#3044),8,pyproject.toml;seaborn/_core/data.py;seaborn/_core/groupby.py;seaborn/_core/plot.py;seaborn/_core/rules.py;seaborn/_core/scales.py;seaborn/_core/typing.py;seaborn/_stats/aggregation.py,related_same_subtree,seaborn/_oldcore.py,2,a3eff2928e60880e264b0ba75ece3b38ec62b4d9609588a9211f19046b52df5b,0,True,Descriptive local Git future-history mechanism inventory; not semantic causality or survival evidence.
mwaskom__seaborn-2848,mwaskom/seaborn,[LOCAL_DRIVE]/code\repos_lite_pro\mwaskom__seaborn,94621cef29f80282436d73e8d2c0aa76dab81273,mwaskom__seaborn-2848-d180,22cdfb0c93f8ec78492d87edb810f10cb7f57a31,180,101,ed3d367a436aee8782ace920026c2e582057f795,Histogram refactoring and improvements (#3045),8,doc/_docstrings/objects.Hist.ipynb;seaborn/_statistics.py;seaborn/_stats/base.py;seaborn/_stats/histogram.py;seaborn/distributions.py;tests/_stats/test_histogram.py;tests/test_axisgrid.py;tests/test_distributions.py,related_same_subtree,seaborn/_oldcore.py,2,a3eff2928e60880e264b0ba75ece3b38ec62b4d9609588a9211f19046b52df5b,0,True,Descriptive local Git future-history mechanism inventory; not semantic causality or survival evidence.
mwaskom__seaborn-2848,mwaskom/seaborn,[LOCAL_DRIVE]/code\repos_lite_pro\mwaskom__seaborn,94621cef29f80282436d73e8d2c0aa76dab81273,mwaskom__seaborn-2848-d180,22cdfb0c93f8ec78492d87edb810f10cb7f57a31,180,102,63186a4e6a57890b1aa8455b3dfa78b7a5ce8f7d,Text mark (#3051),12,doc/_docstrings/objects.Text.ipynb;doc/_tutorial/properties.ipynb;doc/api.rst;doc/whatsnew/v0.12.1.rst;seaborn/_core/plot.py;seaborn/_core/properties.py;seaborn/_marks/base.py;seaborn/_marks/text.py;seaborn/objects.py;tests/_core/test_plot.py;tests/_marks/test_text.py;tests/test_objects.py,related_same_subtree,seaborn/_oldcore.py,2,a3eff2928e60880e264b0ba75ece3b38ec62b4d9609588a9211f19046b52df5b,0,True,Descriptive local Git future-history mechanism inventory; not semantic causality or survival evidence.
mwaskom__seaborn-2848,mwaskom/seaborn,[LOCAL_DRIVE]/code\repos_lite_pro\mwaskom__seaborn,94621cef29f80282436d73e8d2c0aa76dab81273,mwaskom__seaborn-2848-d180,22cdfb0c93f8ec78492d87edb810f10cb7f57a31,180,103,8ea02f09a40b5f7af73f54a1d3d060444c9c3b5b,Fix Plot legend with > 2 layers (#3055),2,seaborn/_core/plot.py;tests/_core/test_plot.py,related_same_subtree,seaborn/_oldcore.py,2,a3eff2928e60880e264b0ba75ece3b38ec62b4d9609588a9211f19046b52df5b,0,True,Descriptive local Git future-history mechanism inventory; not semantic causality or survival evidence.
mwaskom__seaborn-2848,mwaskom/seaborn,[LOCAL_DRIVE]/code\repos_lite_pro\mwaskom__seaborn,94621cef29f80282436d73e8d2c0aa76dab81273,mwaskom__seaborn-2848-d180,22cdfb0c93f8ec78492d87edb810f10cb7f57a31,180,104,5386adc5a482ef3d0aef958ebf37d39ce0b06b88,Update release notes,1,doc/whatsnew/v0.12.1.rst,infrastructure_only,seaborn/_oldcore.py,2,a3eff2928e60880e264b0ba75ece3b38ec62b4d9609588a9211f19046b52df5b,0,True,Descriptive local Git future-history mechanism inventory; not semantic causality or survival evidence.
mwaskom__seaborn-2848,mwaskom/seaborn,[LOCAL_DRIVE]/code\repos_lite_pro\mwaskom__seaborn,94621cef29f80282436d73e8d2c0aa76dab81273,mwaskom__seaborn-2848-d180,22cdfb0c93f8ec78492d87edb810f10cb7f57a31,180,105,f033f5da0631726fba7bb598dfcaf18e40e70c04,Mark as non-compatibile with matplotlib 3.6.1 (#3060),1,pyproject.toml,infrastructure_only,seaborn/_oldcore.py,2,a3eff2928e60880e264b0ba75ece3b38ec62b4d9609588a9211f19046b52df5b,0,True,Descriptive local Git future-history mechanism inventory; not semantic causality or survival evidence.
mwaskom__seaborn-2848,mwaskom/seaborn,[LOCAL_DRIVE]/code\repos_lite_pro\mwaskom__seaborn,94621cef29f80282436d73e8d2c0aa76dab81273,mwaskom__seaborn-2848-d180,22cdfb0c93f8ec78492d87edb810f10cb7f57a31,180,106,6d6f8d3b520317deba21cab0ed1f44f1cac36bcb,Cover full extent of data in Band/Range when not given min/max explicitly (#3056),7,doc/_docstrings/objects.Band.ipynb;doc/_docstrings/objects.Range.ipynb;doc/whatsnew/v0.12.1.rst;seaborn/_marks/area.py;seaborn/_marks/line.py;tests/_marks/test_area.py;tests/_marks/test_line.py,related_same_subtree,seaborn/_oldcore.py,2,a3eff2928e60880e264b0ba75ece3b38ec62b4d9609588a9211f19046b52df5b,0,True,Descriptive local Git future-history mechanism inventory; not semantic causality or survival evidence.
mwaskom__seaborn-2848,mwaskom/seaborn,[LOCAL_DRIVE]/code\repos_lite_pro\mwaskom__seaborn,94621cef29f80282436d73e8d2c0aa76dab81273,mwaskom__seaborn-2848-d180,22cdfb0c93f8ec78492d87edb810f10cb7f57a31,180,107,c412ddf1fede5d8882a6c230826c1d8fbbf61911,Fix data cache env variable in ci build (#3062),1,.github/workflows/ci.yaml,infrastructure_only,seaborn/_oldcore.py,2,a3eff2928e60880e264b0ba75ece3b38ec62b4d9609588a9211f19046b52df5b,0,True,Descriptive local Git future-history mechanism inventory; not semantic causality or survival evidence.
mwaskom__seaborn-2848,mwaskom/seaborn,[LOCAL_DRIVE]/code\repos_lite_pro\mwaskom__seaborn,94621cef29f80282436d73e8d2c0aa76dab81273,mwaskom__seaborn-2848-d180,22cdfb0c93f8ec78492d87edb810f10cb7f57a31,180,108,3f623e7499263440491417ca642fdae9e1d3c9dd,Fix unfilled kdeplot cmap regression (#3065),4,doc/whatsnew/v0.12.1.rst;seaborn/distributions.py;seaborn/utils.py;tests/test_distributions.py,related_same_subtree,seaborn/_oldcore.py,2,a3eff2928e60880e264b0ba75ece3b38ec62b4d9609588a9211f19046b52df5b,0,True,Descriptive local Git future-history mechanism inventory; not semantic causality or survival evidence.
mwaskom__seaborn-2848,mwaskom/seaborn,[LOCAL_DRIVE]/code\repos_lite_pro\mwaskom__seaborn,94621cef29f80282436d73e8d2c0aa76dab81273,mwaskom__seaborn-2848-d180,22cdfb0c93f8ec78492d87edb810f10cb7f57a31,180,109,5013aea0a1a730140c1d1aafa8aef7106593cb6d,Use a stable algorithm in sorting marks (#3064),3,doc/whatsnew/v0.12.1.rst;seaborn/_marks/area.py;seaborn/_marks/line.py,related_same_subtree,seaborn/_oldcore.py,2,a3eff2928e60880e264b0ba75ece3b38ec62b4d9609588a9211f19046b52df5b,0,True,Descriptive local Git future-history mechanism inventory; not semantic causality or survival evidence.
mwaskom__seaborn-2848,mwaskom/seaborn,[LOCAL_DRIVE]/code\repos_lite_pro\mwaskom__seaborn,94621cef29f80282436d73e8d2c0aa76dab81273,mwaskom__seaborn-2848-d180,22cdfb0c93f8ec78492d87edb810f10cb7f57a31,180,110,aa56714f7ca39c809126200449f14073eb9fedcd,Add Perc stat for computing percentiles (#3063),7,doc/_docstrings/objects.Perc.ipynb;doc/api.rst;doc/whatsnew/v0.12.1.rst;seaborn/_stats/aggregation.py;seaborn/_stats/order.py;seaborn/objects.py;tests/_stats/test_order.py,related_same_subtree,seaborn/_oldcore.py,2,a3eff2928e60880e264b0ba75ece3b38ec62b4d9609588a9211f19046b52df5b,0,True,Descriptive local Git future-history mechanism inventory; not semantic causality or survival evidence.
mwaskom__seaborn-2848,mwaskom/seaborn,[LOCAL_DRIVE]/code\repos_lite_pro\mwaskom__seaborn,94621cef29f80282436d73e8d2c0aa76dab81273,mwaskom__seaborn-2848-d180,22cdfb0c93f8ec78492d87edb810f10cb7f57a31,180,111,a23cf31ad410fd81217f278a835918928c589086,Mention stats extra in docs environment setup docs,1,doc/README.md,infrastructure_only,seaborn/_oldcore.py,2,a3eff2928e60880e264b0ba75ece3b38ec62b4d9609588a9211f19046b52df5b,0,True,Descriptive local Git future-history mechanism inventory; not semantic causality or survival evidence.
mwaskom__seaborn-2848,mwaskom/seaborn,[LOCAL_DRIVE]/code\repos_lite_pro\mwaskom__seaborn,94621cef29f80282436d73e8d2c0aa76dab81273,mwaskom__seaborn-2848-d180,22cdfb0c93f8ec78492d87edb810f10cb7f57a31,180,112,54cab15bdacfaa05a88fbc5502a5b322d99f148e,Make Jitter do something by default (#3066),6,doc/_docstrings/objects.Jitter.ipynb;doc/whatsnew/v0.12.1.rst;seaborn/_core/moves.py;seaborn/_core/plot.py;seaborn/_core/typing.py;tests/_core/test_moves.py,related_same_subtree,seaborn/_oldcore.py,2,a3eff2928e60880e264b0ba75ece3b38ec62b4d9609588a9211f19046b52df5b,0,True,Descriptive local Git future-history mechanism inventory; not semantic causality or survival evidence.
mwaskom__seaborn-2848,mwaskom/seaborn,[LOCAL_DRIVE]/code\repos_lite_pro\mwaskom__seaborn,94621cef29f80282436d73e8d2c0aa76dab81273,mwaskom__seaborn-2848-d180,22cdfb0c93f8ec78492d87edb810f10cb7f57a31,180,113,85c8ed632a5e9ec45b7d69d89518bb784a6e05a5,Add label parameter to pointplot (#3016),3,doc/whatsnew/v0.12.1.rst;seaborn/categorical.py;tests/test_categorical.py,related_same_subtree,seaborn/_oldcore.py,2,a3eff2928e60880e264b0ba75ece3b38ec62b4d9609588a9211f19046b52df5b,0,True,Descriptive local Git future-history mechanism inventory; not semantic causality or survival evidence.
mwaskom__seaborn-2848,mwaskom/seaborn,[LOCAL_DRIVE]/code\repos_lite_pro\mwaskom__seaborn,94621cef29f80282436d73e8d2c0aa76dab81273,mwaskom__seaborn-2848-d180,22cdfb0c93f8ec78492d87edb810f10cb7f57a31,180,114,a767d666d45a6f105177e4720669b85c92ee2432,Tweak nominal scale axes akin to categorical axes in classic seaborn (#3069),3,doc/whatsnew/v0.12.1.rst;seaborn/_core/plot.py;tests/_core/test_plot.py,related_same_subtree,seaborn/_oldcore.py,2,a3eff2928e60880e264b0ba75ece3b38ec62b4d9609588a9211f19046b52df5b,0,True,Descriptive local Git future-history mechanism inventory; not semantic causality or survival evidence.
mwaskom__seaborn-2848,mwaskom/seaborn,[LOCAL_DRIVE]/code\repos_lite_pro\mwaskom__seaborn,94621cef29f80282436d73e8d2c0aa76dab81273,mwaskom__seaborn-2848-d180,22cdfb0c93f8ec78492d87edb810f10cb7f57a31,180,115,549c3267ed2cef9a237da55324bfbf51f0246032,Add Dash mark (#3074),6,doc/_docstrings/objects.Dash.ipynb;doc/api.rst;doc/whatsnew/v0.12.1.rst;seaborn/_marks/line.py;seaborn/objects.py;tests/_marks/test_line.py,related_same_subtree,seaborn/_oldcore.py,2,a3eff2928e60880e264b0ba75ece3b38ec62b4d9609588a9211f19046b52df5b,0,True,Descriptive local Git future-history mechanism inventory; not semantic causality or survival evidence.
mwaskom__seaborn-2848,mwaskom/seaborn,[LOCAL_DRIVE]/code\repos_lite_pro\mwaskom__seaborn,94621cef29f80282436d73e8d2c0aa76dab81273,mwaskom__seaborn-2848-d180,22cdfb0c93f8ec78492d87edb810f10cb7f57a31,180,116,876beddb8fe2d2fceae7a0675071de3886634433,Make tenses consistent in release notes,1,doc/whatsnew/v0.12.1.rst,infrastructure_only,seaborn/_oldcore.py,2,a3eff2928e60880e264b0ba75ece3b38ec62b4d9609588a9211f19046b52df5b,0,True,Descriptive local Git future-history mechanism inventory; not semantic causality or survival evidence.
mwaskom__seaborn-2848,mwaskom/seaborn,[LOCAL_DRIVE]/code\repos_lite_pro\mwaskom__seaborn,94621cef29f80282436d73e8d2c0aa76dab81273,mwaskom__seaborn-2848-d180,22cdfb0c93f8ec78492d87edb810f10cb7f57a31,180,117,1d70f58faba96a02c9fe403da4d61860de10a3ca,Avoid aggregating in lineplot when not necessary (#3081),3,doc/whatsnew/v0.12.1.rst;seaborn/relational.py;tests/test_relational.py,related_same_subtree,seaborn/_oldcore.py,2,a3eff2928e60880e264b0ba75ece3b38ec62b4d9609588a9211f19046b52df5b,0,True,Descriptive local Git future-history mechanism inventory; not semantic causality or survival evidence.
mwaskom__seaborn-2848,mwaskom/seaborn,[LOCAL_DRIVE]/code\repos_lite_pro\mwaskom__seaborn,94621cef29f80282436d73e8d2c0aa76dab81273,mwaskom__seaborn-2848-d180,22cdfb0c93f8ec78492d87edb810f10cb7f57a31,180,118,a02b6bf97bc3c66060f78bcc6704627d5638632d,Fix Plot with no variance in orient dimension (#3084),4,doc/whatsnew/v0.12.1.rst;seaborn/_core/scales.py;tests/_core/test_plot.py;tests/_marks/test_line.py,related_same_subtree,seaborn/_oldcore.py,2,a3eff2928e60880e264b0ba75ece3b38ec62b4d9609588a9211f19046b52df5b,0,True,Descriptive local Git future-history mechanism inventory; not semantic causality or survival evidence.
mwaskom__seaborn-2848,mwaskom/seaborn,[LOCAL_DRIVE]/code\repos_lite_pro\mwaskom__seaborn,94621cef29f80282436d73e8d2c0aa76dab81273,mwaskom__seaborn-2848-d180,22cdfb0c93f8ec78492d87edb810f10cb7f57a31,180,119,95dc3775227cad3d418d6f8c18318a5233ad1934,Add Count stat (#3086),10,doc/_docstrings/objects.Count.ipynb;doc/api.rst;doc/whatsnew/v0.12.1.rst;seaborn/_stats/aggregation.py;seaborn/_stats/counting.py;seaborn/_stats/histogram.py;seaborn/distributions.py;seaborn/objects.py;tests/_stats/test_counting.py;tests/_stats/test_histogram.py,related_same_subtree,seaborn/_oldcore.py,2,a3eff2928e60880e264b0ba75ece3b38ec62b4d9609588a9211f19046b52df5b,0,True,Descriptive local Git future-history mechanism inventory; not semantic causality or survival evidence.
mwaskom__seaborn-2848,mwaskom/seaborn,[LOCAL_DRIVE]/code\repos_lite_pro\mwaskom__seaborn,94621cef29f80282436d73e8d2c0aa76dab81273,mwaskom__seaborn-2848-d180,22cdfb0c93f8ec78492d87edb810f10cb7f57a31,180,120,a42d62de98c4211dc358f0ada389e81dad6a804a,Allow base=None to disable log formatter in Continuous.label (#3087),3,doc/whatsnew/v0.12.1.rst;seaborn/_core/scales.py;tests/_core/test_scales.py,related_same_subtree,seaborn/_oldcore.py,2,a3eff2928e60880e264b0ba75ece3b38ec62b4d9609588a9211f19046b52df5b,0,True,Descriptive local Git future-history mechanism inventory; not semantic causality or survival evidence.
mwaskom__seaborn-2848,mwaskom/seaborn,[LOCAL_DRIVE]/code\repos_lite_pro\mwaskom__seaborn,94621cef29f80282436d73e8d2c0aa76dab81273,mwaskom__seaborn-2848-d180,22cdfb0c93f8ec78492d87edb810f10cb7f57a31,180,121,0f92224f88ccb732d0485a51640818e9b4e55bf2,Add docstrings and API examples for remaining transform objects (#3088),8,doc/_docstrings/objects.Agg.ipynb;doc/_docstrings/objects.Dodge.ipynb;doc/_docstrings/objects.Est.ipynb;doc/_docstrings/objects.Norm.ipynb;doc/_docstrings/objects.Shift.ipynb;doc/_docstrings/objects.Stack.ipynb;seaborn/_core/moves.py;seaborn/_stats/aggregation.py,related_same_subtree,seaborn/_oldcore.py,2,a3eff2928e60880e264b0ba75ece3b38ec62b4d9609588a9211f19046b52df5b,0,True,Descriptive local Git future-history mechanism inventory; not semantic causality or survival evidence.
mwaskom__seaborn-2848,mwaskom/seaborn,[LOCAL_DRIVE]/code\repos_lite_pro\mwaskom__seaborn,94621cef29f80282436d73e8d2c0aa76dab81273,mwaskom__seaborn-2848-d180,22cdfb0c93f8ec78492d87edb810f10cb7f57a31,180,122,d5ffb641c76626336bf83cd1a1d9321260acc69c,Update release notes for v0.12.1 release,1,doc/whatsnew/v0.12.1.rst,infrastructure_only,seaborn/_oldcore.py,2,a3eff2928e60880e264b0ba75ece3b38ec62b4d9609588a9211f19046b52df5b,0,True,Descriptive local Git future-history mechanism inventory; not semantic causality or survival evidence.
mwaskom__seaborn-2848,mwaskom/seaborn,[LOCAL_DRIVE]/code\repos_lite_pro\mwaskom__seaborn,94621cef29f80282436d73e8d2c0aa76dab81273,mwaskom__seaborn-2848-d180,22cdfb0c93f8ec78492d87edb810f10cb7f57a31,180,123,0d676fbdf92815c3a0d9bb67d1de249566139508,Fix typos in release notes,1,doc/whatsnew/v0.12.1.rst,infrastructure_only,seaborn/_oldcore.py,2,a3eff2928e60880e264b0ba75ece3b38ec62b4d9609588a9211f19046b52df5b,0,True,Descriptive local Git future-history mechanism inventory; not semantic causality or survival evidence.
mwaskom__seaborn-2848,mwaskom/seaborn,[LOCAL_DRIVE]/code\repos_lite_pro\mwaskom__seaborn,94621cef29f80282436d73e8d2c0aa76dab81273,mwaskom__seaborn-2848-d180,22cdfb0c93f8ec78492d87edb810f10cb7f57a31,180,124,7feb61d06d3d0cdb759c1075ea4952ddd5f8769f,Make Text examples look better with new Nominal behavior,1,doc/_docstrings/objects.Text.ipynb,infrastructure_only,seaborn/_oldcore.py,2,a3eff2928e60880e264b0ba75ece3b38ec62b4d9609588a9211f19046b52df5b,0,True,Descriptive local Git future-history mechanism inventory; not semantic causality or survival evidence.
mwaskom__seaborn-2848,mwaskom/seaborn,[LOCAL_DRIVE]/code\repos_lite_pro\mwaskom__seaborn,94621cef29f80282436d73e8d2c0aa76dab81273,mwaskom__seaborn-2848-d180,22cdfb0c93f8ec78492d87edb810f10cb7f57a31,180,125,0cda814d368e55ca38f27b15d682a77731553a09,Fix hidden cell in Est docstring,1,doc/_docstrings/objects.Est.ipynb,infrastructure_only,seaborn/_oldcore.py,2,a3eff2928e60880e264b0ba75ece3b38ec62b4d9609588a9211f19046b52df5b,0,True,Descriptive local Git future-history mechanism inventory; not semantic causality or survival evidence.
mwaskom__seaborn-2848,mwaskom/seaborn,[LOCAL_DRIVE]/code\repos_lite_pro\mwaskom__seaborn,94621cef29f80282436d73e8d2c0aa76dab81273,mwaskom__seaborn-2848-d180,22cdfb0c93f8ec78492d87edb810f10cb7f57a31,180,126,df37723107b9b3a117708711ecd7a6264c2293d4,Fix objects references,1,doc/_docstrings/objects.Agg.ipynb,infrastructure_only,seaborn/_oldcore.py,2,a3eff2928e60880e264b0ba75ece3b38ec62b4d9609588a9211f19046b52df5b,0,True,Descriptive local Git future-history mechanism inventory; not semantic causality or survival evidence.
mwaskom__seaborn-2848,mwaskom/seaborn,[LOCAL_DRIVE]/code\repos_lite_pro\mwaskom__seaborn,94621cef29f80282436d73e8d2c0aa76dab81273,mwaskom__seaborn-2848-d180,22cdfb0c93f8ec78492d87edb810f10cb7f57a31,180,127,6f76be288eb385a2ad96a954fea9f21a9126c221,Add Flit to dev docs and increment version,2,pyproject.toml;seaborn/__init__.py,related_same_subtree,seaborn/_oldcore.py,2,a3eff2928e60880e264b0ba75ece3b38ec62b4d9609588a9211f19046b52df5b,0,True,Descriptive local Git future-history mechanism inventory; not semantic causality or survival evidence.
mwaskom__seaborn-2848,mwaskom/seaborn,[LOCAL_DRIVE]/code\repos_lite_pro\mwaskom__seaborn,94621cef29f80282436d73e8d2c0aa76dab81273,mwaskom__seaborn-2848-d180,22cdfb0c93f8ec78492d87edb810f10cb7f57a31,180,128,bf4695466d742f301f361b8d0c8168c5c4bdf889,Update categorical.py (#3097),1,seaborn/categorical.py,related_same_subtree,seaborn/_oldcore.py,2,a3eff2928e60880e264b0ba75ece3b38ec62b4d9609588a9211f19046b52df5b,0,True,Descriptive local Git future-history mechanism inventory; not semantic causality or survival evidence.
mwaskom__seaborn-2848,mwaskom/seaborn,[LOCAL_DRIVE]/code\repos_lite_pro\mwaskom__seaborn,94621cef29f80282436d73e8d2c0aa76dab81273,mwaskom__seaborn-2848-d180,22cdfb0c93f8ec78492d87edb810f10cb7f57a31,180,129,aafd54f21ac749fa24dcdfdb639f4f1585fdc812,include note in stripplot docstring about edgecolor depending on linewidth (#3110),1,seaborn/categorical.py,related_same_subtree,seaborn/_oldcore.py,2,a3eff2928e60880e264b0ba75ece3b38ec62b4d9609588a9211f19046b52df5b,0,True,Descriptive local Git future-history mechanism inventory; not semantic causality or survival evidence.
mwaskom__seaborn-2848,mwaskom/seaborn,[LOCAL_DRIVE]/code\repos_lite_pro\mwaskom__seaborn,94621cef29f80282436d73e8d2c0aa76dab81273,mwaskom__seaborn-2848-d180,22cdfb0c93f8ec78492d87edb810f10cb7f57a31,180,130,852ffaf3e28de848c4d07e778c7990924637d046,Add KDE stat (#3111),11,Makefile;doc/_docstrings/objects.KDE.ipynb;doc/api.rst;doc/whatsnew/v0.12.2.rst;seaborn/_stats/base.py;seaborn/_stats/counting.py;seaborn/_stats/density.py;seaborn/external/kde.py;seaborn/objects.py;tests/_stats/test_counting.py;tests/_stats/test_density.py,related_same_subtree,seaborn/_oldcore.py,2,a3eff2928e60880e264b0ba75ece3b38ec62b4d9609588a9211f19046b52df5b,0,True,Descriptive local Git future-history mechanism inventory; not semantic causality or survival evidence.
mwaskom__seaborn-2848,mwaskom/seaborn,[LOCAL_DRIVE]/code\repos_lite_pro\mwaskom__seaborn,94621cef29f80282436d73e8d2c0aa76dab81273,mwaskom__seaborn-2848-d180,22cdfb0c93f8ec78492d87edb810f10cb7f57a31,180,131,021a20f06f41212fd8c55680a8cc3bf0924e1b30,Don't pass label when creating color cycle scout (#3116),3,doc/whatsnew/v0.12.2.rst;seaborn/utils.py;tests/test_distributions.py,related_same_subtree,seaborn/_oldcore.py,2,a3eff2928e60880e264b0ba75ece3b38ec62b4d9609588a9211f19046b52df5b,0,True,Descriptive local Git future-history mechanism inventory; not semantic causality or survival evidence.
mwaskom__seaborn-2848,mwaskom/seaborn,[LOCAL_DRIVE]/code\repos_lite_pro\mwaskom__seaborn,94621cef29f80282436d73e8d2c0aa76dab81273,mwaskom__seaborn-2848-d180,22cdfb0c93f8ec78492d87edb810f10cb7f57a31,180,132,8dc5a9cd86cb1cd71c60d89b17a4c14ec8c87190,Compute spacing/width separately for unshared axes (#3119),5,doc/_docstrings/objects.Norm.ipynb;doc/whatsnew/v0.12.2.rst;seaborn/_core/plot.py;seaborn/utils.py;tests/_core/test_plot.py,related_same_subtree,seaborn/_oldcore.py,2,a3eff2928e60880e264b0ba75ece3b38ec62b4d9609588a9211f19046b52df5b,0,True,Descriptive local Git future-history mechanism inventory; not semantic causality or survival evidence.
mwaskom__seaborn-2848,mwaskom/seaborn,[LOCAL_DRIVE]/code\repos_lite_pro\mwaskom__seaborn,94621cef29f80282436d73e8d2c0aa76dab81273,mwaskom__seaborn-2848-d180,22cdfb0c93f8ec78492d87edb810f10cb7f57a31,180,133,2676743e1f2fb07d000dc692085e3f117b56e0d9,Redirect FAQ to docs,1,README.md,infrastructure_only,seaborn/_oldcore.py,2,a3eff2928e60880e264b0ba75ece3b38ec62b4d9609588a9211f19046b52df5b,0,True,Descriptive local Git future-history mechanism inventory; not semantic causality or survival evidence.
mwaskom__seaborn-2848,mwaskom/seaborn,[LOCAL_DRIVE]/code\repos_lite_pro\mwaskom__seaborn,94621cef29f80282436d73e8d2c0aa76dab81273,mwaskom__seaborn-2848-d180,22cdfb0c93f8ec78492d87edb810f10cb7f57a31,180,134,d4d27adbdbf8be729e0d588bb60d1fd80f2084a8,Fix implicit optional typing (#3132),1,seaborn/_core/scales.py,related_same_subtree,seaborn/_oldcore.py,2,a3eff2928e60880e264b0ba75ece3b38ec62b4d9609588a9211f19046b52df5b,0,True,Descriptive local Git future-history mechanism inventory; not semantic causality or survival evidence.
mwaskom__seaborn-2848,mwaskom/seaborn,[LOCAL_DRIVE]/code\repos_lite_pro\mwaskom__seaborn,94621cef29f80282436d73e8d2c0aa76dab81273,mwaskom__seaborn-2848-d180,22cdfb0c93f8ec78492d87edb810f10cb7f57a31,180,135,d121c9cadf835bd87bc7bd48b62e837ef165ca4d,Fix a copy & paste error in the docstring for FacetGrid.set_titles (#3141),1,seaborn/axisgrid.py,related_same_subtree,seaborn/_oldcore.py,2,a3eff2928e60880e264b0ba75ece3b38ec62b4d9609588a9211f19046b52df5b,0,True,Descriptive local Git future-history mechanism inventory; not semantic causality or survival evidence.
mwaskom__seaborn-2848,mwaskom/seaborn,[LOCAL_DRIVE]/code\repos_lite_pro\mwaskom__seaborn,94621cef29f80282436d73e8d2c0aa76dab81273,mwaskom__seaborn-2848-d180,22cdfb0c93f8ec78492d87edb810f10cb7f57a31,180,136,0360fcc7c946fcdd863bbbb36b2a7c6e0894750f,Fix a typo in the installing doc (#3156),1,doc/installing.rst,infrastructure_only,seaborn/_oldcore.py,2,a3eff2928e60880e264b0ba75ece3b38ec62b4d9609588a9211f19046b52df5b,0,True,Descriptive local Git future-history mechanism inventory; not semantic causality or survival evidence.
mwaskom__seaborn-2848,mwaskom/seaborn,[LOCAL_DRIVE]/code\repos_lite_pro\mwaskom__seaborn,94621cef29f80282436d73e8d2c0aa76dab81273,mwaskom__seaborn-2848-d180,22cdfb0c93f8ec78492d87edb810f10cb7f57a31,180,137,41b77cc7c547317ade980cfb4ecef7faf663fb0f,Add Dependabot configuration for GitHub Actions updates (#3122),1,.github/dependabot.yml,infrastructure_only,seaborn/_oldcore.py,2,a3eff2928e60880e264b0ba75ece3b38ec62b4d9609588a9211f19046b52df5b,0,True,Descriptive local Git future-history mechanism inventory; not semantic causality or survival evidence.
mwaskom__seaborn-2848,mwaskom/seaborn,[LOCAL_DRIVE]/code\repos_lite_pro\mwaskom__seaborn,94621cef29f80282436d73e8d2c0aa76dab81273,mwaskom__seaborn-2848-d180,22cdfb0c93f8ec78492d87edb810f10cb7f57a31,180,138,fb3a65add8a77334af137dff74176e841c4c1bd9,Bump actions/setup-python from 3 to 4 (#3157),1,.github/workflows/ci.yaml,infrastructure_only,seaborn/_oldcore.py,2,a3eff2928e60880e264b0ba75ece3b38ec62b4d9609588a9211f19046b52df5b,0,True,Descriptive local Git future-history mechanism inventory; not semantic causality or survival evidence.
mwaskom__seaborn-2848,mwaskom/seaborn,[LOCAL_DRIVE]/code\repos_lite_pro\mwaskom__seaborn,94621cef29f80282436d73e8d2c0aa76dab81273,mwaskom__seaborn-2848-d180,22cdfb0c93f8ec78492d87edb810f10cb7f57a31,180,139,feb59d250ea92ef143f5aef50ff6e18869affa7f,Bump codecov/codecov-action from 2 to 3 (#3158),1,.github/workflows/ci.yaml,infrastructure_only,seaborn/_oldcore.py,2,a3eff2928e60880e264b0ba75ece3b38ec62b4d9609588a9211f19046b52df5b,0,True,Descriptive local Git future-history mechanism inventory; not semantic causality or survival evidence.
mwaskom__seaborn-2848,mwaskom/seaborn,[LOCAL_DRIVE]/code\repos_lite_pro\mwaskom__seaborn,94621cef29f80282436d73e8d2c0aa76dab81273,mwaskom__seaborn-2848-d180,22cdfb0c93f8ec78492d87edb810f10cb7f57a31,180,140,ba786bc14eb255f6b4fb7619c8210c5a8016a26f,Fix log scaled histplot kde (#3173),3,doc/whatsnew/v0.12.2.rst;seaborn/distributions.py;tests/test_distributions.py,related_same_subtree,seaborn/_oldcore.py,2,a3eff2928e60880e264b0ba75ece3b38ec62b4d9609588a9211f19046b52df5b,0,True,Descriptive local Git future-history mechanism inventory; not semantic causality or survival evidence.
mwaskom__seaborn-2848,mwaskom/seaborn,[LOCAL_DRIVE]/code\repos_lite_pro\mwaskom__seaborn,94621cef29f80282436d73e8d2c0aa76dab81273,mwaskom__seaborn-2848-d180,22cdfb0c93f8ec78492d87edb810f10cb7f57a31,180,141,c8badb914bb8eaf5ec2578c0ecd434edb1234375,COMPAT: Change pandas use_inf_as_null to reflect 2.0 deprecation (#3177),3,seaborn/_core/plot.py;seaborn/_oldcore.py;seaborn/categorical.py,directly_overlapping,seaborn/_oldcore.py,2,a3eff2928e60880e264b0ba75ece3b38ec62b4d9609588a9211f19046b52df5b,0,True,Descriptive local Git future-history mechanism inventory; not semantic causality or survival evidence.
mwaskom__seaborn-2848,mwaskom/seaborn,[LOCAL_DRIVE]/code\repos_lite_pro\mwaskom__seaborn,94621cef29f80282436d73e8d2c0aa76dab81273,mwaskom__seaborn-2848-d180,22cdfb0c93f8ec78492d87edb810f10cb7f57a31,180,142,22cdfb0c93f8ec78492d87edb810f10cb7f57a31,Fix inner axis visibility in relplot with unshared axes (#3180),3,doc/whatsnew/v0.12.2.rst;seaborn/relational.py;tests/test_relational.py,related_same_subtree,seaborn/_oldcore.py,2,a3eff2928e60880e264b0ba75ece3b38ec62b4d9609588a9211f19046b52df5b,0,True,Descriptive local Git future-history mechanism inventory; not semantic causality or survival evidence.
mwaskom__seaborn-2848,mwaskom/seaborn,[LOCAL_DRIVE]/code\repos_lite_pro\mwaskom__seaborn,94621cef29f80282436d73e8d2c0aa76dab81273,mwaskom__seaborn-2848-d365,b6737d5aec9a91bb8840cdda896a7970e1830d56,365,1,7b3e4dfd211190113d6d4e64d46882e1b2402ab6,Fix hue_order as a subset in scatterplot (#2848),3,doc/releases/v0.12.0.txt;seaborn/_oldcore.py;tests/test_relational.py,directly_overlapping,seaborn/_oldcore.py,0,a3eff2928e60880e264b0ba75ece3b38ec62b4d9609588a9211f19046b52df5b,0,True,Descriptive local Git future-history mechanism inventory; not semantic causality or survival evidence.
mwaskom__seaborn-2848,mwaskom/seaborn,[LOCAL_DRIVE]/code\repos_lite_pro\mwaskom__seaborn,94621cef29f80282436d73e8d2c0aa76dab81273,mwaskom__seaborn-2848-d365,b6737d5aec9a91bb8840cdda896a7970e1830d56,365,2,1a27ce304d947bfdf77383ab452bd2ded812d057,Fix histplot dodge bar widths with log scale (#2849),3,doc/releases/v0.12.0.txt;seaborn/distributions.py;tests/test_distributions.py,related_same_subtree,seaborn/_oldcore.py,2,a3eff2928e60880e264b0ba75ece3b38ec62b4d9609588a9211f19046b52df5b,0,True,Descriptive local Git future-history mechanism inventory; not semantic causality or survival evidence.
mwaskom__seaborn-2848,mwaskom/seaborn,[LOCAL_DRIVE]/code\repos_lite_pro\mwaskom__seaborn,94621cef29f80282436d73e8d2c0aa76dab81273,mwaskom__seaborn-2848-d365,b6737d5aec9a91bb8840cdda896a7970e1830d56,365,3,ba0eda024dd3578ff72f710522fd778deaf99925,Don't remove top left ylabel from corner pairplot with normal diagonal (#2850),3,doc/releases/v0.12.0.txt;seaborn/axisgrid.py;tests/test_axisgrid.py,related_same_subtree,seaborn/_oldcore.py,2,a3eff2928e60880e264b0ba75ece3b38ec62b4d9609588a9211f19046b52df5b,0,True,Descriptive local Git future-history mechanism inventory; not semantic causality or survival evidence.
mwaskom__seaborn-2848,mwaskom/seaborn,[LOCAL_DRIVE]/code\repos_lite_pro\mwaskom__seaborn,94621cef29f80282436d73e8d2c0aa76dab81273,mwaskom__seaborn-2848-d365,b6737d5aec9a91bb8840cdda896a7970e1830d56,365,4,a674a83cc894b5941a86d4c51ba2e57c632882c1,Final removals of previously deprecated features (#2851),5,doc/releases/v0.12.0.txt;seaborn/axisgrid.py;seaborn/categorical.py;seaborn/regression.py;tests/test_categorical.py,related_same_subtree,seaborn/_oldcore.py,2,a3eff2928e60880e264b0ba75ece3b38ec62b4d9609588a9211f19046b52df5b,0,True,Descriptive local Git future-history mechanism inventory; not semantic causality or survival evidence.
mwaskom__seaborn-2848,mwaskom/seaborn,[LOCAL_DRIVE]/code\repos_lite_pro\mwaskom__seaborn,94621cef29f80282436d73e8d2c0aa76dab81273,mwaskom__seaborn-2848-d365,b6737d5aec9a91bb8840cdda896a7970e1830d56,365,5,fe9fad88a48cdb8f6d780702bda973c5f30af1f0,Inherit errorbar alpha from scatter points in regplot (#2853),3,doc/releases/v0.12.0.txt;seaborn/regression.py;tests/test_regression.py,related_same_subtree,seaborn/_oldcore.py,2,a3eff2928e60880e264b0ba75ece3b38ec62b4d9609588a9211f19046b52df5b,0,True,Descriptive local Git future-history mechanism inventory; not semantic causality or survival evidence.
mwaskom__seaborn-2848,mwaskom/seaborn,[LOCAL_DRIVE]/code\repos_lite_pro\mwaskom__seaborn,94621cef29f80282436d73e8d2c0aa76dab81273,mwaskom__seaborn-2848-d365,b6737d5aec9a91bb8840cdda896a7970e1830d56,365,6,762bd3bbac9d70116fdedac0b2ac2c73a40d0513,Implement orient= in lineplot for sorting / aggregating on the y axis (#2854),4,doc/docstrings/lineplot.ipynb;doc/releases/v0.12.0.txt;seaborn/relational.py;tests/test_relational.py,related_same_subtree,seaborn/_oldcore.py,2,a3eff2928e60880e264b0ba75ece3b38ec62b4d9609588a9211f19046b52df5b,0,True,Descriptive local Git future-history mechanism inventory; not semantic causality or survival evidence.
mwaskom__seaborn-2848,mwaskom/seaborn,[LOCAL_DRIVE]/code\repos_lite_pro\mwaskom__seaborn,94621cef29f80282436d73e8d2c0aa76dab81273,mwaskom__seaborn-2848-d365,b6737d5aec9a91bb8840cdda896a7970e1830d56,365,7,26bf4b3b645edc405ca52b533b8d68273aeba7d1,Housekeeping on relational plot parameters (#2855),4,seaborn/relational.py;seaborn/utils.py;tests/test_relational.py;tests/test_utils.py,related_same_subtree,seaborn/_oldcore.py,2,a3eff2928e60880e264b0ba75ece3b38ec62b4d9609588a9211f19046b52df5b,0,True,Descriptive local Git future-history mechanism inventory; not semantic causality or survival evidence.
mwaskom__seaborn-2848,mwaskom/seaborn,[LOCAL_DRIVE]/code\repos_lite_pro\mwaskom__seaborn,94621cef29f80282436d73e8d2c0aa76dab81273,mwaskom__seaborn-2848-d365,b6737d5aec9a91bb8840cdda896a7970e1830d56,365,8,563e96d3be1eaee8db8dfbccf7eed1f1c66dfd31,Downgrade exception on mapping list length mismatch to warning (#2856),3,seaborn/_oldcore.py;tests/test_axisgrid.py;tests/test_core.py,directly_overlapping,seaborn/_oldcore.py,2,a3eff2928e60880e264b0ba75ece3b38ec62b4d9609588a9211f19046b52df5b,0,True,Descriptive local Git future-history mechanism inventory; not semantic causality or survival evidence.
mwaskom__seaborn-2848,mwaskom/seaborn,[LOCAL_DRIVE]/code\repos_lite_pro\mwaskom__seaborn,94621cef29f80282436d73e8d2c0aa76dab81273,mwaskom__seaborn-2848-d365,b6737d5aec9a91bb8840cdda896a7970e1830d56,365,9,533b6005bf1e8d85616fc10be9460b6afca7d791,Remove kwargs from pointplot signature (closes #2775),1,seaborn/categorical.py,related_same_subtree,seaborn/_oldcore.py,2,a3eff2928e60880e264b0ba75ece3b38ec62b4d9609588a9211f19046b52df5b,0,True,Descriptive local Git future-history mechanism inventory; not semantic causality or survival evidence.
mwaskom__seaborn-2848,mwaskom/seaborn,[LOCAL_DRIVE]/code\repos_lite_pro\mwaskom__seaborn,94621cef29f80282436d73e8d2c0aa76dab81273,mwaskom__seaborn-2848-d365,b6737d5aec9a91bb8840cdda896a7970e1830d56,365,10,057cdd83b52bc5359f00ff94cd43317dc03b39cd,Futz around with categorical docstrings,2,seaborn/categorical.py;seaborn/relational.py,related_same_subtree,seaborn/_oldcore.py,2,a3eff2928e60880e264b0ba75ece3b38ec62b4d9609588a9211f19046b52df5b,0,True,Descriptive local Git future-history mechanism inventory; not semantic causality or survival evidence.
mwaskom__seaborn-2848,mwaskom/seaborn,[LOCAL_DRIVE]/code\repos_lite_pro\mwaskom__seaborn,94621cef29f80282436d73e8d2c0aa76dab81273,mwaskom__seaborn-2848-d365,b6737d5aec9a91bb8840cdda896a7970e1830d56,365,11,9d8ce6ad4ab213994f0bc84d0c46869df7be0b49,Port categorical plot docstrings to notebooks,29,doc/docstrings/FacetGrid.ipynb;doc/docstrings/JointGrid.ipynb;doc/docstrings/PairGrid.ipynb;doc/docstrings/axes_style.ipynb;doc/docstrings/barplot.ipynb;doc/docstrings/boxenplot.ipynb;doc/docstrings/boxplot.ipynb;doc/docstrings/catplot.ipynb;doc/docstrings/color_palette.ipynb;doc/docstrings/countplot.ipynb;doc/docstrings/displot.ipynb;doc/docstrings/ecdfplot.ipynb;doc/docstrings/histplot.ipynb;doc/docstrings/jointplot.ipynb;doc/docstrings/kdeplot.ipynb;doc/docstrings/move_legend.ipynb;doc/docstrings/pairplot.ipynb;doc/docstrings/plotting_context.ipynb;doc/docstrings/pointplot.ipynb;doc/docstrings/relplot.ipynb;doc/docstrings/rugplot.ipynb;doc/docstrings/scatterplot.ipynb;doc/docstrings/set_context.ipynb;doc/docstrings/set_style.ipynb;doc/docstrings/set_theme.ipynb;doc/docstrings/stripplot.ipynb;doc/docstrings/swarmplot.ipynb;doc/docstrings/violinplot.ipynb;seaborn/categorical.py,related_same_subtree,seaborn/_oldcore.py,2,a3eff2928e60880e264b0ba75ece3b38ec62b4d9609588a9211f19046b52df5b,0,True,Descriptive local Git future-history mechanism inventory; not semantic causality or survival evidence.
mwaskom__seaborn-2848,mwaskom/seaborn,[LOCAL_DRIVE]/code\repos_lite_pro\mwaskom__seaborn,94621cef29f80282436d73e8d2c0aa76dab81273,mwaskom__seaborn-2848-d365,b6737d5aec9a91bb8840cdda896a7970e1830d56,365,12,a48dc8f4df8d81ff8b50bdf26b6c094333f6ea8d,Relax restriction on element type for discrete histplot (#2859),3,doc/releases/v0.12.0.txt;seaborn/distributions.py;tests/test_distributions.py,related_same_subtree,seaborn/_oldcore.py,2,a3eff2928e60880e264b0ba75ece3b38ec62b4d9609588a9211f19046b52df5b,0,True,Descriptive local Git future-history mechanism inventory; not semantic causality or survival evidence.
mwaskom__seaborn-2848,mwaskom/seaborn,[LOCAL_DRIVE]/code\repos_lite_pro\mwaskom__seaborn,94621cef29f80282436d73e8d2c0aa76dab81273,mwaskom__seaborn-2848-d365,b6737d5aec9a91bb8840cdda896a7970e1830d56,365,13,1e24db4b1051a536df3f441cab2e0e0f62433720,Add width parameter to barplot (#2860),3,doc/releases/v0.12.0.txt;seaborn/categorical.py;tests/test_categorical.py,related_same_subtree,seaborn/_oldcore.py,2,a3eff2928e60880e264b0ba75ece3b38ec62b4d9609588a9211f19046b52df5b,0,True,Descriptive local Git future-history mechanism inventory; not semantic causality or survival evidence.
mwaskom__seaborn-2848,mwaskom/seaborn,[LOCAL_DRIVE]/code\repos_lite_pro\mwaskom__seaborn,94621cef29f80282436d73e8d2c0aa76dab81273,mwaskom__seaborn-2848-d365,b6737d5aec9a91bb8840cdda896a7970e1830d56,365,14,b56081c2ba9b2b240f5c731fc6701fae5421c5f6,Improve robustness to numerical errors in kdeplot (#2862),3,doc/releases/v0.12.0.txt;seaborn/distributions.py;tests/test_distributions.py,related_same_subtree,seaborn/_oldcore.py,2,a3eff2928e60880e264b0ba75ece3b38ec62b4d9609588a9211f19046b52df5b,0,True,Descriptive local Git future-history mechanism inventory; not semantic causality or survival evidence.
mwaskom__seaborn-2848,mwaskom/seaborn,[LOCAL_DRIVE]/code\repos_lite_pro\mwaskom__seaborn,94621cef29f80282436d73e8d2c0aa76dab81273,mwaskom__seaborn-2848-d365,b6737d5aec9a91bb8840cdda896a7970e1830d56,365,15,1191b615a1f0716215a086d9b4615f1342e92cbe,Minor jointplot user-friendliness (#2863),2,seaborn/axisgrid.py;tests/test_axisgrid.py,related_same_subtree,seaborn/_oldcore.py,2,a3eff2928e60880e264b0ba75ece3b38ec62b4d9609588a9211f19046b52df5b,0,True,Descriptive local Git future-history mechanism inventory; not semantic causality or survival evidence.
mwaskom__seaborn-2848,mwaskom/seaborn,[LOCAL_DRIVE]/code\repos_lite_pro\mwaskom__seaborn,94621cef29f80282436d73e8d2c0aa76dab81273,mwaskom__seaborn-2848-d365,b6737d5aec9a91bb8840cdda896a7970e1830d56,365,16,ecba2dcf8a7e318462b976146e00837e622e8a08,Add new errorbar options to bar/pointplot (#2866),8,doc/docstrings/barplot.ipynb;doc/docstrings/pointplot.ipynb;doc/releases/v0.12.0.txt;doc/tutorial/categorical.ipynb;doc/tutorial/error_bars.ipynb;seaborn/_statistics.py;seaborn/categorical.py;tests/test_categorical.py,related_same_subtree,seaborn/_oldcore.py,2,a3eff2928e60880e264b0ba75ece3b38ec62b4d9609588a9211f19046b52df5b,0,True,Descriptive local Git future-history mechanism inventory; not semantic causality or survival evidence.
mwaskom__seaborn-2848,mwaskom/seaborn,[LOCAL_DRIVE]/code\repos_lite_pro\mwaskom__seaborn,94621cef29f80282436d73e8d2c0aa76dab81273,mwaskom__seaborn-2848-d365,b6737d5aec9a91bb8840cdda896a7970e1830d56,365,17,5ccd131e2b9abf7ebe335d429fba86fea9ca28d6,Fix typo in relational docs (#2872),1,doc/tutorial/relational.ipynb,infrastructure_only,seaborn/_oldcore.py,2,a3eff2928e60880e264b0ba75ece3b38ec62b4d9609588a9211f19046b52df5b,0,True,Descriptive local Git future-history mechanism inventory; not semantic causality or survival evidence.
mwaskom__seaborn-2848,mwaskom/seaborn,[LOCAL_DRIVE]/code\repos_lite_pro\mwaskom__seaborn,94621cef29f80282436d73e8d2c0aa76dab81273,mwaskom__seaborn-2848-d365,b6737d5aec9a91bb8840cdda896a7970e1830d56,365,18,2b9f85b71d1dd48e9aaa61d7f3a2b8109b80044d,Remove private attribute access in compound legend (#2878),2,seaborn/_core/plot.py;tests/_core/test_plot.py,related_same_subtree,seaborn/_oldcore.py,2,a3eff2928e60880e264b0ba75ece3b38ec62b4d9609588a9211f19046b52df5b,0,True,Descriptive local Git future-history mechanism inventory; not semantic causality or survival evidence.
mwaskom__seaborn-2848,mwaskom/seaborn,[LOCAL_DRIVE]/code\repos_lite_pro\mwaskom__seaborn,94621cef29f80282436d73e8d2c0aa76dab81273,mwaskom__seaborn-2848-d365,b6737d5aec9a91bb8840cdda896a7970e1830d56,365,19,c2270e79aea173f7b4023b5078921d140855217c,Add Scale.label interface for formatting ticks (#2877),9,pytest.ini;seaborn/_core/plot.py;seaborn/_core/properties.py;seaborn/_core/scales.py;seaborn/_marks/base.py;seaborn/_stats/histograms.py;tests/_core/test_plot.py;tests/_core/test_scales.py;tests/test_categorical.py,related_same_subtree,seaborn/_oldcore.py,2,a3eff2928e60880e264b0ba75ece3b38ec62b4d9609588a9211f19046b52df5b,0,True,Descriptive local Git future-history mechanism inventory; not semantic causality or survival evidence.
mwaskom__seaborn-2848,mwaskom/seaborn,[LOCAL_DRIVE]/code\repos_lite_pro\mwaskom__seaborn,94621cef29f80282436d73e8d2c0aa76dab81273,mwaskom__seaborn-2848-d365,b6737d5aec9a91bb8840cdda896a7970e1830d56,365,20,b03fb331f6a79d3a6f2a1afb261a6e747daaa63f,Remove duplicated package information from setup.py,1,setup.py,infrastructure_only,seaborn/_oldcore.py,2,a3eff2928e60880e264b0ba75ece3b38ec62b4d9609588a9211f19046b52df5b,0,True,Descriptive local Git future-history mechanism inventory; not semantic causality or survival evidence.
mwaskom__seaborn-2848,mwaskom/seaborn,[LOCAL_DRIVE]/code\repos_lite_pro\mwaskom__seaborn,94621cef29f80282436d73e8d2c0aa76dab81273,mwaskom__seaborn-2848-d365,b6737d5aec9a91bb8840cdda896a7970e1830d56,365,21,d7088402ec06508cbbac6f48f3c658156b2f33b5,Add Python 3.10 classifier and update PyPI description,1,setup.py,infrastructure_only,seaborn/_oldcore.py,2,a3eff2928e60880e264b0ba75ece3b38ec62b4d9609588a9211f19046b52df5b,0,True,Descriptive local Git future-history mechanism inventory; not semantic causality or survival evidence.
mwaskom__seaborn-2848,mwaskom/seaborn,[LOCAL_DRIVE]/code\repos_lite_pro\mwaskom__seaborn,94621cef29f80282436d73e8d2c0aa76dab81273,mwaskom__seaborn-2848-d365,b6737d5aec9a91bb8840cdda896a7970e1830d56,365,22,ecdec5417de8ec9a6427a0e38afb0b099b023854,Mention pointplot additional kwargs removal in the release notes (#2879),1,doc/releases/v0.12.0.txt,infrastructure_only,seaborn/_oldcore.py,2,a3eff2928e60880e264b0ba75ece3b38ec62b4d9609588a9211f19046b52df5b,0,True,Descriptive local Git future-history mechanism inventory; not semantic causality or survival evidence.
mwaskom__seaborn-2848,mwaskom/seaborn,[LOCAL_DRIVE]/code\repos_lite_pro\mwaskom__seaborn,94621cef29f80282436d73e8d2c0aa76dab81273,mwaskom__seaborn-2848-d365,b6737d5aec9a91bb8840cdda896a7970e1830d56,365,23,b638c06619b2a62e4dcc956d0f0cf09e18e8ba0e,Narrow channels for seeking help.,1,.github/CONTRIBUTING.md,infrastructure_only,seaborn/_oldcore.py,2,a3eff2928e60880e264b0ba75ece3b38ec62b4d9609588a9211f19046b52df5b,0,True,Descriptive local Git future-history mechanism inventory; not semantic causality or survival evidence.
mwaskom__seaborn-2848,mwaskom/seaborn,[LOCAL_DRIVE]/code\repos_lite_pro\mwaskom__seaborn,94621cef29f80282436d73e8d2c0aa76dab81273,mwaskom__seaborn-2848-d365,b6737d5aec9a91bb8840cdda896a7970e1830d56,365,24,d251deaa7c4cbe6eef87693ce05ac02d74181ff9,Fix typo,1,.github/CONTRIBUTING.md,infrastructure_only,seaborn/_oldcore.py,2,a3eff2928e60880e264b0ba75ece3b38ec62b4d9609588a9211f19046b52df5b,0,True,Descriptive local Git future-history mechanism inventory; not semantic causality or survival evidence.
mwaskom__seaborn-2848,mwaskom/seaborn,[LOCAL_DRIVE]/code\repos_lite_pro\mwaskom__seaborn,94621cef29f80282436d73e8d2c0aa76dab81273,mwaskom__seaborn-2848-d365,b6737d5aec9a91bb8840cdda896a7970e1830d56,365,25,3180fd714f44498de26b256c7cab4b608969aeea,Improve visual appearance of Bar mark (#2889),2,seaborn/_marks/bars.py;tests/_marks/test_bars.py,related_same_subtree,seaborn/_oldcore.py,2,a3eff2928e60880e264b0ba75ece3b38ec62b4d9609588a9211f19046b52df5b,0,True,Descriptive local Git future-history mechanism inventory; not semantic causality or survival evidence.
mwaskom__seaborn-2848,mwaskom/seaborn,[LOCAL_DRIVE]/code\repos_lite_pro\mwaskom__seaborn,94621cef29f80282436d73e8d2c0aa76dab81273,mwaskom__seaborn-2848-d365,b6737d5aec9a91bb8840cdda896a7970e1830d56,365,26,3c8447fc92e73b353202bacefc007784460b225e,Add Bars for more efficient bar plots and improve Bar as well (#2893),6,seaborn/_marks/bars.py;seaborn/_marks/base.py;seaborn/_marks/scatter.py;seaborn/objects.py;tests/_marks/test_bars.py;tests/_marks/test_base.py,related_same_subtree,seaborn/_oldcore.py,2,a3eff2928e60880e264b0ba75ece3b38ec62b4d9609588a9211f19046b52df5b,0,True,Descriptive local Git future-history mechanism inventory; not semantic causality or survival evidence.
mwaskom__seaborn-2848,mwaskom/seaborn,[LOCAL_DRIVE]/code\repos_lite_pro\mwaskom__seaborn,94621cef29f80282436d73e8d2c0aa76dab81273,mwaskom__seaborn-2848-d365,b6737d5aec9a91bb8840cdda896a7970e1830d56,365,27,5910d6ef50196c8bd1f4ed40a5da202a39d7f62c,docs: fix typos (#2899),10,doc/introduction.ipynb;doc/releases/v0.12.0.txt;doc/tutorial/color_palettes.ipynb;doc/tutorial/data_structure.ipynb;doc/tutorial/error_bars.ipynb;seaborn/_core/scales.py;seaborn/_oldcore.py;seaborn/algorithms.py;seaborn/axisgrid.py;seaborn/distributions.py,directly_overlapping,seaborn/_oldcore.py,2,a3eff2928e60880e264b0ba75ece3b38ec62b4d9609588a9211f19046b52df5b,0,True,Descriptive local Git future-history mechanism inventory; not semantic causality or survival evidence.
mwaskom__seaborn-2848,mwaskom/seaborn,[LOCAL_DRIVE]/code\repos_lite_pro\mwaskom__seaborn,94621cef29f80282436d73e8d2c0aa76dab81273,mwaskom__seaborn-2848-d365,b6737d5aec9a91bb8840cdda896a7970e1830d56,365,28,ca9ba9c3072fb9a1ba7706bcceeb6ba650c824a9,Change Area/Ribbon to generate Polygon patches and add clipping trick (#2896),2,seaborn/_marks/area.py;tests/_marks/test_area.py,related_same_subtree,seaborn/_oldcore.py,2,a3eff2928e60880e264b0ba75ece3b38ec62b4d9609588a9211f19046b52df5b,0,True,Descriptive local Git future-history mechanism inventory; not semantic causality or survival evidence.
mwaskom__seaborn-2848,mwaskom/seaborn,[LOCAL_DRIVE]/code\repos_lite_pro\mwaskom__seaborn,94621cef29f80282436d73e8d2c0aa76dab81273,mwaskom__seaborn-2848-d365,b6737d5aec9a91bb8840cdda896a7970e1830d56,365,29,17f44b56f53de24b4c1aa788a4f2690f36005c81,Add Plot.limit method (#2898),2,seaborn/_core/plot.py;tests/_core/test_plot.py,related_same_subtree,seaborn/_oldcore.py,2,a3eff2928e60880e264b0ba75ece3b38ec62b4d9609588a9211f19046b52df5b,0,True,Descriptive local Git future-history mechanism inventory; not semantic causality or survival evidence.
mwaskom__seaborn-2848,mwaskom/seaborn,[LOCAL_DRIVE]/code\repos_lite_pro\mwaskom__seaborn,94621cef29f80282436d73e8d2c0aa76dab81273,mwaskom__seaborn-2848-d365,b6737d5aec9a91bb8840cdda896a7970e1830d56,365,30,05066e0ebd27fa974744fad3ba58b98a870059ec,docs: Fix a few typos (#2887),2,seaborn/_core/plot.py;seaborn/axisgrid.py,related_same_subtree,seaborn/_oldcore.py,2,a3eff2928e60880e264b0ba75ece3b38ec62b4d9609588a9211f19046b52df5b,0,True,Descriptive local Git future-history mechanism inventory; not semantic causality or survival evidence.
mwaskom__seaborn-2848,mwaskom/seaborn,[LOCAL_DRIVE]/code\repos_lite_pro\mwaskom__seaborn,94621cef29f80282436d73e8d2c0aa76dab81273,mwaskom__seaborn-2848-d365,b6737d5aec9a91bb8840cdda896a7970e1830d56,365,31,6cfa5172251c702ce6c56a9dbe7f551257b1bc28,elif optimization in utils.py (#2895),1,seaborn/utils.py,related_same_subtree,seaborn/_oldcore.py,2,a3eff2928e60880e264b0ba75ece3b38ec62b4d9609588a9211f19046b52df5b,0,True,Descriptive local Git future-history mechanism inventory; not semantic causality or survival evidence.
mwaskom__seaborn-2848,mwaskom/seaborn,[LOCAL_DRIVE]/code\repos_lite_pro\mwaskom__seaborn,94621cef29f80282436d73e8d2c0aa76dab81273,mwaskom__seaborn-2848-d365,b6737d5aec9a91bb8840cdda896a7970e1830d56,365,32,189577efdcc5c4fbcb9944f33c27d00b6a5ea234,Vendored library housekeeping (#2903),3,licences/NUMPYDOC_LICENSE;licences/SCIPY_LICENSE;seaborn/external/appdirs.py,related_same_subtree,seaborn/_oldcore.py,2,a3eff2928e60880e264b0ba75ece3b38ec62b4d9609588a9211f19046b52df5b,0,True,Descriptive local Git future-history mechanism inventory; not semantic causality or survival evidence.
mwaskom__seaborn-2848,mwaskom/seaborn,[LOCAL_DRIVE]/code\repos_lite_pro\mwaskom__seaborn,94621cef29f80282436d73e8d2c0aa76dab81273,mwaskom__seaborn-2848-d365,b6737d5aec9a91bb8840cdda896a7970e1830d56,365,33,022e4bd75bd838ca52b2df1a34bebd6438b5efd4,Add Plot.label method (#2902),2,seaborn/_core/plot.py;tests/_core/test_plot.py,related_same_subtree,seaborn/_oldcore.py,2,a3eff2928e60880e264b0ba75ece3b38ec62b4d9609588a9211f19046b52df5b,0,True,Descriptive local Git future-history mechanism inventory; not semantic causality or survival evidence.
mwaskom__seaborn-2848,mwaskom/seaborn,[LOCAL_DRIVE]/code\repos_lite_pro\mwaskom__seaborn,94621cef29f80282436d73e8d2c0aa76dab81273,mwaskom__seaborn-2848-d365,b6737d5aec9a91bb8840cdda896a7970e1830d56,365,34,b726628083f56ddec3cf390b2e7e91d9608d88c9,Update specs from new methods in clone,1,seaborn/_core/plot.py,related_same_subtree,seaborn/_oldcore.py,2,a3eff2928e60880e264b0ba75ece3b38ec62b4d9609588a9211f19046b52df5b,0,True,Descriptive local Git future-history mechanism inventory; not semantic causality or survival evidence.
mwaskom__seaborn-2848,mwaskom/seaborn,[LOCAL_DRIVE]/code\repos_lite_pro\mwaskom__seaborn,94621cef29f80282436d73e8d2c0aa76dab81273,mwaskom__seaborn-2848-d365,b6737d5aec9a91bb8840cdda896a7970e1830d56,365,35,1524d4398d01a652c254d4c9d1c5c72a54a62d22,Add a docstring for seaborn.objects namespace,1,seaborn/objects.py,related_same_subtree,seaborn/_oldcore.py,2,a3eff2928e60880e264b0ba75ece3b38ec62b4d9609588a9211f19046b52df5b,0,True,Descriptive local Git future-history mechanism inventory; not semantic causality or survival evidence.
mwaskom__seaborn-2848,mwaskom/seaborn,[LOCAL_DRIVE]/code\repos_lite_pro\mwaskom__seaborn,94621cef29f80282436d73e8d2c0aa76dab81273,mwaskom__seaborn-2848-d365,b6737d5aec9a91bb8840cdda896a7970e1830d56,365,36,d33ab67b0b691087520ad7ca9673da9c5db86ff4,Store figsize in _figure_spec object (#2917),2,seaborn/_core/plot.py;tests/_core/test_plot.py,related_same_subtree,seaborn/_oldcore.py,2,a3eff2928e60880e264b0ba75ece3b38ec62b4d9609588a9211f19046b52df5b,0,True,Descriptive local Git future-history mechanism inventory; not semantic causality or survival evidence.
mwaskom__seaborn-2848,mwaskom/seaborn,[LOCAL_DRIVE]/code\repos_lite_pro\mwaskom__seaborn,94621cef29f80282436d73e8d2c0aa76dab81273,mwaskom__seaborn-2848-d365,b6737d5aec9a91bb8840cdda896a7970e1830d56,365,37,5a147be5af5e0151df324eb9d48340c3564b149c,Don't modify patch.facecolor in set_palette (#2906),3,doc/releases/v0.12.0.txt;seaborn/rcmod.py;tests/test_rcmod.py,related_same_subtree,seaborn/_oldcore.py,2,a3eff2928e60880e264b0ba75ece3b38ec62b4d9609588a9211f19046b52df5b,0,True,Descriptive local Git future-history mechanism inventory; not semantic causality or survival evidence.
mwaskom__seaborn-2848,mwaskom/seaborn,[LOCAL_DRIVE]/code\repos_lite_pro\mwaskom__seaborn,94621cef29f80282436d73e8d2c0aa76dab81273,mwaskom__seaborn-2848-d365,b6737d5aec9a91bb8840cdda896a7970e1830d56,365,38,b5a85ff9c04b50962ef14a33a2c861a8fb561394,Make scale config apply to variables computed by the stat transform (#2915),3,seaborn/_compat.py;seaborn/_core/plot.py;tests/_core/test_plot.py,related_same_subtree,seaborn/_oldcore.py,2,a3eff2928e60880e264b0ba75ece3b38ec62b4d9609588a9211f19046b52df5b,0,True,Descriptive local Git future-history mechanism inventory; not semantic causality or survival evidence.
mwaskom__seaborn-2848,mwaskom/seaborn,[LOCAL_DRIVE]/code\repos_lite_pro\mwaskom__seaborn,94621cef29f80282436d73e8d2c0aa76dab81273,mwaskom__seaborn-2848-d365,b6737d5aec9a91bb8840cdda896a7970e1830d56,365,39,fb61ded5ea1e0c6c39cd234c99e0d1842ccb60df,Add Est stat and Interval mark to show error bars (#2912),9,seaborn/_core/plot.py;seaborn/_core/scales.py;seaborn/_marks/bars.py;seaborn/_marks/lines.py;seaborn/_stats/aggregation.py;seaborn/_stats/histograms.py;seaborn/objects.py;tests/_marks/test_lines.py;tests/_stats/test_aggregation.py,related_same_subtree,seaborn/_oldcore.py,2,a3eff2928e60880e264b0ba75ece3b38ec62b4d9609588a9211f19046b52df5b,0,True,Descriptive local Git future-history mechanism inventory; not semantic causality or survival evidence.
mwaskom__seaborn-2848,mwaskom/seaborn,[LOCAL_DRIVE]/code\repos_lite_pro\mwaskom__seaborn,94621cef29f80282436d73e8d2c0aa76dab81273,mwaskom__seaborn-2848-d365,b6737d5aec9a91bb8840cdda896a7970e1830d56,365,40,34662f4be5c364e7518f9c1118c9b362038ee5dd,Convert docs to pydata-sphinx-theme and add new material (#2842),149,doc/.gitignore;doc/Makefile;doc/_docstrings/FacetGrid.ipynb;doc/_docstrings/JointGrid.ipynb;doc/_docstrings/Makefile;doc/_docstrings/PairGrid.ipynb;doc/_docstrings/axes_style.ipynb;doc/_docstrings/barplot.ipynb;doc/_docstrings/boxenplot.ipynb;doc/_docstrings/boxplot.ipynb;doc/_docstrings/catplot.ipynb;doc/_docstrings/color_palette.ipynb;doc/_docstrings/countplot.ipynb;doc/_docstrings/displot.ipynb;doc/_docstrings/ecdfplot.ipynb;doc/_docstrings/histplot.ipynb;doc/_docstrings/jointplot.ipynb;doc/_docstrings/kdeplot.ipynb;doc/_docstrings/lineplot.ipynb;doc/_docstrings/move_legend.ipynb;doc/_docstrings/pairplot.ipynb;doc/_docstrings/plotting_context.ipynb;doc/_docstrings/pointplot.ipynb;doc/_docstrings/relplot.ipynb;doc/_docstrings/rugplot.ipynb;doc/_docstrings/scatterplot.ipynb;doc/_docstrings/set_context.ipynb;doc/_docstrings/set_style.ipynb;doc/_docstrings/set_theme.ipynb;doc/_docstrings/stripplot.ipynb;doc/_docstrings/swarmplot.ipynb;doc/_docstrings/violinplot.ipynb;doc/_static/css/custom.css;doc/_static/style.css;doc/_templates/autosummary/base.rst;doc/_templates/autosummary/class.rst;doc/_templates/autosummary/object.rst;doc/_templates/autosummary/scale.rst;doc/_templates/layout.html;doc/_templates/version.html;doc/_tutorial/Makefile;doc/_tutorial/aesthetics.ipynb;doc/_tutorial/axis_grids.ipynb;doc/_tutorial/categorical.ipynb;doc/_tutorial/color_palettes.ipynb;doc/_tutorial/data_structure.ipynb;doc/_tutorial/distributions.ipynb;doc/_tutorial/error_bars.ipynb;doc/_tutorial/function_overview.ipynb;doc/_tutorial/introduction.ipynb;doc/_tutorial/regression.ipynb;doc/_tutorial/relational.ipynb;doc/api.rst;doc/archive.rst;doc/conf.py;doc/docstrings/FacetGrid.ipynb;doc/docstrings/JointGrid.ipynb;doc/docstrings/Makefile;doc/docstrings/PairGrid.ipynb;doc/docstrings/axes_style.ipynb;doc/docstrings/barplot.ipynb;doc/docstrings/boxenplot.ipynb;doc/docstrings/boxplot.ipynb;doc/docstrings/catplot.ipynb;doc/docstrings/color_palette.ipynb;doc/docstrings/countplot.ipynb;doc/docstrings/displot.ipynb;doc/docstrings/ecdfplot.ipynb;doc/docstrings/histplot.ipynb;doc/docstrings/jointplot.ipynb;doc/docstrings/kdeplot.ipynb;doc/docstrings/lineplot.ipynb;doc/docstrings/move_legend.ipynb;doc/docstrings/pairplot.ipynb;doc/docstrings/plotting_context.ipynb;doc/docstrings/pointplot.ipynb;doc/docstrings/relplot.ipynb;doc/docstrings/rugplot.ipynb;doc/docstrings/scatterplot.ipynb;doc/docstrings/set_context.ipynb;doc/docstrings/set_style.ipynb;doc/docstrings/set_theme.ipynb;doc/docstrings/stripplot.ipynb;doc/docstrings/swarmplot.ipynb;doc/docstrings/violinplot.ipynb;doc/index.rst;doc/installing.rst;doc/introduction.ipynb;doc/make.bat;doc/releases/v0.10.0.txt;doc/releases/v0.10.1.txt;doc/releases/v0.11.0.txt;doc/releases/v0.11.1.txt;doc/releases/v0.11.2.txt;doc/releases/v0.12.0.txt;doc/releases/v0.2.0.txt;doc/releases/v0.2.1.txt;doc/releases/v0.3.0.txt;doc/releases/v0.3.1.txt;doc/releases/v0.4.0.txt;doc/releases/v0.5.0.txt;doc/releases/v0.5.1.txt;doc/releases/v0.6.0.txt;doc/releases/v0.7.0.txt;doc/releases/v0.7.1.txt;doc/releases/v0.8.0.txt;doc/releases/v0.8.1.txt;doc/releases/v0.9.0.txt;doc/releases/v0.9.1.txt;doc/requirements.txt;doc/sphinxext/gallery_generator.py;doc/tools/nb_to_doc.py;doc/tutorial.rst;doc/tutorial/Makefile;doc/tutorial/aesthetics.ipynb;doc/tutorial/axis_grids.ipynb;doc/tutorial/categorical.ipynb;doc/tutorial/color_palettes.ipynb;doc/tutorial/data_structure.ipynb;doc/tutorial/distributions.ipynb;doc/tutorial/error_bars.ipynb;doc/tutorial/function_overview.ipynb;doc/tutorial/regression.ipynb;doc/tutorial/relational.ipynb;doc/whatsnew.rst;doc/whatsnew/index.rst;doc/whatsnew/v0.10.0.rst;doc/whatsnew/v0.10.1.rst;doc/whatsnew/v0.11.0.rst;doc/whatsnew/v0.11.1.rst;doc/whatsnew/v0.11.2.rst;doc/whatsnew/v0.12.0.rst;doc/whatsnew/v0.2.0.rst;doc/whatsnew/v0.2.1.rst;doc/whatsnew/v0.3.0.rst;doc/whatsnew/v0.3.1.rst;doc/whatsnew/v0.4.0.rst;doc/whatsnew/v0.5.0.rst;doc/whatsnew/v0.5.1.rst;doc/whatsnew/v0.6.0.rst;doc/whatsnew/v0.7.0.rst;doc/whatsnew/v0.7.1.rst;doc/whatsnew/v0.8.0.rst;doc/whatsnew/v0.8.1.rst;doc/whatsnew/v0.9.0.rst;doc/whatsnew/v0.9.1.rst;seaborn/_core/plot.py;seaborn/_core/scales.py;seaborn/rcmod.py,related_same_subtree,seaborn/_oldcore.py,2,a3eff2928e60880e264b0ba75ece3b38ec62b4d9609588a9211f19046b52df5b,0,True,Descriptive local Git future-history mechanism inventory; not semantic causality or survival evidence.
mwaskom__seaborn-2848,mwaskom/seaborn,[LOCAL_DRIVE]/code\repos_lite_pro\mwaskom__seaborn,94621cef29f80282436d73e8d2c0aa76dab81273,mwaskom__seaborn-2848-d365,b6737d5aec9a91bb8840cdda896a7970e1830d56,365,41,36cc26b701ac0556e9709e2cedbaef22025b84a9,Fix dodging with interval marks (#2922),2,seaborn/_core/plot.py;tests/_core/test_plot.py,related_same_subtree,seaborn/_oldcore.py,2,a3eff2928e60880e264b0ba75ece3b38ec62b4d9609588a9211f19046b52df5b,0,True,Descriptive local Git future-history mechanism inventory; not semantic causality or survival evidence.
mwaskom__seaborn-2848,mwaskom/seaborn,[LOCAL_DRIVE]/code\repos_lite_pro\mwaskom__seaborn,94621cef29f80282436d73e8d2c0aa76dab81273,mwaskom__seaborn-2848-d365,b6737d5aec9a91bb8840cdda896a7970e1830d56,365,42,f581300dd8029f71290a04ffc2bddc7f9f713d00,Pass artist_kws to scatter artist (#2921),1,seaborn/_marks/scatter.py,related_same_subtree,seaborn/_oldcore.py,2,a3eff2928e60880e264b0ba75ece3b38ec62b4d9609588a9211f19046b52df5b,0,True,Descriptive local Git future-history mechanism inventory; not semantic causality or survival evidence.
mwaskom__seaborn-2848,mwaskom/seaborn,[LOCAL_DRIVE]/code\repos_lite_pro\mwaskom__seaborn,94621cef29f80282436d73e8d2c0aa76dab81273,mwaskom__seaborn-2848-d365,b6737d5aec9a91bb8840cdda896a7970e1830d56,365,43,6460a21555ba6557e1f6f06f4d677d9c19148169,Workaround for matplotlib rc_context issue (#2925),3,doc/whatsnew/v0.12.0.rst;seaborn/axisgrid.py;seaborn/utils.py,related_same_subtree,seaborn/_oldcore.py,2,a3eff2928e60880e264b0ba75ece3b38ec62b4d9609588a9211f19046b52df5b,0,True,Descriptive local Git future-history mechanism inventory; not semantic causality or survival evidence.
mwaskom__seaborn-2848,mwaskom/seaborn,[LOCAL_DRIVE]/code\repos_lite_pro\mwaskom__seaborn,94621cef29f80282436d73e8d2c0aa76dab81273,mwaskom__seaborn-2848-d365,b6737d5aec9a91bb8840cdda896a7970e1830d56,365,44,949dec3666ab12a366d2fc05ef18d6e90625b5fa,Add apply and pipe methods to Grid objects for fluent customization (#2928),3,doc/whatsnew/v0.12.0.rst;seaborn/axisgrid.py;tests/test_axisgrid.py,related_same_subtree,seaborn/_oldcore.py,2,a3eff2928e60880e264b0ba75ece3b38ec62b4d9609588a9211f19046b52df5b,0,True,Descriptive local Git future-history mechanism inventory; not semantic causality or survival evidence.
mwaskom__seaborn-2848,mwaskom/seaborn,[LOCAL_DRIVE]/code\repos_lite_pro\mwaskom__seaborn,94621cef29f80282436d73e8d2c0aa76dab81273,mwaskom__seaborn-2848-d365,b6737d5aec9a91bb8840cdda896a7970e1830d56,365,45,079a90d2a64c90aa0ebd6a4bc65ceb94ff4ea728,Fix typos and remove trailing spaces (#2932),3,doc/_docstrings/lineplot.ipynb;doc/nextgen/demo.ipynb;seaborn/cm.py,related_same_subtree,seaborn/_oldcore.py,2,a3eff2928e60880e264b0ba75ece3b38ec62b4d9609588a9211f19046b52df5b,0,True,Descriptive local Git future-history mechanism inventory; not semantic causality or survival evidence.
mwaskom__seaborn-2848,mwaskom/seaborn,[LOCAL_DRIVE]/code\repos_lite_pro\mwaskom__seaborn,94621cef29f80282436d73e8d2c0aa76dab81273,mwaskom__seaborn-2848-d365,b6737d5aec9a91bb8840cdda896a7970e1830d56,365,46,d504bebf8d895675d18c8482710ebcfc9351f7b4,Added new test for heatmap (#2904),1,tests/test_matrix.py,test_only,seaborn/_oldcore.py,2,a3eff2928e60880e264b0ba75ece3b38ec62b4d9609588a9211f19046b52df5b,0,True,Descriptive local Git future-history mechanism inventory; not semantic causality or survival evidence.
mwaskom__seaborn-2848,mwaskom/seaborn,[LOCAL_DRIVE]/code\repos_lite_pro\mwaskom__seaborn,94621cef29f80282436d73e8d2c0aa76dab81273,mwaskom__seaborn-2848-d365,b6737d5aec9a91bb8840cdda896a7970e1830d56,365,47,ff96e1f0f1b54074f6f4dc5976bdfb4f19646851,Document the legend argument of categorical scatterplots (#2933),4,doc/_docstrings/stripplot.ipynb;doc/_docstrings/swarmplot.ipynb;examples/jitter_stripplot.py;seaborn/categorical.py,related_same_subtree,seaborn/_oldcore.py,2,a3eff2928e60880e264b0ba75ece3b38ec62b4d9609588a9211f19046b52df5b,0,True,Descriptive local Git future-history mechanism inventory; not semantic causality or survival evidence.
mwaskom__seaborn-2848,mwaskom/seaborn,[LOCAL_DRIVE]/code\repos_lite_pro\mwaskom__seaborn,94621cef29f80282436d73e8d2c0aa76dab81273,mwaskom__seaborn-2848-d365,b6737d5aec9a91bb8840cdda896a7970e1830d56,365,48,762db897b52d16ab2f164d5103df4cc26c1d0503,Add rudimentary themeing support (#2929),3,seaborn/_core/plot.py;tests/_core/test_plot.py;tests/_marks/test_lines.py,related_same_subtree,seaborn/_oldcore.py,2,a3eff2928e60880e264b0ba75ece3b38ec62b4d9609588a9211f19046b52df5b,0,True,Descriptive local Git future-history mechanism inventory; not semantic causality or survival evidence.
mwaskom__seaborn-2848,mwaskom/seaborn,[LOCAL_DRIVE]/code\repos_lite_pro\mwaskom__seaborn,94621cef29f80282436d73e8d2c0aa76dab81273,mwaskom__seaborn-2848-d365,b6737d5aec9a91bb8840cdda896a7970e1830d56,365,49,a259ac55c4233ab3418459d3b6cd195ebe2cb521,Allow Plot.label to control title(s) (#2934),2,seaborn/_core/plot.py;tests/_core/test_plot.py,related_same_subtree,seaborn/_oldcore.py,2,a3eff2928e60880e264b0ba75ece3b38ec62b4d9609588a9211f19046b52df5b,0,True,Descriptive local Git future-history mechanism inventory; not semantic causality or survival evidence.
mwaskom__seaborn-2848,mwaskom/seaborn,[LOCAL_DRIVE]/code\repos_lite_pro\mwaskom__seaborn,94621cef29f80282436d73e8d2c0aa76dab81273,mwaskom__seaborn-2848-d365,b6737d5aec9a91bb8840cdda896a7970e1830d56,365,50,cb96dd1d6b54d214e7a429250db92dbe77186ce2,Update docs for pydata theme rc2,3,doc/conf.py;doc/index.rst;doc/sphinxext/gallery_generator.py,infrastructure_only,seaborn/_oldcore.py,2,a3eff2928e60880e264b0ba75ece3b38ec62b4d9609588a9211f19046b52df5b,0,True,Descriptive local Git future-history mechanism inventory; not semantic causality or survival evidence.
mwaskom__seaborn-2848,mwaskom/seaborn,[LOCAL_DRIVE]/code\repos_lite_pro\mwaskom__seaborn,94621cef29f80282436d73e8d2c0aa76dab81273,mwaskom__seaborn-2848-d365,b6737d5aec9a91bb8840cdda896a7970e1830d56,365,51,f5bb40cc1c8bfbbefc2868333a6c7694c2871abc,Change scipy/statsmodels install extra to be [stats] and do some housekeeping (#2939),11,.coveragerc;.github/workflows/ci.yaml;LICENSE;LICENSE.md;MANIFEST.in;README.md;doc/installing.rst;doc/whatsnew/v0.12.0.rst;seaborn/__init__.py;setup.cfg;setup.py,related_same_subtree,seaborn/_oldcore.py,2,a3eff2928e60880e264b0ba75ece3b38ec62b4d9609588a9211f19046b52df5b,0,True,Descriptive local Git future-history mechanism inventory; not semantic causality or survival evidence.
mwaskom__seaborn-2848,mwaskom/seaborn,[LOCAL_DRIVE]/code\repos_lite_pro\mwaskom__seaborn,94621cef29f80282436d73e8d2c0aa76dab81273,mwaskom__seaborn-2848-d365,b6737d5aec9a91bb8840cdda896a7970e1830d56,365,52,9771eae42a802f898f95c6b062f036bd7940e6b4,Rename all mark/stat modules to be singular (#2941),13,seaborn/_marks/bar.py;seaborn/_marks/bars.py;seaborn/_marks/line.py;seaborn/_marks/lines.py;seaborn/_stats/histogram.py;seaborn/_stats/histograms.py;seaborn/objects.py;tests/_marks/test_bar.py;tests/_marks/test_bars.py;tests/_marks/test_line.py;tests/_marks/test_lines.py;tests/_stats/test_histogram.py;tests/_stats/test_histograms.py,related_same_subtree,seaborn/_oldcore.py,2,a3eff2928e60880e264b0ba75ece3b38ec62b4d9609588a9211f19046b52df5b,0,True,Descriptive local Git future-history mechanism inventory; not semantic causality or survival evidence.
mwaskom__seaborn-2848,mwaskom/seaborn,[LOCAL_DRIVE]/code\repos_lite_pro\mwaskom__seaborn,94621cef29f80282436d73e8d2c0aa76dab81273,mwaskom__seaborn-2848-d365,b6737d5aec9a91bb8840cdda896a7970e1830d56,365,53,8dad74cb025c044b5ac3e31e9f4cb12c409c3d14,Replace setup.py with pyproject.toml configured to use flit for builds (#2940),4,MANIFEST.in;pyproject.toml;seaborn/__init__.py;setup.py,related_same_subtree,seaborn/_oldcore.py,2,a3eff2928e60880e264b0ba75ece3b38ec62b4d9609588a9211f19046b52df5b,0,True,Descriptive local Git future-history mechanism inventory; not semantic causality or survival evidence.
mwaskom__seaborn-2848,mwaskom/seaborn,[LOCAL_DRIVE]/code\repos_lite_pro\mwaskom__seaborn,94621cef29f80282436d73e8d2c0aa76dab81273,mwaskom__seaborn-2848-d365,b6737d5aec9a91bb8840cdda896a7970e1830d56,365,54,a1ede5eb82fa09164aff65da03136b7382fd5041,Rename Scatter mark to Dots (#2942),9,doc/api.rst;doc/nextgen/demo.ipynb;doc/nextgen/index.ipynb;seaborn/_core/properties.py;seaborn/_marks/dot.py;seaborn/_marks/scatter.py;seaborn/objects.py;tests/_marks/test_dot.py;tests/_marks/test_scatter.py,related_same_subtree,seaborn/_oldcore.py,2,a3eff2928e60880e264b0ba75ece3b38ec62b4d9609588a9211f19046b52df5b,0,True,Descriptive local Git future-history mechanism inventory; not semantic causality or survival evidence.
mwaskom__seaborn-2848,mwaskom/seaborn,[LOCAL_DRIVE]/code\repos_lite_pro\mwaskom__seaborn,94621cef29f80282436d73e8d2c0aa76dab81273,mwaskom__seaborn-2848-d365,b6737d5aec9a91bb8840cdda896a7970e1830d56,365,55,ae9080d583032ab98a731e55753caf82b10c6905,Work around Series.agg non-aggregation EstimateAggregator (#2946),2,seaborn/_statistics.py;tests/test_statistics.py,related_same_subtree,seaborn/_oldcore.py,2,a3eff2928e60880e264b0ba75ece3b38ec62b4d9609588a9211f19046b52df5b,0,True,Descriptive local Git future-history mechanism inventory; not semantic causality or survival evidence.
mwaskom__seaborn-2848,mwaskom/seaborn,[LOCAL_DRIVE]/code\repos_lite_pro\mwaskom__seaborn,94621cef29f80282436d73e8d2c0aa76dab81273,mwaskom__seaborn-2848-d365,b6737d5aec9a91bb8840cdda896a7970e1830d56,365,56,72d1322ee583eb481346e5e661c2998c8a7445dd,Adding Grid.tick_params() method. (#2944),3,doc/whatsnew/v0.12.0.rst;seaborn/axisgrid.py;tests/test_axisgrid.py,related_same_subtree,seaborn/_oldcore.py,2,a3eff2928e60880e264b0ba75ece3b38ec62b4d9609588a9211f19046b52df5b,0,True,Descriptive local Git future-history mechanism inventory; not semantic causality or survival evidence.
mwaskom__seaborn-2848,mwaskom/seaborn,[LOCAL_DRIVE]/code\repos_lite_pro\mwaskom__seaborn,94621cef29f80282436d73e8d2c0aa76dab81273,mwaskom__seaborn-2848-d365,b6737d5aec9a91bb8840cdda896a7970e1830d56,365,57,2c3ea6fbf5a29b552976dc1d35eb96b7bc989169,Switch barplot tests from ci to errorbar. (#2949),1,tests/test_categorical.py,test_only,seaborn/_oldcore.py,2,a3eff2928e60880e264b0ba75ece3b38ec62b4d9609588a9211f19046b52df5b,0,True,Descriptive local Git future-history mechanism inventory; not semantic causality or survival evidence.
mwaskom__seaborn-2848,mwaskom/seaborn,[LOCAL_DRIVE]/code\repos_lite_pro\mwaskom__seaborn,94621cef29f80282436d73e8d2c0aa76dab81273,mwaskom__seaborn-2848-d365,b6737d5aec9a91bb8840cdda896a7970e1830d56,365,58,708122389feb683aaf143339ab279de04c5f6f08,Fix: shifting margins caused by multiple rugplots (#2953),3,doc/whatsnew/v0.12.0.rst;seaborn/utils.py;tests/test_distributions.py,related_same_subtree,seaborn/_oldcore.py,2,a3eff2928e60880e264b0ba75ece3b38ec62b4d9609588a9211f19046b52df5b,0,True,Descriptive local Git future-history mechanism inventory; not semantic causality or survival evidence.
mwaskom__seaborn-2848,mwaskom/seaborn,[LOCAL_DRIVE]/code\repos_lite_pro\mwaskom__seaborn,94621cef29f80282436d73e8d2c0aa76dab81273,mwaskom__seaborn-2848-d365,b6737d5aec9a91bb8840cdda896a7970e1830d56,365,59,04969a3d18ecee8ca6b22bd77628a87d2c1469d3,"Renaming: Ribbon -> Band, Interval -> Range (#2945)",8,doc/api.rst;doc/nextgen/api.rst;doc/nextgen/demo.ipynb;seaborn/_marks/area.py;seaborn/_marks/line.py;seaborn/objects.py;tests/_marks/test_area.py;tests/_marks/test_line.py,related_same_subtree,seaborn/_oldcore.py,2,a3eff2928e60880e264b0ba75ece3b38ec62b4d9609588a9211f19046b52df5b,0,True,Descriptive local Git future-history mechanism inventory; not semantic causality or survival evidence.
mwaskom__seaborn-2848,mwaskom/seaborn,[LOCAL_DRIVE]/code\repos_lite_pro\mwaskom__seaborn,94621cef29f80282436d73e8d2c0aa76dab81273,mwaskom__seaborn-2848-d365,b6737d5aec9a91bb8840cdda896a7970e1830d56,365,60,daa9924132323142360f58d7be8968235e82cd03,Update demo.ipynb (#2952),1,doc/nextgen/demo.ipynb,infrastructure_only,seaborn/_oldcore.py,2,a3eff2928e60880e264b0ba75ece3b38ec62b4d9609588a9211f19046b52df5b,0,True,Descriptive local Git future-history mechanism inventory; not semantic causality or survival evidence.
mwaskom__seaborn-2848,mwaskom/seaborn,[LOCAL_DRIVE]/code\repos_lite_pro\mwaskom__seaborn,94621cef29f80282436d73e8d2c0aa76dab81273,mwaskom__seaborn-2848-d365,b6737d5aec9a91bb8840cdda896a7970e1830d56,365,61,e9ad41969be331c627111c0d56f44e9741b22f81,Accept Stat and/or Move(s) as anonymous positional args in Plot.add (#2948),5,doc/nextgen/demo.ipynb;seaborn/_core/moves.py;seaborn/_core/plot.py;tests/_core/test_moves.py;tests/_core/test_plot.py,related_same_subtree,seaborn/_oldcore.py,2,a3eff2928e60880e264b0ba75ece3b38ec62b4d9609588a9211f19046b52df5b,0,True,Descriptive local Git future-history mechanism inventory; not semantic causality or survival evidence.
mwaskom__seaborn-2848,mwaskom/seaborn,[LOCAL_DRIVE]/code\repos_lite_pro\mwaskom__seaborn,94621cef29f80282436d73e8d2c0aa76dab81273,mwaskom__seaborn-2848-d365,b6737d5aec9a91bb8840cdda896a7970e1830d56,365,62,b1db0f72627e9fae8fda261514392d53906384cf,Cleanup and merge #2909 (#2955),3,doc/whatsnew/v0.12.0.rst;seaborn/categorical.py;tests/test_categorical.py,related_same_subtree,seaborn/_oldcore.py,2,a3eff2928e60880e264b0ba75ece3b38ec62b4d9609588a9211f19046b52df5b,0,True,Descriptive local Git future-history mechanism inventory; not semantic causality or survival evidence.
mwaskom__seaborn-2848,mwaskom/seaborn,[LOCAL_DRIVE]/code\repos_lite_pro\mwaskom__seaborn,94621cef29f80282436d73e8d2c0aa76dab81273,mwaskom__seaborn-2848-d365,b6737d5aec9a91bb8840cdda896a7970e1830d56,365,63,b5c4c35772d73f1100ee242a9bab58dd6973aa42,"Rename Plot.configure -> Plot.layout, add Plot.share, and modify Plot.layout parameters (#2954)",5,doc/nextgen/api.rst;doc/nextgen/demo.ipynb;doc/nextgen/index.ipynb;seaborn/_core/plot.py;tests/_core/test_plot.py,related_same_subtree,seaborn/_oldcore.py,2,a3eff2928e60880e264b0ba75ece3b38ec62b4d9609588a9211f19046b52df5b,0,True,Descriptive local Git future-history mechanism inventory; not semantic causality or survival evidence.
mwaskom__seaborn-2848,mwaskom/seaborn,[LOCAL_DRIVE]/code\repos_lite_pro\mwaskom__seaborn,94621cef29f80282436d73e8d2c0aa76dab81273,mwaskom__seaborn-2848-d365,b6737d5aec9a91bb8840cdda896a7970e1830d56,365,64,6cf4f267b18d5801d016abc782968121e104ac96,Remove Tk backend build from Github CI (#2956),1,.github/workflows/ci.yaml,infrastructure_only,seaborn/_oldcore.py,2,a3eff2928e60880e264b0ba75ece3b38ec62b4d9609588a9211f19046b52df5b,0,True,Descriptive local Git future-history mechanism inventory; not semantic causality or survival evidence.
mwaskom__seaborn-2848,mwaskom/seaborn,[LOCAL_DRIVE]/code\repos_lite_pro\mwaskom__seaborn,94621cef29f80282436d73e8d2c0aa76dab81273,mwaskom__seaborn-2848-d365,b6737d5aec9a91bb8840cdda896a7970e1830d56,365,65,02df7590c70ca8f68282ed941b98410580c55aa9,Fix dpi from inline backend figures in docs,1,doc/tools/nb_to_doc.py,infrastructure_only,seaborn/_oldcore.py,2,a3eff2928e60880e264b0ba75ece3b38ec62b4d9609588a9211f19046b52df5b,0,True,Descriptive local Git future-history mechanism inventory; not semantic causality or survival evidence.
mwaskom__seaborn-2848,mwaskom/seaborn,[LOCAL_DRIVE]/code\repos_lite_pro\mwaskom__seaborn,94621cef29f80282436d73e8d2c0aa76dab81273,mwaskom__seaborn-2848-d365,b6737d5aec9a91bb8840cdda896a7970e1830d56,365,66,1e9476f04dfa93803ff0526dd8fe7c28e0e216b9,Don't apply layout algorithm by default after Plot.on (#2969),2,seaborn/_core/plot.py;tests/_core/test_plot.py,related_same_subtree,seaborn/_oldcore.py,2,a3eff2928e60880e264b0ba75ece3b38ec62b4d9609588a9211f19046b52df5b,0,True,Descriptive local Git future-history mechanism inventory; not semantic causality or survival evidence.
mwaskom__seaborn-2848,mwaskom/seaborn,[LOCAL_DRIVE]/code\repos_lite_pro\mwaskom__seaborn,94621cef29f80282436d73e8d2c0aa76dab81273,mwaskom__seaborn-2848-d365,b6737d5aec9a91bb8840cdda896a7970e1830d56,365,67,ebc4bfe9f8bf5c4ff10b14da8a49c8baa1ba76d0,Remove default pairing from Plot.pair and clean up interface (#2974),3,seaborn/_core/plot.py;seaborn/_core/typing.py;tests/_core/test_plot.py,related_same_subtree,seaborn/_oldcore.py,2,a3eff2928e60880e264b0ba75ece3b38ec62b4d9609588a9211f19046b52df5b,0,True,Descriptive local Git future-history mechanism inventory; not semantic causality or survival evidence.
mwaskom__seaborn-2848,mwaskom/seaborn,[LOCAL_DRIVE]/code\repos_lite_pro\mwaskom__seaborn,94621cef29f80282436d73e8d2c0aa76dab81273,mwaskom__seaborn-2848-d365,b6737d5aec9a91bb8840cdda896a7970e1830d56,365,68,2f70aee390fce0b483dfb63771ef624149f87d06,Fix visibility of internal axis labels with Plot.pair(wrap=...) (#2979),4,seaborn/_core/plot.py;seaborn/_core/subplots.py;tests/_core/test_plot.py;tests/_core/test_subplots.py,related_same_subtree,seaborn/_oldcore.py,2,a3eff2928e60880e264b0ba75ece3b38ec62b4d9609588a9211f19046b52df5b,0,True,Descriptive local Git future-history mechanism inventory; not semantic causality or survival evidence.
mwaskom__seaborn-2848,mwaskom/seaborn,[LOCAL_DRIVE]/code\repos_lite_pro\mwaskom__seaborn,94621cef29f80282436d73e8d2c0aa76dab81273,mwaskom__seaborn-2848-d365,b6737d5aec9a91bb8840cdda896a7970e1830d56,365,69,659d96d5256036e3a0e607f0df24f553e34e68aa,Address breakage from matplotlib 3.6.0rc1 (#2971),14,seaborn/_compat.py;seaborn/_core/plot.py;seaborn/axisgrid.py;seaborn/cm.py;seaborn/matrix.py;seaborn/palettes.py;seaborn/rcmod.py;tests/_core/test_properties.py;tests/test_categorical.py;tests/test_core.py;tests/test_matrix.py;tests/test_palettes.py;tests/test_relational.py;tests/test_utils.py,related_same_subtree,seaborn/_oldcore.py,2,a3eff2928e60880e264b0ba75ece3b38ec62b4d9609588a9211f19046b52df5b,0,True,Descriptive local Git future-history mechanism inventory; not semantic causality or survival evidence.
mwaskom__seaborn-2848,mwaskom/seaborn,[LOCAL_DRIVE]/code\repos_lite_pro\mwaskom__seaborn,94621cef29f80282436d73e8d2c0aa76dab81273,mwaskom__seaborn-2848-d365,b6737d5aec9a91bb8840cdda896a7970e1830d56,365,70,6fdf253393c27f9f2f124c63cc50351f94ca4761,Add API examples for Plot methods (#2970),21,doc/_docstrings/objects.Plot.add.ipynb;doc/_docstrings/objects.Plot.facet.ipynb;doc/_docstrings/objects.Plot.label.ipynb;doc/_docstrings/objects.Plot.layout.ipynb;doc/_docstrings/objects.Plot.limit.ipynb;doc/_docstrings/objects.Plot.on.ipynb;doc/_docstrings/objects.Plot.pair.ipynb;doc/_docstrings/objects.Plot.scale.ipynb;doc/_docstrings/objects.Plot.share.ipynb;doc/_docstrings/objects.Plot.theme.ipynb;doc/_templates/autosummary/plot.rst;doc/api.rst;doc/index.rst;doc/installing.rst;seaborn/_core/moves.py;seaborn/_core/plot.py;seaborn/_core/scales.py;seaborn/_marks/base.py;seaborn/_stats/base.py;seaborn/objects.py;tests/_core/test_scales.py,related_same_subtree,seaborn/_oldcore.py,2,a3eff2928e60880e264b0ba75ece3b38ec62b4d9609588a9211f19046b52df5b,0,True,Descriptive local Git future-history mechanism inventory; not semantic causality or survival evidence.
mwaskom__seaborn-2848,mwaskom/seaborn,[LOCAL_DRIVE]/code\repos_lite_pro\mwaskom__seaborn,94621cef29f80282436d73e8d2c0aa76dab81273,mwaskom__seaborn-2848-d365,b6737d5aec9a91bb8840cdda896a7970e1830d56,365,71,6c839ba2446b75d0d58e5eb3114f0b8d403b662b,Add docstring examples for Mark objects (#2983),20,doc/_docstrings/objects.Area.ipynb;doc/_docstrings/objects.Band.ipynb;doc/_docstrings/objects.Bar.ipynb;doc/_docstrings/objects.Bars.ipynb;doc/_docstrings/objects.Dot.ipynb;doc/_docstrings/objects.Dots.ipynb;doc/_docstrings/objects.Line.ipynb;doc/_docstrings/objects.Lines.ipynb;doc/_docstrings/objects.Path.ipynb;doc/_docstrings/objects.Paths.ipynb;doc/_docstrings/objects.Range.ipynb;doc/_templates/autosummary/plot.rst;doc/api.rst;doc/conf.py;seaborn/_core/plot.py;seaborn/_marks/area.py;seaborn/_marks/bar.py;seaborn/_marks/dot.py;seaborn/_marks/line.py;seaborn/utils.py,related_same_subtree,seaborn/_oldcore.py,2,a3eff2928e60880e264b0ba75ece3b38ec62b4d9609588a9211f19046b52df5b,0,True,Descriptive local Git future-history mechanism inventory; not semantic causality or survival evidence.
mwaskom__seaborn-2848,mwaskom/seaborn,[LOCAL_DRIVE]/code\repos_lite_pro\mwaskom__seaborn,94621cef29f80282436d73e8d2c0aa76dab81273,mwaskom__seaborn-2848-d365,b6737d5aec9a91bb8840cdda896a7970e1830d56,365,72,57653e69fd3ab938e4e38bf5f6d347c11a953a8d,Add tutorial page for Mark properties with cross-referencing from relevant docstrings (#2989),9,doc/_tutorial/properties.ipynb;doc/conf.py;doc/tutorial.rst;seaborn/_core/plot.py;seaborn/_marks/area.py;seaborn/_marks/bar.py;seaborn/_marks/base.py;seaborn/_marks/dot.py;seaborn/_marks/line.py,related_same_subtree,seaborn/_oldcore.py,2,a3eff2928e60880e264b0ba75ece3b38ec62b4d9609588a9211f19046b52df5b,0,True,Descriptive local Git future-history mechanism inventory; not semantic causality or survival evidence.
mwaskom__seaborn-2848,mwaskom/seaborn,[LOCAL_DRIVE]/code\repos_lite_pro\mwaskom__seaborn,94621cef29f80282436d73e8d2c0aa76dab81273,mwaskom__seaborn-2848-d365,b6737d5aec9a91bb8840cdda896a7970e1830d56,365,73,5efd453444ba25077cc81f091b1d98f4351e92ea,Create tutorial index programmatically and update some content (#2991),11,doc/.gitignore;doc/Makefile;doc/_tutorial/categorical.ipynb;doc/_tutorial/error_bars.ipynb;doc/_tutorial/regression.ipynb;doc/_tutorial/relational.ipynb;doc/conf.py;doc/requirements.txt;doc/sphinxext/tutorial_builder.py;doc/tutorial.rst;doc/tutorial.yaml,infrastructure_only,seaborn/_oldcore.py,2,a3eff2928e60880e264b0ba75ece3b38ec62b4d9609588a9211f19046b52df5b,0,True,Descriptive local Git future-history mechanism inventory; not semantic causality or survival evidence.
mwaskom__seaborn-2848,mwaskom/seaborn,[LOCAL_DRIVE]/code\repos_lite_pro\mwaskom__seaborn,94621cef29f80282436d73e8d2c0aa76dab81273,mwaskom__seaborn-2848-d365,b6737d5aec9a91bb8840cdda896a7970e1830d56,365,74,8eb0686c5715c0cdd9d4701cd81f2c0c155f8d91,Update the single-letter color codes as part of the Plot theme context (#2995),4,seaborn/_core/plot.py;tests/_marks/test_area.py;tests/_marks/test_bar.py;tests/_marks/test_dot.py,related_same_subtree,seaborn/_oldcore.py,2,a3eff2928e60880e264b0ba75ece3b38ec62b4d9609588a9211f19046b52df5b,0,True,Descriptive local Git future-history mechanism inventory; not semantic causality or survival evidence.
mwaskom__seaborn-2848,mwaskom/seaborn,[LOCAL_DRIVE]/code\repos_lite_pro\mwaskom__seaborn,94621cef29f80282436d73e8d2c0aa76dab81273,mwaskom__seaborn-2848-d365,b6737d5aec9a91bb8840cdda896a7970e1830d56,365,75,a5816697cbcab195a987f5e074204a052c13e1d5,Add tutorial for objects interface and remove 'nextgen' preview (#2993),17,doc/_docstrings/objects.Band.ipynb;doc/_docstrings/objects.Bar.ipynb;doc/_docstrings/objects.Bars.ipynb;doc/_docstrings/objects.Dot.ipynb;doc/_docstrings/objects.Path.ipynb;doc/_tutorial/objects_interface.ipynb;doc/installing.rst;doc/nextgen/.gitignore;doc/nextgen/Makefile;doc/nextgen/api.rst;doc/nextgen/conf.py;doc/nextgen/demo.ipynb;doc/nextgen/index.ipynb;doc/nextgen/index.rst;doc/nextgen/nb_to_doc.py;doc/sphinxext/tutorial_builder.py;doc/tutorial.yaml,infrastructure_only,seaborn/_oldcore.py,2,a3eff2928e60880e264b0ba75ece3b38ec62b4d9609588a9211f19046b52df5b,0,True,Descriptive local Git future-history mechanism inventory; not semantic causality or survival evidence.
mwaskom__seaborn-2848,mwaskom/seaborn,[LOCAL_DRIVE]/code\repos_lite_pro\mwaskom__seaborn,94621cef29f80282436d73e8d2c0aa76dab81273,mwaskom__seaborn-2848-d365,b6737d5aec9a91bb8840cdda896a7970e1830d56,365,76,7b0d42eb8b0d456f063fb0b59c6738c728321379,Rename layout parameter algo->engine (#2996),5,doc/_docstrings/objects.Plot.layout.ipynb;doc/_tutorial/properties.ipynb;seaborn/_compat.py;seaborn/_core/plot.py;tests/_core/test_plot.py,related_same_subtree,seaborn/_oldcore.py,2,a3eff2928e60880e264b0ba75ece3b38ec62b4d9609588a9211f19046b52df5b,0,True,Descriptive local Git future-history mechanism inventory; not semantic causality or survival evidence.
mwaskom__seaborn-2848,mwaskom/seaborn,[LOCAL_DRIVE]/code\repos_lite_pro\mwaskom__seaborn,94621cef29f80282436d73e8d2c0aa76dab81273,mwaskom__seaborn-2848-d365,b6737d5aec9a91bb8840cdda896a7970e1830d56,365,77,db32de8cbadb91f18059d6867adef06c69d21d6b,Assorted pre-release doc tweaks (#2997),8,doc/_static/css/custom.css;doc/_tutorial/objects_interface.ipynb;doc/_tutorial/regression.ipynb;doc/api.rst;doc/conf.py;doc/index.rst;doc/sphinxext/tutorial_builder.py;doc/whatsnew/v0.12.0.rst,infrastructure_only,seaborn/_oldcore.py,2,a3eff2928e60880e264b0ba75ece3b38ec62b4d9609588a9211f19046b52df5b,0,True,Descriptive local Git future-history mechanism inventory; not semantic causality or survival evidence.
mwaskom__seaborn-2848,mwaskom/seaborn,[LOCAL_DRIVE]/code\repos_lite_pro\mwaskom__seaborn,94621cef29f80282436d73e8d2c0aa76dab81273,mwaskom__seaborn-2848-d365,b6737d5aec9a91bb8840cdda896a7970e1830d56,365,78,f057f191c61b07d642417af3d37793c4aa7696c9,Add FAQ page to docs (#2998),4,doc/_tutorial/function_overview.ipynb;doc/_tutorial/regression.ipynb;doc/faq.rst;doc/index.rst,infrastructure_only,seaborn/_oldcore.py,2,a3eff2928e60880e264b0ba75ece3b38ec62b4d9609588a9211f19046b52df5b,0,True,Descriptive local Git future-history mechanism inventory; not semantic causality or survival evidence.
mwaskom__seaborn-2848,mwaskom/seaborn,[LOCAL_DRIVE]/code\repos_lite_pro\mwaskom__seaborn,94621cef29f80282436d73e8d2c0aa76dab81273,mwaskom__seaborn-2848-d365,b6737d5aec9a91bb8840cdda896a7970e1830d56,365,79,1fab16af06c38aeb4edfa833220697adbaddde18,Update errorbar API in example gallery and add new strip/reg example (#2999),5,examples/anscombes_quartet.py;examples/grouped_barplot.py;examples/jitter_stripplot.py;examples/pointplot_anova.py;examples/strip_regplot.py,independent,seaborn/_oldcore.py,2,a3eff2928e60880e264b0ba75ece3b38ec62b4d9609588a9211f19046b52df5b,0,True,Descriptive local Git future-history mechanism inventory; not semantic causality or survival evidence.
mwaskom__seaborn-2848,mwaskom/seaborn,[LOCAL_DRIVE]/code\repos_lite_pro\mwaskom__seaborn,94621cef29f80282436d73e8d2c0aa76dab81273,mwaskom__seaborn-2848-d365,b6737d5aec9a91bb8840cdda896a7970e1830d56,365,80,e150cec6e9cf904c4229589cd33899eed735c255,Fix tutorial crossref,1,doc/_tutorial/regression.ipynb,infrastructure_only,seaborn/_oldcore.py,2,a3eff2928e60880e264b0ba75ece3b38ec62b4d9609588a9211f19046b52df5b,0,True,Descriptive local Git future-history mechanism inventory; not semantic causality or survival evidence.
mwaskom__seaborn-2848,mwaskom/seaborn,[LOCAL_DRIVE]/code\repos_lite_pro\mwaskom__seaborn,94621cef29f80282436d73e8d2c0aa76dab81273,mwaskom__seaborn-2848-d365,b6737d5aec9a91bb8840cdda896a7970e1830d56,365,81,0dfd322734f929a02eda6de09e78f2a11560709b,Documentation tweaks upon pre-release review,5,doc/_docstrings/swarmplot.ipynb;doc/_tutorial/color_palettes.ipynb;doc/_tutorial/error_bars.ipynb;doc/_tutorial/function_overview.ipynb;doc/_tutorial/objects_interface.ipynb,infrastructure_only,seaborn/_oldcore.py,2,a3eff2928e60880e264b0ba75ece3b38ec62b4d9609588a9211f19046b52df5b,0,True,Descriptive local Git future-history mechanism inventory; not semantic causality or survival evidence.
mwaskom__seaborn-2848,mwaskom/seaborn,[LOCAL_DRIVE]/code\repos_lite_pro\mwaskom__seaborn,94621cef29f80282436d73e8d2c0aa76dab81273,mwaskom__seaborn-2848-d365,b6737d5aec9a91bb8840cdda896a7970e1830d56,365,82,57a0b54a6e68387b585a6eed5a5a802bd8036894,Add v0.11 docs to archive dropdown,1,doc/_templates/layout.html,infrastructure_only,seaborn/_oldcore.py,2,a3eff2928e60880e264b0ba75ece3b38ec62b4d9609588a9211f19046b52df5b,0,True,Descriptive local Git future-history mechanism inventory; not semantic causality or survival evidence.
mwaskom__seaborn-2848,mwaskom/seaborn,[LOCAL_DRIVE]/code\repos_lite_pro\mwaskom__seaborn,94621cef29f80282436d73e8d2c0aa76dab81273,mwaskom__seaborn-2848-d365,b6737d5aec9a91bb8840cdda896a7970e1830d56,365,83,6a17b60d77aaecd54530bc72ac728402d4f1afcf,Move position in FAQ page,1,doc/index.rst,infrastructure_only,seaborn/_oldcore.py,2,a3eff2928e60880e264b0ba75ece3b38ec62b4d9609588a9211f19046b52df5b,0,True,Descriptive local Git future-history mechanism inventory; not semantic causality or survival evidence.
mwaskom__seaborn-2848,mwaskom/seaborn,[LOCAL_DRIVE]/code\repos_lite_pro\mwaskom__seaborn,94621cef29f80282436d73e8d2c0aa76dab81273,mwaskom__seaborn-2848-d365,b6737d5aec9a91bb8840cdda896a7970e1830d56,365,84,1b6d9bdc5c06039c14ec3560e8dff59862fcd7a5,Make doc archive links absolute paths,1,doc/_templates/layout.html,infrastructure_only,seaborn/_oldcore.py,2,a3eff2928e60880e264b0ba75ece3b38ec62b4d9609588a9211f19046b52df5b,0,True,Descriptive local Git future-history mechanism inventory; not semantic causality or survival evidence.
mwaskom__seaborn-2848,mwaskom/seaborn,[LOCAL_DRIVE]/code\repos_lite_pro\mwaskom__seaborn,94621cef29f80282436d73e8d2c0aa76dab81273,mwaskom__seaborn-2848-d365,b6737d5aec9a91bb8840cdda896a7970e1830d56,365,85,0929b9aca26dea1e97a08f8ee70b807058d175ed,Use pip extras for installation of dev tools (#3009),6,.github/workflows/ci.yaml;README.md;ci/utils.txt;doc/README.md;doc/requirements.txt;pyproject.toml,independent,seaborn/_oldcore.py,2,a3eff2928e60880e264b0ba75ece3b38ec62b4d9609588a9211f19046b52df5b,0,True,Descriptive local Git future-history mechanism inventory; not semantic causality or survival evidence.
mwaskom__seaborn-2848,mwaskom/seaborn,[LOCAL_DRIVE]/code\repos_lite_pro\mwaskom__seaborn,94621cef29f80282436d73e8d2c0aa76dab81273,mwaskom__seaborn-2848-d365,b6737d5aec9a91bb8840cdda896a7970e1830d56,365,86,0f5a013e2cf43562deec3b879458e59a73853813,Bump version,1,seaborn/__init__.py,related_same_subtree,seaborn/_oldcore.py,2,a3eff2928e60880e264b0ba75ece3b38ec62b4d9609588a9211f19046b52df5b,0,True,Descriptive local Git future-history mechanism inventory; not semantic causality or survival evidence.
mwaskom__seaborn-2848,mwaskom/seaborn,[LOCAL_DRIVE]/code\repos_lite_pro\mwaskom__seaborn,94621cef29f80282436d73e8d2c0aa76dab81273,mwaskom__seaborn-2848-d365,b6737d5aec9a91bb8840cdda896a7970e1830d56,365,87,15713b387156fc089cb923dced0f60cc13d86edc,Add pre-commit hook config (#2963),20,.pre-commit-config.yaml;README.md;ci/deps_pinned.txt;ci/getmsfonts.sh;doc/README.md;doc/_static/copybutton.js;doc/_templates/autosummary/base.rst;doc/_templates/autosummary/object.rst;doc/citing.rst;doc/faq.rst;doc/index.rst;doc/tutorial.yaml;doc/whatsnew/v0.11.0.rst;doc/whatsnew/v0.11.1.rst;doc/whatsnew/v0.2.0.rst;doc/whatsnew/v0.7.0.rst;licences/NUMPYDOC_LICENSE;pyproject.toml;seaborn/external/docscrape.py;tests/test_utils.py,related_same_subtree,seaborn/_oldcore.py,2,a3eff2928e60880e264b0ba75ece3b38ec62b4d9609588a9211f19046b52df5b,0,True,Descriptive local Git future-history mechanism inventory; not semantic causality or survival evidence.
mwaskom__seaborn-2848,mwaskom/seaborn,[LOCAL_DRIVE]/code\repos_lite_pro\mwaskom__seaborn,94621cef29f80282436d73e8d2c0aa76dab81273,mwaskom__seaborn-2848-d365,b6737d5aec9a91bb8840cdda896a7970e1830d56,365,88,c5c5f4a4377f9dd91cc07c5c3e965d7d0d1edd20,Fix: Make PolyFit stat robust to missing data (#3010),3,doc/whatsnew/v0.12.1.rst;seaborn/_stats/regression.py;tests/_stats/test_regression.py,related_same_subtree,seaborn/_oldcore.py,2,a3eff2928e60880e264b0ba75ece3b38ec62b4d9609588a9211f19046b52df5b,0,True,Descriptive local Git future-history mechanism inventory; not semantic causality or survival evidence.
mwaskom__seaborn-2848,mwaskom/seaborn,[LOCAL_DRIVE]/code\repos_lite_pro\mwaskom__seaborn,94621cef29f80282436d73e8d2c0aa76dab81273,mwaskom__seaborn-2848-d365,b6737d5aec9a91bb8840cdda896a7970e1830d56,365,89,a25e7cb847a661e45a8582427e781f38e5961863,Silence various warnings in test suite (#3011),4,tests/test_categorical.py;tests/test_distributions.py;tests/test_regression.py;tests/test_relational.py,test_only,seaborn/_oldcore.py,2,a3eff2928e60880e264b0ba75ece3b38ec62b4d9609588a9211f19046b52df5b,0,True,Descriptive local Git future-history mechanism inventory; not semantic causality or survival evidence.
mwaskom__seaborn-2848,mwaskom/seaborn,[LOCAL_DRIVE]/code\repos_lite_pro\mwaskom__seaborn,94621cef29f80282436d73e8d2c0aa76dab81273,mwaskom__seaborn-2848-d365,b6737d5aec9a91bb8840cdda896a7970e1830d56,365,90,0c379538b80a748f1e0224e5161f49777c6a29d1,CI: Add biweekly scheduled run (#3013),1,.github/workflows/ci.yaml,infrastructure_only,seaborn/_oldcore.py,2,a3eff2928e60880e264b0ba75ece3b38ec62b4d9609588a9211f19046b52df5b,0,True,Descriptive local Git future-history mechanism inventory; not semantic causality or survival evidence.
mwaskom__seaborn-2848,mwaskom/seaborn,[LOCAL_DRIVE]/code\repos_lite_pro\mwaskom__seaborn,94621cef29f80282436d73e8d2c0aa76dab81273,mwaskom__seaborn-2848-d365,b6737d5aec9a91bb8840cdda896a7970e1830d56,365,91,1e6739fbd41b2ee575f431a189e7866cf46d82b8,CI: Impove dataset caching and build docs in parallel (#3014),4,.github/workflows/ci.yaml;ci/cache_datasets.py;ci/cache_test_datasets.py;doc/Makefile,independent,seaborn/_oldcore.py,2,a3eff2928e60880e264b0ba75ece3b38ec62b4d9609588a9211f19046b52df5b,0,True,Descriptive local Git future-history mechanism inventory; not semantic causality or survival evidence.
mwaskom__seaborn-2848,mwaskom/seaborn,[LOCAL_DRIVE]/code\repos_lite_pro\mwaskom__seaborn,94621cef29f80282436d73e8d2c0aa76dab81273,mwaskom__seaborn-2848-d365,b6737d5aec9a91bb8840cdda896a7970e1830d56,365,92,9aca86c3757a323c1b868400721b12136e3cfc2a,Parallelize sphinx in CI build (#3018),1,.github/workflows/ci.yaml,infrastructure_only,seaborn/_oldcore.py,2,a3eff2928e60880e264b0ba75ece3b38ec62b4d9609588a9211f19046b52df5b,0,True,Descriptive local Git future-history mechanism inventory; not semantic causality or survival evidence.
mwaskom__seaborn-2848,mwaskom/seaborn,[LOCAL_DRIVE]/code\repos_lite_pro\mwaskom__seaborn,94621cef29f80282436d73e8d2c0aa76dab81273,mwaskom__seaborn-2848-d365,b6737d5aec9a91bb8840cdda896a7970e1830d56,365,93,54c36b74bbd4f7dfd5f933fcdc5e81fbb3fc0a45,CI: Improve example dataset usage (#3020),8,.github/workflows/ci.yaml;doc/_docstrings/clustermap.ipynb;doc/_docstrings/heatmap.ipynb;doc/_docstrings/lmplot.ipynb;doc/_docstrings/regplot.ipynb;doc/_docstrings/residplot.ipynb;seaborn/matrix.py;seaborn/regression.py,related_same_subtree,seaborn/_oldcore.py,2,a3eff2928e60880e264b0ba75ece3b38ec62b4d9609588a9211f19046b52df5b,0,True,Descriptive local Git future-history mechanism inventory; not semantic causality or survival evidence.
mwaskom__seaborn-2848,mwaskom/seaborn,[LOCAL_DRIVE]/code\repos_lite_pro\mwaskom__seaborn,94621cef29f80282436d73e8d2c0aa76dab81273,mwaskom__seaborn-2848-d365,b6737d5aec9a91bb8840cdda896a7970e1830d56,365,94,1d4bec6bfdb52a39ed465916ac93e0b5ad828cd2,Add StackOverflow link to navbar,1,doc/conf.py,infrastructure_only,seaborn/_oldcore.py,2,a3eff2928e60880e264b0ba75ece3b38ec62b4d9609588a9211f19046b52df5b,0,True,Descriptive local Git future-history mechanism inventory; not semantic causality or survival evidence.
mwaskom__seaborn-2848,mwaskom/seaborn,[LOCAL_DRIVE]/code\repos_lite_pro\mwaskom__seaborn,94621cef29f80282436d73e8d2c0aa76dab81273,mwaskom__seaborn-2848-d365,b6737d5aec9a91bb8840cdda896a7970e1830d56,365,95,fb6d932df4241addc630b8a60805127d222a154c,Merge branch 'master' of github.com:mwaskom/seaborn,1,seaborn/categorical.py,related_same_subtree,seaborn/_oldcore.py,2,a3eff2928e60880e264b0ba75ece3b38ec62b4d9609588a9211f19046b52df5b,0,True,Descriptive local Git future-history mechanism inventory; not semantic causality or survival evidence.
mwaskom__seaborn-2848,mwaskom/seaborn,[LOCAL_DRIVE]/code\repos_lite_pro\mwaskom__seaborn,94621cef29f80282436d73e8d2c0aa76dab81273,mwaskom__seaborn-2848-d365,b6737d5aec9a91bb8840cdda896a7970e1830d56,365,96,e644793f0ac2b1be178425f20f529121f37f29de,Convert color palette docstrings to notebooks (#3034),80,.github/workflows/ci.yaml;Makefile;README.md;doc/_docstrings/FacetGrid.ipynb;doc/_docstrings/JointGrid.ipynb;doc/_docstrings/PairGrid.ipynb;doc/_docstrings/axes_style.ipynb;doc/_docstrings/barplot.ipynb;doc/_docstrings/blend_palette.ipynb;doc/_docstrings/boxenplot.ipynb;doc/_docstrings/boxplot.ipynb;doc/_docstrings/catplot.ipynb;doc/_docstrings/color_palette.ipynb;doc/_docstrings/countplot.ipynb;doc/_docstrings/cubehelix_palette.ipynb;doc/_docstrings/dark_palette.ipynb;doc/_docstrings/displot.ipynb;doc/_docstrings/diverging_palette.ipynb;doc/_docstrings/ecdfplot.ipynb;doc/_docstrings/histplot.ipynb;doc/_docstrings/hls_palette.ipynb;doc/_docstrings/husl_palette.ipynb;doc/_docstrings/jointplot.ipynb;doc/_docstrings/kdeplot.ipynb;doc/_docstrings/light_palette.ipynb;doc/_docstrings/lineplot.ipynb;doc/_docstrings/move_legend.ipynb;doc/_docstrings/mpl_palette.ipynb;doc/_docstrings/objects.Area.ipynb;doc/_docstrings/objects.Band.ipynb;doc/_docstrings/objects.Bar.ipynb;doc/_docstrings/objects.Bars.ipynb;doc/_docstrings/objects.Dot.ipynb;doc/_docstrings/objects.Dots.ipynb;doc/_docstrings/objects.Line.ipynb;doc/_docstrings/objects.Lines.ipynb;doc/_docstrings/objects.Path.ipynb;doc/_docstrings/objects.Paths.ipynb;doc/_docstrings/objects.Plot.add.ipynb;doc/_docstrings/objects.Plot.facet.ipynb;doc/_docstrings/objects.Plot.label.ipynb;doc/_docstrings/objects.Plot.layout.ipynb;doc/_docstrings/objects.Plot.limit.ipynb;doc/_docstrings/objects.Plot.on.ipynb;doc/_docstrings/objects.Plot.pair.ipynb;doc/_docstrings/objects.Plot.scale.ipynb;doc/_docstrings/objects.Plot.share.ipynb;doc/_docstrings/objects.Plot.theme.ipynb;doc/_docstrings/objects.Range.ipynb;doc/_docstrings/pairplot.ipynb;doc/_docstrings/plotting_context.ipynb;doc/_docstrings/pointplot.ipynb;doc/_docstrings/relplot.ipynb;doc/_docstrings/rugplot.ipynb;doc/_docstrings/scatterplot.ipynb;doc/_docstrings/set_context.ipynb;doc/_docstrings/set_style.ipynb;doc/_docstrings/set_theme.ipynb;doc/_docstrings/stripplot.ipynb;doc/_docstrings/swarmplot.ipynb;doc/_docstrings/violinplot.ipynb;doc/_tutorial/aesthetics.ipynb;doc/_tutorial/axis_grids.ipynb;doc/_tutorial/categorical.ipynb;doc/_tutorial/color_palettes.ipynb;doc/_tutorial/data_structure.ipynb;doc/_tutorial/distributions.ipynb;doc/_tutorial/error_bars.ipynb;doc/_tutorial/function_overview.ipynb;doc/_tutorial/introduction.ipynb;doc/_tutorial/objects_interface.ipynb;doc/_tutorial/properties.ipynb;doc/_tutorial/regression.ipynb;doc/_tutorial/relational.ipynb;doc/whatsnew/index.rst;doc/whatsnew/v0.12.1.rst;seaborn/palettes.py;seaborn/rcmod.py;seaborn/widgets.py;tests/test_palettes.py,related_same_subtree,seaborn/_oldcore.py,2,a3eff2928e60880e264b0ba75ece3b38ec62b4d9609588a9211f19046b52df5b,0,True,Descriptive local Git future-history mechanism inventory; not semantic causality or survival evidence.
mwaskom__seaborn-2848,mwaskom/seaborn,[LOCAL_DRIVE]/code\repos_lite_pro\mwaskom__seaborn,94621cef29f80282436d73e8d2c0aa76dab81273,mwaskom__seaborn-2848-d365,b6737d5aec9a91bb8840cdda896a7970e1830d56,365,97,ee6475e7d69fb28b034df2f5f01a2a5674998aab,naive fix for #3037 (#3038),2,seaborn/axisgrid.py;seaborn/categorical.py,related_same_subtree,seaborn/_oldcore.py,2,a3eff2928e60880e264b0ba75ece3b38ec62b4d9609588a9211f19046b52df5b,0,True,Descriptive local Git future-history mechanism inventory; not semantic causality or survival evidence.
mwaskom__seaborn-2848,mwaskom/seaborn,[LOCAL_DRIVE]/code\repos_lite_pro\mwaskom__seaborn,94621cef29f80282436d73e8d2c0aa76dab81273,mwaskom__seaborn-2848-d365,b6737d5aec9a91bb8840cdda896a7970e1830d56,365,98,d20332947c0ee544a605c6d82ea91e48dce6fb6d,CI: Make tests more robust to concurrency (#3039),8,tests/_core/test_plot.py;tests/_marks/test_area.py;tests/_marks/test_bar.py;tests/_marks/test_dot.py;tests/_marks/test_line.py;tests/conftest.py;tests/test_core.py;tests/test_rcmod.py,test_only,seaborn/_oldcore.py,2,a3eff2928e60880e264b0ba75ece3b38ec62b4d9609588a9211f19046b52df5b,0,True,Descriptive local Git future-history mechanism inventory; not semantic causality or survival evidence.
mwaskom__seaborn-2848,mwaskom/seaborn,[LOCAL_DRIVE]/code\repos_lite_pro\mwaskom__seaborn,94621cef29f80282436d73e8d2c0aa76dab81273,mwaskom__seaborn-2848-d365,b6737d5aec9a91bb8840cdda896a7970e1830d56,365,99,f2fc4b5d8b9c7a8e0b1aaa34793b4f4e3445f81a,Update pandas syntax to avoid deprecated behavior (#3040),4,seaborn/categorical.py;seaborn/distributions.py;tests/_stats/test_histogram.py;tests/test_categorical.py,related_same_subtree,seaborn/_oldcore.py,2,a3eff2928e60880e264b0ba75ece3b38ec62b4d9609588a9211f19046b52df5b,0,True,Descriptive local Git future-history mechanism inventory; not semantic causality or survival evidence.
mwaskom__seaborn-2848,mwaskom/seaborn,[LOCAL_DRIVE]/code\repos_lite_pro\mwaskom__seaborn,94621cef29f80282436d73e8d2c0aa76dab81273,mwaskom__seaborn-2848-d365,b6737d5aec9a91bb8840cdda896a7970e1830d56,365,100,ad11bdc4d33793ebc644f58a0c10875bf2455714,Typing: use pandas-type-stubs and address arising issues (#3044),8,pyproject.toml;seaborn/_core/data.py;seaborn/_core/groupby.py;seaborn/_core/plot.py;seaborn/_core/rules.py;seaborn/_core/scales.py;seaborn/_core/typing.py;seaborn/_stats/aggregation.py,related_same_subtree,seaborn/_oldcore.py,2,a3eff2928e60880e264b0ba75ece3b38ec62b4d9609588a9211f19046b52df5b,0,True,Descriptive local Git future-history mechanism inventory; not semantic causality or survival evidence.
mwaskom__seaborn-2848,mwaskom/seaborn,[LOCAL_DRIVE]/code\repos_lite_pro\mwaskom__seaborn,94621cef29f80282436d73e8d2c0aa76dab81273,mwaskom__seaborn-2848-d365,b6737d5aec9a91bb8840cdda896a7970e1830d56,365,101,ed3d367a436aee8782ace920026c2e582057f795,Histogram refactoring and improvements (#3045),8,doc/_docstrings/objects.Hist.ipynb;seaborn/_statistics.py;seaborn/_stats/base.py;seaborn/_stats/histogram.py;seaborn/distributions.py;tests/_stats/test_histogram.py;tests/test_axisgrid.py;tests/test_distributions.py,related_same_subtree,seaborn/_oldcore.py,2,a3eff2928e60880e264b0ba75ece3b38ec62b4d9609588a9211f19046b52df5b,0,True,Descriptive local Git future-history mechanism inventory; not semantic causality or survival evidence.
mwaskom__seaborn-2848,mwaskom/seaborn,[LOCAL_DRIVE]/code\repos_lite_pro\mwaskom__seaborn,94621cef29f80282436d73e8d2c0aa76dab81273,mwaskom__seaborn-2848-d365,b6737d5aec9a91bb8840cdda896a7970e1830d56,365,102,63186a4e6a57890b1aa8455b3dfa78b7a5ce8f7d,Text mark (#3051),12,doc/_docstrings/objects.Text.ipynb;doc/_tutorial/properties.ipynb;doc/api.rst;doc/whatsnew/v0.12.1.rst;seaborn/_core/plot.py;seaborn/_core/properties.py;seaborn/_marks/base.py;seaborn/_marks/text.py;seaborn/objects.py;tests/_core/test_plot.py;tests/_marks/test_text.py;tests/test_objects.py,related_same_subtree,seaborn/_oldcore.py,2,a3eff2928e60880e264b0ba75ece3b38ec62b4d9609588a9211f19046b52df5b,0,True,Descriptive local Git future-history mechanism inventory; not semantic causality or survival evidence.
mwaskom__seaborn-2848,mwaskom/seaborn,[LOCAL_DRIVE]/code\repos_lite_pro\mwaskom__seaborn,94621cef29f80282436d73e8d2c0aa76dab81273,mwaskom__seaborn-2848-d365,b6737d5aec9a91bb8840cdda896a7970e1830d56,365,103,8ea02f09a40b5f7af73f54a1d3d060444c9c3b5b,Fix Plot legend with > 2 layers (#3055),2,seaborn/_core/plot.py;tests/_core/test_plot.py,related_same_subtree,seaborn/_oldcore.py,2,a3eff2928e60880e264b0ba75ece3b38ec62b4d9609588a9211f19046b52df5b,0,True,Descriptive local Git future-history mechanism inventory; not semantic causality or survival evidence.
mwaskom__seaborn-2848,mwaskom/seaborn,[LOCAL_DRIVE]/code\repos_lite_pro\mwaskom__seaborn,94621cef29f80282436d73e8d2c0aa76dab81273,mwaskom__seaborn-2848-d365,b6737d5aec9a91bb8840cdda896a7970e1830d56,365,104,5386adc5a482ef3d0aef958ebf37d39ce0b06b88,Update release notes,1,doc/whatsnew/v0.12.1.rst,infrastructure_only,seaborn/_oldcore.py,2,a3eff2928e60880e264b0ba75ece3b38ec62b4d9609588a9211f19046b52df5b,0,True,Descriptive local Git future-history mechanism inventory; not semantic causality or survival evidence.
mwaskom__seaborn-2848,mwaskom/seaborn,[LOCAL_DRIVE]/code\repos_lite_pro\mwaskom__seaborn,94621cef29f80282436d73e8d2c0aa76dab81273,mwaskom__seaborn-2848-d365,b6737d5aec9a91bb8840cdda896a7970e1830d56,365,105,f033f5da0631726fba7bb598dfcaf18e40e70c04,Mark as non-compatibile with matplotlib 3.6.1 (#3060),1,pyproject.toml,infrastructure_only,seaborn/_oldcore.py,2,a3eff2928e60880e264b0ba75ece3b38ec62b4d9609588a9211f19046b52df5b,0,True,Descriptive local Git future-history mechanism inventory; not semantic causality or survival evidence.
mwaskom__seaborn-2848,mwaskom/seaborn,[LOCAL_DRIVE]/code\repos_lite_pro\mwaskom__seaborn,94621cef29f80282436d73e8d2c0aa76dab81273,mwaskom__seaborn-2848-d365,b6737d5aec9a91bb8840cdda896a7970e1830d56,365,106,6d6f8d3b520317deba21cab0ed1f44f1cac36bcb,Cover full extent of data in Band/Range when not given min/max explicitly (#3056),7,doc/_docstrings/objects.Band.ipynb;doc/_docstrings/objects.Range.ipynb;doc/whatsnew/v0.12.1.rst;seaborn/_marks/area.py;seaborn/_marks/line.py;tests/_marks/test_area.py;tests/_marks/test_line.py,related_same_subtree,seaborn/_oldcore.py,2,a3eff2928e60880e264b0ba75ece3b38ec62b4d9609588a9211f19046b52df5b,0,True,Descriptive local Git future-history mechanism inventory; not semantic causality or survival evidence.
mwaskom__seaborn-2848,mwaskom/seaborn,[LOCAL_DRIVE]/code\repos_lite_pro\mwaskom__seaborn,94621cef29f80282436d73e8d2c0aa76dab81273,mwaskom__seaborn-2848-d365,b6737d5aec9a91bb8840cdda896a7970e1830d56,365,107,c412ddf1fede5d8882a6c230826c1d8fbbf61911,Fix data cache env variable in ci build (#3062),1,.github/workflows/ci.yaml,infrastructure_only,seaborn/_oldcore.py,2,a3eff2928e60880e264b0ba75ece3b38ec62b4d9609588a9211f19046b52df5b,0,True,Descriptive local Git future-history mechanism inventory; not semantic causality or survival evidence.
mwaskom__seaborn-2848,mwaskom/seaborn,[LOCAL_DRIVE]/code\repos_lite_pro\mwaskom__seaborn,94621cef29f80282436d73e8d2c0aa76dab81273,mwaskom__seaborn-2848-d365,b6737d5aec9a91bb8840cdda896a7970e1830d56,365,108,3f623e7499263440491417ca642fdae9e1d3c9dd,Fix unfilled kdeplot cmap regression (#3065),4,doc/whatsnew/v0.12.1.rst;seaborn/distributions.py;seaborn/utils.py;tests/test_distributions.py,related_same_subtree,seaborn/_oldcore.py,2,a3eff2928e60880e264b0ba75ece3b38ec62b4d9609588a9211f19046b52df5b,0,True,Descriptive local Git future-history mechanism inventory; not semantic causality or survival evidence.
mwaskom__seaborn-2848,mwaskom/seaborn,[LOCAL_DRIVE]/code\repos_lite_pro\mwaskom__seaborn,94621cef29f80282436d73e8d2c0aa76dab81273,mwaskom__seaborn-2848-d365,b6737d5aec9a91bb8840cdda896a7970e1830d56,365,109,5013aea0a1a730140c1d1aafa8aef7106593cb6d,Use a stable algorithm in sorting marks (#3064),3,doc/whatsnew/v0.12.1.rst;seaborn/_marks/area.py;seaborn/_marks/line.py,related_same_subtree,seaborn/_oldcore.py,2,a3eff2928e60880e264b0ba75ece3b38ec62b4d9609588a9211f19046b52df5b,0,True,Descriptive local Git future-history mechanism inventory; not semantic causality or survival evidence.
mwaskom__seaborn-2848,mwaskom/seaborn,[LOCAL_DRIVE]/code\repos_lite_pro\mwaskom__seaborn,94621cef29f80282436d73e8d2c0aa76dab81273,mwaskom__seaborn-2848-d365,b6737d5aec9a91bb8840cdda896a7970e1830d56,365,110,aa56714f7ca39c809126200449f14073eb9fedcd,Add Perc stat for computing percentiles (#3063),7,doc/_docstrings/objects.Perc.ipynb;doc/api.rst;doc/whatsnew/v0.12.1.rst;seaborn/_stats/aggregation.py;seaborn/_stats/order.py;seaborn/objects.py;tests/_stats/test_order.py,related_same_subtree,seaborn/_oldcore.py,2,a3eff2928e60880e264b0ba75ece3b38ec62b4d9609588a9211f19046b52df5b,0,True,Descriptive local Git future-history mechanism inventory; not semantic causality or survival evidence.
mwaskom__seaborn-2848,mwaskom/seaborn,[LOCAL_DRIVE]/code\repos_lite_pro\mwaskom__seaborn,94621cef29f80282436d73e8d2c0aa76dab81273,mwaskom__seaborn-2848-d365,b6737d5aec9a91bb8840cdda896a7970e1830d56,365,111,a23cf31ad410fd81217f278a835918928c589086,Mention stats extra in docs environment setup docs,1,doc/README.md,infrastructure_only,seaborn/_oldcore.py,2,a3eff2928e60880e264b0ba75ece3b38ec62b4d9609588a9211f19046b52df5b,0,True,Descriptive local Git future-history mechanism inventory; not semantic causality or survival evidence.
mwaskom__seaborn-2848,mwaskom/seaborn,[LOCAL_DRIVE]/code\repos_lite_pro\mwaskom__seaborn,94621cef29f80282436d73e8d2c0aa76dab81273,mwaskom__seaborn-2848-d365,b6737d5aec9a91bb8840cdda896a7970e1830d56,365,112,54cab15bdacfaa05a88fbc5502a5b322d99f148e,Make Jitter do something by default (#3066),6,doc/_docstrings/objects.Jitter.ipynb;doc/whatsnew/v0.12.1.rst;seaborn/_core/moves.py;seaborn/_core/plot.py;seaborn/_core/typing.py;tests/_core/test_moves.py,related_same_subtree,seaborn/_oldcore.py,2,a3eff2928e60880e264b0ba75ece3b38ec62b4d9609588a9211f19046b52df5b,0,True,Descriptive local Git future-history mechanism inventory; not semantic causality or survival evidence.
mwaskom__seaborn-2848,mwaskom/seaborn,[LOCAL_DRIVE]/code\repos_lite_pro\mwaskom__seaborn,94621cef29f80282436d73e8d2c0aa76dab81273,mwaskom__seaborn-2848-d365,b6737d5aec9a91bb8840cdda896a7970e1830d56,365,113,85c8ed632a5e9ec45b7d69d89518bb784a6e05a5,Add label parameter to pointplot (#3016),3,doc/whatsnew/v0.12.1.rst;seaborn/categorical.py;tests/test_categorical.py,related_same_subtree,seaborn/_oldcore.py,2,a3eff2928e60880e264b0ba75ece3b38ec62b4d9609588a9211f19046b52df5b,0,True,Descriptive local Git future-history mechanism inventory; not semantic causality or survival evidence.
mwaskom__seaborn-2848,mwaskom/seaborn,[LOCAL_DRIVE]/code\repos_lite_pro\mwaskom__seaborn,94621cef29f80282436d73e8d2c0aa76dab81273,mwaskom__seaborn-2848-d365,b6737d5aec9a91bb8840cdda896a7970e1830d56,365,114,a767d666d45a6f105177e4720669b85c92ee2432,Tweak nominal scale axes akin to categorical axes in classic seaborn (#3069),3,doc/whatsnew/v0.12.1.rst;seaborn/_core/plot.py;tests/_core/test_plot.py,related_same_subtree,seaborn/_oldcore.py,2,a3eff2928e60880e264b0ba75ece3b38ec62b4d9609588a9211f19046b52df5b,0,True,Descriptive local Git future-history mechanism inventory; not semantic causality or survival evidence.
mwaskom__seaborn-2848,mwaskom/seaborn,[LOCAL_DRIVE]/code\repos_lite_pro\mwaskom__seaborn,94621cef29f80282436d73e8d2c0aa76dab81273,mwaskom__seaborn-2848-d365,b6737d5aec9a91bb8840cdda896a7970e1830d56,365,115,549c3267ed2cef9a237da55324bfbf51f0246032,Add Dash mark (#3074),6,doc/_docstrings/objects.Dash.ipynb;doc/api.rst;doc/whatsnew/v0.12.1.rst;seaborn/_marks/line.py;seaborn/objects.py;tests/_marks/test_line.py,related_same_subtree,seaborn/_oldcore.py,2,a3eff2928e60880e264b0ba75ece3b38ec62b4d9609588a9211f19046b52df5b,0,True,Descriptive local Git future-history mechanism inventory; not semantic causality or survival evidence.
mwaskom__seaborn-2848,mwaskom/seaborn,[LOCAL_DRIVE]/code\repos_lite_pro\mwaskom__seaborn,94621cef29f80282436d73e8d2c0aa76dab81273,mwaskom__seaborn-2848-d365,b6737d5aec9a91bb8840cdda896a7970e1830d56,365,116,876beddb8fe2d2fceae7a0675071de3886634433,Make tenses consistent in release notes,1,doc/whatsnew/v0.12.1.rst,infrastructure_only,seaborn/_oldcore.py,2,a3eff2928e60880e264b0ba75ece3b38ec62b4d9609588a9211f19046b52df5b,0,True,Descriptive local Git future-history mechanism inventory; not semantic causality or survival evidence.
mwaskom__seaborn-2848,mwaskom/seaborn,[LOCAL_DRIVE]/code\repos_lite_pro\mwaskom__seaborn,94621cef29f80282436d73e8d2c0aa76dab81273,mwaskom__seaborn-2848-d365,b6737d5aec9a91bb8840cdda896a7970e1830d56,365,117,1d70f58faba96a02c9fe403da4d61860de10a3ca,Avoid aggregating in lineplot when not necessary (#3081),3,doc/whatsnew/v0.12.1.rst;seaborn/relational.py;tests/test_relational.py,related_same_subtree,seaborn/_oldcore.py,2,a3eff2928e60880e264b0ba75ece3b38ec62b4d9609588a9211f19046b52df5b,0,True,Descriptive local Git future-history mechanism inventory; not semantic causality or survival evidence.
mwaskom__seaborn-2848,mwaskom/seaborn,[LOCAL_DRIVE]/code\repos_lite_pro\mwaskom__seaborn,94621cef29f80282436d73e8d2c0aa76dab81273,mwaskom__seaborn-2848-d365,b6737d5aec9a91bb8840cdda896a7970e1830d56,365,118,a02b6bf97bc3c66060f78bcc6704627d5638632d,Fix Plot with no variance in orient dimension (#3084),4,doc/whatsnew/v0.12.1.rst;seaborn/_core/scales.py;tests/_core/test_plot.py;tests/_marks/test_line.py,related_same_subtree,seaborn/_oldcore.py,2,a3eff2928e60880e264b0ba75ece3b38ec62b4d9609588a9211f19046b52df5b,0,True,Descriptive local Git future-history mechanism inventory; not semantic causality or survival evidence.
mwaskom__seaborn-2848,mwaskom/seaborn,[LOCAL_DRIVE]/code\repos_lite_pro\mwaskom__seaborn,94621cef29f80282436d73e8d2c0aa76dab81273,mwaskom__seaborn-2848-d365,b6737d5aec9a91bb8840cdda896a7970e1830d56,365,119,95dc3775227cad3d418d6f8c18318a5233ad1934,Add Count stat (#3086),10,doc/_docstrings/objects.Count.ipynb;doc/api.rst;doc/whatsnew/v0.12.1.rst;seaborn/_stats/aggregation.py;seaborn/_stats/counting.py;seaborn/_stats/histogram.py;seaborn/distributions.py;seaborn/objects.py;tests/_stats/test_counting.py;tests/_stats/test_histogram.py,related_same_subtree,seaborn/_oldcore.py,2,a3eff2928e60880e264b0ba75ece3b38ec62b4d9609588a9211f19046b52df5b,0,True,Descriptive local Git future-history mechanism inventory; not semantic causality or survival evidence.
mwaskom__seaborn-2848,mwaskom/seaborn,[LOCAL_DRIVE]/code\repos_lite_pro\mwaskom__seaborn,94621cef29f80282436d73e8d2c0aa76dab81273,mwaskom__seaborn-2848-d365,b6737d5aec9a91bb8840cdda896a7970e1830d56,365,120,a42d62de98c4211dc358f0ada389e81dad6a804a,Allow base=None to disable log formatter in Continuous.label (#3087),3,doc/whatsnew/v0.12.1.rst;seaborn/_core/scales.py;tests/_core/test_scales.py,related_same_subtree,seaborn/_oldcore.py,2,a3eff2928e60880e264b0ba75ece3b38ec62b4d9609588a9211f19046b52df5b,0,True,Descriptive local Git future-history mechanism inventory; not semantic causality or survival evidence.
mwaskom__seaborn-2848,mwaskom/seaborn,[LOCAL_DRIVE]/code\repos_lite_pro\mwaskom__seaborn,94621cef29f80282436d73e8d2c0aa76dab81273,mwaskom__seaborn-2848-d365,b6737d5aec9a91bb8840cdda896a7970e1830d56,365,121,0f92224f88ccb732d0485a51640818e9b4e55bf2,Add docstrings and API examples for remaining transform objects (#3088),8,doc/_docstrings/objects.Agg.ipynb;doc/_docstrings/objects.Dodge.ipynb;doc/_docstrings/objects.Est.ipynb;doc/_docstrings/objects.Norm.ipynb;doc/_docstrings/objects.Shift.ipynb;doc/_docstrings/objects.Stack.ipynb;seaborn/_core/moves.py;seaborn/_stats/aggregation.py,related_same_subtree,seaborn/_oldcore.py,2,a3eff2928e60880e264b0ba75ece3b38ec62b4d9609588a9211f19046b52df5b,0,True,Descriptive local Git future-history mechanism inventory; not semantic causality or survival evidence.
mwaskom__seaborn-2848,mwaskom/seaborn,[LOCAL_DRIVE]/code\repos_lite_pro\mwaskom__seaborn,94621cef29f80282436d73e8d2c0aa76dab81273,mwaskom__seaborn-2848-d365,b6737d5aec9a91bb8840cdda896a7970e1830d56,365,122,d5ffb641c76626336bf83cd1a1d9321260acc69c,Update release notes for v0.12.1 release,1,doc/whatsnew/v0.12.1.rst,infrastructure_only,seaborn/_oldcore.py,2,a3eff2928e60880e264b0ba75ece3b38ec62b4d9609588a9211f19046b52df5b,0,True,Descriptive local Git future-history mechanism inventory; not semantic causality or survival evidence.
mwaskom__seaborn-2848,mwaskom/seaborn,[LOCAL_DRIVE]/code\repos_lite_pro\mwaskom__seaborn,94621cef29f80282436d73e8d2c0aa76dab81273,mwaskom__seaborn-2848-d365,b6737d5aec9a91bb8840cdda896a7970e1830d56,365,123,0d676fbdf92815c3a0d9bb67d1de249566139508,Fix typos in release notes,1,doc/whatsnew/v0.12.1.rst,infrastructure_only,seaborn/_oldcore.py,2,a3eff2928e60880e264b0ba75ece3b38ec62b4d9609588a9211f19046b52df5b,0,True,Descriptive local Git future-history mechanism inventory; not semantic causality or survival evidence.
mwaskom__seaborn-2848,mwaskom/seaborn,[LOCAL_DRIVE]/code\repos_lite_pro\mwaskom__seaborn,94621cef29f80282436d73e8d2c0aa76dab81273,mwaskom__seaborn-2848-d365,b6737d5aec9a91bb8840cdda896a7970e1830d56,365,124,7feb61d06d3d0cdb759c1075ea4952ddd5f8769f,Make Text examples look better with new Nominal behavior,1,doc/_docstrings/objects.Text.ipynb,infrastructure_only,seaborn/_oldcore.py,2,a3eff2928e60880e264b0ba75ece3b38ec62b4d9609588a9211f19046b52df5b,0,True,Descriptive local Git future-history mechanism inventory; not semantic causality or survival evidence.
mwaskom__seaborn-2848,mwaskom/seaborn,[LOCAL_DRIVE]/code\repos_lite_pro\mwaskom__seaborn,94621cef29f80282436d73e8d2c0aa76dab81273,mwaskom__seaborn-2848-d365,b6737d5aec9a91bb8840cdda896a7970e1830d56,365,125,0cda814d368e55ca38f27b15d682a77731553a09,Fix hidden cell in Est docstring,1,doc/_docstrings/objects.Est.ipynb,infrastructure_only,seaborn/_oldcore.py,2,a3eff2928e60880e264b0ba75ece3b38ec62b4d9609588a9211f19046b52df5b,0,True,Descriptive local Git future-history mechanism inventory; not semantic causality or survival evidence.
mwaskom__seaborn-2848,mwaskom/seaborn,[LOCAL_DRIVE]/code\repos_lite_pro\mwaskom__seaborn,94621cef29f80282436d73e8d2c0aa76dab81273,mwaskom__seaborn-2848-d365,b6737d5aec9a91bb8840cdda896a7970e1830d56,365,126,df37723107b9b3a117708711ecd7a6264c2293d4,Fix objects references,1,doc/_docstrings/objects.Agg.ipynb,infrastructure_only,seaborn/_oldcore.py,2,a3eff2928e60880e264b0ba75ece3b38ec62b4d9609588a9211f19046b52df5b,0,True,Descriptive local Git future-history mechanism inventory; not semantic causality or survival evidence.
mwaskom__seaborn-2848,mwaskom/seaborn,[LOCAL_DRIVE]/code\repos_lite_pro\mwaskom__seaborn,94621cef29f80282436d73e8d2c0aa76dab81273,mwaskom__seaborn-2848-d365,b6737d5aec9a91bb8840cdda896a7970e1830d56,365,127,6f76be288eb385a2ad96a954fea9f21a9126c221,Add Flit to dev docs and increment version,2,pyproject.toml;seaborn/__init__.py,related_same_subtree,seaborn/_oldcore.py,2,a3eff2928e60880e264b0ba75ece3b38ec62b4d9609588a9211f19046b52df5b,0,True,Descriptive local Git future-history mechanism inventory; not semantic causality or survival evidence.
mwaskom__seaborn-2848,mwaskom/seaborn,[LOCAL_DRIVE]/code\repos_lite_pro\mwaskom__seaborn,94621cef29f80282436d73e8d2c0aa76dab81273,mwaskom__seaborn-2848-d365,b6737d5aec9a91bb8840cdda896a7970e1830d56,365,128,bf4695466d742f301f361b8d0c8168c5c4bdf889,Update categorical.py (#3097),1,seaborn/categorical.py,related_same_subtree,seaborn/_oldcore.py,2,a3eff2928e60880e264b0ba75ece3b38ec62b4d9609588a9211f19046b52df5b,0,True,Descriptive local Git future-history mechanism inventory; not semantic causality or survival evidence.
mwaskom__seaborn-2848,mwaskom/seaborn,[LOCAL_DRIVE]/code\repos_lite_pro\mwaskom__seaborn,94621cef29f80282436d73e8d2c0aa76dab81273,mwaskom__seaborn-2848-d365,b6737d5aec9a91bb8840cdda896a7970e1830d56,365,129,aafd54f21ac749fa24dcdfdb639f4f1585fdc812,include note in stripplot docstring about edgecolor depending on linewidth (#3110),1,seaborn/categorical.py,related_same_subtree,seaborn/_oldcore.py,2,a3eff2928e60880e264b0ba75ece3b38ec62b4d9609588a9211f19046b52df5b,0,True,Descriptive local Git future-history mechanism inventory; not semantic causality or survival evidence.
mwaskom__seaborn-2848,mwaskom/seaborn,[LOCAL_DRIVE]/code\repos_lite_pro\mwaskom__seaborn,94621cef29f80282436d73e8d2c0aa76dab81273,mwaskom__seaborn-2848-d365,b6737d5aec9a91bb8840cdda896a7970e1830d56,365,130,852ffaf3e28de848c4d07e778c7990924637d046,Add KDE stat (#3111),11,Makefile;doc/_docstrings/objects.KDE.ipynb;doc/api.rst;doc/whatsnew/v0.12.2.rst;seaborn/_stats/base.py;seaborn/_stats/counting.py;seaborn/_stats/density.py;seaborn/external/kde.py;seaborn/objects.py;tests/_stats/test_counting.py;tests/_stats/test_density.py,related_same_subtree,seaborn/_oldcore.py,2,a3eff2928e60880e264b0ba75ece3b38ec62b4d9609588a9211f19046b52df5b,0,True,Descriptive local Git future-history mechanism inventory; not semantic causality or survival evidence.
mwaskom__seaborn-2848,mwaskom/seaborn,[LOCAL_DRIVE]/code\repos_lite_pro\mwaskom__seaborn,94621cef29f80282436d73e8d2c0aa76dab81273,mwaskom__seaborn-2848-d365,b6737d5aec9a91bb8840cdda896a7970e1830d56,365,131,021a20f06f41212fd8c55680a8cc3bf0924e1b30,Don't pass label when creating color cycle scout (#3116),3,doc/whatsnew/v0.12.2.rst;seaborn/utils.py;tests/test_distributions.py,related_same_subtree,seaborn/_oldcore.py,2,a3eff2928e60880e264b0ba75ece3b38ec62b4d9609588a9211f19046b52df5b,0,True,Descriptive local Git future-history mechanism inventory; not semantic causality or survival evidence.
mwaskom__seaborn-2848,mwaskom/seaborn,[LOCAL_DRIVE]/code\repos_lite_pro\mwaskom__seaborn,94621cef29f80282436d73e8d2c0aa76dab81273,mwaskom__seaborn-2848-d365,b6737d5aec9a91bb8840cdda896a7970e1830d56,365,132,8dc5a9cd86cb1cd71c60d89b17a4c14ec8c87190,Compute spacing/width separately for unshared axes (#3119),5,doc/_docstrings/objects.Norm.ipynb;doc/whatsnew/v0.12.2.rst;seaborn/_core/plot.py;seaborn/utils.py;tests/_core/test_plot.py,related_same_subtree,seaborn/_oldcore.py,2,a3eff2928e60880e264b0ba75ece3b38ec62b4d9609588a9211f19046b52df5b,0,True,Descriptive local Git future-history mechanism inventory; not semantic causality or survival evidence.
mwaskom__seaborn-2848,mwaskom/seaborn,[LOCAL_DRIVE]/code\repos_lite_pro\mwaskom__seaborn,94621cef29f80282436d73e8d2c0aa76dab81273,mwaskom__seaborn-2848-d365,b6737d5aec9a91bb8840cdda896a7970e1830d56,365,133,2676743e1f2fb07d000dc692085e3f117b56e0d9,Redirect FAQ to docs,1,README.md,infrastructure_only,seaborn/_oldcore.py,2,a3eff2928e60880e264b0ba75ece3b38ec62b4d9609588a9211f19046b52df5b,0,True,Descriptive local Git future-history mechanism inventory; not semantic causality or survival evidence.
mwaskom__seaborn-2848,mwaskom/seaborn,[LOCAL_DRIVE]/code\repos_lite_pro\mwaskom__seaborn,94621cef29f80282436d73e8d2c0aa76dab81273,mwaskom__seaborn-2848-d365,b6737d5aec9a91bb8840cdda896a7970e1830d56,365,134,d4d27adbdbf8be729e0d588bb60d1fd80f2084a8,Fix implicit optional typing (#3132),1,seaborn/_core/scales.py,related_same_subtree,seaborn/_oldcore.py,2,a3eff2928e60880e264b0ba75ece3b38ec62b4d9609588a9211f19046b52df5b,0,True,Descriptive local Git future-history mechanism inventory; not semantic causality or survival evidence.
mwaskom__seaborn-2848,mwaskom/seaborn,[LOCAL_DRIVE]/code\repos_lite_pro\mwaskom__seaborn,94621cef29f80282436d73e8d2c0aa76dab81273,mwaskom__seaborn-2848-d365,b6737d5aec9a91bb8840cdda896a7970e1830d56,365,135,d121c9cadf835bd87bc7bd48b62e837ef165ca4d,Fix a copy & paste error in the docstring for FacetGrid.set_titles (#3141),1,seaborn/axisgrid.py,related_same_subtree,seaborn/_oldcore.py,2,a3eff2928e60880e264b0ba75ece3b38ec62b4d9609588a9211f19046b52df5b,0,True,Descriptive local Git future-history mechanism inventory; not semantic causality or survival evidence.
mwaskom__seaborn-2848,mwaskom/seaborn,[LOCAL_DRIVE]/code\repos_lite_pro\mwaskom__seaborn,94621cef29f80282436d73e8d2c0aa76dab81273,mwaskom__seaborn-2848-d365,b6737d5aec9a91bb8840cdda896a7970e1830d56,365,136,0360fcc7c946fcdd863bbbb36b2a7c6e0894750f,Fix a typo in the installing doc (#3156),1,doc/installing.rst,infrastructure_only,seaborn/_oldcore.py,2,a3eff2928e60880e264b0ba75ece3b38ec62b4d9609588a9211f19046b52df5b,0,True,Descriptive local Git future-history mechanism inventory; not semantic causality or survival evidence.
mwaskom__seaborn-2848,mwaskom/seaborn,[LOCAL_DRIVE]/code\repos_lite_pro\mwaskom__seaborn,94621cef29f80282436d73e8d2c0aa76dab81273,mwaskom__seaborn-2848-d365,b6737d5aec9a91bb8840cdda896a7970e1830d56,365,137,41b77cc7c547317ade980cfb4ecef7faf663fb0f,Add Dependabot configuration for GitHub Actions updates (#3122),1,.github/dependabot.yml,infrastructure_only,seaborn/_oldcore.py,2,a3eff2928e60880e264b0ba75ece3b38ec62b4d9609588a9211f19046b52df5b,0,True,Descriptive local Git future-history mechanism inventory; not semantic causality or survival evidence.
mwaskom__seaborn-2848,mwaskom/seaborn,[LOCAL_DRIVE]/code\repos_lite_pro\mwaskom__seaborn,94621cef29f80282436d73e8d2c0aa76dab81273,mwaskom__seaborn-2848-d365,b6737d5aec9a91bb8840cdda896a7970e1830d56,365,138,fb3a65add8a77334af137dff74176e841c4c1bd9,Bump actions/setup-python from 3 to 4 (#3157),1,.github/workflows/ci.yaml,infrastructure_only,seaborn/_oldcore.py,2,a3eff2928e60880e264b0ba75ece3b38ec62b4d9609588a9211f19046b52df5b,0,True,Descriptive local Git future-history mechanism inventory; not semantic causality or survival evidence.
mwaskom__seaborn-2848,mwaskom/seaborn,[LOCAL_DRIVE]/code\repos_lite_pro\mwaskom__seaborn,94621cef29f80282436d73e8d2c0aa76dab81273,mwaskom__seaborn-2848-d365,b6737d5aec9a91bb8840cdda896a7970e1830d56,365,139,feb59d250ea92ef143f5aef50ff6e18869affa7f,Bump codecov/codecov-action from 2 to 3 (#3158),1,.github/workflows/ci.yaml,infrastructure_only,seaborn/_oldcore.py,2,a3eff2928e60880e264b0ba75ece3b38ec62b4d9609588a9211f19046b52df5b,0,True,Descriptive local Git future-history mechanism inventory; not semantic causality or survival evidence.
mwaskom__seaborn-2848,mwaskom/seaborn,[LOCAL_DRIVE]/code\repos_lite_pro\mwaskom__seaborn,94621cef29f80282436d73e8d2c0aa76dab81273,mwaskom__seaborn-2848-d365,b6737d5aec9a91bb8840cdda896a7970e1830d56,365,140,ba786bc14eb255f6b4fb7619c8210c5a8016a26f,Fix log scaled histplot kde (#3173),3,doc/whatsnew/v0.12.2.rst;seaborn/distributions.py;tests/test_distributions.py,related_same_subtree,seaborn/_oldcore.py,2,a3eff2928e60880e264b0ba75ece3b38ec62b4d9609588a9211f19046b52df5b,0,True,Descriptive local Git future-history mechanism inventory; not semantic causality or survival evidence.
mwaskom__seaborn-2848,mwaskom/seaborn,[LOCAL_DRIVE]/code\repos_lite_pro\mwaskom__seaborn,94621cef29f80282436d73e8d2c0aa76dab81273,mwaskom__seaborn-2848-d365,b6737d5aec9a91bb8840cdda896a7970e1830d56,365,141,c8badb914bb8eaf5ec2578c0ecd434edb1234375,COMPAT: Change pandas use_inf_as_null to reflect 2.0 deprecation (#3177),3,seaborn/_core/plot.py;seaborn/_oldcore.py;seaborn/categorical.py,directly_overlapping,seaborn/_oldcore.py,2,a3eff2928e60880e264b0ba75ece3b38ec62b4d9609588a9211f19046b52df5b,0,True,Descriptive local Git future-history mechanism inventory; not semantic causality or survival evidence.
mwaskom__seaborn-2848,mwaskom/seaborn,[LOCAL_DRIVE]/code\repos_lite_pro\mwaskom__seaborn,94621cef29f80282436d73e8d2c0aa76dab81273,mwaskom__seaborn-2848-d365,b6737d5aec9a91bb8840cdda896a7970e1830d56,365,142,22cdfb0c93f8ec78492d87edb810f10cb7f57a31,Fix inner axis visibility in relplot with unshared axes (#3180),3,doc/whatsnew/v0.12.2.rst;seaborn/relational.py;tests/test_relational.py,related_same_subtree,seaborn/_oldcore.py,2,a3eff2928e60880e264b0ba75ece3b38ec62b4d9609588a9211f19046b52df5b,0,True,Descriptive local Git future-history mechanism inventory; not semantic causality or survival evidence.
mwaskom__seaborn-2848,mwaskom/seaborn,[LOCAL_DRIVE]/code\repos_lite_pro\mwaskom__seaborn,94621cef29f80282436d73e8d2c0aa76dab81273,mwaskom__seaborn-2848-d365,b6737d5aec9a91bb8840cdda896a7970e1830d56,365,143,9bd166565beea99ab2e43a0576c59efab196940b,Don't use offset / scientific notation in numeric legends (#3187),5,doc/whatsnew/v0.12.2.rst;seaborn/_core/scales.py;seaborn/utils.py;tests/_core/test_plot.py;tests/test_relational.py,related_same_subtree,seaborn/_oldcore.py,2,a3eff2928e60880e264b0ba75ece3b38ec62b4d9609588a9211f19046b52df5b,0,True,Descriptive local Git future-history mechanism inventory; not semantic causality or survival evidence.
mwaskom__seaborn-2848,mwaskom/seaborn,[LOCAL_DRIVE]/code\repos_lite_pro\mwaskom__seaborn,94621cef29f80282436d73e8d2c0aa76dab81273,mwaskom__seaborn-2848-d365,b6737d5aec9a91bb8840cdda896a7970e1830d56,365,144,26b3d0e29ff5286c32e6f934b2ed64cd20207496,Mark numpy 1.24.0 as non-compatible (#3194),1,pyproject.toml,infrastructure_only,seaborn/_oldcore.py,2,a3eff2928e60880e264b0ba75ece3b38ec62b4d9609588a9211f19046b52df5b,0,True,Descriptive local Git future-history mechanism inventory; not semantic causality or survival evidence.
mwaskom__seaborn-2848,mwaskom/seaborn,[LOCAL_DRIVE]/code\repos_lite_pro\mwaskom__seaborn,94621cef29f80282436d73e8d2c0aa76dab81273,mwaskom__seaborn-2848-d365,b6737d5aec9a91bb8840cdda896a7970e1830d56,365,145,d25872b0fc99dbf7e666a91f59bd4ed125186aa1,fix typos (#3193),2,doc/_tutorial/axis_grids.ipynb;doc/_tutorial/regression.ipynb,infrastructure_only,seaborn/_oldcore.py,2,a3eff2928e60880e264b0ba75ece3b38ec62b4d9609588a9211f19046b52df5b,0,True,Descriptive local Git future-history mechanism inventory; not semantic causality or survival evidence.
mwaskom__seaborn-2848,mwaskom/seaborn,[LOCAL_DRIVE]/code\repos_lite_pro\mwaskom__seaborn,94621cef29f80282436d73e8d2c0aa76dab81273,mwaskom__seaborn-2848-d365,b6737d5aec9a91bb8840cdda896a7970e1830d56,365,146,87e097275ce468db8f18c80ef8970310cfef1fe8,Improve robustness to empty data in Plot and Nominal (#3202),5,doc/whatsnew/v0.12.2.rst;seaborn/_core/plot.py;seaborn/_core/scales.py;tests/_core/test_plot.py;tests/_core/test_scales.py,related_same_subtree,seaborn/_oldcore.py,2,a3eff2928e60880e264b0ba75ece3b38ec62b4d9609588a9211f19046b52df5b,0,True,Descriptive local Git future-history mechanism inventory; not semantic causality or survival evidence.
mwaskom__seaborn-2848,mwaskom/seaborn,[LOCAL_DRIVE]/code\repos_lite_pro\mwaskom__seaborn,94621cef29f80282436d73e8d2c0aa76dab81273,mwaskom__seaborn-2848-d365,b6737d5aec9a91bb8840cdda896a7970e1830d56,365,147,4a9e54962a29c12a8b103d75f838e0e795a6974d,Improve user feedback for errors during plot compilation (#3203),8,doc/whatsnew/v0.12.2.rst;seaborn/_core/exceptions.py;seaborn/_core/plot.py;seaborn/_marks/base.py;seaborn/palettes.py;tests/_core/test_plot.py;tests/_core/test_scales.py;tests/test_distributions.py,related_same_subtree,seaborn/_oldcore.py,2,a3eff2928e60880e264b0ba75ece3b38ec62b4d9609588a9211f19046b52df5b,0,True,Descriptive local Git future-history mechanism inventory; not semantic causality or survival evidence.
mwaskom__seaborn-2848,mwaskom/seaborn,[LOCAL_DRIVE]/code\repos_lite_pro\mwaskom__seaborn,94621cef29f80282436d73e8d2c0aa76dab81273,mwaskom__seaborn-2848-d365,b6737d5aec9a91bb8840cdda896a7970e1830d56,365,148,72710354ecc8470683e15f452ba0af841464e84a,Avoid exception from Continuous scale for normed property (#3190),3,doc/whatsnew/v0.12.2.rst;seaborn/_core/scales.py;tests/_core/test_scales.py,related_same_subtree,seaborn/_oldcore.py,2,a3eff2928e60880e264b0ba75ece3b38ec62b4d9609588a9211f19046b52df5b,0,True,Descriptive local Git future-history mechanism inventory; not semantic causality or survival evidence.
mwaskom__seaborn-2848,mwaskom/seaborn,[LOCAL_DRIVE]/code\repos_lite_pro\mwaskom__seaborn,94621cef29f80282436d73e8d2c0aa76dab81273,mwaskom__seaborn-2848-d365,b6737d5aec9a91bb8840cdda896a7970e1830d56,365,149,5e565d2a1d8e155a9e54bb93d6e0fc2b310ec336,Add Boolean scale (#3205),100,doc/_docstrings/FacetGrid.ipynb;doc/_docstrings/JointGrid.ipynb;doc/_docstrings/PairGrid.ipynb;doc/_docstrings/axes_style.ipynb;doc/_docstrings/barplot.ipynb;doc/_docstrings/blend_palette.ipynb;doc/_docstrings/boxenplot.ipynb;doc/_docstrings/boxplot.ipynb;doc/_docstrings/catplot.ipynb;doc/_docstrings/clustermap.ipynb;doc/_docstrings/color_palette.ipynb;doc/_docstrings/countplot.ipynb;doc/_docstrings/cubehelix_palette.ipynb;doc/_docstrings/dark_palette.ipynb;doc/_docstrings/displot.ipynb;doc/_docstrings/diverging_palette.ipynb;doc/_docstrings/ecdfplot.ipynb;doc/_docstrings/heatmap.ipynb;doc/_docstrings/histplot.ipynb;doc/_docstrings/hls_palette.ipynb;doc/_docstrings/husl_palette.ipynb;doc/_docstrings/jointplot.ipynb;doc/_docstrings/kdeplot.ipynb;doc/_docstrings/light_palette.ipynb;doc/_docstrings/lineplot.ipynb;doc/_docstrings/lmplot.ipynb;doc/_docstrings/move_legend.ipynb;doc/_docstrings/mpl_palette.ipynb;doc/_docstrings/objects.Agg.ipynb;doc/_docstrings/objects.Area.ipynb;doc/_docstrings/objects.Band.ipynb;doc/_docstrings/objects.Bar.ipynb;doc/_docstrings/objects.Bars.ipynb;doc/_docstrings/objects.Count.ipynb;doc/_docstrings/objects.Dash.ipynb;doc/_docstrings/objects.Dodge.ipynb;doc/_docstrings/objects.Dot.ipynb;doc/_docstrings/objects.Dots.ipynb;doc/_docstrings/objects.Est.ipynb;doc/_docstrings/objects.Hist.ipynb;doc/_docstrings/objects.Jitter.ipynb;doc/_docstrings/objects.KDE.ipynb;doc/_docstrings/objects.Line.ipynb;doc/_docstrings/objects.Lines.ipynb;doc/_docstrings/objects.Norm.ipynb;doc/_docstrings/objects.Path.ipynb;doc/_docstrings/objects.Paths.ipynb;doc/_docstrings/objects.Perc.ipynb;doc/_docstrings/objects.Plot.add.ipynb;doc/_docstrings/objects.Plot.facet.ipynb;doc/_docstrings/objects.Plot.label.ipynb;doc/_docstrings/objects.Plot.layout.ipynb;doc/_docstrings/objects.Plot.limit.ipynb;doc/_docstrings/objects.Plot.on.ipynb;doc/_docstrings/objects.Plot.pair.ipynb;doc/_docstrings/objects.Plot.scale.ipynb;doc/_docstrings/objects.Plot.share.ipynb;doc/_docstrings/objects.Plot.theme.ipynb;doc/_docstrings/objects.Range.ipynb;doc/_docstrings/objects.Shift.ipynb;doc/_docstrings/objects.Stack.ipynb;doc/_docstrings/objects.Text.ipynb;doc/_docstrings/pairplot.ipynb;doc/_docstrings/plotting_context.ipynb;doc/_docstrings/pointplot.ipynb;doc/_docstrings/regplot.ipynb;doc/_docstrings/relplot.ipynb;doc/_docstrings/residplot.ipynb;doc/_docstrings/rugplot.ipynb;doc/_docstrings/scatterplot.ipynb;doc/_docstrings/set_context.ipynb;doc/_docstrings/set_style.ipynb;doc/_docstrings/set_theme.ipynb;doc/_docstrings/stripplot.ipynb;doc/_docstrings/swarmplot.ipynb;doc/_docstrings/violinplot.ipynb;doc/_tutorial/aesthetics.ipynb;doc/_tutorial/axis_grids.ipynb;doc/_tutorial/categorical.ipynb;doc/_tutorial/color_palettes.ipynb;doc/_tutorial/data_structure.ipynb;doc/_tutorial/distributions.ipynb;doc/_tutorial/error_bars.ipynb;doc/_tutorial/function_overview.ipynb;doc/_tutorial/introduction.ipynb;doc/_tutorial/objects_interface.ipynb;doc/_tutorial/properties.ipynb;doc/_tutorial/regression.ipynb;doc/_tutorial/relational.ipynb;doc/api.rst;doc/whatsnew/index.rst;doc/whatsnew/v0.12.2.rst;seaborn/_core/plot.py;seaborn/_core/properties.py;seaborn/_core/rules.py;seaborn/_core/scales.py;seaborn/objects.py;tests/_core/test_properties.py;tests/_core/test_rules.py;tests/_core/test_scales.py,related_same_subtree,seaborn/_oldcore.py,2,a3eff2928e60880e264b0ba75ece3b38ec62b4d9609588a9211f19046b52df5b,0,True,Descriptive local Git future-history mechanism inventory; not semantic causality or survival evidence.
mwaskom__seaborn-2848,mwaskom/seaborn,[LOCAL_DRIVE]/code\repos_lite_pro\mwaskom__seaborn,94621cef29f80282436d73e8d2c0aa76dab81273,mwaskom__seaborn-2848-d365,b6737d5aec9a91bb8840cdda896a7970e1830d56,365,150,bf9fcb307533fad2031ab556f5f0e896bbc31e8d,Explicitly set inline backend when building docs from notebooks,2,doc/_docstrings/Makefile;doc/_tutorial/Makefile,infrastructure_only,seaborn/_oldcore.py,2,a3eff2928e60880e264b0ba75ece3b38ec62b4d9609588a9211f19046b52df5b,0,True,Descriptive local Git future-history mechanism inventory; not semantic causality or survival evidence.
mwaskom__seaborn-2848,mwaskom/seaborn,[LOCAL_DRIVE]/code\repos_lite_pro\mwaskom__seaborn,94621cef29f80282436d73e8d2c0aa76dab81273,mwaskom__seaborn-2848-d365,b6737d5aec9a91bb8840cdda896a7970e1830d56,365,151,0f5182ee01d28f2daeee805c7d4deb4a05b30bf0,Fix issue when an empty palette is provided for an empty dataset (#3136),2,seaborn/categorical.py;tests/test_categorical.py,related_same_subtree,seaborn/_oldcore.py,2,a3eff2928e60880e264b0ba75ece3b38ec62b4d9609588a9211f19046b52df5b,0,True,Descriptive local Git future-history mechanism inventory; not semantic causality or survival evidence.
mwaskom__seaborn-2848,mwaskom/seaborn,[LOCAL_DRIVE]/code\repos_lite_pro\mwaskom__seaborn,94621cef29f80282436d73e8d2c0aa76dab81273,mwaskom__seaborn-2848-d365,b6737d5aec9a91bb8840cdda896a7970e1830d56,365,152,10c3ed87a42bcaed74b115252eeb4b88ebc1597f,Finalize v0.12.2 release notes,1,doc/whatsnew/v0.12.2.rst,infrastructure_only,seaborn/_oldcore.py,2,a3eff2928e60880e264b0ba75ece3b38ec62b4d9609588a9211f19046b52df5b,0,True,Descriptive local Git future-history mechanism inventory; not semantic causality or survival evidence.
mwaskom__seaborn-2848,mwaskom/seaborn,[LOCAL_DRIVE]/code\repos_lite_pro\mwaskom__seaborn,94621cef29f80282436d73e8d2c0aa76dab81273,mwaskom__seaborn-2848-d365,b6737d5aec9a91bb8840cdda896a7970e1830d56,365,153,fd09815eed491edad014c88aea814396d3e3ded2,Bump version for 0.13.0 dev,1,seaborn/__init__.py,related_same_subtree,seaborn/_oldcore.py,2,a3eff2928e60880e264b0ba75ece3b38ec62b4d9609588a9211f19046b52df5b,0,True,Descriptive local Git future-history mechanism inventory; not semantic causality or survival evidence.
mwaskom__seaborn-2848,mwaskom/seaborn,[LOCAL_DRIVE]/code\repos_lite_pro\mwaskom__seaborn,94621cef29f80282436d73e8d2c0aa76dab81273,mwaskom__seaborn-2848-d365,b6737d5aec9a91bb8840cdda896a7970e1830d56,365,154,7b70380829417c82478e9c67efc7cd1e5f1b8cb1,Increase minimally-supported versions of Python and dependencies (#3208),5,.github/workflows/ci.yaml;ci/deps_pinned.txt;pyproject.toml;seaborn/_core/rules.py;tests/_core/test_plot.py,related_same_subtree,seaborn/_oldcore.py,2,a3eff2928e60880e264b0ba75ece3b38ec62b4d9609588a9211f19046b52df5b,0,True,Descriptive local Git future-history mechanism inventory; not semantic causality or survival evidence.
mwaskom__seaborn-2848,mwaskom/seaborn,[LOCAL_DRIVE]/code\repos_lite_pro\mwaskom__seaborn,94621cef29f80282436d73e8d2c0aa76dab81273,mwaskom__seaborn-2848-d365,b6737d5aec9a91bb8840cdda896a7970e1830d56,365,155,29daaf3aee256926ef242d5b5fa1f2996fd1f687,Add helper function for consistent backcompat gates (#3209),18,seaborn/_compat.py;seaborn/_core/plot.py;seaborn/_marks/bar.py;seaborn/_marks/line.py;seaborn/_oldcore.py;seaborn/_stats/order.py;seaborn/utils.py;tests/_core/test_plot.py;tests/_core/test_properties.py;tests/_core/test_rules.py;tests/_core/test_scales.py;tests/_stats/test_order.py;tests/test_algorithms.py;tests/test_categorical.py;tests/test_distributions.py;tests/test_regression.py;tests/test_relational.py;tests/test_utils.py,directly_overlapping,seaborn/_oldcore.py,2,a3eff2928e60880e264b0ba75ece3b38ec62b4d9609588a9211f19046b52df5b,0,True,Descriptive local Git future-history mechanism inventory; not semantic causality or survival evidence.
mwaskom__seaborn-2848,mwaskom/seaborn,[LOCAL_DRIVE]/code\repos_lite_pro\mwaskom__seaborn,94621cef29f80282436d73e8d2c0aa76dab81273,mwaskom__seaborn-2848-d365,b6737d5aec9a91bb8840cdda896a7970e1830d56,365,156,557b0d29cdeae9703576f4bb0eb73dd997a1e4a4,Remove dead code branches after minimal dependency bumps (#3210),13,seaborn/_compat.py;seaborn/_marks/line.py;seaborn/_oldcore.py;seaborn/algorithms.py;seaborn/utils.py;tests/_core/test_plot.py;tests/_core/test_rules.py;tests/_core/test_scales.py;tests/test_algorithms.py;tests/test_categorical.py;tests/test_distributions.py;tests/test_relational.py;tests/test_utils.py,directly_overlapping,seaborn/_oldcore.py,2,a3eff2928e60880e264b0ba75ece3b38ec62b4d9609588a9211f19046b52df5b,0,True,Descriptive local Git future-history mechanism inventory; not semantic causality or survival evidence.
mwaskom__seaborn-2848,mwaskom/seaborn,[LOCAL_DRIVE]/code\repos_lite_pro\mwaskom__seaborn,94621cef29f80282436d73e8d2c0aa76dab81273,mwaskom__seaborn-2848-d365,b6737d5aec9a91bb8840cdda896a7970e1830d56,365,157,9b0baf65c879889489a4cce92aef552536e571eb,Fix Continuous.label(like=) documentation (fixes #3213),1,seaborn/_core/scales.py,related_same_subtree,seaborn/_oldcore.py,2,a3eff2928e60880e264b0ba75ece3b38ec62b4d9609588a9211f19046b52df5b,0,True,Descriptive local Git future-history mechanism inventory; not semantic causality or survival evidence.
mwaskom__seaborn-2848,mwaskom/seaborn,[LOCAL_DRIVE]/code\repos_lite_pro\mwaskom__seaborn,94621cef29f80282436d73e8d2c0aa76dab81273,mwaskom__seaborn-2848-d365,b6737d5aec9a91bb8840cdda896a7970e1830d56,365,158,623b0b723c671e99f04e8ababf19adc563f30168,Fix layout engine parameterization when using Plot.on (#3216),3,seaborn/_compat.py;seaborn/_core/plot.py;tests/_core/test_plot.py,related_same_subtree,seaborn/_oldcore.py,2,a3eff2928e60880e264b0ba75ece3b38ec62b4d9609588a9211f19046b52df5b,0,True,Descriptive local Git future-history mechanism inventory; not semantic causality or survival evidence.
mwaskom__seaborn-2848,mwaskom/seaborn,[LOCAL_DRIVE]/code\repos_lite_pro\mwaskom__seaborn,94621cef29f80282436d73e8d2c0aa76dab81273,mwaskom__seaborn-2848-d365,b6737d5aec9a91bb8840cdda896a7970e1830d56,365,159,dce8afd4a7d4145b04d897bf5ad61a72c99d624e,Update references to minimal supported Python version,2,README.md;doc/installing.rst,infrastructure_only,seaborn/_oldcore.py,2,a3eff2928e60880e264b0ba75ece3b38ec62b4d9609588a9211f19046b52df5b,0,True,Descriptive local Git future-history mechanism inventory; not semantic causality or survival evidence.
mwaskom__seaborn-2848,mwaskom/seaborn,[LOCAL_DRIVE]/code\repos_lite_pro\mwaskom__seaborn,94621cef29f80282436d73e8d2c0aa76dab81273,mwaskom__seaborn-2848-d365,b6737d5aec9a91bb8840cdda896a7970e1830d56,365,160,a47b97e4b98c809db55cbd283de21acba89fe186,Add default theme configuration to Plot (#3223),6,doc/_docstrings/objects.Plot.config.ipynb;doc/_docstrings/objects.Plot.theme.ipynb;doc/_templates/autosummary/plot.rst;doc/_tutorial/objects_interface.ipynb;seaborn/_core/plot.py;tests/_core/test_plot.py,related_same_subtree,seaborn/_oldcore.py,2,a3eff2928e60880e264b0ba75ece3b38ec62b4d9609588a9211f19046b52df5b,0,True,Descriptive local Git future-history mechanism inventory; not semantic causality or survival evidence.
mwaskom__seaborn-2848,mwaskom/seaborn,[LOCAL_DRIVE]/code\repos_lite_pro\mwaskom__seaborn,94621cef29f80282436d73e8d2c0aa76dab81273,mwaskom__seaborn-2848-d365,b6737d5aec9a91bb8840cdda896a7970e1830d56,365,161,e75e303b747ebb9b573d0ddfbd08a141f305d373,"Add notebook display configuration for Plot, including SVG output (#3225)",3,doc/_docstrings/objects.Plot.config.ipynb;seaborn/_core/plot.py;tests/_core/test_plot.py,related_same_subtree,seaborn/_oldcore.py,2,a3eff2928e60880e264b0ba75ece3b38ec62b4d9609588a9211f19046b52df5b,0,True,Descriptive local Git future-history mechanism inventory; not semantic causality or survival evidence.
mwaskom__seaborn-2848,mwaskom/seaborn,[LOCAL_DRIVE]/code\repos_lite_pro\mwaskom__seaborn,94621cef29f80282436d73e8d2c0aa76dab81273,mwaskom__seaborn-2848-d365,b6737d5aec9a91bb8840cdda896a7970e1830d56,365,162,72faf27f440522fa558df33258ae9b4ea59e161f,Fix Bar(s) width on nonlinear scale (#3217),3,seaborn/_core/plot.py;seaborn/_marks/bar.py;tests/_marks/test_bar.py,related_same_subtree,seaborn/_oldcore.py,2,a3eff2928e60880e264b0ba75ece3b38ec62b4d9609588a9211f19046b52df5b,0,True,Descriptive local Git future-history mechanism inventory; not semantic causality or survival evidence.
mwaskom__seaborn-2848,mwaskom/seaborn,[LOCAL_DRIVE]/code\repos_lite_pro\mwaskom__seaborn,94621cef29f80282436d73e8d2c0aa76dab81273,mwaskom__seaborn-2848-d365,b6737d5aec9a91bb8840cdda896a7970e1830d56,365,163,db7ae11750fc2dfb695457239708448d54e9b8cd,Update test to reflect change in matplotlib 3.7 (#3236),1,tests/test_axisgrid.py,test_only,seaborn/_oldcore.py,2,a3eff2928e60880e264b0ba75ece3b38ec62b4d9609588a9211f19046b52df5b,0,True,Descriptive local Git future-history mechanism inventory; not semantic causality or survival evidence.
mwaskom__seaborn-2848,mwaskom/seaborn,[LOCAL_DRIVE]/code\repos_lite_pro\mwaskom__seaborn,94621cef29f80282436d73e8d2c0aa76dab81273,mwaskom__seaborn-2848-d365,b6737d5aec9a91bb8840cdda896a7970e1830d56,365,164,0ebc82e8580caab55eb7af1f66220eab6654af97,Document weights parameter in displot docstring,1,seaborn/distributions.py,related_same_subtree,seaborn/_oldcore.py,2,a3eff2928e60880e264b0ba75ece3b38ec62b4d9609588a9211f19046b52df5b,0,True,Descriptive local Git future-history mechanism inventory; not semantic causality or survival evidence.
mwaskom__seaborn-2848,mwaskom/seaborn,[LOCAL_DRIVE]/code\repos_lite_pro\mwaskom__seaborn,94621cef29f80282436d73e8d2c0aa76dab81273,mwaskom__seaborn-2848-d365,b6737d5aec9a91bb8840cdda896a7970e1830d56,365,165,e336f11eb3bdb12ee7ddcd108a4651132c123267,Retrieve list of available datasets from a github url with correct CORS headers set. (#3234),2,seaborn/utils.py;tests/test_utils.py,related_same_subtree,seaborn/_oldcore.py,2,a3eff2928e60880e264b0ba75ece3b38ec62b4d9609588a9211f19046b52df5b,0,True,Descriptive local Git future-history mechanism inventory; not semantic causality or survival evidence.
mwaskom__seaborn-2848,mwaskom/seaborn,[LOCAL_DRIVE]/code\repos_lite_pro\mwaskom__seaborn,94621cef29f80282436d73e8d2c0aa76dab81273,mwaskom__seaborn-2848-d365,b6737d5aec9a91bb8840cdda896a7970e1830d56,365,166,17f9788a2f063ca94b5068ffefbbde9eba4c604d,Remove container added when inferring default color for bar artist (#3246),3,seaborn/distributions.py;seaborn/utils.py;tests/test_distributions.py,related_same_subtree,seaborn/_oldcore.py,2,a3eff2928e60880e264b0ba75ece3b38ec62b4d9609588a9211f19046b52df5b,0,True,Descriptive local Git future-history mechanism inventory; not semantic causality or survival evidence.
mwaskom__seaborn-2848,mwaskom/seaborn,[LOCAL_DRIVE]/code\repos_lite_pro\mwaskom__seaborn,94621cef29f80282436d73e8d2c0aa76dab81273,mwaskom__seaborn-2848-d365,b6737d5aec9a91bb8840cdda896a7970e1830d56,365,167,7bec34be9c79320bc524c10afc244f90650cdc1d,Update v0.13.0 release notes,1,doc/whatsnew/v0.13.0.rst,infrastructure_only,seaborn/_oldcore.py,2,a3eff2928e60880e264b0ba75ece3b38ec62b4d9609588a9211f19046b52df5b,0,True,Descriptive local Git future-history mechanism inventory; not semantic causality or survival evidence.
mwaskom__seaborn-2848,mwaskom/seaborn,[LOCAL_DRIVE]/code\repos_lite_pro\mwaskom__seaborn,94621cef29f80282436d73e8d2c0aa76dab81273,mwaskom__seaborn-2848-d365,b6737d5aec9a91bb8840cdda896a7970e1830d56,365,168,c44bce1035ee6f004ffc73a41d7d9e8e2b9a1cd8,Adds kwarg only arguments to pivot in lineplot docs (#3249),1,doc/_docstrings/lineplot.ipynb,infrastructure_only,seaborn/_oldcore.py,2,a3eff2928e60880e264b0ba75ece3b38ec62b4d9609588a9211f19046b52df5b,0,True,Descriptive local Git future-history mechanism inventory; not semantic causality or survival evidence.
mwaskom__seaborn-2848,mwaskom/seaborn,[LOCAL_DRIVE]/code\repos_lite_pro\mwaskom__seaborn,94621cef29f80282436d73e8d2c0aa76dab81273,mwaskom__seaborn-2848-d365,b6737d5aec9a91bb8840cdda896a7970e1830d56,365,169,242a3312b6742f5b255c7ad6bccb7228839c9419,Modernize barplot to use common infrastructure (#3255),9,doc/_docstrings/barplot.ipynb;seaborn/_oldcore.py;seaborn/categorical.py;seaborn/utils.py;tests/conftest.py;tests/test_categorical.py;tests/test_core.py;tests/test_distributions.py;tests/test_relational.py,directly_overlapping,seaborn/_oldcore.py,2,a3eff2928e60880e264b0ba75ece3b38ec62b4d9609588a9211f19046b52df5b,0,True,Descriptive local Git future-history mechanism inventory; not semantic causality or survival evidence.
mwaskom__seaborn-2848,mwaskom/seaborn,[LOCAL_DRIVE]/code\repos_lite_pro\mwaskom__seaborn,94621cef29f80282436d73e8d2c0aa76dab81273,mwaskom__seaborn-2848-d365,b6737d5aec9a91bb8840cdda896a7970e1830d56,365,170,3a778baab571e11aebcca82ef4d2c3ba41798e5b,Refactor countplot to use common infra and add stat parameter for normalization (#3267),4,doc/_docstrings/countplot.ipynb;seaborn/categorical.py;seaborn/utils.py;tests/test_categorical.py,related_same_subtree,seaborn/_oldcore.py,2,a3eff2928e60880e264b0ba75ece3b38ec62b4d9609588a9211f19046b52df5b,0,True,Descriptive local Git future-history mechanism inventory; not semantic causality or survival evidence.
mwaskom__seaborn-2848,mwaskom/seaborn,[LOCAL_DRIVE]/code\repos_lite_pro\mwaskom__seaborn,94621cef29f80282436d73e8d2c0aa76dab81273,mwaskom__seaborn-2848-d365,b6737d5aec9a91bb8840cdda896a7970e1830d56,365,171,55c8dc51884f86f94c0e018799c21b8436d33d72,Remove double docstring in 'axisgrid.py' (#3269),1,seaborn/axisgrid.py,related_same_subtree,seaborn/_oldcore.py,2,a3eff2928e60880e264b0ba75ece3b38ec62b4d9609588a9211f19046b52df5b,0,True,Descriptive local Git future-history mechanism inventory; not semantic causality or survival evidence.
mwaskom__seaborn-2848,mwaskom/seaborn,[LOCAL_DRIVE]/code\repos_lite_pro\mwaskom__seaborn,94621cef29f80282436d73e8d2c0aa76dab81273,mwaskom__seaborn-2848-d365,b6737d5aec9a91bb8840cdda896a7970e1830d56,365,172,5d9f37159bbd3ac44c8c8a06825583ba25648525,Modernize pointplot and increase its flexibility (#3270),7,doc/_docstrings/pointplot.ipynb;seaborn/_core/typing.py;seaborn/_oldcore.py;seaborn/categorical.py;seaborn/relational.py;seaborn/utils.py;tests/test_categorical.py,directly_overlapping,seaborn/_oldcore.py,2,a3eff2928e60880e264b0ba75ece3b38ec62b4d9609588a9211f19046b52df5b,0,True,Descriptive local Git future-history mechanism inventory; not semantic causality or survival evidence.
mwaskom__seaborn-2848,mwaskom/seaborn,[LOCAL_DRIVE]/code\repos_lite_pro\mwaskom__seaborn,94621cef29f80282436d73e8d2c0aa76dab81273,mwaskom__seaborn-2848-d365,b6737d5aec9a91bb8840cdda896a7970e1830d56,365,173,11d41696149feb2d3d8c1c5f9a5e98357285af03,docs: fix typo in docstring (#3273),1,seaborn/rcmod.py,related_same_subtree,seaborn/_oldcore.py,2,a3eff2928e60880e264b0ba75ece3b38ec62b4d9609588a9211f19046b52df5b,0,True,Descriptive local Git future-history mechanism inventory; not semantic causality or survival evidence.
mwaskom__seaborn-2848,mwaskom/seaborn,[LOCAL_DRIVE]/code\repos_lite_pro\mwaskom__seaborn,94621cef29f80282436d73e8d2c0aa76dab81273,mwaskom__seaborn-2848-d365,b6737d5aec9a91bb8840cdda896a7970e1830d56,365,174,3733590d86a7f2c2a95cd9940a34aa7df5f5a3d2,Remove vestigial bar/point/countplot code (#3271),2,seaborn/categorical.py;tests/test_categorical.py,related_same_subtree,seaborn/_oldcore.py,2,a3eff2928e60880e264b0ba75ece3b38ec62b4d9609588a9211f19046b52df5b,0,True,Descriptive local Git future-history mechanism inventory; not semantic causality or survival evidence.
mwaskom__seaborn-2848,mwaskom/seaborn,[LOCAL_DRIVE]/code\repos_lite_pro\mwaskom__seaborn,94621cef29f80282436d73e8d2c0aa76dab81273,mwaskom__seaborn-2848-d365,b6737d5aec9a91bb8840cdda896a7970e1830d56,365,175,8735494e4cd37ee781500e50554df2f3be2ead41,Fix heatmap `norm=None` issue (#3276),2,seaborn/matrix.py;tests/test_matrix.py,related_same_subtree,seaborn/_oldcore.py,2,a3eff2928e60880e264b0ba75ece3b38ec62b4d9609588a9211f19046b52df5b,0,True,Descriptive local Git future-history mechanism inventory; not semantic causality or survival evidence.
mwaskom__seaborn-2848,mwaskom/seaborn,[LOCAL_DRIVE]/code\repos_lite_pro\mwaskom__seaborn,94621cef29f80282436d73e8d2c0aa76dab81273,mwaskom__seaborn-2848-d365,b6737d5aec9a91bb8840cdda896a7970e1830d56,365,176,e1e36cb1c5f02143d33107b5dfe4ec60527c3bf6,Avoid matplotlib 3.7.0 warnings (#3278),8,examples/heat_scatter.py;seaborn/_compat.py;seaborn/axisgrid.py;seaborn/utils.py;tests/test_axisgrid.py;tests/test_categorical.py;tests/test_relational.py;tests/test_utils.py,related_same_subtree,seaborn/_oldcore.py,2,a3eff2928e60880e264b0ba75ece3b38ec62b4d9609588a9211f19046b52df5b,0,True,Descriptive local Git future-history mechanism inventory; not semantic causality or survival evidence.
mwaskom__seaborn-2848,mwaskom/seaborn,[LOCAL_DRIVE]/code\repos_lite_pro\mwaskom__seaborn,94621cef29f80282436d73e8d2c0aa76dab81273,mwaskom__seaborn-2848-d365,b6737d5aec9a91bb8840cdda896a7970e1830d56,365,177,7231fc24f6251fbc4b4757a56af7a0622a5b12f5,Modernize boxplot and add a number of enhancements (#3294),3,doc/_docstrings/boxplot.ipynb;seaborn/categorical.py;tests/test_categorical.py,related_same_subtree,seaborn/_oldcore.py,2,a3eff2928e60880e264b0ba75ece3b38ec62b4d9609588a9211f19046b52df5b,0,True,Descriptive local Git future-history mechanism inventory; not semantic causality or survival evidence.
mwaskom__seaborn-2848,mwaskom/seaborn,[LOCAL_DRIVE]/code\repos_lite_pro\mwaskom__seaborn,94621cef29f80282436d73e8d2c0aa76dab81273,mwaskom__seaborn-2848-d365,b6737d5aec9a91bb8840cdda896a7970e1830d56,365,178,35c284e74fbf9ea1802416daa42845eae1e7a30e,Docs fix - heatmap.ipynb. (#3290),1,doc/_docstrings/heatmap.ipynb,infrastructure_only,seaborn/_oldcore.py,2,a3eff2928e60880e264b0ba75ece3b38ec62b4d9609588a9211f19046b52df5b,0,True,Descriptive local Git future-history mechanism inventory; not semantic causality or survival evidence.
mwaskom__seaborn-2848,mwaskom/seaborn,[LOCAL_DRIVE]/code\repos_lite_pro\mwaskom__seaborn,94621cef29f80282436d73e8d2c0aa76dab81273,mwaskom__seaborn-2848-d365,b6737d5aec9a91bb8840cdda896a7970e1830d56,365,179,a69eb55f2d89b00e1d31b9c9ec29982fe0a187cb,Bump actions/checkout from 2 to 3 (#3279),1,.github/workflows/ci.yaml,infrastructure_only,seaborn/_oldcore.py,2,a3eff2928e60880e264b0ba75ece3b38ec62b4d9609588a9211f19046b52df5b,0,True,Descriptive local Git future-history mechanism inventory; not semantic causality or survival evidence.
mwaskom__seaborn-2848,mwaskom/seaborn,[LOCAL_DRIVE]/code\repos_lite_pro\mwaskom__seaborn,94621cef29f80282436d73e8d2c0aa76dab81273,mwaskom__seaborn-2848-d365,b6737d5aec9a91bb8840cdda896a7970e1830d56,365,180,f9827a3ae2a998aeeb97d1931ae03f8a3f7109c2,MAINT: address numpy125 deprecations (#3297),6,seaborn/_core/plot.py;seaborn/matrix.py;tests/test_axisgrid.py;tests/test_matrix.py;tests/test_regression.py;tests/test_relational.py,related_same_subtree,seaborn/_oldcore.py,2,a3eff2928e60880e264b0ba75ece3b38ec62b4d9609588a9211f19046b52df5b,0,True,Descriptive local Git future-history mechanism inventory; not semantic causality or survival evidence.
mwaskom__seaborn-2848,mwaskom/seaborn,[LOCAL_DRIVE]/code\repos_lite_pro\mwaskom__seaborn,94621cef29f80282436d73e8d2c0aa76dab81273,mwaskom__seaborn-2848-d365,b6737d5aec9a91bb8840cdda896a7970e1830d56,365,181,bd480f6280007b2ae6910ce4ee689f213f7a7e10,Fixes small inconsistency in seaborn.objects tutorial (#3309),1,doc/_tutorial/objects_interface.ipynb,infrastructure_only,seaborn/_oldcore.py,2,a3eff2928e60880e264b0ba75ece3b38ec62b4d9609588a9211f19046b52df5b,0,True,Descriptive local Git future-history mechanism inventory; not semantic causality or survival evidence.
mwaskom__seaborn-2848,mwaskom/seaborn,[LOCAL_DRIVE]/code\repos_lite_pro\mwaskom__seaborn,94621cef29f80282436d73e8d2c0aa76dab81273,mwaskom__seaborn-2848-d365,b6737d5aec9a91bb8840cdda896a7970e1830d56,365,182,19deb36e17bb1d91a73800c61a8f0381d7f2bf79,Refactor to simplify desaturation in categorical plots (#3310),5,seaborn/_oldcore.py;seaborn/categorical.py;seaborn/utils.py;tests/test_core.py;tests/test_utils.py,directly_overlapping,seaborn/_oldcore.py,2,a3eff2928e60880e264b0ba75ece3b38ec62b4d9609588a9211f19046b52df5b,0,True,Descriptive local Git future-history mechanism inventory; not semantic causality or survival evidence.
mwaskom__seaborn-2848,mwaskom/seaborn,[LOCAL_DRIVE]/code\repos_lite_pro\mwaskom__seaborn,94621cef29f80282436d73e8d2c0aa76dab81273,mwaskom__seaborn-2848-d365,b6737d5aec9a91bb8840cdda896a7970e1830d56,365,183,cc0997820e84a478632706d0ef6f6e3e4256d5b6,Pandas 2.0 compat in Area API docs,1,doc/_docstrings/objects.Area.ipynb,infrastructure_only,seaborn/_oldcore.py,2,a3eff2928e60880e264b0ba75ece3b38ec62b4d9609588a9211f19046b52df5b,0,True,Descriptive local Git future-history mechanism inventory; not semantic causality or survival evidence.
mwaskom__seaborn-2848,mwaskom/seaborn,[LOCAL_DRIVE]/code\repos_lite_pro\mwaskom__seaborn,94621cef29f80282436d73e8d2c0aa76dab81273,mwaskom__seaborn-2848-d365,b6737d5aec9a91bb8840cdda896a7970e1830d56,365,184,011caacf7479346cb931ee65c096d2fe0d6ee762,Fix typo,1,doc/_docstrings/objects.Area.ipynb,infrastructure_only,seaborn/_oldcore.py,2,a3eff2928e60880e264b0ba75ece3b38ec62b4d9609588a9211f19046b52df5b,0,True,Descriptive local Git future-history mechanism inventory; not semantic causality or survival evidence.
mwaskom__seaborn-2848,mwaskom/seaborn,[LOCAL_DRIVE]/code\repos_lite_pro\mwaskom__seaborn,94621cef29f80282436d73e8d2c0aa76dab81273,mwaskom__seaborn-2848-d365,b6737d5aec9a91bb8840cdda896a7970e1830d56,365,185,4f7255446ed04048e46ff962eb0926351d40680d,Pandas 2.0 compat in docs,3,doc/_docstrings/relplot.ipynb;doc/_tutorial/data_structure.ipynb;examples/spreadsheet_heatmap.py,independent,seaborn/_oldcore.py,2,a3eff2928e60880e264b0ba75ece3b38ec62b4d9609588a9211f19046b52df5b,0,True,Descriptive local Git future-history mechanism inventory; not semantic causality or survival evidence.
mwaskom__seaborn-2848,mwaskom/seaborn,[LOCAL_DRIVE]/code\repos_lite_pro\mwaskom__seaborn,94621cef29f80282436d73e8d2c0aa76dab81273,mwaskom__seaborn-2848-d365,b6737d5aec9a91bb8840cdda896a7970e1830d56,365,186,804662d1fd00008d596cdad2bc0b76593803d984,Add read-only permissions to ci.yaml (#3319),1,.github/workflows/ci.yaml,infrastructure_only,seaborn/_oldcore.py,2,a3eff2928e60880e264b0ba75ece3b38ec62b4d9609588a9211f19046b52df5b,0,True,Descriptive local Git future-history mechanism inventory; not semantic causality or survival evidence.
mwaskom__seaborn-2848,mwaskom/seaborn,[LOCAL_DRIVE]/code\repos_lite_pro\mwaskom__seaborn,94621cef29f80282436d73e8d2c0aa76dab81273,mwaskom__seaborn-2848-d365,b6737d5aec9a91bb8840cdda896a7970e1830d56,365,187,0b6d6535fb124911ed4f4e74b979e7678f24952e,Fixed mwaskom/seaborn#3272 (#3317),2,seaborn/categorical.py;tests/test_categorical.py,related_same_subtree,seaborn/_oldcore.py,2,a3eff2928e60880e264b0ba75ece3b38ec62b4d9609588a9211f19046b52df5b,0,True,Descriptive local Git future-history mechanism inventory; not semantic causality or survival evidence.
mwaskom__seaborn-2848,mwaskom/seaborn,[LOCAL_DRIVE]/code\repos_lite_pro\mwaskom__seaborn,94621cef29f80282436d73e8d2c0aa76dab81273,mwaskom__seaborn-2848-d365,b6737d5aec9a91bb8840cdda896a7970e1830d56,365,188,64ef8cfd563c41341c0309518755ed89c0e1315e,Temporarily restrict sphinx version to unbreak docs build (#3323),1,pyproject.toml,infrastructure_only,seaborn/_oldcore.py,2,a3eff2928e60880e264b0ba75ece3b38ec62b4d9609588a9211f19046b52df5b,0,True,Descriptive local Git future-history mechanism inventory; not semantic causality or survival evidence.
mwaskom__seaborn-2848,mwaskom/seaborn,[LOCAL_DRIVE]/code\repos_lite_pro\mwaskom__seaborn,94621cef29f80282436d73e8d2c0aa76dab81273,mwaskom__seaborn-2848-d365,b6737d5aec9a91bb8840cdda896a7970e1830d56,365,189,bf0cfec0627bee4b757f033ff504c0a520a3cd5b,Bugfix issue 3230 (#3316),3,doc/whatsnew/v0.13.0.rst;seaborn/relational.py;tests/test_relational.py,related_same_subtree,seaborn/_oldcore.py,2,a3eff2928e60880e264b0ba75ece3b38ec62b4d9609588a9211f19046b52df5b,0,True,Descriptive local Git future-history mechanism inventory; not semantic causality or survival evidence.
mwaskom__seaborn-2848,mwaskom/seaborn,[LOCAL_DRIVE]/code\repos_lite_pro\mwaskom__seaborn,94621cef29f80282436d73e8d2c0aa76dab81273,mwaskom__seaborn-2848-d365,b6737d5aec9a91bb8840cdda896a7970e1830d56,365,190,fc03c5d4e11126ff88a28da54bca3a2b691c7cab,Refactor new categorical internals (#3337),3,seaborn/categorical.py;seaborn/utils.py;tests/test_categorical.py,related_same_subtree,seaborn/_oldcore.py,2,a3eff2928e60880e264b0ba75ece3b38ec62b4d9609588a9211f19046b52df5b,0,True,Descriptive local Git future-history mechanism inventory; not semantic causality or survival evidence.
mwaskom__seaborn-2848,mwaskom/seaborn,[LOCAL_DRIVE]/code\repos_lite_pro\mwaskom__seaborn,94621cef29f80282436d73e8d2c0aa76dab81273,mwaskom__seaborn-2848-d365,b6737d5aec9a91bb8840cdda896a7970e1830d56,365,191,eb2b5a21dfc9a20f2eeec100490d5c014e689c65,Fix lint rule to run flake8 on test suite (#3348),2,Makefile;tests/_stats/test_regression.py,independent,seaborn/_oldcore.py,2,a3eff2928e60880e264b0ba75ece3b38ec62b4d9609588a9211f19046b52df5b,0,True,Descriptive local Git future-history mechanism inventory; not semantic causality or survival evidence.
mwaskom__seaborn-2848,mwaskom/seaborn,[LOCAL_DRIVE]/code\repos_lite_pro\mwaskom__seaborn,94621cef29f80282436d73e8d2c0aa76dab81273,mwaskom__seaborn-2848-d365,b6737d5aec9a91bb8840cdda896a7970e1830d56,365,192,5666389e1090d3b31ff1c97dca4be04f10e7ecc6,Add security policy (#3344),1,SECURITY.md,independent,seaborn/_oldcore.py,2,a3eff2928e60880e264b0ba75ece3b38ec62b4d9609588a9211f19046b52df5b,0,True,Descriptive local Git future-history mechanism inventory; not semantic causality or survival evidence.
mwaskom__seaborn-2848,mwaskom/seaborn,[LOCAL_DRIVE]/code\repos_lite_pro\mwaskom__seaborn,94621cef29f80282436d73e8d2c0aa76dab81273,mwaskom__seaborn-2848-d365,b6737d5aec9a91bb8840cdda896a7970e1830d56,365,193,2d9bb4f82e36a8fded638ff6b044c4a540567181,Remove matplotlib cache manipulation (#3332),2,seaborn/_core/plot.py;seaborn/palettes.py,related_same_subtree,seaborn/_oldcore.py,2,a3eff2928e60880e264b0ba75ece3b38ec62b4d9609588a9211f19046b52df5b,0,True,Descriptive local Git future-history mechanism inventory; not semantic causality or survival evidence.
mwaskom__seaborn-2848,mwaskom/seaborn,[LOCAL_DRIVE]/code\repos_lite_pro\mwaskom__seaborn,94621cef29f80282436d73e8d2c0aa76dab81273,mwaskom__seaborn-2848-d365,b6737d5aec9a91bb8840cdda896a7970e1830d56,365,194,971f47e9c1e69c6f14e42d3c0da8aec884f3352b,ecdfplot stat parameter manage percent (#3336),3,doc/_docstrings/ecdfplot.ipynb;seaborn/_statistics.py;tests/test_statistics.py,related_same_subtree,seaborn/_oldcore.py,2,a3eff2928e60880e264b0ba75ece3b38ec62b4d9609588a9211f19046b52df5b,0,True,Descriptive local Git future-history mechanism inventory; not semantic causality or survival evidence.
mwaskom__seaborn-2848,mwaskom/seaborn,[LOCAL_DRIVE]/code\repos_lite_pro\mwaskom__seaborn,94621cef29f80282436d73e8d2c0aa76dab81273,mwaskom__seaborn-2848-d365,b6737d5aec9a91bb8840cdda896a7970e1830d56,365,195,a48601d6bbf8381f9435be48624f1a77d6fbfced,pandas compat: address is_categorical_dtype deprecation (#3355),2,seaborn/_core/rules.py;seaborn/_oldcore.py,directly_overlapping,seaborn/_oldcore.py,2,a3eff2928e60880e264b0ba75ece3b38ec62b4d9609588a9211f19046b52df5b,0,True,Descriptive local Git future-history mechanism inventory; not semantic causality or survival evidence.
mwaskom__seaborn-2848,mwaskom/seaborn,[LOCAL_DRIVE]/code\repos_lite_pro\mwaskom__seaborn,94621cef29f80282436d73e8d2c0aa76dab81273,mwaskom__seaborn-2848-d365,b6737d5aec9a91bb8840cdda896a7970e1830d56,365,196,3fd4146781e56a06065e509f6ce76118e9c33d5f,Handle statsmodels PerfectSeparationWarning on 0.14.0+ (#3356),1,seaborn/regression.py,related_same_subtree,seaborn/_oldcore.py,2,a3eff2928e60880e264b0ba75ece3b38ec62b4d9609588a9211f19046b52df5b,0,True,Descriptive local Git future-history mechanism inventory; not semantic causality or survival evidence.
mwaskom__seaborn-2848,mwaskom/seaborn,[LOCAL_DRIVE]/code\repos_lite_pro\mwaskom__seaborn,94621cef29f80282436d73e8d2c0aa76dab81273,mwaskom__seaborn-2848-d365,b6737d5aec9a91bb8840cdda896a7970e1830d56,365,197,1b09ac4f1900317a88db742660faf47d8e71b72d,Modernize and enhance violinplot (#3353),9,doc/_docstrings/barplot.ipynb;doc/_docstrings/violinplot.ipynb;doc/_tutorial/categorical.ipynb;doc/whatsnew/index.rst;examples/wide_form_violinplot.py;seaborn/categorical.py;seaborn/utils.py;tests/test_categorical.py;tests/test_utils.py,related_same_subtree,seaborn/_oldcore.py,2,a3eff2928e60880e264b0ba75ece3b38ec62b4d9609588a9211f19046b52df5b,0,True,Descriptive local Git future-history mechanism inventory; not semantic causality or survival evidence.
mwaskom__seaborn-2848,mwaskom/seaborn,[LOCAL_DRIVE]/code\repos_lite_pro\mwaskom__seaborn,94621cef29f80282436d73e8d2c0aa76dab81273,mwaskom__seaborn-2848-d365,b6737d5aec9a91bb8840cdda896a7970e1830d56,365,198,f7bd65f430794b9eaebebf509a1c0bfead0d6e0f,Fix rst typo,1,doc/_docstrings/violinplot.ipynb,infrastructure_only,seaborn/_oldcore.py,2,a3eff2928e60880e264b0ba75ece3b38ec62b4d9609588a9211f19046b52df5b,0,True,Descriptive local Git future-history mechanism inventory; not semantic causality or survival evidence.
mwaskom__seaborn-2848,mwaskom/seaborn,[LOCAL_DRIVE]/code\repos_lite_pro\mwaskom__seaborn,94621cef29f80282436d73e8d2c0aa76dab81273,mwaskom__seaborn-2848-d365,b6737d5aec9a91bb8840cdda896a7970e1830d56,365,199,16c025dcdcb5010b014dbca473673c78f4c594d7,DOC: Fix typo in include directive (#3357),2,seaborn/palettes.py;seaborn/regression.py,related_same_subtree,seaborn/_oldcore.py,2,a3eff2928e60880e264b0ba75ece3b38ec62b4d9609588a9211f19046b52df5b,0,True,Descriptive local Git future-history mechanism inventory; not semantic causality or survival evidence.
mwaskom__seaborn-2848,mwaskom/seaborn,[LOCAL_DRIVE]/code\repos_lite_pro\mwaskom__seaborn,94621cef29f80282436d73e8d2c0aa76dab81273,mwaskom__seaborn-2848-d365,b6737d5aec9a91bb8840cdda896a7970e1830d56,365,200,b9333f900cc6c27e4f39dea57e0a034ba82ebf8a,Add gap/fill parameters to barplot and countplot (#3361),2,seaborn/categorical.py;tests/test_categorical.py,related_same_subtree,seaborn/_oldcore.py,2,a3eff2928e60880e264b0ba75ece3b38ec62b4d9609588a9211f19046b52df5b,0,True,Descriptive local Git future-history mechanism inventory; not semantic causality or survival evidence.
mwaskom__seaborn-2848,mwaskom/seaborn,[LOCAL_DRIVE]/code\repos_lite_pro\mwaskom__seaborn,94621cef29f80282436d73e8d2c0aa76dab81273,mwaskom__seaborn-2848-d365,b6737d5aec9a91bb8840cdda896a7970e1830d56,365,201,129ce703052ff56f27014a0d8e4e6203b531b7a8,TST: Make test_index_alignment_between_series less brittle (#3359),1,tests/_core/test_data.py,test_only,seaborn/_oldcore.py,2,a3eff2928e60880e264b0ba75ece3b38ec62b4d9609588a9211f19046b52df5b,0,True,Descriptive local Git future-history mechanism inventory; not semantic causality or survival evidence.
mwaskom__seaborn-2848,mwaskom/seaborn,[LOCAL_DRIVE]/code\repos_lite_pro\mwaskom__seaborn,94621cef29f80282436d73e8d2c0aa76dab81273,mwaskom__seaborn-2848-d365,b6737d5aec9a91bb8840cdda896a7970e1830d56,365,202,824c102525e6a29cde9bca1ce0096d50588fda6b,DOC: Fix some typos (#3366),5,doc/_tutorial/color_palettes.ipynb;doc/_tutorial/distributions.ipynb;doc/_tutorial/objects_interface.ipynb;doc/_tutorial/properties.ipynb;seaborn/_marks/bar.py,related_same_subtree,seaborn/_oldcore.py,2,a3eff2928e60880e264b0ba75ece3b38ec62b4d9609588a9211f19046b52df5b,0,True,Descriptive local Git future-history mechanism inventory; not semantic causality or survival evidence.
mwaskom__seaborn-2848,mwaskom/seaborn,[LOCAL_DRIVE]/code\repos_lite_pro\mwaskom__seaborn,94621cef29f80282436d73e8d2c0aa76dab81273,mwaskom__seaborn-2848-d365,b6737d5aec9a91bb8840cdda896a7970e1830d56,365,203,b6737d5aec9a91bb8840cdda896a7970e1830d56,Avoid error when determining type of variable containing pd.NA (#3391),3,seaborn/_core/rules.py;seaborn/_oldcore.py;tests/_core/test_rules.py,directly_overlapping,seaborn/_oldcore.py,2,a3eff2928e60880e264b0ba75ece3b38ec62b4d9609588a9211f19046b52df5b,0,True,Descriptive local Git future-history mechanism inventory; not semantic causality or survival evidence.
mwaskom__seaborn-3010,mwaskom/seaborn,[LOCAL_DRIVE]/code\repos_lite_pro\mwaskom__seaborn,0f5a013e2cf43562deec3b879458e59a73853813,mwaskom__seaborn-3010-d7,1d4bec6bfdb52a39ed465916ac93e0b5ad828cd2,7,1,15713b387156fc089cb923dced0f60cc13d86edc,Add pre-commit hook config (#2963),20,.pre-commit-config.yaml;README.md;ci/deps_pinned.txt;ci/getmsfonts.sh;doc/README.md;doc/_static/copybutton.js;doc/_templates/autosummary/base.rst;doc/_templates/autosummary/object.rst;doc/citing.rst;doc/faq.rst;doc/index.rst;doc/tutorial.yaml;doc/whatsnew/v0.11.0.rst;doc/whatsnew/v0.11.1.rst;doc/whatsnew/v0.2.0.rst;doc/whatsnew/v0.7.0.rst;licences/NUMPYDOC_LICENSE;pyproject.toml;seaborn/external/docscrape.py;tests/test_utils.py,independent,seaborn/_stats/regression.py,0,a3eff2928e60880e264b0ba75ece3b38ec62b4d9609588a9211f19046b52df5b,0,True,Descriptive local Git future-history mechanism inventory; not semantic causality or survival evidence.
mwaskom__seaborn-3010,mwaskom/seaborn,[LOCAL_DRIVE]/code\repos_lite_pro\mwaskom__seaborn,0f5a013e2cf43562deec3b879458e59a73853813,mwaskom__seaborn-3010-d7,1d4bec6bfdb52a39ed465916ac93e0b5ad828cd2,7,2,c5c5f4a4377f9dd91cc07c5c3e965d7d0d1edd20,Fix: Make PolyFit stat robust to missing data (#3010),3,doc/whatsnew/v0.12.1.rst;seaborn/_stats/regression.py;tests/_stats/test_regression.py,directly_overlapping,seaborn/_stats/regression.py,0,a3eff2928e60880e264b0ba75ece3b38ec62b4d9609588a9211f19046b52df5b,0,True,Descriptive local Git future-history mechanism inventory; not semantic causality or survival evidence.
mwaskom__seaborn-3010,mwaskom/seaborn,[LOCAL_DRIVE]/code\repos_lite_pro\mwaskom__seaborn,0f5a013e2cf43562deec3b879458e59a73853813,mwaskom__seaborn-3010-d7,1d4bec6bfdb52a39ed465916ac93e0b5ad828cd2,7,3,a25e7cb847a661e45a8582427e781f38e5961863,Silence various warnings in test suite (#3011),4,tests/test_categorical.py;tests/test_distributions.py;tests/test_regression.py;tests/test_relational.py,test_only,seaborn/_stats/regression.py,0,a3eff2928e60880e264b0ba75ece3b38ec62b4d9609588a9211f19046b52df5b,0,True,Descriptive local Git future-history mechanism inventory; not semantic causality or survival evidence.
mwaskom__seaborn-3010,mwaskom/seaborn,[LOCAL_DRIVE]/code\repos_lite_pro\mwaskom__seaborn,0f5a013e2cf43562deec3b879458e59a73853813,mwaskom__seaborn-3010-d7,1d4bec6bfdb52a39ed465916ac93e0b5ad828cd2,7,4,0c379538b80a748f1e0224e5161f49777c6a29d1,CI: Add biweekly scheduled run (#3013),1,.github/workflows/ci.yaml,infrastructure_only,seaborn/_stats/regression.py,0,a3eff2928e60880e264b0ba75ece3b38ec62b4d9609588a9211f19046b52df5b,0,True,Descriptive local Git future-history mechanism inventory; not semantic causality or survival evidence.
mwaskom__seaborn-3010,mwaskom/seaborn,[LOCAL_DRIVE]/code\repos_lite_pro\mwaskom__seaborn,0f5a013e2cf43562deec3b879458e59a73853813,mwaskom__seaborn-3010-d7,1d4bec6bfdb52a39ed465916ac93e0b5ad828cd2,7,5,1e6739fbd41b2ee575f431a189e7866cf46d82b8,CI: Impove dataset caching and build docs in parallel (#3014),4,.github/workflows/ci.yaml;ci/cache_datasets.py;ci/cache_test_datasets.py;doc/Makefile,independent,seaborn/_stats/regression.py,0,a3eff2928e60880e264b0ba75ece3b38ec62b4d9609588a9211f19046b52df5b,0,True,Descriptive local Git future-history mechanism inventory; not semantic causality or survival evidence.
mwaskom__seaborn-3010,mwaskom/seaborn,[LOCAL_DRIVE]/code\repos_lite_pro\mwaskom__seaborn,0f5a013e2cf43562deec3b879458e59a73853813,mwaskom__seaborn-3010-d7,1d4bec6bfdb52a39ed465916ac93e0b5ad828cd2,7,6,9aca86c3757a323c1b868400721b12136e3cfc2a,Parallelize sphinx in CI build (#3018),1,.github/workflows/ci.yaml,infrastructure_only,seaborn/_stats/regression.py,0,a3eff2928e60880e264b0ba75ece3b38ec62b4d9609588a9211f19046b52df5b,0,True,Descriptive local Git future-history mechanism inventory; not semantic causality or survival evidence.
mwaskom__seaborn-3010,mwaskom/seaborn,[LOCAL_DRIVE]/code\repos_lite_pro\mwaskom__seaborn,0f5a013e2cf43562deec3b879458e59a73853813,mwaskom__seaborn-3010-d7,1d4bec6bfdb52a39ed465916ac93e0b5ad828cd2,7,7,54c36b74bbd4f7dfd5f933fcdc5e81fbb3fc0a45,CI: Improve example dataset usage (#3020),8,.github/workflows/ci.yaml;doc/_docstrings/clustermap.ipynb;doc/_docstrings/heatmap.ipynb;doc/_docstrings/lmplot.ipynb;doc/_docstrings/regplot.ipynb;doc/_docstrings/residplot.ipynb;seaborn/matrix.py;seaborn/regression.py,independent,seaborn/_stats/regression.py,0,a3eff2928e60880e264b0ba75ece3b38ec62b4d9609588a9211f19046b52df5b,0,True,Descriptive local Git future-history mechanism inventory; not semantic causality or survival evidence.
mwaskom__seaborn-3010,mwaskom/seaborn,[LOCAL_DRIVE]/code\repos_lite_pro\mwaskom__seaborn,0f5a013e2cf43562deec3b879458e59a73853813,mwaskom__seaborn-3010-d7,1d4bec6bfdb52a39ed465916ac93e0b5ad828cd2,7,8,1d4bec6bfdb52a39ed465916ac93e0b5ad828cd2,Add StackOverflow link to navbar,1,doc/conf.py,infrastructure_only,seaborn/_stats/regression.py,0,a3eff2928e60880e264b0ba75ece3b38ec62b4d9609588a9211f19046b52df5b,0,True,Descriptive local Git future-history mechanism inventory; not semantic causality or survival evidence.
mwaskom__seaborn-3010,mwaskom/seaborn,[LOCAL_DRIVE]/code\repos_lite_pro\mwaskom__seaborn,0f5a013e2cf43562deec3b879458e59a73853813,mwaskom__seaborn-3010-d30,85c8ed632a5e9ec45b7d69d89518bb784a6e05a5,30,1,15713b387156fc089cb923dced0f60cc13d86edc,Add pre-commit hook config (#2963),20,.pre-commit-config.yaml;README.md;ci/deps_pinned.txt;ci/getmsfonts.sh;doc/README.md;doc/_static/copybutton.js;doc/_templates/autosummary/base.rst;doc/_templates/autosummary/object.rst;doc/citing.rst;doc/faq.rst;doc/index.rst;doc/tutorial.yaml;doc/whatsnew/v0.11.0.rst;doc/whatsnew/v0.11.1.rst;doc/whatsnew/v0.2.0.rst;doc/whatsnew/v0.7.0.rst;licences/NUMPYDOC_LICENSE;pyproject.toml;seaborn/external/docscrape.py;tests/test_utils.py,independent,seaborn/_stats/regression.py,0,a3eff2928e60880e264b0ba75ece3b38ec62b4d9609588a9211f19046b52df5b,0,True,Descriptive local Git future-history mechanism inventory; not semantic causality or survival evidence.
mwaskom__seaborn-3010,mwaskom/seaborn,[LOCAL_DRIVE]/code\repos_lite_pro\mwaskom__seaborn,0f5a013e2cf43562deec3b879458e59a73853813,mwaskom__seaborn-3010-d30,85c8ed632a5e9ec45b7d69d89518bb784a6e05a5,30,2,c5c5f4a4377f9dd91cc07c5c3e965d7d0d1edd20,Fix: Make PolyFit stat robust to missing data (#3010),3,doc/whatsnew/v0.12.1.rst;seaborn/_stats/regression.py;tests/_stats/test_regression.py,directly_overlapping,seaborn/_stats/regression.py,0,a3eff2928e60880e264b0ba75ece3b38ec62b4d9609588a9211f19046b52df5b,0,True,Descriptive local Git future-history mechanism inventory; not semantic causality or survival evidence.
mwaskom__seaborn-3010,mwaskom/seaborn,[LOCAL_DRIVE]/code\repos_lite_pro\mwaskom__seaborn,0f5a013e2cf43562deec3b879458e59a73853813,mwaskom__seaborn-3010-d30,85c8ed632a5e9ec45b7d69d89518bb784a6e05a5,30,3,a25e7cb847a661e45a8582427e781f38e5961863,Silence various warnings in test suite (#3011),4,tests/test_categorical.py;tests/test_distributions.py;tests/test_regression.py;tests/test_relational.py,test_only,seaborn/_stats/regression.py,0,a3eff2928e60880e264b0ba75ece3b38ec62b4d9609588a9211f19046b52df5b,0,True,Descriptive local Git future-history mechanism inventory; not semantic causality or survival evidence.
mwaskom__seaborn-3010,mwaskom/seaborn,[LOCAL_DRIVE]/code\repos_lite_pro\mwaskom__seaborn,0f5a013e2cf43562deec3b879458e59a73853813,mwaskom__seaborn-3010-d30,85c8ed632a5e9ec45b7d69d89518bb784a6e05a5,30,4,0c379538b80a748f1e0224e5161f49777c6a29d1,CI: Add biweekly scheduled run (#3013),1,.github/workflows/ci.yaml,infrastructure_only,seaborn/_stats/regression.py,0,a3eff2928e60880e264b0ba75ece3b38ec62b4d9609588a9211f19046b52df5b,0,True,Descriptive local Git future-history mechanism inventory; not semantic causality or survival evidence.
mwaskom__seaborn-3010,mwaskom/seaborn,[LOCAL_DRIVE]/code\repos_lite_pro\mwaskom__seaborn,0f5a013e2cf43562deec3b879458e59a73853813,mwaskom__seaborn-3010-d30,85c8ed632a5e9ec45b7d69d89518bb784a6e05a5,30,5,1e6739fbd41b2ee575f431a189e7866cf46d82b8,CI: Impove dataset caching and build docs in parallel (#3014),4,.github/workflows/ci.yaml;ci/cache_datasets.py;ci/cache_test_datasets.py;doc/Makefile,independent,seaborn/_stats/regression.py,0,a3eff2928e60880e264b0ba75ece3b38ec62b4d9609588a9211f19046b52df5b,0,True,Descriptive local Git future-history mechanism inventory; not semantic causality or survival evidence.
mwaskom__seaborn-3010,mwaskom/seaborn,[LOCAL_DRIVE]/code\repos_lite_pro\mwaskom__seaborn,0f5a013e2cf43562deec3b879458e59a73853813,mwaskom__seaborn-3010-d30,85c8ed632a5e9ec45b7d69d89518bb784a6e05a5,30,6,9aca86c3757a323c1b868400721b12136e3cfc2a,Parallelize sphinx in CI build (#3018),1,.github/workflows/ci.yaml,infrastructure_only,seaborn/_stats/regression.py,0,a3eff2928e60880e264b0ba75ece3b38ec62b4d9609588a9211f19046b52df5b,0,True,Descriptive local Git future-history mechanism inventory; not semantic causality or survival evidence.
mwaskom__seaborn-3010,mwaskom/seaborn,[LOCAL_DRIVE]/code\repos_lite_pro\mwaskom__seaborn,0f5a013e2cf43562deec3b879458e59a73853813,mwaskom__seaborn-3010-d30,85c8ed632a5e9ec45b7d69d89518bb784a6e05a5,30,7,54c36b74bbd4f7dfd5f933fcdc5e81fbb3fc0a45,CI: Improve example dataset usage (#3020),8,.github/workflows/ci.yaml;doc/_docstrings/clustermap.ipynb;doc/_docstrings/heatmap.ipynb;doc/_docstrings/lmplot.ipynb;doc/_docstrings/regplot.ipynb;doc/_docstrings/residplot.ipynb;seaborn/matrix.py;seaborn/regression.py,independent,seaborn/_stats/regression.py,0,a3eff2928e60880e264b0ba75ece3b38ec62b4d9609588a9211f19046b52df5b,0,True,Descriptive local Git future-history mechanism inventory; not semantic causality or survival evidence.
mwaskom__seaborn-3010,mwaskom/seaborn,[LOCAL_DRIVE]/code\repos_lite_pro\mwaskom__seaborn,0f5a013e2cf43562deec3b879458e59a73853813,mwaskom__seaborn-3010-d30,85c8ed632a5e9ec45b7d69d89518bb784a6e05a5,30,8,1d4bec6bfdb52a39ed465916ac93e0b5ad828cd2,Add StackOverflow link to navbar,1,doc/conf.py,infrastructure_only,seaborn/_stats/regression.py,0,a3eff2928e60880e264b0ba75ece3b38ec62b4d9609588a9211f19046b52df5b,0,True,Descriptive local Git future-history mechanism inventory; not semantic causality or survival evidence.
mwaskom__seaborn-3010,mwaskom/seaborn,[LOCAL_DRIVE]/code\repos_lite_pro\mwaskom__seaborn,0f5a013e2cf43562deec3b879458e59a73853813,mwaskom__seaborn-3010-d30,85c8ed632a5e9ec45b7d69d89518bb784a6e05a5,30,9,fb6d932df4241addc630b8a60805127d222a154c,Merge branch 'master' of github.com:mwaskom/seaborn,1,seaborn/categorical.py,independent,seaborn/_stats/regression.py,0,a3eff2928e60880e264b0ba75ece3b38ec62b4d9609588a9211f19046b52df5b,0,True,Descriptive local Git future-history mechanism inventory; not semantic causality or survival evidence.
mwaskom__seaborn-3010,mwaskom/seaborn,[LOCAL_DRIVE]/code\repos_lite_pro\mwaskom__seaborn,0f5a013e2cf43562deec3b879458e59a73853813,mwaskom__seaborn-3010-d30,85c8ed632a5e9ec45b7d69d89518bb784a6e05a5,30,10,e644793f0ac2b1be178425f20f529121f37f29de,Convert color palette docstrings to notebooks (#3034),80,.github/workflows/ci.yaml;Makefile;README.md;doc/_docstrings/FacetGrid.ipynb;doc/_docstrings/JointGrid.ipynb;doc/_docstrings/PairGrid.ipynb;doc/_docstrings/axes_style.ipynb;doc/_docstrings/barplot.ipynb;doc/_docstrings/blend_palette.ipynb;doc/_docstrings/boxenplot.ipynb;doc/_docstrings/boxplot.ipynb;doc/_docstrings/catplot.ipynb;doc/_docstrings/color_palette.ipynb;doc/_docstrings/countplot.ipynb;doc/_docstrings/cubehelix_palette.ipynb;doc/_docstrings/dark_palette.ipynb;doc/_docstrings/displot.ipynb;doc/_docstrings/diverging_palette.ipynb;doc/_docstrings/ecdfplot.ipynb;doc/_docstrings/histplot.ipynb;doc/_docstrings/hls_palette.ipynb;doc/_docstrings/husl_palette.ipynb;doc/_docstrings/jointplot.ipynb;doc/_docstrings/kdeplot.ipynb;doc/_docstrings/light_palette.ipynb;doc/_docstrings/lineplot.ipynb;doc/_docstrings/move_legend.ipynb;doc/_docstrings/mpl_palette.ipynb;doc/_docstrings/objects.Area.ipynb;doc/_docstrings/objects.Band.ipynb;doc/_docstrings/objects.Bar.ipynb;doc/_docstrings/objects.Bars.ipynb;doc/_docstrings/objects.Dot.ipynb;doc/_docstrings/objects.Dots.ipynb;doc/_docstrings/objects.Line.ipynb;doc/_docstrings/objects.Lines.ipynb;doc/_docstrings/objects.Path.ipynb;doc/_docstrings/objects.Paths.ipynb;doc/_docstrings/objects.Plot.add.ipynb;doc/_docstrings/objects.Plot.facet.ipynb;doc/_docstrings/objects.Plot.label.ipynb;doc/_docstrings/objects.Plot.layout.ipynb;doc/_docstrings/objects.Plot.limit.ipynb;doc/_docstrings/objects.Plot.on.ipynb;doc/_docstrings/objects.Plot.pair.ipynb;doc/_docstrings/objects.Plot.scale.ipynb;doc/_docstrings/objects.Plot.share.ipynb;doc/_docstrings/objects.Plot.theme.ipynb;doc/_docstrings/objects.Range.ipynb;doc/_docstrings/pairplot.ipynb;doc/_docstrings/plotting_context.ipynb;doc/_docstrings/pointplot.ipynb;doc/_docstrings/relplot.ipynb;doc/_docstrings/rugplot.ipynb;doc/_docstrings/scatterplot.ipynb;doc/_docstrings/set_context.ipynb;doc/_docstrings/set_style.ipynb;doc/_docstrings/set_theme.ipynb;doc/_docstrings/stripplot.ipynb;doc/_docstrings/swarmplot.ipynb;doc/_docstrings/violinplot.ipynb;doc/_tutorial/aesthetics.ipynb;doc/_tutorial/axis_grids.ipynb;doc/_tutorial/categorical.ipynb;doc/_tutorial/color_palettes.ipynb;doc/_tutorial/data_structure.ipynb;doc/_tutorial/distributions.ipynb;doc/_tutorial/error_bars.ipynb;doc/_tutorial/function_overview.ipynb;doc/_tutorial/introduction.ipynb;doc/_tutorial/objects_interface.ipynb;doc/_tutorial/properties.ipynb;doc/_tutorial/regression.ipynb;doc/_tutorial/relational.ipynb;doc/whatsnew/index.rst;doc/whatsnew/v0.12.1.rst;seaborn/palettes.py;seaborn/rcmod.py;seaborn/widgets.py;tests/test_palettes.py,independent,seaborn/_stats/regression.py,2,a3eff2928e60880e264b0ba75ece3b38ec62b4d9609588a9211f19046b52df5b,0,True,Descriptive local Git future-history mechanism inventory; not semantic causality or survival evidence.
mwaskom__seaborn-3010,mwaskom/seaborn,[LOCAL_DRIVE]/code\repos_lite_pro\mwaskom__seaborn,0f5a013e2cf43562deec3b879458e59a73853813,mwaskom__seaborn-3010-d30,85c8ed632a5e9ec45b7d69d89518bb784a6e05a5,30,11,ee6475e7d69fb28b034df2f5f01a2a5674998aab,naive fix for #3037 (#3038),2,seaborn/axisgrid.py;seaborn/categorical.py,independent,seaborn/_stats/regression.py,2,a3eff2928e60880e264b0ba75ece3b38ec62b4d9609588a9211f19046b52df5b,0,True,Descriptive local Git future-history mechanism inventory; not semantic causality or survival evidence.
mwaskom__seaborn-3010,mwaskom/seaborn,[LOCAL_DRIVE]/code\repos_lite_pro\mwaskom__seaborn,0f5a013e2cf43562deec3b879458e59a73853813,mwaskom__seaborn-3010-d30,85c8ed632a5e9ec45b7d69d89518bb784a6e05a5,30,12,d20332947c0ee544a605c6d82ea91e48dce6fb6d,CI: Make tests more robust to concurrency (#3039),8,tests/_core/test_plot.py;tests/_marks/test_area.py;tests/_marks/test_bar.py;tests/_marks/test_dot.py;tests/_marks/test_line.py;tests/conftest.py;tests/test_core.py;tests/test_rcmod.py,test_only,seaborn/_stats/regression.py,2,a3eff2928e60880e264b0ba75ece3b38ec62b4d9609588a9211f19046b52df5b,0,True,Descriptive local Git future-history mechanism inventory; not semantic causality or survival evidence.
mwaskom__seaborn-3010,mwaskom/seaborn,[LOCAL_DRIVE]/code\repos_lite_pro\mwaskom__seaborn,0f5a013e2cf43562deec3b879458e59a73853813,mwaskom__seaborn-3010-d30,85c8ed632a5e9ec45b7d69d89518bb784a6e05a5,30,13,f2fc4b5d8b9c7a8e0b1aaa34793b4f4e3445f81a,Update pandas syntax to avoid deprecated behavior (#3040),4,seaborn/categorical.py;seaborn/distributions.py;tests/_stats/test_histogram.py;tests/test_categorical.py,independent,seaborn/_stats/regression.py,2,a3eff2928e60880e264b0ba75ece3b38ec62b4d9609588a9211f19046b52df5b,0,True,Descriptive local Git future-history mechanism inventory; not semantic causality or survival evidence.
mwaskom__seaborn-3010,mwaskom/seaborn,[LOCAL_DRIVE]/code\repos_lite_pro\mwaskom__seaborn,0f5a013e2cf43562deec3b879458e59a73853813,mwaskom__seaborn-3010-d30,85c8ed632a5e9ec45b7d69d89518bb784a6e05a5,30,14,ad11bdc4d33793ebc644f58a0c10875bf2455714,Typing: use pandas-type-stubs and address arising issues (#3044),8,pyproject.toml;seaborn/_core/data.py;seaborn/_core/groupby.py;seaborn/_core/plot.py;seaborn/_core/rules.py;seaborn/_core/scales.py;seaborn/_core/typing.py;seaborn/_stats/aggregation.py,related_same_subtree,seaborn/_stats/regression.py,2,a3eff2928e60880e264b0ba75ece3b38ec62b4d9609588a9211f19046b52df5b,0,True,Descriptive local Git future-history mechanism inventory; not semantic causality or survival evidence.
mwaskom__seaborn-3010,mwaskom/seaborn,[LOCAL_DRIVE]/code\repos_lite_pro\mwaskom__seaborn,0f5a013e2cf43562deec3b879458e59a73853813,mwaskom__seaborn-3010-d30,85c8ed632a5e9ec45b7d69d89518bb784a6e05a5,30,15,ed3d367a436aee8782ace920026c2e582057f795,Histogram refactoring and improvements (#3045),8,doc/_docstrings/objects.Hist.ipynb;seaborn/_statistics.py;seaborn/_stats/base.py;seaborn/_stats/histogram.py;seaborn/distributions.py;tests/_stats/test_histogram.py;tests/test_axisgrid.py;tests/test_distributions.py,related_same_subtree,seaborn/_stats/regression.py,2,a3eff2928e60880e264b0ba75ece3b38ec62b4d9609588a9211f19046b52df5b,0,True,Descriptive local Git future-history mechanism inventory; not semantic causality or survival evidence.
mwaskom__seaborn-3010,mwaskom/seaborn,[LOCAL_DRIVE]/code\repos_lite_pro\mwaskom__seaborn,0f5a013e2cf43562deec3b879458e59a73853813,mwaskom__seaborn-3010-d30,85c8ed632a5e9ec45b7d69d89518bb784a6e05a5,30,16,63186a4e6a57890b1aa8455b3dfa78b7a5ce8f7d,Text mark (#3051),12,doc/_docstrings/objects.Text.ipynb;doc/_tutorial/properties.ipynb;doc/api.rst;doc/whatsnew/v0.12.1.rst;seaborn/_core/plot.py;seaborn/_core/properties.py;seaborn/_marks/base.py;seaborn/_marks/text.py;seaborn/objects.py;tests/_core/test_plot.py;tests/_marks/test_text.py;tests/test_objects.py,independent,seaborn/_stats/regression.py,2,a3eff2928e60880e264b0ba75ece3b38ec62b4d9609588a9211f19046b52df5b,0,True,Descriptive local Git future-history mechanism inventory; not semantic causality or survival evidence.
mwaskom__seaborn-3010,mwaskom/seaborn,[LOCAL_DRIVE]/code\repos_lite_pro\mwaskom__seaborn,0f5a013e2cf43562deec3b879458e59a73853813,mwaskom__seaborn-3010-d30,85c8ed632a5e9ec45b7d69d89518bb784a6e05a5,30,17,8ea02f09a40b5f7af73f54a1d3d060444c9c3b5b,Fix Plot legend with > 2 layers (#3055),2,seaborn/_core/plot.py;tests/_core/test_plot.py,independent,seaborn/_stats/regression.py,2,a3eff2928e60880e264b0ba75ece3b38ec62b4d9609588a9211f19046b52df5b,0,True,Descriptive local Git future-history mechanism inventory; not semantic causality or survival evidence.
mwaskom__seaborn-3010,mwaskom/seaborn,[LOCAL_DRIVE]/code\repos_lite_pro\mwaskom__seaborn,0f5a013e2cf43562deec3b879458e59a73853813,mwaskom__seaborn-3010-d30,85c8ed632a5e9ec45b7d69d89518bb784a6e05a5,30,18,5386adc5a482ef3d0aef958ebf37d39ce0b06b88,Update release notes,1,doc/whatsnew/v0.12.1.rst,infrastructure_only,seaborn/_stats/regression.py,2,a3eff2928e60880e264b0ba75ece3b38ec62b4d9609588a9211f19046b52df5b,0,True,Descriptive local Git future-history mechanism inventory; not semantic causality or survival evidence.
mwaskom__seaborn-3010,mwaskom/seaborn,[LOCAL_DRIVE]/code\repos_lite_pro\mwaskom__seaborn,0f5a013e2cf43562deec3b879458e59a73853813,mwaskom__seaborn-3010-d30,85c8ed632a5e9ec45b7d69d89518bb784a6e05a5,30,19,f033f5da0631726fba7bb598dfcaf18e40e70c04,Mark as non-compatibile with matplotlib 3.6.1 (#3060),1,pyproject.toml,infrastructure_only,seaborn/_stats/regression.py,2,a3eff2928e60880e264b0ba75ece3b38ec62b4d9609588a9211f19046b52df5b,0,True,Descriptive local Git future-history mechanism inventory; not semantic causality or survival evidence.
mwaskom__seaborn-3010,mwaskom/seaborn,[LOCAL_DRIVE]/code\repos_lite_pro\mwaskom__seaborn,0f5a013e2cf43562deec3b879458e59a73853813,mwaskom__seaborn-3010-d30,85c8ed632a5e9ec45b7d69d89518bb784a6e05a5,30,20,6d6f8d3b520317deba21cab0ed1f44f1cac36bcb,Cover full extent of data in Band/Range when not given min/max explicitly (#3056),7,doc/_docstrings/objects.Band.ipynb;doc/_docstrings/objects.Range.ipynb;doc/whatsnew/v0.12.1.rst;seaborn/_marks/area.py;seaborn/_marks/line.py;tests/_marks/test_area.py;tests/_marks/test_line.py,independent,seaborn/_stats/regression.py,2,a3eff2928e60880e264b0ba75ece3b38ec62b4d9609588a9211f19046b52df5b,0,True,Descriptive local Git future-history mechanism inventory; not semantic causality or survival evidence.
mwaskom__seaborn-3010,mwaskom/seaborn,[LOCAL_DRIVE]/code\repos_lite_pro\mwaskom__seaborn,0f5a013e2cf43562deec3b879458e59a73853813,mwaskom__seaborn-3010-d30,85c8ed632a5e9ec45b7d69d89518bb784a6e05a5,30,21,c412ddf1fede5d8882a6c230826c1d8fbbf61911,Fix data cache env variable in ci build (#3062),1,.github/workflows/ci.yaml,infrastructure_only,seaborn/_stats/regression.py,2,a3eff2928e60880e264b0ba75ece3b38ec62b4d9609588a9211f19046b52df5b,0,True,Descriptive local Git future-history mechanism inventory; not semantic causality or survival evidence.
mwaskom__seaborn-3010,mwaskom/seaborn,[LOCAL_DRIVE]/code\repos_lite_pro\mwaskom__seaborn,0f5a013e2cf43562deec3b879458e59a73853813,mwaskom__seaborn-3010-d30,85c8ed632a5e9ec45b7d69d89518bb784a6e05a5,30,22,3f623e7499263440491417ca642fdae9e1d3c9dd,Fix unfilled kdeplot cmap regression (#3065),4,doc/whatsnew/v0.12.1.rst;seaborn/distributions.py;seaborn/utils.py;tests/test_distributions.py,independent,seaborn/_stats/regression.py,2,a3eff2928e60880e264b0ba75ece3b38ec62b4d9609588a9211f19046b52df5b,0,True,Descriptive local Git future-history mechanism inventory; not semantic causality or survival evidence.
mwaskom__seaborn-3010,mwaskom/seaborn,[LOCAL_DRIVE]/code\repos_lite_pro\mwaskom__seaborn,0f5a013e2cf43562deec3b879458e59a73853813,mwaskom__seaborn-3010-d30,85c8ed632a5e9ec45b7d69d89518bb784a6e05a5,30,23,5013aea0a1a730140c1d1aafa8aef7106593cb6d,Use a stable algorithm in sorting marks (#3064),3,doc/whatsnew/v0.12.1.rst;seaborn/_marks/area.py;seaborn/_marks/line.py,independent,seaborn/_stats/regression.py,2,a3eff2928e60880e264b0ba75ece3b38ec62b4d9609588a9211f19046b52df5b,0,True,Descriptive local Git future-history mechanism inventory; not semantic causality or survival evidence.
mwaskom__seaborn-3010,mwaskom/seaborn,[LOCAL_DRIVE]/code\repos_lite_pro\mwaskom__seaborn,0f5a013e2cf43562deec3b879458e59a73853813,mwaskom__seaborn-3010-d30,85c8ed632a5e9ec45b7d69d89518bb784a6e05a5,30,24,aa56714f7ca39c809126200449f14073eb9fedcd,Add Perc stat for computing percentiles (#3063),7,doc/_docstrings/objects.Perc.ipynb;doc/api.rst;doc/whatsnew/v0.12.1.rst;seaborn/_stats/aggregation.py;seaborn/_stats/order.py;seaborn/objects.py;tests/_stats/test_order.py,related_same_subtree,seaborn/_stats/regression.py,2,a3eff2928e60880e264b0ba75ece3b38ec62b4d9609588a9211f19046b52df5b,0,True,Descriptive local Git future-history mechanism inventory; not semantic causality or survival evidence.
mwaskom__seaborn-3010,mwaskom/seaborn,[LOCAL_DRIVE]/code\repos_lite_pro\mwaskom__seaborn,0f5a013e2cf43562deec3b879458e59a73853813,mwaskom__seaborn-3010-d30,85c8ed632a5e9ec45b7d69d89518bb784a6e05a5,30,25,a23cf31ad410fd81217f278a835918928c589086,Mention stats extra in docs environment setup docs,1,doc/README.md,infrastructure_only,seaborn/_stats/regression.py,2,a3eff2928e60880e264b0ba75ece3b38ec62b4d9609588a9211f19046b52df5b,0,True,Descriptive local Git future-history mechanism inventory; not semantic causality or survival evidence.
mwaskom__seaborn-3010,mwaskom/seaborn,[LOCAL_DRIVE]/code\repos_lite_pro\mwaskom__seaborn,0f5a013e2cf43562deec3b879458e59a73853813,mwaskom__seaborn-3010-d30,85c8ed632a5e9ec45b7d69d89518bb784a6e05a5,30,26,54cab15bdacfaa05a88fbc5502a5b322d99f148e,Make Jitter do something by default (#3066),6,doc/_docstrings/objects.Jitter.ipynb;doc/whatsnew/v0.12.1.rst;seaborn/_core/moves.py;seaborn/_core/plot.py;seaborn/_core/typing.py;tests/_core/test_moves.py,independent,seaborn/_stats/regression.py,2,a3eff2928e60880e264b0ba75ece3b38ec62b4d9609588a9211f19046b52df5b,0,True,Descriptive local Git future-history mechanism inventory; not semantic causality or survival evidence.
mwaskom__seaborn-3010,mwaskom/seaborn,[LOCAL_DRIVE]/code\repos_lite_pro\mwaskom__seaborn,0f5a013e2cf43562deec3b879458e59a73853813,mwaskom__seaborn-3010-d30,85c8ed632a5e9ec45b7d69d89518bb784a6e05a5,30,27,85c8ed632a5e9ec45b7d69d89518bb784a6e05a5,Add label parameter to pointplot (#3016),3,doc/whatsnew/v0.12.1.rst;seaborn/categorical.py;tests/test_categorical.py,independent,seaborn/_stats/regression.py,2,a3eff2928e60880e264b0ba75ece3b38ec62b4d9609588a9211f19046b52df5b,0,True,Descriptive local Git future-history mechanism inventory; not semantic causality or survival evidence.
mwaskom__seaborn-3010,mwaskom/seaborn,[LOCAL_DRIVE]/code\repos_lite_pro\mwaskom__seaborn,0f5a013e2cf43562deec3b879458e59a73853813,mwaskom__seaborn-3010-d90,9bd166565beea99ab2e43a0576c59efab196940b,90,1,15713b387156fc089cb923dced0f60cc13d86edc,Add pre-commit hook config (#2963),20,.pre-commit-config.yaml;README.md;ci/deps_pinned.txt;ci/getmsfonts.sh;doc/README.md;doc/_static/copybutton.js;doc/_templates/autosummary/base.rst;doc/_templates/autosummary/object.rst;doc/citing.rst;doc/faq.rst;doc/index.rst;doc/tutorial.yaml;doc/whatsnew/v0.11.0.rst;doc/whatsnew/v0.11.1.rst;doc/whatsnew/v0.2.0.rst;doc/whatsnew/v0.7.0.rst;licences/NUMPYDOC_LICENSE;pyproject.toml;seaborn/external/docscrape.py;tests/test_utils.py,independent,seaborn/_stats/regression.py,0,a3eff2928e60880e264b0ba75ece3b38ec62b4d9609588a9211f19046b52df5b,0,True,Descriptive local Git future-history mechanism inventory; not semantic causality or survival evidence.
mwaskom__seaborn-3010,mwaskom/seaborn,[LOCAL_DRIVE]/code\repos_lite_pro\mwaskom__seaborn,0f5a013e2cf43562deec3b879458e59a73853813,mwaskom__seaborn-3010-d90,9bd166565beea99ab2e43a0576c59efab196940b,90,2,c5c5f4a4377f9dd91cc07c5c3e965d7d0d1edd20,Fix: Make PolyFit stat robust to missing data (#3010),3,doc/whatsnew/v0.12.1.rst;seaborn/_stats/regression.py;tests/_stats/test_regression.py,directly_overlapping,seaborn/_stats/regression.py,0,a3eff2928e60880e264b0ba75ece3b38ec62b4d9609588a9211f19046b52df5b,0,True,Descriptive local Git future-history mechanism inventory; not semantic causality or survival evidence.
mwaskom__seaborn-3010,mwaskom/seaborn,[LOCAL_DRIVE]/code\repos_lite_pro\mwaskom__seaborn,0f5a013e2cf43562deec3b879458e59a73853813,mwaskom__seaborn-3010-d90,9bd166565beea99ab2e43a0576c59efab196940b,90,3,a25e7cb847a661e45a8582427e781f38e5961863,Silence various warnings in test suite (#3011),4,tests/test_categorical.py;tests/test_distributions.py;tests/test_regression.py;tests/test_relational.py,test_only,seaborn/_stats/regression.py,0,a3eff2928e60880e264b0ba75ece3b38ec62b4d9609588a9211f19046b52df5b,0,True,Descriptive local Git future-history mechanism inventory; not semantic causality or survival evidence.
mwaskom__seaborn-3010,mwaskom/seaborn,[LOCAL_DRIVE]/code\repos_lite_pro\mwaskom__seaborn,0f5a013e2cf43562deec3b879458e59a73853813,mwaskom__seaborn-3010-d90,9bd166565beea99ab2e43a0576c59efab196940b,90,4,0c379538b80a748f1e0224e5161f49777c6a29d1,CI: Add biweekly scheduled run (#3013),1,.github/workflows/ci.yaml,infrastructure_only,seaborn/_stats/regression.py,0,a3eff2928e60880e264b0ba75ece3b38ec62b4d9609588a9211f19046b52df5b,0,True,Descriptive local Git future-history mechanism inventory; not semantic causality or survival evidence.
mwaskom__seaborn-3010,mwaskom/seaborn,[LOCAL_DRIVE]/code\repos_lite_pro\mwaskom__seaborn,0f5a013e2cf43562deec3b879458e59a73853813,mwaskom__seaborn-3010-d90,9bd166565beea99ab2e43a0576c59efab196940b,90,5,1e6739fbd41b2ee575f431a189e7866cf46d82b8,CI: Impove dataset caching and build docs in parallel (#3014),4,.github/workflows/ci.yaml;ci/cache_datasets.py;ci/cache_test_datasets.py;doc/Makefile,independent,seaborn/_stats/regression.py,0,a3eff2928e60880e264b0ba75ece3b38ec62b4d9609588a9211f19046b52df5b,0,True,Descriptive local Git future-history mechanism inventory; not semantic causality or survival evidence.
mwaskom__seaborn-3010,mwaskom/seaborn,[LOCAL_DRIVE]/code\repos_lite_pro\mwaskom__seaborn,0f5a013e2cf43562deec3b879458e59a73853813,mwaskom__seaborn-3010-d90,9bd166565beea99ab2e43a0576c59efab196940b,90,6,9aca86c3757a323c1b868400721b12136e3cfc2a,Parallelize sphinx in CI build (#3018),1,.github/workflows/ci.yaml,infrastructure_only,seaborn/_stats/regression.py,0,a3eff2928e60880e264b0ba75ece3b38ec62b4d9609588a9211f19046b52df5b,0,True,Descriptive local Git future-history mechanism inventory; not semantic causality or survival evidence.
mwaskom__seaborn-3010,mwaskom/seaborn,[LOCAL_DRIVE]/code\repos_lite_pro\mwaskom__seaborn,0f5a013e2cf43562deec3b879458e59a73853813,mwaskom__seaborn-3010-d90,9bd166565beea99ab2e43a0576c59efab196940b,90,7,54c36b74bbd4f7dfd5f933fcdc5e81fbb3fc0a45,CI: Improve example dataset usage (#3020),8,.github/workflows/ci.yaml;doc/_docstrings/clustermap.ipynb;doc/_docstrings/heatmap.ipynb;doc/_docstrings/lmplot.ipynb;doc/_docstrings/regplot.ipynb;doc/_docstrings/residplot.ipynb;seaborn/matrix.py;seaborn/regression.py,independent,seaborn/_stats/regression.py,0,a3eff2928e60880e264b0ba75ece3b38ec62b4d9609588a9211f19046b52df5b,0,True,Descriptive local Git future-history mechanism inventory; not semantic causality or survival evidence.
mwaskom__seaborn-3010,mwaskom/seaborn,[LOCAL_DRIVE]/code\repos_lite_pro\mwaskom__seaborn,0f5a013e2cf43562deec3b879458e59a73853813,mwaskom__seaborn-3010-d90,9bd166565beea99ab2e43a0576c59efab196940b,90,8,1d4bec6bfdb52a39ed465916ac93e0b5ad828cd2,Add StackOverflow link to navbar,1,doc/conf.py,infrastructure_only,seaborn/_stats/regression.py,0,a3eff2928e60880e264b0ba75ece3b38ec62b4d9609588a9211f19046b52df5b,0,True,Descriptive local Git future-history mechanism inventory; not semantic causality or survival evidence.
mwaskom__seaborn-3010,mwaskom/seaborn,[LOCAL_DRIVE]/code\repos_lite_pro\mwaskom__seaborn,0f5a013e2cf43562deec3b879458e59a73853813,mwaskom__seaborn-3010-d90,9bd166565beea99ab2e43a0576c59efab196940b,90,9,fb6d932df4241addc630b8a60805127d222a154c,Merge branch 'master' of github.com:mwaskom/seaborn,1,seaborn/categorical.py,independent,seaborn/_stats/regression.py,0,a3eff2928e60880e264b0ba75ece3b38ec62b4d9609588a9211f19046b52df5b,0,True,Descriptive local Git future-history mechanism inventory; not semantic causality or survival evidence.
mwaskom__seaborn-3010,mwaskom/seaborn,[LOCAL_DRIVE]/code\repos_lite_pro\mwaskom__seaborn,0f5a013e2cf43562deec3b879458e59a73853813,mwaskom__seaborn-3010-d90,9bd166565beea99ab2e43a0576c59efab196940b,90,10,e644793f0ac2b1be178425f20f529121f37f29de,Convert color palette docstrings to notebooks (#3034),80,.github/workflows/ci.yaml;Makefile;README.md;doc/_docstrings/FacetGrid.ipynb;doc/_docstrings/JointGrid.ipynb;doc/_docstrings/PairGrid.ipynb;doc/_docstrings/axes_style.ipynb;doc/_docstrings/barplot.ipynb;doc/_docstrings/blend_palette.ipynb;doc/_docstrings/boxenplot.ipynb;doc/_docstrings/boxplot.ipynb;doc/_docstrings/catplot.ipynb;doc/_docstrings/color_palette.ipynb;doc/_docstrings/countplot.ipynb;doc/_docstrings/cubehelix_palette.ipynb;doc/_docstrings/dark_palette.ipynb;doc/_docstrings/displot.ipynb;doc/_docstrings/diverging_palette.ipynb;doc/_docstrings/ecdfplot.ipynb;doc/_docstrings/histplot.ipynb;doc/_docstrings/hls_palette.ipynb;doc/_docstrings/husl_palette.ipynb;doc/_docstrings/jointplot.ipynb;doc/_docstrings/kdeplot.ipynb;doc/_docstrings/light_palette.ipynb;doc/_docstrings/lineplot.ipynb;doc/_docstrings/move_legend.ipynb;doc/_docstrings/mpl_palette.ipynb;doc/_docstrings/objects.Area.ipynb;doc/_docstrings/objects.Band.ipynb;doc/_docstrings/objects.Bar.ipynb;doc/_docstrings/objects.Bars.ipynb;doc/_docstrings/objects.Dot.ipynb;doc/_docstrings/objects.Dots.ipynb;doc/_docstrings/objects.Line.ipynb;doc/_docstrings/objects.Lines.ipynb;doc/_docstrings/objects.Path.ipynb;doc/_docstrings/objects.Paths.ipynb;doc/_docstrings/objects.Plot.add.ipynb;doc/_docstrings/objects.Plot.facet.ipynb;doc/_docstrings/objects.Plot.label.ipynb;doc/_docstrings/objects.Plot.layout.ipynb;doc/_docstrings/objects.Plot.limit.ipynb;doc/_docstrings/objects.Plot.on.ipynb;doc/_docstrings/objects.Plot.pair.ipynb;doc/_docstrings/objects.Plot.scale.ipynb;doc/_docstrings/objects.Plot.share.ipynb;doc/_docstrings/objects.Plot.theme.ipynb;doc/_docstrings/objects.Range.ipynb;doc/_docstrings/pairplot.ipynb;doc/_docstrings/plotting_context.ipynb;doc/_docstrings/pointplot.ipynb;doc/_docstrings/relplot.ipynb;doc/_docstrings/rugplot.ipynb;doc/_docstrings/scatterplot.ipynb;doc/_docstrings/set_context.ipynb;doc/_docstrings/set_style.ipynb;doc/_docstrings/set_theme.ipynb;doc/_docstrings/stripplot.ipynb;doc/_docstrings/swarmplot.ipynb;doc/_docstrings/violinplot.ipynb;doc/_tutorial/aesthetics.ipynb;doc/_tutorial/axis_grids.ipynb;doc/_tutorial/categorical.ipynb;doc/_tutorial/color_palettes.ipynb;doc/_tutorial/data_structure.ipynb;doc/_tutorial/distributions.ipynb;doc/_tutorial/error_bars.ipynb;doc/_tutorial/function_overview.ipynb;doc/_tutorial/introduction.ipynb;doc/_tutorial/objects_interface.ipynb;doc/_tutorial/properties.ipynb;doc/_tutorial/regression.ipynb;doc/_tutorial/relational.ipynb;doc/whatsnew/index.rst;doc/whatsnew/v0.12.1.rst;seaborn/palettes.py;seaborn/rcmod.py;seaborn/widgets.py;tests/test_palettes.py,independent,seaborn/_stats/regression.py,2,a3eff2928e60880e264b0ba75ece3b38ec62b4d9609588a9211f19046b52df5b,0,True,Descriptive local Git future-history mechanism inventory; not semantic causality or survival evidence.
mwaskom__seaborn-3010,mwaskom/seaborn,[LOCAL_DRIVE]/code\repos_lite_pro\mwaskom__seaborn,0f5a013e2cf43562deec3b879458e59a73853813,mwaskom__seaborn-3010-d90,9bd166565beea99ab2e43a0576c59efab196940b,90,11,ee6475e7d69fb28b034df2f5f01a2a5674998aab,naive fix for #3037 (#3038),2,seaborn/axisgrid.py;seaborn/categorical.py,independent,seaborn/_stats/regression.py,2,a3eff2928e60880e264b0ba75ece3b38ec62b4d9609588a9211f19046b52df5b,0,True,Descriptive local Git future-history mechanism inventory; not semantic causality or survival evidence.
mwaskom__seaborn-3010,mwaskom/seaborn,[LOCAL_DRIVE]/code\repos_lite_pro\mwaskom__seaborn,0f5a013e2cf43562deec3b879458e59a73853813,mwaskom__seaborn-3010-d90,9bd166565beea99ab2e43a0576c59efab196940b,90,12,d20332947c0ee544a605c6d82ea91e48dce6fb6d,CI: Make tests more robust to concurrency (#3039),8,tests/_core/test_plot.py;tests/_marks/test_area.py;tests/_marks/test_bar.py;tests/_marks/test_dot.py;tests/_marks/test_line.py;tests/conftest.py;tests/test_core.py;tests/test_rcmod.py,test_only,seaborn/_stats/regression.py,2,a3eff2928e60880e264b0ba75ece3b38ec62b4d9609588a9211f19046b52df5b,0,True,Descriptive local Git future-history mechanism inventory; not semantic causality or survival evidence.
mwaskom__seaborn-3010,mwaskom/seaborn,[LOCAL_DRIVE]/code\repos_lite_pro\mwaskom__seaborn,0f5a013e2cf43562deec3b879458e59a73853813,mwaskom__seaborn-3010-d90,9bd166565beea99ab2e43a0576c59efab196940b,90,13,f2fc4b5d8b9c7a8e0b1aaa34793b4f4e3445f81a,Update pandas syntax to avoid deprecated behavior (#3040),4,seaborn/categorical.py;seaborn/distributions.py;tests/_stats/test_histogram.py;tests/test_categorical.py,independent,seaborn/_stats/regression.py,2,a3eff2928e60880e264b0ba75ece3b38ec62b4d9609588a9211f19046b52df5b,0,True,Descriptive local Git future-history mechanism inventory; not semantic causality or survival evidence.
mwaskom__seaborn-3010,mwaskom/seaborn,[LOCAL_DRIVE]/code\repos_lite_pro\mwaskom__seaborn,0f5a013e2cf43562deec3b879458e59a73853813,mwaskom__seaborn-3010-d90,9bd166565beea99ab2e43a0576c59efab196940b,90,14,ad11bdc4d33793ebc644f58a0c10875bf2455714,Typing: use pandas-type-stubs and address arising issues (#3044),8,pyproject.toml;seaborn/_core/data.py;seaborn/_core/groupby.py;seaborn/_core/plot.py;seaborn/_core/rules.py;seaborn/_core/scales.py;seaborn/_core/typing.py;seaborn/_stats/aggregation.py,related_same_subtree,seaborn/_stats/regression.py,2,a3eff2928e60880e264b0ba75ece3b38ec62b4d9609588a9211f19046b52df5b,0,True,Descriptive local Git future-history mechanism inventory; not semantic causality or survival evidence.
mwaskom__seaborn-3010,mwaskom/seaborn,[LOCAL_DRIVE]/code\repos_lite_pro\mwaskom__seaborn,0f5a013e2cf43562deec3b879458e59a73853813,mwaskom__seaborn-3010-d90,9bd166565beea99ab2e43a0576c59efab196940b,90,15,ed3d367a436aee8782ace920026c2e582057f795,Histogram refactoring and improvements (#3045),8,doc/_docstrings/objects.Hist.ipynb;seaborn/_statistics.py;seaborn/_stats/base.py;seaborn/_stats/histogram.py;seaborn/distributions.py;tests/_stats/test_histogram.py;tests/test_axisgrid.py;tests/test_distributions.py,related_same_subtree,seaborn/_stats/regression.py,2,a3eff2928e60880e264b0ba75ece3b38ec62b4d9609588a9211f19046b52df5b,0,True,Descriptive local Git future-history mechanism inventory; not semantic causality or survival evidence.
mwaskom__seaborn-3010,mwaskom/seaborn,[LOCAL_DRIVE]/code\repos_lite_pro\mwaskom__seaborn,0f5a013e2cf43562deec3b879458e59a73853813,mwaskom__seaborn-3010-d90,9bd166565beea99ab2e43a0576c59efab196940b,90,16,63186a4e6a57890b1aa8455b3dfa78b7a5ce8f7d,Text mark (#3051),12,doc/_docstrings/objects.Text.ipynb;doc/_tutorial/properties.ipynb;doc/api.rst;doc/whatsnew/v0.12.1.rst;seaborn/_core/plot.py;seaborn/_core/properties.py;seaborn/_marks/base.py;seaborn/_marks/text.py;seaborn/objects.py;tests/_core/test_plot.py;tests/_marks/test_text.py;tests/test_objects.py,independent,seaborn/_stats/regression.py,2,a3eff2928e60880e264b0ba75ece3b38ec62b4d9609588a9211f19046b52df5b,0,True,Descriptive local Git future-history mechanism inventory; not semantic causality or survival evidence.
mwaskom__seaborn-3010,mwaskom/seaborn,[LOCAL_DRIVE]/code\repos_lite_pro\mwaskom__seaborn,0f5a013e2cf43562deec3b879458e59a73853813,mwaskom__seaborn-3010-d90,9bd166565beea99ab2e43a0576c59efab196940b,90,17,8ea02f09a40b5f7af73f54a1d3d060444c9c3b5b,Fix Plot legend with > 2 layers (#3055),2,seaborn/_core/plot.py;tests/_core/test_plot.py,independent,seaborn/_stats/regression.py,2,a3eff2928e60880e264b0ba75ece3b38ec62b4d9609588a9211f19046b52df5b,0,True,Descriptive local Git future-history mechanism inventory; not semantic causality or survival evidence.
mwaskom__seaborn-3010,mwaskom/seaborn,[LOCAL_DRIVE]/code\repos_lite_pro\mwaskom__seaborn,0f5a013e2cf43562deec3b879458e59a73853813,mwaskom__seaborn-3010-d90,9bd166565beea99ab2e43a0576c59efab196940b,90,18,5386adc5a482ef3d0aef958ebf37d39ce0b06b88,Update release notes,1,doc/whatsnew/v0.12.1.rst,infrastructure_only,seaborn/_stats/regression.py,2,a3eff2928e60880e264b0ba75ece3b38ec62b4d9609588a9211f19046b52df5b,0,True,Descriptive local Git future-history mechanism inventory; not semantic causality or survival evidence.
mwaskom__seaborn-3010,mwaskom/seaborn,[LOCAL_DRIVE]/code\repos_lite_pro\mwaskom__seaborn,0f5a013e2cf43562deec3b879458e59a73853813,mwaskom__seaborn-3010-d90,9bd166565beea99ab2e43a0576c59efab196940b,90,19,f033f5da0631726fba7bb598dfcaf18e40e70c04,Mark as non-compatibile with matplotlib 3.6.1 (#3060),1,pyproject.toml,infrastructure_only,seaborn/_stats/regression.py,2,a3eff2928e60880e264b0ba75ece3b38ec62b4d9609588a9211f19046b52df5b,0,True,Descriptive local Git future-history mechanism inventory; not semantic causality or survival evidence.
mwaskom__seaborn-3010,mwaskom/seaborn,[LOCAL_DRIVE]/code\repos_lite_pro\mwaskom__seaborn,0f5a013e2cf43562deec3b879458e59a73853813,mwaskom__seaborn-3010-d90,9bd166565beea99ab2e43a0576c59efab196940b,90,20,6d6f8d3b520317deba21cab0ed1f44f1cac36bcb,Cover full extent of data in Band/Range when not given min/max explicitly (#3056),7,doc/_docstrings/objects.Band.ipynb;doc/_docstrings/objects.Range.ipynb;doc/whatsnew/v0.12.1.rst;seaborn/_marks/area.py;seaborn/_marks/line.py;tests/_marks/test_area.py;tests/_marks/test_line.py,independent,seaborn/_stats/regression.py,2,a3eff2928e60880e264b0ba75ece3b38ec62b4d9609588a9211f19046b52df5b,0,True,Descriptive local Git future-history mechanism inventory; not semantic causality or survival evidence.
mwaskom__seaborn-3010,mwaskom/seaborn,[LOCAL_DRIVE]/code\repos_lite_pro\mwaskom__seaborn,0f5a013e2cf43562deec3b879458e59a73853813,mwaskom__seaborn-3010-d90,9bd166565beea99ab2e43a0576c59efab196940b,90,21,c412ddf1fede5d8882a6c230826c1d8fbbf61911,Fix data cache env variable in ci build (#3062),1,.github/workflows/ci.yaml,infrastructure_only,seaborn/_stats/regression.py,2,a3eff2928e60880e264b0ba75ece3b38ec62b4d9609588a9211f19046b52df5b,0,True,Descriptive local Git future-history mechanism inventory; not semantic causality or survival evidence.
mwaskom__seaborn-3010,mwaskom/seaborn,[LOCAL_DRIVE]/code\repos_lite_pro\mwaskom__seaborn,0f5a013e2cf43562deec3b879458e59a73853813,mwaskom__seaborn-3010-d90,9bd166565beea99ab2e43a0576c59efab196940b,90,22,3f623e7499263440491417ca642fdae9e1d3c9dd,Fix unfilled kdeplot cmap regression (#3065),4,doc/whatsnew/v0.12.1.rst;seaborn/distributions.py;seaborn/utils.py;tests/test_distributions.py,independent,seaborn/_stats/regression.py,2,a3eff2928e60880e264b0ba75ece3b38ec62b4d9609588a9211f19046b52df5b,0,True,Descriptive local Git future-history mechanism inventory; not semantic causality or survival evidence.
mwaskom__seaborn-3010,mwaskom/seaborn,[LOCAL_DRIVE]/code\repos_lite_pro\mwaskom__seaborn,0f5a013e2cf43562deec3b879458e59a73853813,mwaskom__seaborn-3010-d90,9bd166565beea99ab2e43a0576c59efab196940b,90,23,5013aea0a1a730140c1d1aafa8aef7106593cb6d,Use a stable algorithm in sorting marks (#3064),3,doc/whatsnew/v0.12.1.rst;seaborn/_marks/area.py;seaborn/_marks/line.py,independent,seaborn/_stats/regression.py,2,a3eff2928e60880e264b0ba75ece3b38ec62b4d9609588a9211f19046b52df5b,0,True,Descriptive local Git future-history mechanism inventory; not semantic causality or survival evidence.
mwaskom__seaborn-3010,mwaskom/seaborn,[LOCAL_DRIVE]/code\repos_lite_pro\mwaskom__seaborn,0f5a013e2cf43562deec3b879458e59a73853813,mwaskom__seaborn-3010-d90,9bd166565beea99ab2e43a0576c59efab196940b,90,24,aa56714f7ca39c809126200449f14073eb9fedcd,Add Perc stat for computing percentiles (#3063),7,doc/_docstrings/objects.Perc.ipynb;doc/api.rst;doc/whatsnew/v0.12.1.rst;seaborn/_stats/aggregation.py;seaborn/_stats/order.py;seaborn/objects.py;tests/_stats/test_order.py,related_same_subtree,seaborn/_stats/regression.py,2,a3eff2928e60880e264b0ba75ece3b38ec62b4d9609588a9211f19046b52df5b,0,True,Descriptive local Git future-history mechanism inventory; not semantic causality or survival evidence.
mwaskom__seaborn-3010,mwaskom/seaborn,[LOCAL_DRIVE]/code\repos_lite_pro\mwaskom__seaborn,0f5a013e2cf43562deec3b879458e59a73853813,mwaskom__seaborn-3010-d90,9bd166565beea99ab2e43a0576c59efab196940b,90,25,a23cf31ad410fd81217f278a835918928c589086,Mention stats extra in docs environment setup docs,1,doc/README.md,infrastructure_only,seaborn/_stats/regression.py,2,a3eff2928e60880e264b0ba75ece3b38ec62b4d9609588a9211f19046b52df5b,0,True,Descriptive local Git future-history mechanism inventory; not semantic causality or survival evidence.
mwaskom__seaborn-3010,mwaskom/seaborn,[LOCAL_DRIVE]/code\repos_lite_pro\mwaskom__seaborn,0f5a013e2cf43562deec3b879458e59a73853813,mwaskom__seaborn-3010-d90,9bd166565beea99ab2e43a0576c59efab196940b,90,26,54cab15bdacfaa05a88fbc5502a5b322d99f148e,Make Jitter do something by default (#3066),6,doc/_docstrings/objects.Jitter.ipynb;doc/whatsnew/v0.12.1.rst;seaborn/_core/moves.py;seaborn/_core/plot.py;seaborn/_core/typing.py;tests/_core/test_moves.py,independent,seaborn/_stats/regression.py,2,a3eff2928e60880e264b0ba75ece3b38ec62b4d9609588a9211f19046b52df5b,0,True,Descriptive local Git future-history mechanism inventory; not semantic causality or survival evidence.
mwaskom__seaborn-3010,mwaskom/seaborn,[LOCAL_DRIVE]/code\repos_lite_pro\mwaskom__seaborn,0f5a013e2cf43562deec3b879458e59a73853813,mwaskom__seaborn-3010-d90,9bd166565beea99ab2e43a0576c59efab196940b,90,27,85c8ed632a5e9ec45b7d69d89518bb784a6e05a5,Add label parameter to pointplot (#3016),3,doc/whatsnew/v0.12.1.rst;seaborn/categorical.py;tests/test_categorical.py,independent,seaborn/_stats/regression.py,2,a3eff2928e60880e264b0ba75ece3b38ec62b4d9609588a9211f19046b52df5b,0,True,Descriptive local Git future-history mechanism inventory; not semantic causality or survival evidence.
mwaskom__seaborn-3010,mwaskom/seaborn,[LOCAL_DRIVE]/code\repos_lite_pro\mwaskom__seaborn,0f5a013e2cf43562deec3b879458e59a73853813,mwaskom__seaborn-3010-d90,9bd166565beea99ab2e43a0576c59efab196940b,90,28,a767d666d45a6f105177e4720669b85c92ee2432,Tweak nominal scale axes akin to categorical axes in classic seaborn (#3069),3,doc/whatsnew/v0.12.1.rst;seaborn/_core/plot.py;tests/_core/test_plot.py,independent,seaborn/_stats/regression.py,2,a3eff2928e60880e264b0ba75ece3b38ec62b4d9609588a9211f19046b52df5b,0,True,Descriptive local Git future-history mechanism inventory; not semantic causality or survival evidence.
mwaskom__seaborn-3010,mwaskom/seaborn,[LOCAL_DRIVE]/code\repos_lite_pro\mwaskom__seaborn,0f5a013e2cf43562deec3b879458e59a73853813,mwaskom__seaborn-3010-d90,9bd166565beea99ab2e43a0576c59efab196940b,90,29,549c3267ed2cef9a237da55324bfbf51f0246032,Add Dash mark (#3074),6,doc/_docstrings/objects.Dash.ipynb;doc/api.rst;doc/whatsnew/v0.12.1.rst;seaborn/_marks/line.py;seaborn/objects.py;tests/_marks/test_line.py,independent,seaborn/_stats/regression.py,2,a3eff2928e60880e264b0ba75ece3b38ec62b4d9609588a9211f19046b52df5b,0,True,Descriptive local Git future-history mechanism inventory; not semantic causality or survival evidence.
mwaskom__seaborn-3010,mwaskom/seaborn,[LOCAL_DRIVE]/code\repos_lite_pro\mwaskom__seaborn,0f5a013e2cf43562deec3b879458e59a73853813,mwaskom__seaborn-3010-d90,9bd166565beea99ab2e43a0576c59efab196940b,90,30,876beddb8fe2d2fceae7a0675071de3886634433,Make tenses consistent in release notes,1,doc/whatsnew/v0.12.1.rst,infrastructure_only,seaborn/_stats/regression.py,2,a3eff2928e60880e264b0ba75ece3b38ec62b4d9609588a9211f19046b52df5b,0,True,Descriptive local Git future-history mechanism inventory; not semantic causality or survival evidence.
mwaskom__seaborn-3010,mwaskom/seaborn,[LOCAL_DRIVE]/code\repos_lite_pro\mwaskom__seaborn,0f5a013e2cf43562deec3b879458e59a73853813,mwaskom__seaborn-3010-d90,9bd166565beea99ab2e43a0576c59efab196940b,90,31,1d70f58faba96a02c9fe403da4d61860de10a3ca,Avoid aggregating in lineplot when not necessary (#3081),3,doc/whatsnew/v0.12.1.rst;seaborn/relational.py;tests/test_relational.py,independent,seaborn/_stats/regression.py,2,a3eff2928e60880e264b0ba75ece3b38ec62b4d9609588a9211f19046b52df5b,0,True,Descriptive local Git future-history mechanism inventory; not semantic causality or survival evidence.
mwaskom__seaborn-3010,mwaskom/seaborn,[LOCAL_DRIVE]/code\repos_lite_pro\mwaskom__seaborn,0f5a013e2cf43562deec3b879458e59a73853813,mwaskom__seaborn-3010-d90,9bd166565beea99ab2e43a0576c59efab196940b,90,32,a02b6bf97bc3c66060f78bcc6704627d5638632d,Fix Plot with no variance in orient dimension (#3084),4,doc/whatsnew/v0.12.1.rst;seaborn/_core/scales.py;tests/_core/test_plot.py;tests/_marks/test_line.py,independent,seaborn/_stats/regression.py,2,a3eff2928e60880e264b0ba75ece3b38ec62b4d9609588a9211f19046b52df5b,0,True,Descriptive local Git future-history mechanism inventory; not semantic causality or survival evidence.
mwaskom__seaborn-3010,mwaskom/seaborn,[LOCAL_DRIVE]/code\repos_lite_pro\mwaskom__seaborn,0f5a013e2cf43562deec3b879458e59a73853813,mwaskom__seaborn-3010-d90,9bd166565beea99ab2e43a0576c59efab196940b,90,33,95dc3775227cad3d418d6f8c18318a5233ad1934,Add Count stat (#3086),10,doc/_docstrings/objects.Count.ipynb;doc/api.rst;doc/whatsnew/v0.12.1.rst;seaborn/_stats/aggregation.py;seaborn/_stats/counting.py;seaborn/_stats/histogram.py;seaborn/distributions.py;seaborn/objects.py;tests/_stats/test_counting.py;tests/_stats/test_histogram.py,related_same_subtree,seaborn/_stats/regression.py,2,a3eff2928e60880e264b0ba75ece3b38ec62b4d9609588a9211f19046b52df5b,0,True,Descriptive local Git future-history mechanism inventory; not semantic causality or survival evidence.
mwaskom__seaborn-3010,mwaskom/seaborn,[LOCAL_DRIVE]/code\repos_lite_pro\mwaskom__seaborn,0f5a013e2cf43562deec3b879458e59a73853813,mwaskom__seaborn-3010-d90,9bd166565beea99ab2e43a0576c59efab196940b,90,34,a42d62de98c4211dc358f0ada389e81dad6a804a,Allow base=None to disable log formatter in Continuous.label (#3087),3,doc/whatsnew/v0.12.1.rst;seaborn/_core/scales.py;tests/_core/test_scales.py,independent,seaborn/_stats/regression.py,2,a3eff2928e60880e264b0ba75ece3b38ec62b4d9609588a9211f19046b52df5b,0,True,Descriptive local Git future-history mechanism inventory; not semantic causality or survival evidence.
mwaskom__seaborn-3010,mwaskom/seaborn,[LOCAL_DRIVE]/code\repos_lite_pro\mwaskom__seaborn,0f5a013e2cf43562deec3b879458e59a73853813,mwaskom__seaborn-3010-d90,9bd166565beea99ab2e43a0576c59efab196940b,90,35,0f92224f88ccb732d0485a51640818e9b4e55bf2,Add docstrings and API examples for remaining transform objects (#3088),8,doc/_docstrings/objects.Agg.ipynb;doc/_docstrings/objects.Dodge.ipynb;doc/_docstrings/objects.Est.ipynb;doc/_docstrings/objects.Norm.ipynb;doc/_docstrings/objects.Shift.ipynb;doc/_docstrings/objects.Stack.ipynb;seaborn/_core/moves.py;seaborn/_stats/aggregation.py,related_same_subtree,seaborn/_stats/regression.py,2,a3eff2928e60880e264b0ba75ece3b38ec62b4d9609588a9211f19046b52df5b,0,True,Descriptive local Git future-history mechanism inventory; not semantic causality or survival evidence.
mwaskom__seaborn-3010,mwaskom/seaborn,[LOCAL_DRIVE]/code\repos_lite_pro\mwaskom__seaborn,0f5a013e2cf43562deec3b879458e59a73853813,mwaskom__seaborn-3010-d90,9bd166565beea99ab2e43a0576c59efab196940b,90,36,d5ffb641c76626336bf83cd1a1d9321260acc69c,Update release notes for v0.12.1 release,1,doc/whatsnew/v0.12.1.rst,infrastructure_only,seaborn/_stats/regression.py,2,a3eff2928e60880e264b0ba75ece3b38ec62b4d9609588a9211f19046b52df5b,0,True,Descriptive local Git future-history mechanism inventory; not semantic causality or survival evidence.
mwaskom__seaborn-3010,mwaskom/seaborn,[LOCAL_DRIVE]/code\repos_lite_pro\mwaskom__seaborn,0f5a013e2cf43562deec3b879458e59a73853813,mwaskom__seaborn-3010-d90,9bd166565beea99ab2e43a0576c59efab196940b,90,37,0d676fbdf92815c3a0d9bb67d1de249566139508,Fix typos in release notes,1,doc/whatsnew/v0.12.1.rst,infrastructure_only,seaborn/_stats/regression.py,2,a3eff2928e60880e264b0ba75ece3b38ec62b4d9609588a9211f19046b52df5b,0,True,Descriptive local Git future-history mechanism inventory; not semantic causality or survival evidence.
mwaskom__seaborn-3010,mwaskom/seaborn,[LOCAL_DRIVE]/code\repos_lite_pro\mwaskom__seaborn,0f5a013e2cf43562deec3b879458e59a73853813,mwaskom__seaborn-3010-d90,9bd166565beea99ab2e43a0576c59efab196940b,90,38,7feb61d06d3d0cdb759c1075ea4952ddd5f8769f,Make Text examples look better with new Nominal behavior,1,doc/_docstrings/objects.Text.ipynb,infrastructure_only,seaborn/_stats/regression.py,2,a3eff2928e60880e264b0ba75ece3b38ec62b4d9609588a9211f19046b52df5b,0,True,Descriptive local Git future-history mechanism inventory; not semantic causality or survival evidence.
mwaskom__seaborn-3010,mwaskom/seaborn,[LOCAL_DRIVE]/code\repos_lite_pro\mwaskom__seaborn,0f5a013e2cf43562deec3b879458e59a73853813,mwaskom__seaborn-3010-d90,9bd166565beea99ab2e43a0576c59efab196940b,90,39,0cda814d368e55ca38f27b15d682a77731553a09,Fix hidden cell in Est docstring,1,doc/_docstrings/objects.Est.ipynb,infrastructure_only,seaborn/_stats/regression.py,2,a3eff2928e60880e264b0ba75ece3b38ec62b4d9609588a9211f19046b52df5b,0,True,Descriptive local Git future-history mechanism inventory; not semantic causality or survival evidence.
mwaskom__seaborn-3010,mwaskom/seaborn,[LOCAL_DRIVE]/code\repos_lite_pro\mwaskom__seaborn,0f5a013e2cf43562deec3b879458e59a73853813,mwaskom__seaborn-3010-d90,9bd166565beea99ab2e43a0576c59efab196940b,90,40,df37723107b9b3a117708711ecd7a6264c2293d4,Fix objects references,1,doc/_docstrings/objects.Agg.ipynb,infrastructure_only,seaborn/_stats/regression.py,2,a3eff2928e60880e264b0ba75ece3b38ec62b4d9609588a9211f19046b52df5b,0,True,Descriptive local Git future-history mechanism inventory; not semantic causality or survival evidence.
mwaskom__seaborn-3010,mwaskom/seaborn,[LOCAL_DRIVE]/code\repos_lite_pro\mwaskom__seaborn,0f5a013e2cf43562deec3b879458e59a73853813,mwaskom__seaborn-3010-d90,9bd166565beea99ab2e43a0576c59efab196940b,90,41,6f76be288eb385a2ad96a954fea9f21a9126c221,Add Flit to dev docs and increment version,2,pyproject.toml;seaborn/__init__.py,independent,seaborn/_stats/regression.py,2,a3eff2928e60880e264b0ba75ece3b38ec62b4d9609588a9211f19046b52df5b,0,True,Descriptive local Git future-history mechanism inventory; not semantic causality or survival evidence.
mwaskom__seaborn-3010,mwaskom/seaborn,[LOCAL_DRIVE]/code\repos_lite_pro\mwaskom__seaborn,0f5a013e2cf43562deec3b879458e59a73853813,mwaskom__seaborn-3010-d90,9bd166565beea99ab2e43a0576c59efab196940b,90,42,bf4695466d742f301f361b8d0c8168c5c4bdf889,Update categorical.py (#3097),1,seaborn/categorical.py,independent,seaborn/_stats/regression.py,2,a3eff2928e60880e264b0ba75ece3b38ec62b4d9609588a9211f19046b52df5b,0,True,Descriptive local Git future-history mechanism inventory; not semantic causality or survival evidence.
mwaskom__seaborn-3010,mwaskom/seaborn,[LOCAL_DRIVE]/code\repos_lite_pro\mwaskom__seaborn,0f5a013e2cf43562deec3b879458e59a73853813,mwaskom__seaborn-3010-d90,9bd166565beea99ab2e43a0576c59efab196940b,90,43,aafd54f21ac749fa24dcdfdb639f4f1585fdc812,include note in stripplot docstring about edgecolor depending on linewidth (#3110),1,seaborn/categorical.py,independent,seaborn/_stats/regression.py,2,a3eff2928e60880e264b0ba75ece3b38ec62b4d9609588a9211f19046b52df5b,0,True,Descriptive local Git future-history mechanism inventory; not semantic causality or survival evidence.
mwaskom__seaborn-3010,mwaskom/seaborn,[LOCAL_DRIVE]/code\repos_lite_pro\mwaskom__seaborn,0f5a013e2cf43562deec3b879458e59a73853813,mwaskom__seaborn-3010-d90,9bd166565beea99ab2e43a0576c59efab196940b,90,44,852ffaf3e28de848c4d07e778c7990924637d046,Add KDE stat (#3111),11,Makefile;doc/_docstrings/objects.KDE.ipynb;doc/api.rst;doc/whatsnew/v0.12.2.rst;seaborn/_stats/base.py;seaborn/_stats/counting.py;seaborn/_stats/density.py;seaborn/external/kde.py;seaborn/objects.py;tests/_stats/test_counting.py;tests/_stats/test_density.py,related_same_subtree,seaborn/_stats/regression.py,2,a3eff2928e60880e264b0ba75ece3b38ec62b4d9609588a9211f19046b52df5b,0,True,Descriptive local Git future-history mechanism inventory; not semantic causality or survival evidence.
mwaskom__seaborn-3010,mwaskom/seaborn,[LOCAL_DRIVE]/code\repos_lite_pro\mwaskom__seaborn,0f5a013e2cf43562deec3b879458e59a73853813,mwaskom__seaborn-3010-d90,9bd166565beea99ab2e43a0576c59efab196940b,90,45,021a20f06f41212fd8c55680a8cc3bf0924e1b30,Don't pass label when creating color cycle scout (#3116),3,doc/whatsnew/v0.12.2.rst;seaborn/utils.py;tests/test_distributions.py,independent,seaborn/_stats/regression.py,2,a3eff2928e60880e264b0ba75ece3b38ec62b4d9609588a9211f19046b52df5b,0,True,Descriptive local Git future-history mechanism inventory; not semantic causality or survival evidence.
mwaskom__seaborn-3010,mwaskom/seaborn,[LOCAL_DRIVE]/code\repos_lite_pro\mwaskom__seaborn,0f5a013e2cf43562deec3b879458e59a73853813,mwaskom__seaborn-3010-d90,9bd166565beea99ab2e43a0576c59efab196940b,90,46,8dc5a9cd86cb1cd71c60d89b17a4c14ec8c87190,Compute spacing/width separately for unshared axes (#3119),5,doc/_docstrings/objects.Norm.ipynb;doc/whatsnew/v0.12.2.rst;seaborn/_core/plot.py;seaborn/utils.py;tests/_core/test_plot.py,independent,seaborn/_stats/regression.py,2,a3eff2928e60880e264b0ba75ece3b38ec62b4d9609588a9211f19046b52df5b,0,True,Descriptive local Git future-history mechanism inventory; not semantic causality or survival evidence.
mwaskom__seaborn-3010,mwaskom/seaborn,[LOCAL_DRIVE]/code\repos_lite_pro\mwaskom__seaborn,0f5a013e2cf43562deec3b879458e59a73853813,mwaskom__seaborn-3010-d90,9bd166565beea99ab2e43a0576c59efab196940b,90,47,2676743e1f2fb07d000dc692085e3f117b56e0d9,Redirect FAQ to docs,1,README.md,infrastructure_only,seaborn/_stats/regression.py,2,a3eff2928e60880e264b0ba75ece3b38ec62b4d9609588a9211f19046b52df5b,0,True,Descriptive local Git future-history mechanism inventory; not semantic causality or survival evidence.
mwaskom__seaborn-3010,mwaskom/seaborn,[LOCAL_DRIVE]/code\repos_lite_pro\mwaskom__seaborn,0f5a013e2cf43562deec3b879458e59a73853813,mwaskom__seaborn-3010-d90,9bd166565beea99ab2e43a0576c59efab196940b,90,48,d4d27adbdbf8be729e0d588bb60d1fd80f2084a8,Fix implicit optional typing (#3132),1,seaborn/_core/scales.py,independent,seaborn/_stats/regression.py,2,a3eff2928e60880e264b0ba75ece3b38ec62b4d9609588a9211f19046b52df5b,0,True,Descriptive local Git future-history mechanism inventory; not semantic causality or survival evidence.
mwaskom__seaborn-3010,mwaskom/seaborn,[LOCAL_DRIVE]/code\repos_lite_pro\mwaskom__seaborn,0f5a013e2cf43562deec3b879458e59a73853813,mwaskom__seaborn-3010-d90,9bd166565beea99ab2e43a0576c59efab196940b,90,49,d121c9cadf835bd87bc7bd48b62e837ef165ca4d,Fix a copy & paste error in the docstring for FacetGrid.set_titles (#3141),1,seaborn/axisgrid.py,independent,seaborn/_stats/regression.py,2,a3eff2928e60880e264b0ba75ece3b38ec62b4d9609588a9211f19046b52df5b,0,True,Descriptive local Git future-history mechanism inventory; not semantic causality or survival evidence.
mwaskom__seaborn-3010,mwaskom/seaborn,[LOCAL_DRIVE]/code\repos_lite_pro\mwaskom__seaborn,0f5a013e2cf43562deec3b879458e59a73853813,mwaskom__seaborn-3010-d90,9bd166565beea99ab2e43a0576c59efab196940b,90,50,0360fcc7c946fcdd863bbbb36b2a7c6e0894750f,Fix a typo in the installing doc (#3156),1,doc/installing.rst,infrastructure_only,seaborn/_stats/regression.py,2,a3eff2928e60880e264b0ba75ece3b38ec62b4d9609588a9211f19046b52df5b,0,True,Descriptive local Git future-history mechanism inventory; not semantic causality or survival evidence.
mwaskom__seaborn-3010,mwaskom/seaborn,[LOCAL_DRIVE]/code\repos_lite_pro\mwaskom__seaborn,0f5a013e2cf43562deec3b879458e59a73853813,mwaskom__seaborn-3010-d90,9bd166565beea99ab2e43a0576c59efab196940b,90,51,41b77cc7c547317ade980cfb4ecef7faf663fb0f,Add Dependabot configuration for GitHub Actions updates (#3122),1,.github/dependabot.yml,infrastructure_only,seaborn/_stats/regression.py,2,a3eff2928e60880e264b0ba75ece3b38ec62b4d9609588a9211f19046b52df5b,0,True,Descriptive local Git future-history mechanism inventory; not semantic causality or survival evidence.
mwaskom__seaborn-3010,mwaskom/seaborn,[LOCAL_DRIVE]/code\repos_lite_pro\mwaskom__seaborn,0f5a013e2cf43562deec3b879458e59a73853813,mwaskom__seaborn-3010-d90,9bd166565beea99ab2e43a0576c59efab196940b,90,52,fb3a65add8a77334af137dff74176e841c4c1bd9,Bump actions/setup-python from 3 to 4 (#3157),1,.github/workflows/ci.yaml,infrastructure_only,seaborn/_stats/regression.py,2,a3eff2928e60880e264b0ba75ece3b38ec62b4d9609588a9211f19046b52df5b,0,True,Descriptive local Git future-history mechanism inventory; not semantic causality or survival evidence.
mwaskom__seaborn-3010,mwaskom/seaborn,[LOCAL_DRIVE]/code\repos_lite_pro\mwaskom__seaborn,0f5a013e2cf43562deec3b879458e59a73853813,mwaskom__seaborn-3010-d90,9bd166565beea99ab2e43a0576c59efab196940b,90,53,feb59d250ea92ef143f5aef50ff6e18869affa7f,Bump codecov/codecov-action from 2 to 3 (#3158),1,.github/workflows/ci.yaml,infrastructure_only,seaborn/_stats/regression.py,2,a3eff2928e60880e264b0ba75ece3b38ec62b4d9609588a9211f19046b52df5b,0,True,Descriptive local Git future-history mechanism inventory; not semantic causality or survival evidence.
mwaskom__seaborn-3010,mwaskom/seaborn,[LOCAL_DRIVE]/code\repos_lite_pro\mwaskom__seaborn,0f5a013e2cf43562deec3b879458e59a73853813,mwaskom__seaborn-3010-d90,9bd166565beea99ab2e43a0576c59efab196940b,90,54,ba786bc14eb255f6b4fb7619c8210c5a8016a26f,Fix log scaled histplot kde (#3173),3,doc/whatsnew/v0.12.2.rst;seaborn/distributions.py;tests/test_distributions.py,independent,seaborn/_stats/regression.py,2,a3eff2928e60880e264b0ba75ece3b38ec62b4d9609588a9211f19046b52df5b,0,True,Descriptive local Git future-history mechanism inventory; not semantic causality or survival evidence.
mwaskom__seaborn-3010,mwaskom/seaborn,[LOCAL_DRIVE]/code\repos_lite_pro\mwaskom__seaborn,0f5a013e2cf43562deec3b879458e59a73853813,mwaskom__seaborn-3010-d90,9bd166565beea99ab2e43a0576c59efab196940b,90,55,c8badb914bb8eaf5ec2578c0ecd434edb1234375,COMPAT: Change pandas use_inf_as_null to reflect 2.0 deprecation (#3177),3,seaborn/_core/plot.py;seaborn/_oldcore.py;seaborn/categorical.py,independent,seaborn/_stats/regression.py,2,a3eff2928e60880e264b0ba75ece3b38ec62b4d9609588a9211f19046b52df5b,0,True,Descriptive local Git future-history mechanism inventory; not semantic causality or survival evidence.
mwaskom__seaborn-3010,mwaskom/seaborn,[LOCAL_DRIVE]/code\repos_lite_pro\mwaskom__seaborn,0f5a013e2cf43562deec3b879458e59a73853813,mwaskom__seaborn-3010-d90,9bd166565beea99ab2e43a0576c59efab196940b,90,56,22cdfb0c93f8ec78492d87edb810f10cb7f57a31,Fix inner axis visibility in relplot with unshared axes (#3180),3,doc/whatsnew/v0.12.2.rst;seaborn/relational.py;tests/test_relational.py,independent,seaborn/_stats/regression.py,2,a3eff2928e60880e264b0ba75ece3b38ec62b4d9609588a9211f19046b52df5b,0,True,Descriptive local Git future-history mechanism inventory; not semantic causality or survival evidence.
mwaskom__seaborn-3010,mwaskom/seaborn,[LOCAL_DRIVE]/code\repos_lite_pro\mwaskom__seaborn,0f5a013e2cf43562deec3b879458e59a73853813,mwaskom__seaborn-3010-d90,9bd166565beea99ab2e43a0576c59efab196940b,90,57,9bd166565beea99ab2e43a0576c59efab196940b,Don't use offset / scientific notation in numeric legends (#3187),5,doc/whatsnew/v0.12.2.rst;seaborn/_core/scales.py;seaborn/utils.py;tests/_core/test_plot.py;tests/test_relational.py,independent,seaborn/_stats/regression.py,2,a3eff2928e60880e264b0ba75ece3b38ec62b4d9609588a9211f19046b52df5b,0,True,Descriptive local Git future-history mechanism inventory; not semantic causality or survival evidence.
mwaskom__seaborn-3010,mwaskom/seaborn,[LOCAL_DRIVE]/code\repos_lite_pro\mwaskom__seaborn,0f5a013e2cf43562deec3b879458e59a73853813,mwaskom__seaborn-3010-d180,7231fc24f6251fbc4b4757a56af7a0622a5b12f5,180,1,15713b387156fc089cb923dced0f60cc13d86edc,Add pre-commit hook config (#2963),20,.pre-commit-config.yaml;README.md;ci/deps_pinned.txt;ci/getmsfonts.sh;doc/README.md;doc/_static/copybutton.js;doc/_templates/autosummary/base.rst;doc/_templates/autosummary/object.rst;doc/citing.rst;doc/faq.rst;doc/index.rst;doc/tutorial.yaml;doc/whatsnew/v0.11.0.rst;doc/whatsnew/v0.11.1.rst;doc/whatsnew/v0.2.0.rst;doc/whatsnew/v0.7.0.rst;licences/NUMPYDOC_LICENSE;pyproject.toml;seaborn/external/docscrape.py;tests/test_utils.py,independent,seaborn/_stats/regression.py,0,a3eff2928e60880e264b0ba75ece3b38ec62b4d9609588a9211f19046b52df5b,0,True,Descriptive local Git future-history mechanism inventory; not semantic causality or survival evidence.
mwaskom__seaborn-3010,mwaskom/seaborn,[LOCAL_DRIVE]/code\repos_lite_pro\mwaskom__seaborn,0f5a013e2cf43562deec3b879458e59a73853813,mwaskom__seaborn-3010-d180,7231fc24f6251fbc4b4757a56af7a0622a5b12f5,180,2,c5c5f4a4377f9dd91cc07c5c3e965d7d0d1edd20,Fix: Make PolyFit stat robust to missing data (#3010),3,doc/whatsnew/v0.12.1.rst;seaborn/_stats/regression.py;tests/_stats/test_regression.py,directly_overlapping,seaborn/_stats/regression.py,0,a3eff2928e60880e264b0ba75ece3b38ec62b4d9609588a9211f19046b52df5b,0,True,Descriptive local Git future-history mechanism inventory; not semantic causality or survival evidence.
mwaskom__seaborn-3010,mwaskom/seaborn,[LOCAL_DRIVE]/code\repos_lite_pro\mwaskom__seaborn,0f5a013e2cf43562deec3b879458e59a73853813,mwaskom__seaborn-3010-d180,7231fc24f6251fbc4b4757a56af7a0622a5b12f5,180,3,a25e7cb847a661e45a8582427e781f38e5961863,Silence various warnings in test suite (#3011),4,tests/test_categorical.py;tests/test_distributions.py;tests/test_regression.py;tests/test_relational.py,test_only,seaborn/_stats/regression.py,0,a3eff2928e60880e264b0ba75ece3b38ec62b4d9609588a9211f19046b52df5b,0,True,Descriptive local Git future-history mechanism inventory; not semantic causality or survival evidence.
mwaskom__seaborn-3010,mwaskom/seaborn,[LOCAL_DRIVE]/code\repos_lite_pro\mwaskom__seaborn,0f5a013e2cf43562deec3b879458e59a73853813,mwaskom__seaborn-3010-d180,7231fc24f6251fbc4b4757a56af7a0622a5b12f5,180,4,0c379538b80a748f1e0224e5161f49777c6a29d1,CI: Add biweekly scheduled run (#3013),1,.github/workflows/ci.yaml,infrastructure_only,seaborn/_stats/regression.py,0,a3eff2928e60880e264b0ba75ece3b38ec62b4d9609588a9211f19046b52df5b,0,True,Descriptive local Git future-history mechanism inventory; not semantic causality or survival evidence.
mwaskom__seaborn-3010,mwaskom/seaborn,[LOCAL_DRIVE]/code\repos_lite_pro\mwaskom__seaborn,0f5a013e2cf43562deec3b879458e59a73853813,mwaskom__seaborn-3010-d180,7231fc24f6251fbc4b4757a56af7a0622a5b12f5,180,5,1e6739fbd41b2ee575f431a189e7866cf46d82b8,CI: Impove dataset caching and build docs in parallel (#3014),4,.github/workflows/ci.yaml;ci/cache_datasets.py;ci/cache_test_datasets.py;doc/Makefile,independent,seaborn/_stats/regression.py,0,a3eff2928e60880e264b0ba75ece3b38ec62b4d9609588a9211f19046b52df5b,0,True,Descriptive local Git future-history mechanism inventory; not semantic causality or survival evidence.
mwaskom__seaborn-3010,mwaskom/seaborn,[LOCAL_DRIVE]/code\repos_lite_pro\mwaskom__seaborn,0f5a013e2cf43562deec3b879458e59a73853813,mwaskom__seaborn-3010-d180,7231fc24f6251fbc4b4757a56af7a0622a5b12f5,180,6,9aca86c3757a323c1b868400721b12136e3cfc2a,Parallelize sphinx in CI build (#3018),1,.github/workflows/ci.yaml,infrastructure_only,seaborn/_stats/regression.py,0,a3eff2928e60880e264b0ba75ece3b38ec62b4d9609588a9211f19046b52df5b,0,True,Descriptive local Git future-history mechanism inventory; not semantic causality or survival evidence.
mwaskom__seaborn-3010,mwaskom/seaborn,[LOCAL_DRIVE]/code\repos_lite_pro\mwaskom__seaborn,0f5a013e2cf43562deec3b879458e59a73853813,mwaskom__seaborn-3010-d180,7231fc24f6251fbc4b4757a56af7a0622a5b12f5,180,7,54c36b74bbd4f7dfd5f933fcdc5e81fbb3fc0a45,CI: Improve example dataset usage (#3020),8,.github/workflows/ci.yaml;doc/_docstrings/clustermap.ipynb;doc/_docstrings/heatmap.ipynb;doc/_docstrings/lmplot.ipynb;doc/_docstrings/regplot.ipynb;doc/_docstrings/residplot.ipynb;seaborn/matrix.py;seaborn/regression.py,independent,seaborn/_stats/regression.py,0,a3eff2928e60880e264b0ba75ece3b38ec62b4d9609588a9211f19046b52df5b,0,True,Descriptive local Git future-history mechanism inventory; not semantic causality or survival evidence.
mwaskom__seaborn-3010,mwaskom/seaborn,[LOCAL_DRIVE]/code\repos_lite_pro\mwaskom__seaborn,0f5a013e2cf43562deec3b879458e59a73853813,mwaskom__seaborn-3010-d180,7231fc24f6251fbc4b4757a56af7a0622a5b12f5,180,8,1d4bec6bfdb52a39ed465916ac93e0b5ad828cd2,Add StackOverflow link to navbar,1,doc/conf.py,infrastructure_only,seaborn/_stats/regression.py,0,a3eff2928e60880e264b0ba75ece3b38ec62b4d9609588a9211f19046b52df5b,0,True,Descriptive local Git future-history mechanism inventory; not semantic causality or survival evidence.
mwaskom__seaborn-3010,mwaskom/seaborn,[LOCAL_DRIVE]/code\repos_lite_pro\mwaskom__seaborn,0f5a013e2cf43562deec3b879458e59a73853813,mwaskom__seaborn-3010-d180,7231fc24f6251fbc4b4757a56af7a0622a5b12f5,180,9,fb6d932df4241addc630b8a60805127d222a154c,Merge branch 'master' of github.com:mwaskom/seaborn,1,seaborn/categorical.py,independent,seaborn/_stats/regression.py,0,a3eff2928e60880e264b0ba75ece3b38ec62b4d9609588a9211f19046b52df5b,0,True,Descriptive local Git future-history mechanism inventory; not semantic causality or survival evidence.
mwaskom__seaborn-3010,mwaskom/seaborn,[LOCAL_DRIVE]/code\repos_lite_pro\mwaskom__seaborn,0f5a013e2cf43562deec3b879458e59a73853813,mwaskom__seaborn-3010-d180,7231fc24f6251fbc4b4757a56af7a0622a5b12f5,180,10,e644793f0ac2b1be178425f20f529121f37f29de,Convert color palette docstrings to notebooks (#3034),80,.github/workflows/ci.yaml;Makefile;README.md;doc/_docstrings/FacetGrid.ipynb;doc/_docstrings/JointGrid.ipynb;doc/_docstrings/PairGrid.ipynb;doc/_docstrings/axes_style.ipynb;doc/_docstrings/barplot.ipynb;doc/_docstrings/blend_palette.ipynb;doc/_docstrings/boxenplot.ipynb;doc/_docstrings/boxplot.ipynb;doc/_docstrings/catplot.ipynb;doc/_docstrings/color_palette.ipynb;doc/_docstrings/countplot.ipynb;doc/_docstrings/cubehelix_palette.ipynb;doc/_docstrings/dark_palette.ipynb;doc/_docstrings/displot.ipynb;doc/_docstrings/diverging_palette.ipynb;doc/_docstrings/ecdfplot.ipynb;doc/_docstrings/histplot.ipynb;doc/_docstrings/hls_palette.ipynb;doc/_docstrings/husl_palette.ipynb;doc/_docstrings/jointplot.ipynb;doc/_docstrings/kdeplot.ipynb;doc/_docstrings/light_palette.ipynb;doc/_docstrings/lineplot.ipynb;doc/_docstrings/move_legend.ipynb;doc/_docstrings/mpl_palette.ipynb;doc/_docstrings/objects.Area.ipynb;doc/_docstrings/objects.Band.ipynb;doc/_docstrings/objects.Bar.ipynb;doc/_docstrings/objects.Bars.ipynb;doc/_docstrings/objects.Dot.ipynb;doc/_docstrings/objects.Dots.ipynb;doc/_docstrings/objects.Line.ipynb;doc/_docstrings/objects.Lines.ipynb;doc/_docstrings/objects.Path.ipynb;doc/_docstrings/objects.Paths.ipynb;doc/_docstrings/objects.Plot.add.ipynb;doc/_docstrings/objects.Plot.facet.ipynb;doc/_docstrings/objects.Plot.label.ipynb;doc/_docstrings/objects.Plot.layout.ipynb;doc/_docstrings/objects.Plot.limit.ipynb;doc/_docstrings/objects.Plot.on.ipynb;doc/_docstrings/objects.Plot.pair.ipynb;doc/_docstrings/objects.Plot.scale.ipynb;doc/_docstrings/objects.Plot.share.ipynb;doc/_docstrings/objects.Plot.theme.ipynb;doc/_docstrings/objects.Range.ipynb;doc/_docstrings/pairplot.ipynb;doc/_docstrings/plotting_context.ipynb;doc/_docstrings/pointplot.ipynb;doc/_docstrings/relplot.ipynb;doc/_docstrings/rugplot.ipynb;doc/_docstrings/scatterplot.ipynb;doc/_docstrings/set_context.ipynb;doc/_docstrings/set_style.ipynb;doc/_docstrings/set_theme.ipynb;doc/_docstrings/stripplot.ipynb;doc/_docstrings/swarmplot.ipynb;doc/_docstrings/violinplot.ipynb;doc/_tutorial/aesthetics.ipynb;doc/_tutorial/axis_grids.ipynb;doc/_tutorial/categorical.ipynb;doc/_tutorial/color_palettes.ipynb;doc/_tutorial/data_structure.ipynb;doc/_tutorial/distributions.ipynb;doc/_tutorial/error_bars.ipynb;doc/_tutorial/function_overview.ipynb;doc/_tutorial/introduction.ipynb;doc/_tutorial/objects_interface.ipynb;doc/_tutorial/properties.ipynb;doc/_tutorial/regression.ipynb;doc/_tutorial/relational.ipynb;doc/whatsnew/index.rst;doc/whatsnew/v0.12.1.rst;seaborn/palettes.py;seaborn/rcmod.py;seaborn/widgets.py;tests/test_palettes.py,independent,seaborn/_stats/regression.py,2,a3eff2928e60880e264b0ba75ece3b38ec62b4d9609588a9211f19046b52df5b,0,True,Descriptive local Git future-history mechanism inventory; not semantic causality or survival evidence.
mwaskom__seaborn-3010,mwaskom/seaborn,[LOCAL_DRIVE]/code\repos_lite_pro\mwaskom__seaborn,0f5a013e2cf43562deec3b879458e59a73853813,mwaskom__seaborn-3010-d180,7231fc24f6251fbc4b4757a56af7a0622a5b12f5,180,11,ee6475e7d69fb28b034df2f5f01a2a5674998aab,naive fix for #3037 (#3038),2,seaborn/axisgrid.py;seaborn/categorical.py,independent,seaborn/_stats/regression.py,2,a3eff2928e60880e264b0ba75ece3b38ec62b4d9609588a9211f19046b52df5b,0,True,Descriptive local Git future-history mechanism inventory; not semantic causality or survival evidence.
mwaskom__seaborn-3010,mwaskom/seaborn,[LOCAL_DRIVE]/code\repos_lite_pro\mwaskom__seaborn,0f5a013e2cf43562deec3b879458e59a73853813,mwaskom__seaborn-3010-d180,7231fc24f6251fbc4b4757a56af7a0622a5b12f5,180,12,d20332947c0ee544a605c6d82ea91e48dce6fb6d,CI: Make tests more robust to concurrency (#3039),8,tests/_core/test_plot.py;tests/_marks/test_area.py;tests/_marks/test_bar.py;tests/_marks/test_dot.py;tests/_marks/test_line.py;tests/conftest.py;tests/test_core.py;tests/test_rcmod.py,test_only,seaborn/_stats/regression.py,2,a3eff2928e60880e264b0ba75ece3b38ec62b4d9609588a9211f19046b52df5b,0,True,Descriptive local Git future-history mechanism inventory; not semantic causality or survival evidence.
mwaskom__seaborn-3010,mwaskom/seaborn,[LOCAL_DRIVE]/code\repos_lite_pro\mwaskom__seaborn,0f5a013e2cf43562deec3b879458e59a73853813,mwaskom__seaborn-3010-d180,7231fc24f6251fbc4b4757a56af7a0622a5b12f5,180,13,f2fc4b5d8b9c7a8e0b1aaa34793b4f4e3445f81a,Update pandas syntax to avoid deprecated behavior (#3040),4,seaborn/categorical.py;seaborn/distributions.py;tests/_stats/test_histogram.py;tests/test_categorical.py,independent,seaborn/_stats/regression.py,2,a3eff2928e60880e264b0ba75ece3b38ec62b4d9609588a9211f19046b52df5b,0,True,Descriptive local Git future-history mechanism inventory; not semantic causality or survival evidence.
mwaskom__seaborn-3010,mwaskom/seaborn,[LOCAL_DRIVE]/code\repos_lite_pro\mwaskom__seaborn,0f5a013e2cf43562deec3b879458e59a73853813,mwaskom__seaborn-3010-d180,7231fc24f6251fbc4b4757a56af7a0622a5b12f5,180,14,ad11bdc4d33793ebc644f58a0c10875bf2455714,Typing: use pandas-type-stubs and address arising issues (#3044),8,pyproject.toml;seaborn/_core/data.py;seaborn/_core/groupby.py;seaborn/_core/plot.py;seaborn/_core/rules.py;seaborn/_core/scales.py;seaborn/_core/typing.py;seaborn/_stats/aggregation.py,related_same_subtree,seaborn/_stats/regression.py,2,a3eff2928e60880e264b0ba75ece3b38ec62b4d9609588a9211f19046b52df5b,0,True,Descriptive local Git future-history mechanism inventory; not semantic causality or survival evidence.
mwaskom__seaborn-3010,mwaskom/seaborn,[LOCAL_DRIVE]/code\repos_lite_pro\mwaskom__seaborn,0f5a013e2cf43562deec3b879458e59a73853813,mwaskom__seaborn-3010-d180,7231fc24f6251fbc4b4757a56af7a0622a5b12f5,180,15,ed3d367a436aee8782ace920026c2e582057f795,Histogram refactoring and improvements (#3045),8,doc/_docstrings/objects.Hist.ipynb;seaborn/_statistics.py;seaborn/_stats/base.py;seaborn/_stats/histogram.py;seaborn/distributions.py;tests/_stats/test_histogram.py;tests/test_axisgrid.py;tests/test_distributions.py,related_same_subtree,seaborn/_stats/regression.py,2,a3eff2928e60880e264b0ba75ece3b38ec62b4d9609588a9211f19046b52df5b,0,True,Descriptive local Git future-history mechanism inventory; not semantic causality or survival evidence.
mwaskom__seaborn-3010,mwaskom/seaborn,[LOCAL_DRIVE]/code\repos_lite_pro\mwaskom__seaborn,0f5a013e2cf43562deec3b879458e59a73853813,mwaskom__seaborn-3010-d180,7231fc24f6251fbc4b4757a56af7a0622a5b12f5,180,16,63186a4e6a57890b1aa8455b3dfa78b7a5ce8f7d,Text mark (#3051),12,doc/_docstrings/objects.Text.ipynb;doc/_tutorial/properties.ipynb;doc/api.rst;doc/whatsnew/v0.12.1.rst;seaborn/_core/plot.py;seaborn/_core/properties.py;seaborn/_marks/base.py;seaborn/_marks/text.py;seaborn/objects.py;tests/_core/test_plot.py;tests/_marks/test_text.py;tests/test_objects.py,independent,seaborn/_stats/regression.py,2,a3eff2928e60880e264b0ba75ece3b38ec62b4d9609588a9211f19046b52df5b,0,True,Descriptive local Git future-history mechanism inventory; not semantic causality or survival evidence.
mwaskom__seaborn-3010,mwaskom/seaborn,[LOCAL_DRIVE]/code\repos_lite_pro\mwaskom__seaborn,0f5a013e2cf43562deec3b879458e59a73853813,mwaskom__seaborn-3010-d180,7231fc24f6251fbc4b4757a56af7a0622a5b12f5,180,17,8ea02f09a40b5f7af73f54a1d3d060444c9c3b5b,Fix Plot legend with > 2 layers (#3055),2,seaborn/_core/plot.py;tests/_core/test_plot.py,independent,seaborn/_stats/regression.py,2,a3eff2928e60880e264b0ba75ece3b38ec62b4d9609588a9211f19046b52df5b,0,True,Descriptive local Git future-history mechanism inventory; not semantic causality or survival evidence.
mwaskom__seaborn-3010,mwaskom/seaborn,[LOCAL_DRIVE]/code\repos_lite_pro\mwaskom__seaborn,0f5a013e2cf43562deec3b879458e59a73853813,mwaskom__seaborn-3010-d180,7231fc24f6251fbc4b4757a56af7a0622a5b12f5,180,18,5386adc5a482ef3d0aef958ebf37d39ce0b06b88,Update release notes,1,doc/whatsnew/v0.12.1.rst,infrastructure_only,seaborn/_stats/regression.py,2,a3eff2928e60880e264b0ba75ece3b38ec62b4d9609588a9211f19046b52df5b,0,True,Descriptive local Git future-history mechanism inventory; not semantic causality or survival evidence.
mwaskom__seaborn-3010,mwaskom/seaborn,[LOCAL_DRIVE]/code\repos_lite_pro\mwaskom__seaborn,0f5a013e2cf43562deec3b879458e59a73853813,mwaskom__seaborn-3010-d180,7231fc24f6251fbc4b4757a56af7a0622a5b12f5,180,19,f033f5da0631726fba7bb598dfcaf18e40e70c04,Mark as non-compatibile with matplotlib 3.6.1 (#3060),1,pyproject.toml,infrastructure_only,seaborn/_stats/regression.py,2,a3eff2928e60880e264b0ba75ece3b38ec62b4d9609588a9211f19046b52df5b,0,True,Descriptive local Git future-history mechanism inventory; not semantic causality or survival evidence.
mwaskom__seaborn-3010,mwaskom/seaborn,[LOCAL_DRIVE]/code\repos_lite_pro\mwaskom__seaborn,0f5a013e2cf43562deec3b879458e59a73853813,mwaskom__seaborn-3010-d180,7231fc24f6251fbc4b4757a56af7a0622a5b12f5,180,20,6d6f8d3b520317deba21cab0ed1f44f1cac36bcb,Cover full extent of data in Band/Range when not given min/max explicitly (#3056),7,doc/_docstrings/objects.Band.ipynb;doc/_docstrings/objects.Range.ipynb;doc/whatsnew/v0.12.1.rst;seaborn/_marks/area.py;seaborn/_marks/line.py;tests/_marks/test_area.py;tests/_marks/test_line.py,independent,seaborn/_stats/regression.py,2,a3eff2928e60880e264b0ba75ece3b38ec62b4d9609588a9211f19046b52df5b,0,True,Descriptive local Git future-history mechanism inventory; not semantic causality or survival evidence.
mwaskom__seaborn-3010,mwaskom/seaborn,[LOCAL_DRIVE]/code\repos_lite_pro\mwaskom__seaborn,0f5a013e2cf43562deec3b879458e59a73853813,mwaskom__seaborn-3010-d180,7231fc24f6251fbc4b4757a56af7a0622a5b12f5,180,21,c412ddf1fede5d8882a6c230826c1d8fbbf61911,Fix data cache env variable in ci build (#3062),1,.github/workflows/ci.yaml,infrastructure_only,seaborn/_stats/regression.py,2,a3eff2928e60880e264b0ba75ece3b38ec62b4d9609588a9211f19046b52df5b,0,True,Descriptive local Git future-history mechanism inventory; not semantic causality or survival evidence.
mwaskom__seaborn-3010,mwaskom/seaborn,[LOCAL_DRIVE]/code\repos_lite_pro\mwaskom__seaborn,0f5a013e2cf43562deec3b879458e59a73853813,mwaskom__seaborn-3010-d180,7231fc24f6251fbc4b4757a56af7a0622a5b12f5,180,22,3f623e7499263440491417ca642fdae9e1d3c9dd,Fix unfilled kdeplot cmap regression (#3065),4,doc/whatsnew/v0.12.1.rst;seaborn/distributions.py;seaborn/utils.py;tests/test_distributions.py,independent,seaborn/_stats/regression.py,2,a3eff2928e60880e264b0ba75ece3b38ec62b4d9609588a9211f19046b52df5b,0,True,Descriptive local Git future-history mechanism inventory; not semantic causality or survival evidence.
mwaskom__seaborn-3010,mwaskom/seaborn,[LOCAL_DRIVE]/code\repos_lite_pro\mwaskom__seaborn,0f5a013e2cf43562deec3b879458e59a73853813,mwaskom__seaborn-3010-d180,7231fc24f6251fbc4b4757a56af7a0622a5b12f5,180,23,5013aea0a1a730140c1d1aafa8aef7106593cb6d,Use a stable algorithm in sorting marks (#3064),3,doc/whatsnew/v0.12.1.rst;seaborn/_marks/area.py;seaborn/_marks/line.py,independent,seaborn/_stats/regression.py,2,a3eff2928e60880e264b0ba75ece3b38ec62b4d9609588a9211f19046b52df5b,0,True,Descriptive local Git future-history mechanism inventory; not semantic causality or survival evidence.
mwaskom__seaborn-3010,mwaskom/seaborn,[LOCAL_DRIVE]/code\repos_lite_pro\mwaskom__seaborn,0f5a013e2cf43562deec3b879458e59a73853813,mwaskom__seaborn-3010-d180,7231fc24f6251fbc4b4757a56af7a0622a5b12f5,180,24,aa56714f7ca39c809126200449f14073eb9fedcd,Add Perc stat for computing percentiles (#3063),7,doc/_docstrings/objects.Perc.ipynb;doc/api.rst;doc/whatsnew/v0.12.1.rst;seaborn/_stats/aggregation.py;seaborn/_stats/order.py;seaborn/objects.py;tests/_stats/test_order.py,related_same_subtree,seaborn/_stats/regression.py,2,a3eff2928e60880e264b0ba75ece3b38ec62b4d9609588a9211f19046b52df5b,0,True,Descriptive local Git future-history mechanism inventory; not semantic causality or survival evidence.
mwaskom__seaborn-3010,mwaskom/seaborn,[LOCAL_DRIVE]/code\repos_lite_pro\mwaskom__seaborn,0f5a013e2cf43562deec3b879458e59a73853813,mwaskom__seaborn-3010-d180,7231fc24f6251fbc4b4757a56af7a0622a5b12f5,180,25,a23cf31ad410fd81217f278a835918928c589086,Mention stats extra in docs environment setup docs,1,doc/README.md,infrastructure_only,seaborn/_stats/regression.py,2,a3eff2928e60880e264b0ba75ece3b38ec62b4d9609588a9211f19046b52df5b,0,True,Descriptive local Git future-history mechanism inventory; not semantic causality or survival evidence.
mwaskom__seaborn-3010,mwaskom/seaborn,[LOCAL_DRIVE]/code\repos_lite_pro\mwaskom__seaborn,0f5a013e2cf43562deec3b879458e59a73853813,mwaskom__seaborn-3010-d180,7231fc24f6251fbc4b4757a56af7a0622a5b12f5,180,26,54cab15bdacfaa05a88fbc5502a5b322d99f148e,Make Jitter do something by default (#3066),6,doc/_docstrings/objects.Jitter.ipynb;doc/whatsnew/v0.12.1.rst;seaborn/_core/moves.py;seaborn/_core/plot.py;seaborn/_core/typing.py;tests/_core/test_moves.py,independent,seaborn/_stats/regression.py,2,a3eff2928e60880e264b0ba75ece3b38ec62b4d9609588a9211f19046b52df5b,0,True,Descriptive local Git future-history mechanism inventory; not semantic causality or survival evidence.
mwaskom__seaborn-3010,mwaskom/seaborn,[LOCAL_DRIVE]/code\repos_lite_pro\mwaskom__seaborn,0f5a013e2cf43562deec3b879458e59a73853813,mwaskom__seaborn-3010-d180,7231fc24f6251fbc4b4757a56af7a0622a5b12f5,180,27,85c8ed632a5e9ec45b7d69d89518bb784a6e05a5,Add label parameter to pointplot (#3016),3,doc/whatsnew/v0.12.1.rst;seaborn/categorical.py;tests/test_categorical.py,independent,seaborn/_stats/regression.py,2,a3eff2928e60880e264b0ba75ece3b38ec62b4d9609588a9211f19046b52df5b,0,True,Descriptive local Git future-history mechanism inventory; not semantic causality or survival evidence.
mwaskom__seaborn-3010,mwaskom/seaborn,[LOCAL_DRIVE]/code\repos_lite_pro\mwaskom__seaborn,0f5a013e2cf43562deec3b879458e59a73853813,mwaskom__seaborn-3010-d180,7231fc24f6251fbc4b4757a56af7a0622a5b12f5,180,28,a767d666d45a6f105177e4720669b85c92ee2432,Tweak nominal scale axes akin to categorical axes in classic seaborn (#3069),3,doc/whatsnew/v0.12.1.rst;seaborn/_core/plot.py;tests/_core/test_plot.py,independent,seaborn/_stats/regression.py,2,a3eff2928e60880e264b0ba75ece3b38ec62b4d9609588a9211f19046b52df5b,0,True,Descriptive local Git future-history mechanism inventory; not semantic causality or survival evidence.
mwaskom__seaborn-3010,mwaskom/seaborn,[LOCAL_DRIVE]/code\repos_lite_pro\mwaskom__seaborn,0f5a013e2cf43562deec3b879458e59a73853813,mwaskom__seaborn-3010-d180,7231fc24f6251fbc4b4757a56af7a0622a5b12f5,180,29,549c3267ed2cef9a237da55324bfbf51f0246032,Add Dash mark (#3074),6,doc/_docstrings/objects.Dash.ipynb;doc/api.rst;doc/whatsnew/v0.12.1.rst;seaborn/_marks/line.py;seaborn/objects.py;tests/_marks/test_line.py,independent,seaborn/_stats/regression.py,2,a3eff2928e60880e264b0ba75ece3b38ec62b4d9609588a9211f19046b52df5b,0,True,Descriptive local Git future-history mechanism inventory; not semantic causality or survival evidence.
mwaskom__seaborn-3010,mwaskom/seaborn,[LOCAL_DRIVE]/code\repos_lite_pro\mwaskom__seaborn,0f5a013e2cf43562deec3b879458e59a73853813,mwaskom__seaborn-3010-d180,7231fc24f6251fbc4b4757a56af7a0622a5b12f5,180,30,876beddb8fe2d2fceae7a0675071de3886634433,Make tenses consistent in release notes,1,doc/whatsnew/v0.12.1.rst,infrastructure_only,seaborn/_stats/regression.py,2,a3eff2928e60880e264b0ba75ece3b38ec62b4d9609588a9211f19046b52df5b,0,True,Descriptive local Git future-history mechanism inventory; not semantic causality or survival evidence.
mwaskom__seaborn-3010,mwaskom/seaborn,[LOCAL_DRIVE]/code\repos_lite_pro\mwaskom__seaborn,0f5a013e2cf43562deec3b879458e59a73853813,mwaskom__seaborn-3010-d180,7231fc24f6251fbc4b4757a56af7a0622a5b12f5,180,31,1d70f58faba96a02c9fe403da4d61860de10a3ca,Avoid aggregating in lineplot when not necessary (#3081),3,doc/whatsnew/v0.12.1.rst;seaborn/relational.py;tests/test_relational.py,independent,seaborn/_stats/regression.py,2,a3eff2928e60880e264b0ba75ece3b38ec62b4d9609588a9211f19046b52df5b,0,True,Descriptive local Git future-history mechanism inventory; not semantic causality or survival evidence.
mwaskom__seaborn-3010,mwaskom/seaborn,[LOCAL_DRIVE]/code\repos_lite_pro\mwaskom__seaborn,0f5a013e2cf43562deec3b879458e59a73853813,mwaskom__seaborn-3010-d180,7231fc24f6251fbc4b4757a56af7a0622a5b12f5,180,32,a02b6bf97bc3c66060f78bcc6704627d5638632d,Fix Plot with no variance in orient dimension (#3084),4,doc/whatsnew/v0.12.1.rst;seaborn/_core/scales.py;tests/_core/test_plot.py;tests/_marks/test_line.py,independent,seaborn/_stats/regression.py,2,a3eff2928e60880e264b0ba75ece3b38ec62b4d9609588a9211f19046b52df5b,0,True,Descriptive local Git future-history mechanism inventory; not semantic causality or survival evidence.
mwaskom__seaborn-3010,mwaskom/seaborn,[LOCAL_DRIVE]/code\repos_lite_pro\mwaskom__seaborn,0f5a013e2cf43562deec3b879458e59a73853813,mwaskom__seaborn-3010-d180,7231fc24f6251fbc4b4757a56af7a0622a5b12f5,180,33,95dc3775227cad3d418d6f8c18318a5233ad1934,Add Count stat (#3086),10,doc/_docstrings/objects.Count.ipynb;doc/api.rst;doc/whatsnew/v0.12.1.rst;seaborn/_stats/aggregation.py;seaborn/_stats/counting.py;seaborn/_stats/histogram.py;seaborn/distributions.py;seaborn/objects.py;tests/_stats/test_counting.py;tests/_stats/test_histogram.py,related_same_subtree,seaborn/_stats/regression.py,2,a3eff2928e60880e264b0ba75ece3b38ec62b4d9609588a9211f19046b52df5b,0,True,Descriptive local Git future-history mechanism inventory; not semantic causality or survival evidence.
mwaskom__seaborn-3010,mwaskom/seaborn,[LOCAL_DRIVE]/code\repos_lite_pro\mwaskom__seaborn,0f5a013e2cf43562deec3b879458e59a73853813,mwaskom__seaborn-3010-d180,7231fc24f6251fbc4b4757a56af7a0622a5b12f5,180,34,a42d62de98c4211dc358f0ada389e81dad6a804a,Allow base=None to disable log formatter in Continuous.label (#3087),3,doc/whatsnew/v0.12.1.rst;seaborn/_core/scales.py;tests/_core/test_scales.py,independent,seaborn/_stats/regression.py,2,a3eff2928e60880e264b0ba75ece3b38ec62b4d9609588a9211f19046b52df5b,0,True,Descriptive local Git future-history mechanism inventory; not semantic causality or survival evidence.
mwaskom__seaborn-3010,mwaskom/seaborn,[LOCAL_DRIVE]/code\repos_lite_pro\mwaskom__seaborn,0f5a013e2cf43562deec3b879458e59a73853813,mwaskom__seaborn-3010-d180,7231fc24f6251fbc4b4757a56af7a0622a5b12f5,180,35,0f92224f88ccb732d0485a51640818e9b4e55bf2,Add docstrings and API examples for remaining transform objects (#3088),8,doc/_docstrings/objects.Agg.ipynb;doc/_docstrings/objects.Dodge.ipynb;doc/_docstrings/objects.Est.ipynb;doc/_docstrings/objects.Norm.ipynb;doc/_docstrings/objects.Shift.ipynb;doc/_docstrings/objects.Stack.ipynb;seaborn/_core/moves.py;seaborn/_stats/aggregation.py,related_same_subtree,seaborn/_stats/regression.py,2,a3eff2928e60880e264b0ba75ece3b38ec62b4d9609588a9211f19046b52df5b,0,True,Descriptive local Git future-history mechanism inventory; not semantic causality or survival evidence.
mwaskom__seaborn-3010,mwaskom/seaborn,[LOCAL_DRIVE]/code\repos_lite_pro\mwaskom__seaborn,0f5a013e2cf43562deec3b879458e59a73853813,mwaskom__seaborn-3010-d180,7231fc24f6251fbc4b4757a56af7a0622a5b12f5,180,36,d5ffb641c76626336bf83cd1a1d9321260acc69c,Update release notes for v0.12.1 release,1,doc/whatsnew/v0.12.1.rst,infrastructure_only,seaborn/_stats/regression.py,2,a3eff2928e60880e264b0ba75ece3b38ec62b4d9609588a9211f19046b52df5b,0,True,Descriptive local Git future-history mechanism inventory; not semantic causality or survival evidence.
mwaskom__seaborn-3010,mwaskom/seaborn,[LOCAL_DRIVE]/code\repos_lite_pro\mwaskom__seaborn,0f5a013e2cf43562deec3b879458e59a73853813,mwaskom__seaborn-3010-d180,7231fc24f6251fbc4b4757a56af7a0622a5b12f5,180,37,0d676fbdf92815c3a0d9bb67d1de249566139508,Fix typos in release notes,1,doc/whatsnew/v0.12.1.rst,infrastructure_only,seaborn/_stats/regression.py,2,a3eff2928e60880e264b0ba75ece3b38ec62b4d9609588a9211f19046b52df5b,0,True,Descriptive local Git future-history mechanism inventory; not semantic causality or survival evidence.
mwaskom__seaborn-3010,mwaskom/seaborn,[LOCAL_DRIVE]/code\repos_lite_pro\mwaskom__seaborn,0f5a013e2cf43562deec3b879458e59a73853813,mwaskom__seaborn-3010-d180,7231fc24f6251fbc4b4757a56af7a0622a5b12f5,180,38,7feb61d06d3d0cdb759c1075ea4952ddd5f8769f,Make Text examples look better with new Nominal behavior,1,doc/_docstrings/objects.Text.ipynb,infrastructure_only,seaborn/_stats/regression.py,2,a3eff2928e60880e264b0ba75ece3b38ec62b4d9609588a9211f19046b52df5b,0,True,Descriptive local Git future-history mechanism inventory; not semantic causality or survival evidence.
mwaskom__seaborn-3010,mwaskom/seaborn,[LOCAL_DRIVE]/code\repos_lite_pro\mwaskom__seaborn,0f5a013e2cf43562deec3b879458e59a73853813,mwaskom__seaborn-3010-d180,7231fc24f6251fbc4b4757a56af7a0622a5b12f5,180,39,0cda814d368e55ca38f27b15d682a77731553a09,Fix hidden cell in Est docstring,1,doc/_docstrings/objects.Est.ipynb,infrastructure_only,seaborn/_stats/regression.py,2,a3eff2928e60880e264b0ba75ece3b38ec62b4d9609588a9211f19046b52df5b,0,True,Descriptive local Git future-history mechanism inventory; not semantic causality or survival evidence.
mwaskom__seaborn-3010,mwaskom/seaborn,[LOCAL_DRIVE]/code\repos_lite_pro\mwaskom__seaborn,0f5a013e2cf43562deec3b879458e59a73853813,mwaskom__seaborn-3010-d180,7231fc24f6251fbc4b4757a56af7a0622a5b12f5,180,40,df37723107b9b3a117708711ecd7a6264c2293d4,Fix objects references,1,doc/_docstrings/objects.Agg.ipynb,infrastructure_only,seaborn/_stats/regression.py,2,a3eff2928e60880e264b0ba75ece3b38ec62b4d9609588a9211f19046b52df5b,0,True,Descriptive local Git future-history mechanism inventory; not semantic causality or survival evidence.
mwaskom__seaborn-3010,mwaskom/seaborn,[LOCAL_DRIVE]/code\repos_lite_pro\mwaskom__seaborn,0f5a013e2cf43562deec3b879458e59a73853813,mwaskom__seaborn-3010-d180,7231fc24f6251fbc4b4757a56af7a0622a5b12f5,180,41,6f76be288eb385a2ad96a954fea9f21a9126c221,Add Flit to dev docs and increment version,2,pyproject.toml;seaborn/__init__.py,independent,seaborn/_stats/regression.py,2,a3eff2928e60880e264b0ba75ece3b38ec62b4d9609588a9211f19046b52df5b,0,True,Descriptive local Git future-history mechanism inventory; not semantic causality or survival evidence.
mwaskom__seaborn-3010,mwaskom/seaborn,[LOCAL_DRIVE]/code\repos_lite_pro\mwaskom__seaborn,0f5a013e2cf43562deec3b879458e59a73853813,mwaskom__seaborn-3010-d180,7231fc24f6251fbc4b4757a56af7a0622a5b12f5,180,42,bf4695466d742f301f361b8d0c8168c5c4bdf889,Update categorical.py (#3097),1,seaborn/categorical.py,independent,seaborn/_stats/regression.py,2,a3eff2928e60880e264b0ba75ece3b38ec62b4d9609588a9211f19046b52df5b,0,True,Descriptive local Git future-history mechanism inventory; not semantic causality or survival evidence.
mwaskom__seaborn-3010,mwaskom/seaborn,[LOCAL_DRIVE]/code\repos_lite_pro\mwaskom__seaborn,0f5a013e2cf43562deec3b879458e59a73853813,mwaskom__seaborn-3010-d180,7231fc24f6251fbc4b4757a56af7a0622a5b12f5,180,43,aafd54f21ac749fa24dcdfdb639f4f1585fdc812,include note in stripplot docstring about edgecolor depending on linewidth (#3110),1,seaborn/categorical.py,independent,seaborn/_stats/regression.py,2,a3eff2928e60880e264b0ba75ece3b38ec62b4d9609588a9211f19046b52df5b,0,True,Descriptive local Git future-history mechanism inventory; not semantic causality or survival evidence.
mwaskom__seaborn-3010,mwaskom/seaborn,[LOCAL_DRIVE]/code\repos_lite_pro\mwaskom__seaborn,0f5a013e2cf43562deec3b879458e59a73853813,mwaskom__seaborn-3010-d180,7231fc24f6251fbc4b4757a56af7a0622a5b12f5,180,44,852ffaf3e28de848c4d07e778c7990924637d046,Add KDE stat (#3111),11,Makefile;doc/_docstrings/objects.KDE.ipynb;doc/api.rst;doc/whatsnew/v0.12.2.rst;seaborn/_stats/base.py;seaborn/_stats/counting.py;seaborn/_stats/density.py;seaborn/external/kde.py;seaborn/objects.py;tests/_stats/test_counting.py;tests/_stats/test_density.py,related_same_subtree,seaborn/_stats/regression.py,2,a3eff2928e60880e264b0ba75ece3b38ec62b4d9609588a9211f19046b52df5b,0,True,Descriptive local Git future-history mechanism inventory; not semantic causality or survival evidence.
mwaskom__seaborn-3010,mwaskom/seaborn,[LOCAL_DRIVE]/code\repos_lite_pro\mwaskom__seaborn,0f5a013e2cf43562deec3b879458e59a73853813,mwaskom__seaborn-3010-d180,7231fc24f6251fbc4b4757a56af7a0622a5b12f5,180,45,021a20f06f41212fd8c55680a8cc3bf0924e1b30,Don't pass label when creating color cycle scout (#3116),3,doc/whatsnew/v0.12.2.rst;seaborn/utils.py;tests/test_distributions.py,independent,seaborn/_stats/regression.py,2,a3eff2928e60880e264b0ba75ece3b38ec62b4d9609588a9211f19046b52df5b,0,True,Descriptive local Git future-history mechanism inventory; not semantic causality or survival evidence.
mwaskom__seaborn-3010,mwaskom/seaborn,[LOCAL_DRIVE]/code\repos_lite_pro\mwaskom__seaborn,0f5a013e2cf43562deec3b879458e59a73853813,mwaskom__seaborn-3010-d180,7231fc24f6251fbc4b4757a56af7a0622a5b12f5,180,46,8dc5a9cd86cb1cd71c60d89b17a4c14ec8c87190,Compute spacing/width separately for unshared axes (#3119),5,doc/_docstrings/objects.Norm.ipynb;doc/whatsnew/v0.12.2.rst;seaborn/_core/plot.py;seaborn/utils.py;tests/_core/test_plot.py,independent,seaborn/_stats/regression.py,2,a3eff2928e60880e264b0ba75ece3b38ec62b4d9609588a9211f19046b52df5b,0,True,Descriptive local Git future-history mechanism inventory; not semantic causality or survival evidence.
mwaskom__seaborn-3010,mwaskom/seaborn,[LOCAL_DRIVE]/code\repos_lite_pro\mwaskom__seaborn,0f5a013e2cf43562deec3b879458e59a73853813,mwaskom__seaborn-3010-d180,7231fc24f6251fbc4b4757a56af7a0622a5b12f5,180,47,2676743e1f2fb07d000dc692085e3f117b56e0d9,Redirect FAQ to docs,1,README.md,infrastructure_only,seaborn/_stats/regression.py,2,a3eff2928e60880e264b0ba75ece3b38ec62b4d9609588a9211f19046b52df5b,0,True,Descriptive local Git future-history mechanism inventory; not semantic causality or survival evidence.
mwaskom__seaborn-3010,mwaskom/seaborn,[LOCAL_DRIVE]/code\repos_lite_pro\mwaskom__seaborn,0f5a013e2cf43562deec3b879458e59a73853813,mwaskom__seaborn-3010-d180,7231fc24f6251fbc4b4757a56af7a0622a5b12f5,180,48,d4d27adbdbf8be729e0d588bb60d1fd80f2084a8,Fix implicit optional typing (#3132),1,seaborn/_core/scales.py,independent,seaborn/_stats/regression.py,2,a3eff2928e60880e264b0ba75ece3b38ec62b4d9609588a9211f19046b52df5b,0,True,Descriptive local Git future-history mechanism inventory; not semantic causality or survival evidence.
mwaskom__seaborn-3010,mwaskom/seaborn,[LOCAL_DRIVE]/code\repos_lite_pro\mwaskom__seaborn,0f5a013e2cf43562deec3b879458e59a73853813,mwaskom__seaborn-3010-d180,7231fc24f6251fbc4b4757a56af7a0622a5b12f5,180,49,d121c9cadf835bd87bc7bd48b62e837ef165ca4d,Fix a copy & paste error in the docstring for FacetGrid.set_titles (#3141),1,seaborn/axisgrid.py,independent,seaborn/_stats/regression.py,2,a3eff2928e60880e264b0ba75ece3b38ec62b4d9609588a9211f19046b52df5b,0,True,Descriptive local Git future-history mechanism inventory; not semantic causality or survival evidence.
mwaskom__seaborn-3010,mwaskom/seaborn,[LOCAL_DRIVE]/code\repos_lite_pro\mwaskom__seaborn,0f5a013e2cf43562deec3b879458e59a73853813,mwaskom__seaborn-3010-d180,7231fc24f6251fbc4b4757a56af7a0622a5b12f5,180,50,0360fcc7c946fcdd863bbbb36b2a7c6e0894750f,Fix a typo in the installing doc (#3156),1,doc/installing.rst,infrastructure_only,seaborn/_stats/regression.py,2,a3eff2928e60880e264b0ba75ece3b38ec62b4d9609588a9211f19046b52df5b,0,True,Descriptive local Git future-history mechanism inventory; not semantic causality or survival evidence.
mwaskom__seaborn-3010,mwaskom/seaborn,[LOCAL_DRIVE]/code\repos_lite_pro\mwaskom__seaborn,0f5a013e2cf43562deec3b879458e59a73853813,mwaskom__seaborn-3010-d180,7231fc24f6251fbc4b4757a56af7a0622a5b12f5,180,51,41b77cc7c547317ade980cfb4ecef7faf663fb0f,Add Dependabot configuration for GitHub Actions updates (#3122),1,.github/dependabot.yml,infrastructure_only,seaborn/_stats/regression.py,2,a3eff2928e60880e264b0ba75ece3b38ec62b4d9609588a9211f19046b52df5b,0,True,Descriptive local Git future-history mechanism inventory; not semantic causality or survival evidence.
mwaskom__seaborn-3010,mwaskom/seaborn,[LOCAL_DRIVE]/code\repos_lite_pro\mwaskom__seaborn,0f5a013e2cf43562deec3b879458e59a73853813,mwaskom__seaborn-3010-d180,7231fc24f6251fbc4b4757a56af7a0622a5b12f5,180,52,fb3a65add8a77334af137dff74176e841c4c1bd9,Bump actions/setup-python from 3 to 4 (#3157),1,.github/workflows/ci.yaml,infrastructure_only,seaborn/_stats/regression.py,2,a3eff2928e60880e264b0ba75ece3b38ec62b4d9609588a9211f19046b52df5b,0,True,Descriptive local Git future-history mechanism inventory; not semantic causality or survival evidence.
mwaskom__seaborn-3010,mwaskom/seaborn,[LOCAL_DRIVE]/code\repos_lite_pro\mwaskom__seaborn,0f5a013e2cf43562deec3b879458e59a73853813,mwaskom__seaborn-3010-d180,7231fc24f6251fbc4b4757a56af7a0622a5b12f5,180,53,feb59d250ea92ef143f5aef50ff6e18869affa7f,Bump codecov/codecov-action from 2 to 3 (#3158),1,.github/workflows/ci.yaml,infrastructure_only,seaborn/_stats/regression.py,2,a3eff2928e60880e264b0ba75ece3b38ec62b4d9609588a9211f19046b52df5b,0,True,Descriptive local Git future-history mechanism inventory; not semantic causality or survival evidence.
mwaskom__seaborn-3010,mwaskom/seaborn,[LOCAL_DRIVE]/code\repos_lite_pro\mwaskom__seaborn,0f5a013e2cf43562deec3b879458e59a73853813,mwaskom__seaborn-3010-d180,7231fc24f6251fbc4b4757a56af7a0622a5b12f5,180,54,ba786bc14eb255f6b4fb7619c8210c5a8016a26f,Fix log scaled histplot kde (#3173),3,doc/whatsnew/v0.12.2.rst;seaborn/distributions.py;tests/test_distributions.py,independent,seaborn/_stats/regression.py,2,a3eff2928e60880e264b0ba75ece3b38ec62b4d9609588a9211f19046b52df5b,0,True,Descriptive local Git future-history mechanism inventory; not semantic causality or survival evidence.
mwaskom__seaborn-3010,mwaskom/seaborn,[LOCAL_DRIVE]/code\repos_lite_pro\mwaskom__seaborn,0f5a013e2cf43562deec3b879458e59a73853813,mwaskom__seaborn-3010-d180,7231fc24f6251fbc4b4757a56af7a0622a5b12f5,180,55,c8badb914bb8eaf5ec2578c0ecd434edb1234375,COMPAT: Change pandas use_inf_as_null to reflect 2.0 deprecation (#3177),3,seaborn/_core/plot.py;seaborn/_oldcore.py;seaborn/categorical.py,independent,seaborn/_stats/regression.py,2,a3eff2928e60880e264b0ba75ece3b38ec62b4d9609588a9211f19046b52df5b,0,True,Descriptive local Git future-history mechanism inventory; not semantic causality or survival evidence.
mwaskom__seaborn-3010,mwaskom/seaborn,[LOCAL_DRIVE]/code\repos_lite_pro\mwaskom__seaborn,0f5a013e2cf43562deec3b879458e59a73853813,mwaskom__seaborn-3010-d180,7231fc24f6251fbc4b4757a56af7a0622a5b12f5,180,56,22cdfb0c93f8ec78492d87edb810f10cb7f57a31,Fix inner axis visibility in relplot with unshared axes (#3180),3,doc/whatsnew/v0.12.2.rst;seaborn/relational.py;tests/test_relational.py,independent,seaborn/_stats/regression.py,2,a3eff2928e60880e264b0ba75ece3b38ec62b4d9609588a9211f19046b52df5b,0,True,Descriptive local Git future-history mechanism inventory; not semantic causality or survival evidence.
mwaskom__seaborn-3010,mwaskom/seaborn,[LOCAL_DRIVE]/code\repos_lite_pro\mwaskom__seaborn,0f5a013e2cf43562deec3b879458e59a73853813,mwaskom__seaborn-3010-d180,7231fc24f6251fbc4b4757a56af7a0622a5b12f5,180,57,9bd166565beea99ab2e43a0576c59efab196940b,Don't use offset / scientific notation in numeric legends (#3187),5,doc/whatsnew/v0.12.2.rst;seaborn/_core/scales.py;seaborn/utils.py;tests/_core/test_plot.py;tests/test_relational.py,independent,seaborn/_stats/regression.py,2,a3eff2928e60880e264b0ba75ece3b38ec62b4d9609588a9211f19046b52df5b,0,True,Descriptive local Git future-history mechanism inventory; not semantic causality or survival evidence.
mwaskom__seaborn-3010,mwaskom/seaborn,[LOCAL_DRIVE]/code\repos_lite_pro\mwaskom__seaborn,0f5a013e2cf43562deec3b879458e59a73853813,mwaskom__seaborn-3010-d180,7231fc24f6251fbc4b4757a56af7a0622a5b12f5,180,58,26b3d0e29ff5286c32e6f934b2ed64cd20207496,Mark numpy 1.24.0 as non-compatible (#3194),1,pyproject.toml,infrastructure_only,seaborn/_stats/regression.py,2,a3eff2928e60880e264b0ba75ece3b38ec62b4d9609588a9211f19046b52df5b,0,True,Descriptive local Git future-history mechanism inventory; not semantic causality or survival evidence.
mwaskom__seaborn-3010,mwaskom/seaborn,[LOCAL_DRIVE]/code\repos_lite_pro\mwaskom__seaborn,0f5a013e2cf43562deec3b879458e59a73853813,mwaskom__seaborn-3010-d180,7231fc24f6251fbc4b4757a56af7a0622a5b12f5,180,59,d25872b0fc99dbf7e666a91f59bd4ed125186aa1,fix typos (#3193),2,doc/_tutorial/axis_grids.ipynb;doc/_tutorial/regression.ipynb,infrastructure_only,seaborn/_stats/regression.py,2,a3eff2928e60880e264b0ba75ece3b38ec62b4d9609588a9211f19046b52df5b,0,True,Descriptive local Git future-history mechanism inventory; not semantic causality or survival evidence.
mwaskom__seaborn-3010,mwaskom/seaborn,[LOCAL_DRIVE]/code\repos_lite_pro\mwaskom__seaborn,0f5a013e2cf43562deec3b879458e59a73853813,mwaskom__seaborn-3010-d180,7231fc24f6251fbc4b4757a56af7a0622a5b12f5,180,60,87e097275ce468db8f18c80ef8970310cfef1fe8,Improve robustness to empty data in Plot and Nominal (#3202),5,doc/whatsnew/v0.12.2.rst;seaborn/_core/plot.py;seaborn/_core/scales.py;tests/_core/test_plot.py;tests/_core/test_scales.py,independent,seaborn/_stats/regression.py,2,a3eff2928e60880e264b0ba75ece3b38ec62b4d9609588a9211f19046b52df5b,0,True,Descriptive local Git future-history mechanism inventory; not semantic causality or survival evidence.
mwaskom__seaborn-3010,mwaskom/seaborn,[LOCAL_DRIVE]/code\repos_lite_pro\mwaskom__seaborn,0f5a013e2cf43562deec3b879458e59a73853813,mwaskom__seaborn-3010-d180,7231fc24f6251fbc4b4757a56af7a0622a5b12f5,180,61,4a9e54962a29c12a8b103d75f838e0e795a6974d,Improve user feedback for errors during plot compilation (#3203),8,doc/whatsnew/v0.12.2.rst;seaborn/_core/exceptions.py;seaborn/_core/plot.py;seaborn/_marks/base.py;seaborn/palettes.py;tests/_core/test_plot.py;tests/_core/test_scales.py;tests/test_distributions.py,independent,seaborn/_stats/regression.py,2,a3eff2928e60880e264b0ba75ece3b38ec62b4d9609588a9211f19046b52df5b,0,True,Descriptive local Git future-history mechanism inventory; not semantic causality or survival evidence.
mwaskom__seaborn-3010,mwaskom/seaborn,[LOCAL_DRIVE]/code\repos_lite_pro\mwaskom__seaborn,0f5a013e2cf43562deec3b879458e59a73853813,mwaskom__seaborn-3010-d180,7231fc24f6251fbc4b4757a56af7a0622a5b12f5,180,62,72710354ecc8470683e15f452ba0af841464e84a,Avoid exception from Continuous scale for normed property (#3190),3,doc/whatsnew/v0.12.2.rst;seaborn/_core/scales.py;tests/_core/test_scales.py,independent,seaborn/_stats/regression.py,2,a3eff2928e60880e264b0ba75ece3b38ec62b4d9609588a9211f19046b52df5b,0,True,Descriptive local Git future-history mechanism inventory; not semantic causality or survival evidence.
mwaskom__seaborn-3010,mwaskom/seaborn,[LOCAL_DRIVE]/code\repos_lite_pro\mwaskom__seaborn,0f5a013e2cf43562deec3b879458e59a73853813,mwaskom__seaborn-3010-d180,7231fc24f6251fbc4b4757a56af7a0622a5b12f5,180,63,5e565d2a1d8e155a9e54bb93d6e0fc2b310ec336,Add Boolean scale (#3205),100,doc/_docstrings/FacetGrid.ipynb;doc/_docstrings/JointGrid.ipynb;doc/_docstrings/PairGrid.ipynb;doc/_docstrings/axes_style.ipynb;doc/_docstrings/barplot.ipynb;doc/_docstrings/blend_palette.ipynb;doc/_docstrings/boxenplot.ipynb;doc/_docstrings/boxplot.ipynb;doc/_docstrings/catplot.ipynb;doc/_docstrings/clustermap.ipynb;doc/_docstrings/color_palette.ipynb;doc/_docstrings/countplot.ipynb;doc/_docstrings/cubehelix_palette.ipynb;doc/_docstrings/dark_palette.ipynb;doc/_docstrings/displot.ipynb;doc/_docstrings/diverging_palette.ipynb;doc/_docstrings/ecdfplot.ipynb;doc/_docstrings/heatmap.ipynb;doc/_docstrings/histplot.ipynb;doc/_docstrings/hls_palette.ipynb;doc/_docstrings/husl_palette.ipynb;doc/_docstrings/jointplot.ipynb;doc/_docstrings/kdeplot.ipynb;doc/_docstrings/light_palette.ipynb;doc/_docstrings/lineplot.ipynb;doc/_docstrings/lmplot.ipynb;doc/_docstrings/move_legend.ipynb;doc/_docstrings/mpl_palette.ipynb;doc/_docstrings/objects.Agg.ipynb;doc/_docstrings/objects.Area.ipynb;doc/_docstrings/objects.Band.ipynb;doc/_docstrings/objects.Bar.ipynb;doc/_docstrings/objects.Bars.ipynb;doc/_docstrings/objects.Count.ipynb;doc/_docstrings/objects.Dash.ipynb;doc/_docstrings/objects.Dodge.ipynb;doc/_docstrings/objects.Dot.ipynb;doc/_docstrings/objects.Dots.ipynb;doc/_docstrings/objects.Est.ipynb;doc/_docstrings/objects.Hist.ipynb;doc/_docstrings/objects.Jitter.ipynb;doc/_docstrings/objects.KDE.ipynb;doc/_docstrings/objects.Line.ipynb;doc/_docstrings/objects.Lines.ipynb;doc/_docstrings/objects.Norm.ipynb;doc/_docstrings/objects.Path.ipynb;doc/_docstrings/objects.Paths.ipynb;doc/_docstrings/objects.Perc.ipynb;doc/_docstrings/objects.Plot.add.ipynb;doc/_docstrings/objects.Plot.facet.ipynb;doc/_docstrings/objects.Plot.label.ipynb;doc/_docstrings/objects.Plot.layout.ipynb;doc/_docstrings/objects.Plot.limit.ipynb;doc/_docstrings/objects.Plot.on.ipynb;doc/_docstrings/objects.Plot.pair.ipynb;doc/_docstrings/objects.Plot.scale.ipynb;doc/_docstrings/objects.Plot.share.ipynb;doc/_docstrings/objects.Plot.theme.ipynb;doc/_docstrings/objects.Range.ipynb;doc/_docstrings/objects.Shift.ipynb;doc/_docstrings/objects.Stack.ipynb;doc/_docstrings/objects.Text.ipynb;doc/_docstrings/pairplot.ipynb;doc/_docstrings/plotting_context.ipynb;doc/_docstrings/pointplot.ipynb;doc/_docstrings/regplot.ipynb;doc/_docstrings/relplot.ipynb;doc/_docstrings/residplot.ipynb;doc/_docstrings/rugplot.ipynb;doc/_docstrings/scatterplot.ipynb;doc/_docstrings/set_context.ipynb;doc/_docstrings/set_style.ipynb;doc/_docstrings/set_theme.ipynb;doc/_docstrings/stripplot.ipynb;doc/_docstrings/swarmplot.ipynb;doc/_docstrings/violinplot.ipynb;doc/_tutorial/aesthetics.ipynb;doc/_tutorial/axis_grids.ipynb;doc/_tutorial/categorical.ipynb;doc/_tutorial/color_palettes.ipynb;doc/_tutorial/data_structure.ipynb;doc/_tutorial/distributions.ipynb;doc/_tutorial/error_bars.ipynb;doc/_tutorial/function_overview.ipynb;doc/_tutorial/introduction.ipynb;doc/_tutorial/objects_interface.ipynb;doc/_tutorial/properties.ipynb;doc/_tutorial/regression.ipynb;doc/_tutorial/relational.ipynb;doc/api.rst;doc/whatsnew/index.rst;doc/whatsnew/v0.12.2.rst;seaborn/_core/plot.py;seaborn/_core/properties.py;seaborn/_core/rules.py;seaborn/_core/scales.py;seaborn/objects.py;tests/_core/test_properties.py;tests/_core/test_rules.py;tests/_core/test_scales.py,independent,seaborn/_stats/regression.py,2,a3eff2928e60880e264b0ba75ece3b38ec62b4d9609588a9211f19046b52df5b,0,True,Descriptive local Git future-history mechanism inventory; not semantic causality or survival evidence.
mwaskom__seaborn-3010,mwaskom/seaborn,[LOCAL_DRIVE]/code\repos_lite_pro\mwaskom__seaborn,0f5a013e2cf43562deec3b879458e59a73853813,mwaskom__seaborn-3010-d180,7231fc24f6251fbc4b4757a56af7a0622a5b12f5,180,64,bf9fcb307533fad2031ab556f5f0e896bbc31e8d,Explicitly set inline backend when building docs from notebooks,2,doc/_docstrings/Makefile;doc/_tutorial/Makefile,infrastructure_only,seaborn/_stats/regression.py,2,a3eff2928e60880e264b0ba75ece3b38ec62b4d9609588a9211f19046b52df5b,0,True,Descriptive local Git future-history mechanism inventory; not semantic causality or survival evidence.
mwaskom__seaborn-3010,mwaskom/seaborn,[LOCAL_DRIVE]/code\repos_lite_pro\mwaskom__seaborn,0f5a013e2cf43562deec3b879458e59a73853813,mwaskom__seaborn-3010-d180,7231fc24f6251fbc4b4757a56af7a0622a5b12f5,180,65,0f5182ee01d28f2daeee805c7d4deb4a05b30bf0,Fix issue when an empty palette is provided for an empty dataset (#3136),2,seaborn/categorical.py;tests/test_categorical.py,independent,seaborn/_stats/regression.py,2,a3eff2928e60880e264b0ba75ece3b38ec62b4d9609588a9211f19046b52df5b,0,True,Descriptive local Git future-history mechanism inventory; not semantic causality or survival evidence.
mwaskom__seaborn-3010,mwaskom/seaborn,[LOCAL_DRIVE]/code\repos_lite_pro\mwaskom__seaborn,0f5a013e2cf43562deec3b879458e59a73853813,mwaskom__seaborn-3010-d180,7231fc24f6251fbc4b4757a56af7a0622a5b12f5,180,66,10c3ed87a42bcaed74b115252eeb4b88ebc1597f,Finalize v0.12.2 release notes,1,doc/whatsnew/v0.12.2.rst,infrastructure_only,seaborn/_stats/regression.py,2,a3eff2928e60880e264b0ba75ece3b38ec62b4d9609588a9211f19046b52df5b,0,True,Descriptive local Git future-history mechanism inventory; not semantic causality or survival evidence.
mwaskom__seaborn-3010,mwaskom/seaborn,[LOCAL_DRIVE]/code\repos_lite_pro\mwaskom__seaborn,0f5a013e2cf43562deec3b879458e59a73853813,mwaskom__seaborn-3010-d180,7231fc24f6251fbc4b4757a56af7a0622a5b12f5,180,67,fd09815eed491edad014c88aea814396d3e3ded2,Bump version for 0.13.0 dev,1,seaborn/__init__.py,independent,seaborn/_stats/regression.py,2,a3eff2928e60880e264b0ba75ece3b38ec62b4d9609588a9211f19046b52df5b,0,True,Descriptive local Git future-history mechanism inventory; not semantic causality or survival evidence.
mwaskom__seaborn-3010,mwaskom/seaborn,[LOCAL_DRIVE]/code\repos_lite_pro\mwaskom__seaborn,0f5a013e2cf43562deec3b879458e59a73853813,mwaskom__seaborn-3010-d180,7231fc24f6251fbc4b4757a56af7a0622a5b12f5,180,68,7b70380829417c82478e9c67efc7cd1e5f1b8cb1,Increase minimally-supported versions of Python and dependencies (#3208),5,.github/workflows/ci.yaml;ci/deps_pinned.txt;pyproject.toml;seaborn/_core/rules.py;tests/_core/test_plot.py,independent,seaborn/_stats/regression.py,2,a3eff2928e60880e264b0ba75ece3b38ec62b4d9609588a9211f19046b52df5b,0,True,Descriptive local Git future-history mechanism inventory; not semantic causality or survival evidence.
mwaskom__seaborn-3010,mwaskom/seaborn,[LOCAL_DRIVE]/code\repos_lite_pro\mwaskom__seaborn,0f5a013e2cf43562deec3b879458e59a73853813,mwaskom__seaborn-3010-d180,7231fc24f6251fbc4b4757a56af7a0622a5b12f5,180,69,29daaf3aee256926ef242d5b5fa1f2996fd1f687,Add helper function for consistent backcompat gates (#3209),18,seaborn/_compat.py;seaborn/_core/plot.py;seaborn/_marks/bar.py;seaborn/_marks/line.py;seaborn/_oldcore.py;seaborn/_stats/order.py;seaborn/utils.py;tests/_core/test_plot.py;tests/_core/test_properties.py;tests/_core/test_rules.py;tests/_core/test_scales.py;tests/_stats/test_order.py;tests/test_algorithms.py;tests/test_categorical.py;tests/test_distributions.py;tests/test_regression.py;tests/test_relational.py;tests/test_utils.py,related_same_subtree,seaborn/_stats/regression.py,2,a3eff2928e60880e264b0ba75ece3b38ec62b4d9609588a9211f19046b52df5b,0,True,Descriptive local Git future-history mechanism inventory; not semantic causality or survival evidence.
mwaskom__seaborn-3010,mwaskom/seaborn,[LOCAL_DRIVE]/code\repos_lite_pro\mwaskom__seaborn,0f5a013e2cf43562deec3b879458e59a73853813,mwaskom__seaborn-3010-d180,7231fc24f6251fbc4b4757a56af7a0622a5b12f5,180,70,557b0d29cdeae9703576f4bb0eb73dd997a1e4a4,Remove dead code branches after minimal dependency bumps (#3210),13,seaborn/_compat.py;seaborn/_marks/line.py;seaborn/_oldcore.py;seaborn/algorithms.py;seaborn/utils.py;tests/_core/test_plot.py;tests/_core/test_rules.py;tests/_core/test_scales.py;tests/test_algorithms.py;tests/test_categorical.py;tests/test_distributions.py;tests/test_relational.py;tests/test_utils.py,independent,seaborn/_stats/regression.py,2,a3eff2928e60880e264b0ba75ece3b38ec62b4d9609588a9211f19046b52df5b,0,True,Descriptive local Git future-history mechanism inventory; not semantic causality or survival evidence.
mwaskom__seaborn-3010,mwaskom/seaborn,[LOCAL_DRIVE]/code\repos_lite_pro\mwaskom__seaborn,0f5a013e2cf43562deec3b879458e59a73853813,mwaskom__seaborn-3010-d180,7231fc24f6251fbc4b4757a56af7a0622a5b12f5,180,71,9b0baf65c879889489a4cce92aef552536e571eb,Fix Continuous.label(like=) documentation (fixes #3213),1,seaborn/_core/scales.py,independent,seaborn/_stats/regression.py,2,a3eff2928e60880e264b0ba75ece3b38ec62b4d9609588a9211f19046b52df5b,0,True,Descriptive local Git future-history mechanism inventory; not semantic causality or survival evidence.
mwaskom__seaborn-3010,mwaskom/seaborn,[LOCAL_DRIVE]/code\repos_lite_pro\mwaskom__seaborn,0f5a013e2cf43562deec3b879458e59a73853813,mwaskom__seaborn-3010-d180,7231fc24f6251fbc4b4757a56af7a0622a5b12f5,180,72,623b0b723c671e99f04e8ababf19adc563f30168,Fix layout engine parameterization when using Plot.on (#3216),3,seaborn/_compat.py;seaborn/_core/plot.py;tests/_core/test_plot.py,independent,seaborn/_stats/regression.py,2,a3eff2928e60880e264b0ba75ece3b38ec62b4d9609588a9211f19046b52df5b,0,True,Descriptive local Git future-history mechanism inventory; not semantic causality or survival evidence.
mwaskom__seaborn-3010,mwaskom/seaborn,[LOCAL_DRIVE]/code\repos_lite_pro\mwaskom__seaborn,0f5a013e2cf43562deec3b879458e59a73853813,mwaskom__seaborn-3010-d180,7231fc24f6251fbc4b4757a56af7a0622a5b12f5,180,73,dce8afd4a7d4145b04d897bf5ad61a72c99d624e,Update references to minimal supported Python version,2,README.md;doc/installing.rst,infrastructure_only,seaborn/_stats/regression.py,2,a3eff2928e60880e264b0ba75ece3b38ec62b4d9609588a9211f19046b52df5b,0,True,Descriptive local Git future-history mechanism inventory; not semantic causality or survival evidence.
mwaskom__seaborn-3010,mwaskom/seaborn,[LOCAL_DRIVE]/code\repos_lite_pro\mwaskom__seaborn,0f5a013e2cf43562deec3b879458e59a73853813,mwaskom__seaborn-3010-d180,7231fc24f6251fbc4b4757a56af7a0622a5b12f5,180,74,a47b97e4b98c809db55cbd283de21acba89fe186,Add default theme configuration to Plot (#3223),6,doc/_docstrings/objects.Plot.config.ipynb;doc/_docstrings/objects.Plot.theme.ipynb;doc/_templates/autosummary/plot.rst;doc/_tutorial/objects_interface.ipynb;seaborn/_core/plot.py;tests/_core/test_plot.py,independent,seaborn/_stats/regression.py,2,a3eff2928e60880e264b0ba75ece3b38ec62b4d9609588a9211f19046b52df5b,0,True,Descriptive local Git future-history mechanism inventory; not semantic causality or survival evidence.
mwaskom__seaborn-3010,mwaskom/seaborn,[LOCAL_DRIVE]/code\repos_lite_pro\mwaskom__seaborn,0f5a013e2cf43562deec3b879458e59a73853813,mwaskom__seaborn-3010-d180,7231fc24f6251fbc4b4757a56af7a0622a5b12f5,180,75,e75e303b747ebb9b573d0ddfbd08a141f305d373,"Add notebook display configuration for Plot, including SVG output (#3225)",3,doc/_docstrings/objects.Plot.config.ipynb;seaborn/_core/plot.py;tests/_core/test_plot.py,independent,seaborn/_stats/regression.py,2,a3eff2928e60880e264b0ba75ece3b38ec62b4d9609588a9211f19046b52df5b,0,True,Descriptive local Git future-history mechanism inventory; not semantic causality or survival evidence.
mwaskom__seaborn-3010,mwaskom/seaborn,[LOCAL_DRIVE]/code\repos_lite_pro\mwaskom__seaborn,0f5a013e2cf43562deec3b879458e59a73853813,mwaskom__seaborn-3010-d180,7231fc24f6251fbc4b4757a56af7a0622a5b12f5,180,76,72faf27f440522fa558df33258ae9b4ea59e161f,Fix Bar(s) width on nonlinear scale (#3217),3,seaborn/_core/plot.py;seaborn/_marks/bar.py;tests/_marks/test_bar.py,independent,seaborn/_stats/regression.py,2,a3eff2928e60880e264b0ba75ece3b38ec62b4d9609588a9211f19046b52df5b,0,True,Descriptive local Git future-history mechanism inventory; not semantic causality or survival evidence.
mwaskom__seaborn-3010,mwaskom/seaborn,[LOCAL_DRIVE]/code\repos_lite_pro\mwaskom__seaborn,0f5a013e2cf43562deec3b879458e59a73853813,mwaskom__seaborn-3010-d180,7231fc24f6251fbc4b4757a56af7a0622a5b12f5,180,77,db7ae11750fc2dfb695457239708448d54e9b8cd,Update test to reflect change in matplotlib 3.7 (#3236),1,tests/test_axisgrid.py,test_only,seaborn/_stats/regression.py,2,a3eff2928e60880e264b0ba75ece3b38ec62b4d9609588a9211f19046b52df5b,0,True,Descriptive local Git future-history mechanism inventory; not semantic causality or survival evidence.
mwaskom__seaborn-3010,mwaskom/seaborn,[LOCAL_DRIVE]/code\repos_lite_pro\mwaskom__seaborn,0f5a013e2cf43562deec3b879458e59a73853813,mwaskom__seaborn-3010-d180,7231fc24f6251fbc4b4757a56af7a0622a5b12f5,180,78,0ebc82e8580caab55eb7af1f66220eab6654af97,Document weights parameter in displot docstring,1,seaborn/distributions.py,independent,seaborn/_stats/regression.py,2,a3eff2928e60880e264b0ba75ece3b38ec62b4d9609588a9211f19046b52df5b,0,True,Descriptive local Git future-history mechanism inventory; not semantic causality or survival evidence.
mwaskom__seaborn-3010,mwaskom/seaborn,[LOCAL_DRIVE]/code\repos_lite_pro\mwaskom__seaborn,0f5a013e2cf43562deec3b879458e59a73853813,mwaskom__seaborn-3010-d180,7231fc24f6251fbc4b4757a56af7a0622a5b12f5,180,79,e336f11eb3bdb12ee7ddcd108a4651132c123267,Retrieve list of available datasets from a github url with correct CORS headers set. (#3234),2,seaborn/utils.py;tests/test_utils.py,independent,seaborn/_stats/regression.py,2,a3eff2928e60880e264b0ba75ece3b38ec62b4d9609588a9211f19046b52df5b,0,True,Descriptive local Git future-history mechanism inventory; not semantic causality or survival evidence.
mwaskom__seaborn-3010,mwaskom/seaborn,[LOCAL_DRIVE]/code\repos_lite_pro\mwaskom__seaborn,0f5a013e2cf43562deec3b879458e59a73853813,mwaskom__seaborn-3010-d180,7231fc24f6251fbc4b4757a56af7a0622a5b12f5,180,80,17f9788a2f063ca94b5068ffefbbde9eba4c604d,Remove container added when inferring default color for bar artist (#3246),3,seaborn/distributions.py;seaborn/utils.py;tests/test_distributions.py,independent,seaborn/_stats/regression.py,2,a3eff2928e60880e264b0ba75ece3b38ec62b4d9609588a9211f19046b52df5b,0,True,Descriptive local Git future-history mechanism inventory; not semantic causality or survival evidence.
mwaskom__seaborn-3010,mwaskom/seaborn,[LOCAL_DRIVE]/code\repos_lite_pro\mwaskom__seaborn,0f5a013e2cf43562deec3b879458e59a73853813,mwaskom__seaborn-3010-d180,7231fc24f6251fbc4b4757a56af7a0622a5b12f5,180,81,7bec34be9c79320bc524c10afc244f90650cdc1d,Update v0.13.0 release notes,1,doc/whatsnew/v0.13.0.rst,infrastructure_only,seaborn/_stats/regression.py,2,a3eff2928e60880e264b0ba75ece3b38ec62b4d9609588a9211f19046b52df5b,0,True,Descriptive local Git future-history mechanism inventory; not semantic causality or survival evidence.
mwaskom__seaborn-3010,mwaskom/seaborn,[LOCAL_DRIVE]/code\repos_lite_pro\mwaskom__seaborn,0f5a013e2cf43562deec3b879458e59a73853813,mwaskom__seaborn-3010-d180,7231fc24f6251fbc4b4757a56af7a0622a5b12f5,180,82,c44bce1035ee6f004ffc73a41d7d9e8e2b9a1cd8,Adds kwarg only arguments to pivot in lineplot docs (#3249),1,doc/_docstrings/lineplot.ipynb,infrastructure_only,seaborn/_stats/regression.py,2,a3eff2928e60880e264b0ba75ece3b38ec62b4d9609588a9211f19046b52df5b,0,True,Descriptive local Git future-history mechanism inventory; not semantic causality or survival evidence.
mwaskom__seaborn-3010,mwaskom/seaborn,[LOCAL_DRIVE]/code\repos_lite_pro\mwaskom__seaborn,0f5a013e2cf43562deec3b879458e59a73853813,mwaskom__seaborn-3010-d180,7231fc24f6251fbc4b4757a56af7a0622a5b12f5,180,83,242a3312b6742f5b255c7ad6bccb7228839c9419,Modernize barplot to use common infrastructure (#3255),9,doc/_docstrings/barplot.ipynb;seaborn/_oldcore.py;seaborn/categorical.py;seaborn/utils.py;tests/conftest.py;tests/test_categorical.py;tests/test_core.py;tests/test_distributions.py;tests/test_relational.py,independent,seaborn/_stats/regression.py,2,a3eff2928e60880e264b0ba75ece3b38ec62b4d9609588a9211f19046b52df5b,0,True,Descriptive local Git future-history mechanism inventory; not semantic causality or survival evidence.
mwaskom__seaborn-3010,mwaskom/seaborn,[LOCAL_DRIVE]/code\repos_lite_pro\mwaskom__seaborn,0f5a013e2cf43562deec3b879458e59a73853813,mwaskom__seaborn-3010-d180,7231fc24f6251fbc4b4757a56af7a0622a5b12f5,180,84,3a778baab571e11aebcca82ef4d2c3ba41798e5b,Refactor countplot to use common infra and add stat parameter for normalization (#3267),4,doc/_docstrings/countplot.ipynb;seaborn/categorical.py;seaborn/utils.py;tests/test_categorical.py,independent,seaborn/_stats/regression.py,2,a3eff2928e60880e264b0ba75ece3b38ec62b4d9609588a9211f19046b52df5b,0,True,Descriptive local Git future-history mechanism inventory; not semantic causality or survival evidence.
mwaskom__seaborn-3010,mwaskom/seaborn,[LOCAL_DRIVE]/code\repos_lite_pro\mwaskom__seaborn,0f5a013e2cf43562deec3b879458e59a73853813,mwaskom__seaborn-3010-d180,7231fc24f6251fbc4b4757a56af7a0622a5b12f5,180,85,55c8dc51884f86f94c0e018799c21b8436d33d72,Remove double docstring in 'axisgrid.py' (#3269),1,seaborn/axisgrid.py,independent,seaborn/_stats/regression.py,2,a3eff2928e60880e264b0ba75ece3b38ec62b4d9609588a9211f19046b52df5b,0,True,Descriptive local Git future-history mechanism inventory; not semantic causality or survival evidence.
mwaskom__seaborn-3010,mwaskom/seaborn,[LOCAL_DRIVE]/code\repos_lite_pro\mwaskom__seaborn,0f5a013e2cf43562deec3b879458e59a73853813,mwaskom__seaborn-3010-d180,7231fc24f6251fbc4b4757a56af7a0622a5b12f5,180,86,5d9f37159bbd3ac44c8c8a06825583ba25648525,Modernize pointplot and increase its flexibility (#3270),7,doc/_docstrings/pointplot.ipynb;seaborn/_core/typing.py;seaborn/_oldcore.py;seaborn/categorical.py;seaborn/relational.py;seaborn/utils.py;tests/test_categorical.py,independent,seaborn/_stats/regression.py,2,a3eff2928e60880e264b0ba75ece3b38ec62b4d9609588a9211f19046b52df5b,0,True,Descriptive local Git future-history mechanism inventory; not semantic causality or survival evidence.
mwaskom__seaborn-3010,mwaskom/seaborn,[LOCAL_DRIVE]/code\repos_lite_pro\mwaskom__seaborn,0f5a013e2cf43562deec3b879458e59a73853813,mwaskom__seaborn-3010-d180,7231fc24f6251fbc4b4757a56af7a0622a5b12f5,180,87,11d41696149feb2d3d8c1c5f9a5e98357285af03,docs: fix typo in docstring (#3273),1,seaborn/rcmod.py,independent,seaborn/_stats/regression.py,2,a3eff2928e60880e264b0ba75ece3b38ec62b4d9609588a9211f19046b52df5b,0,True,Descriptive local Git future-history mechanism inventory; not semantic causality or survival evidence.
mwaskom__seaborn-3010,mwaskom/seaborn,[LOCAL_DRIVE]/code\repos_lite_pro\mwaskom__seaborn,0f5a013e2cf43562deec3b879458e59a73853813,mwaskom__seaborn-3010-d180,7231fc24f6251fbc4b4757a56af7a0622a5b12f5,180,88,3733590d86a7f2c2a95cd9940a34aa7df5f5a3d2,Remove vestigial bar/point/countplot code (#3271),2,seaborn/categorical.py;tests/test_categorical.py,independent,seaborn/_stats/regression.py,2,a3eff2928e60880e264b0ba75ece3b38ec62b4d9609588a9211f19046b52df5b,0,True,Descriptive local Git future-history mechanism inventory; not semantic causality or survival evidence.
mwaskom__seaborn-3010,mwaskom/seaborn,[LOCAL_DRIVE]/code\repos_lite_pro\mwaskom__seaborn,0f5a013e2cf43562deec3b879458e59a73853813,mwaskom__seaborn-3010-d180,7231fc24f6251fbc4b4757a56af7a0622a5b12f5,180,89,8735494e4cd37ee781500e50554df2f3be2ead41,Fix heatmap `norm=None` issue (#3276),2,seaborn/matrix.py;tests/test_matrix.py,independent,seaborn/_stats/regression.py,2,a3eff2928e60880e264b0ba75ece3b38ec62b4d9609588a9211f19046b52df5b,0,True,Descriptive local Git future-history mechanism inventory; not semantic causality or survival evidence.
mwaskom__seaborn-3010,mwaskom/seaborn,[LOCAL_DRIVE]/code\repos_lite_pro\mwaskom__seaborn,0f5a013e2cf43562deec3b879458e59a73853813,mwaskom__seaborn-3010-d180,7231fc24f6251fbc4b4757a56af7a0622a5b12f5,180,90,e1e36cb1c5f02143d33107b5dfe4ec60527c3bf6,Avoid matplotlib 3.7.0 warnings (#3278),8,examples/heat_scatter.py;seaborn/_compat.py;seaborn/axisgrid.py;seaborn/utils.py;tests/test_axisgrid.py;tests/test_categorical.py;tests/test_relational.py;tests/test_utils.py,independent,seaborn/_stats/regression.py,2,a3eff2928e60880e264b0ba75ece3b38ec62b4d9609588a9211f19046b52df5b,0,True,Descriptive local Git future-history mechanism inventory; not semantic causality or survival evidence.
mwaskom__seaborn-3010,mwaskom/seaborn,[LOCAL_DRIVE]/code\repos_lite_pro\mwaskom__seaborn,0f5a013e2cf43562deec3b879458e59a73853813,mwaskom__seaborn-3010-d180,7231fc24f6251fbc4b4757a56af7a0622a5b12f5,180,91,7231fc24f6251fbc4b4757a56af7a0622a5b12f5,Modernize boxplot and add a number of enhancements (#3294),3,doc/_docstrings/boxplot.ipynb;seaborn/categorical.py;tests/test_categorical.py,independent,seaborn/_stats/regression.py,2,a3eff2928e60880e264b0ba75ece3b38ec62b4d9609588a9211f19046b52df5b,0,True,Descriptive local Git future-history mechanism inventory; not semantic causality or survival evidence.
mwaskom__seaborn-3010,mwaskom/seaborn,[LOCAL_DRIVE]/code\repos_lite_pro\mwaskom__seaborn,0f5a013e2cf43562deec3b879458e59a73853813,mwaskom__seaborn-3010-d365,1f788201822941a3aca7fedf0bcd49d16ebc313b,365,1,15713b387156fc089cb923dced0f60cc13d86edc,Add pre-commit hook config (#2963),20,.pre-commit-config.yaml;README.md;ci/deps_pinned.txt;ci/getmsfonts.sh;doc/README.md;doc/_static/copybutton.js;doc/_templates/autosummary/base.rst;doc/_templates/autosummary/object.rst;doc/citing.rst;doc/faq.rst;doc/index.rst;doc/tutorial.yaml;doc/whatsnew/v0.11.0.rst;doc/whatsnew/v0.11.1.rst;doc/whatsnew/v0.2.0.rst;doc/whatsnew/v0.7.0.rst;licences/NUMPYDOC_LICENSE;pyproject.toml;seaborn/external/docscrape.py;tests/test_utils.py,independent,seaborn/_stats/regression.py,0,a3eff2928e60880e264b0ba75ece3b38ec62b4d9609588a9211f19046b52df5b,0,True,Descriptive local Git future-history mechanism inventory; not semantic causality or survival evidence.
mwaskom__seaborn-3010,mwaskom/seaborn,[LOCAL_DRIVE]/code\repos_lite_pro\mwaskom__seaborn,0f5a013e2cf43562deec3b879458e59a73853813,mwaskom__seaborn-3010-d365,1f788201822941a3aca7fedf0bcd49d16ebc313b,365,2,c5c5f4a4377f9dd91cc07c5c3e965d7d0d1edd20,Fix: Make PolyFit stat robust to missing data (#3010),3,doc/whatsnew/v0.12.1.rst;seaborn/_stats/regression.py;tests/_stats/test_regression.py,directly_overlapping,seaborn/_stats/regression.py,0,a3eff2928e60880e264b0ba75ece3b38ec62b4d9609588a9211f19046b52df5b,0,True,Descriptive local Git future-history mechanism inventory; not semantic causality or survival evidence.
mwaskom__seaborn-3010,mwaskom/seaborn,[LOCAL_DRIVE]/code\repos_lite_pro\mwaskom__seaborn,0f5a013e2cf43562deec3b879458e59a73853813,mwaskom__seaborn-3010-d365,1f788201822941a3aca7fedf0bcd49d16ebc313b,365,3,a25e7cb847a661e45a8582427e781f38e5961863,Silence various warnings in test suite (#3011),4,tests/test_categorical.py;tests/test_distributions.py;tests/test_regression.py;tests/test_relational.py,test_only,seaborn/_stats/regression.py,0,a3eff2928e60880e264b0ba75ece3b38ec62b4d9609588a9211f19046b52df5b,0,True,Descriptive local Git future-history mechanism inventory; not semantic causality or survival evidence.
mwaskom__seaborn-3010,mwaskom/seaborn,[LOCAL_DRIVE]/code\repos_lite_pro\mwaskom__seaborn,0f5a013e2cf43562deec3b879458e59a73853813,mwaskom__seaborn-3010-d365,1f788201822941a3aca7fedf0bcd49d16ebc313b,365,4,0c379538b80a748f1e0224e5161f49777c6a29d1,CI: Add biweekly scheduled run (#3013),1,.github/workflows/ci.yaml,infrastructure_only,seaborn/_stats/regression.py,0,a3eff2928e60880e264b0ba75ece3b38ec62b4d9609588a9211f19046b52df5b,0,True,Descriptive local Git future-history mechanism inventory; not semantic causality or survival evidence.
mwaskom__seaborn-3010,mwaskom/seaborn,[LOCAL_DRIVE]/code\repos_lite_pro\mwaskom__seaborn,0f5a013e2cf43562deec3b879458e59a73853813,mwaskom__seaborn-3010-d365,1f788201822941a3aca7fedf0bcd49d16ebc313b,365,5,1e6739fbd41b2ee575f431a189e7866cf46d82b8,CI: Impove dataset caching and build docs in parallel (#3014),4,.github/workflows/ci.yaml;ci/cache_datasets.py;ci/cache_test_datasets.py;doc/Makefile,independent,seaborn/_stats/regression.py,0,a3eff2928e60880e264b0ba75ece3b38ec62b4d9609588a9211f19046b52df5b,0,True,Descriptive local Git future-history mechanism inventory; not semantic causality or survival evidence.
mwaskom__seaborn-3010,mwaskom/seaborn,[LOCAL_DRIVE]/code\repos_lite_pro\mwaskom__seaborn,0f5a013e2cf43562deec3b879458e59a73853813,mwaskom__seaborn-3010-d365,1f788201822941a3aca7fedf0bcd49d16ebc313b,365,6,9aca86c3757a323c1b868400721b12136e3cfc2a,Parallelize sphinx in CI build (#3018),1,.github/workflows/ci.yaml,infrastructure_only,seaborn/_stats/regression.py,0,a3eff2928e60880e264b0ba75ece3b38ec62b4d9609588a9211f19046b52df5b,0,True,Descriptive local Git future-history mechanism inventory; not semantic causality or survival evidence.
mwaskom__seaborn-3010,mwaskom/seaborn,[LOCAL_DRIVE]/code\repos_lite_pro\mwaskom__seaborn,0f5a013e2cf43562deec3b879458e59a73853813,mwaskom__seaborn-3010-d365,1f788201822941a3aca7fedf0bcd49d16ebc313b,365,7,54c36b74bbd4f7dfd5f933fcdc5e81fbb3fc0a45,CI: Improve example dataset usage (#3020),8,.github/workflows/ci.yaml;doc/_docstrings/clustermap.ipynb;doc/_docstrings/heatmap.ipynb;doc/_docstrings/lmplot.ipynb;doc/_docstrings/regplot.ipynb;doc/_docstrings/residplot.ipynb;seaborn/matrix.py;seaborn/regression.py,independent,seaborn/_stats/regression.py,0,a3eff2928e60880e264b0ba75ece3b38ec62b4d9609588a9211f19046b52df5b,0,True,Descriptive local Git future-history mechanism inventory; not semantic causality or survival evidence.
mwaskom__seaborn-3010,mwaskom/seaborn,[LOCAL_DRIVE]/code\repos_lite_pro\mwaskom__seaborn,0f5a013e2cf43562deec3b879458e59a73853813,mwaskom__seaborn-3010-d365,1f788201822941a3aca7fedf0bcd49d16ebc313b,365,8,1d4bec6bfdb52a39ed465916ac93e0b5ad828cd2,Add StackOverflow link to navbar,1,doc/conf.py,infrastructure_only,seaborn/_stats/regression.py,0,a3eff2928e60880e264b0ba75ece3b38ec62b4d9609588a9211f19046b52df5b,0,True,Descriptive local Git future-history mechanism inventory; not semantic causality or survival evidence.
mwaskom__seaborn-3010,mwaskom/seaborn,[LOCAL_DRIVE]/code\repos_lite_pro\mwaskom__seaborn,0f5a013e2cf43562deec3b879458e59a73853813,mwaskom__seaborn-3010-d365,1f788201822941a3aca7fedf0bcd49d16ebc313b,365,9,fb6d932df4241addc630b8a60805127d222a154c,Merge branch 'master' of github.com:mwaskom/seaborn,1,seaborn/categorical.py,independent,seaborn/_stats/regression.py,0,a3eff2928e60880e264b0ba75ece3b38ec62b4d9609588a9211f19046b52df5b,0,True,Descriptive local Git future-history mechanism inventory; not semantic causality or survival evidence.
mwaskom__seaborn-3010,mwaskom/seaborn,[LOCAL_DRIVE]/code\repos_lite_pro\mwaskom__seaborn,0f5a013e2cf43562deec3b879458e59a73853813,mwaskom__seaborn-3010-d365,1f788201822941a3aca7fedf0bcd49d16ebc313b,365,10,e644793f0ac2b1be178425f20f529121f37f29de,Convert color palette docstrings to notebooks (#3034),80,.github/workflows/ci.yaml;Makefile;README.md;doc/_docstrings/FacetGrid.ipynb;doc/_docstrings/JointGrid.ipynb;doc/_docstrings/PairGrid.ipynb;doc/_docstrings/axes_style.ipynb;doc/_docstrings/barplot.ipynb;doc/_docstrings/blend_palette.ipynb;doc/_docstrings/boxenplot.ipynb;doc/_docstrings/boxplot.ipynb;doc/_docstrings/catplot.ipynb;doc/_docstrings/color_palette.ipynb;doc/_docstrings/countplot.ipynb;doc/_docstrings/cubehelix_palette.ipynb;doc/_docstrings/dark_palette.ipynb;doc/_docstrings/displot.ipynb;doc/_docstrings/diverging_palette.ipynb;doc/_docstrings/ecdfplot.ipynb;doc/_docstrings/histplot.ipynb;doc/_docstrings/hls_palette.ipynb;doc/_docstrings/husl_palette.ipynb;doc/_docstrings/jointplot.ipynb;doc/_docstrings/kdeplot.ipynb;doc/_docstrings/light_palette.ipynb;doc/_docstrings/lineplot.ipynb;doc/_docstrings/move_legend.ipynb;doc/_docstrings/mpl_palette.ipynb;doc/_docstrings/objects.Area.ipynb;doc/_docstrings/objects.Band.ipynb;doc/_docstrings/objects.Bar.ipynb;doc/_docstrings/objects.Bars.ipynb;doc/_docstrings/objects.Dot.ipynb;doc/_docstrings/objects.Dots.ipynb;doc/_docstrings/objects.Line.ipynb;doc/_docstrings/objects.Lines.ipynb;doc/_docstrings/objects.Path.ipynb;doc/_docstrings/objects.Paths.ipynb;doc/_docstrings/objects.Plot.add.ipynb;doc/_docstrings/objects.Plot.facet.ipynb;doc/_docstrings/objects.Plot.label.ipynb;doc/_docstrings/objects.Plot.layout.ipynb;doc/_docstrings/objects.Plot.limit.ipynb;doc/_docstrings/objects.Plot.on.ipynb;doc/_docstrings/objects.Plot.pair.ipynb;doc/_docstrings/objects.Plot.scale.ipynb;doc/_docstrings/objects.Plot.share.ipynb;doc/_docstrings/objects.Plot.theme.ipynb;doc/_docstrings/objects.Range.ipynb;doc/_docstrings/pairplot.ipynb;doc/_docstrings/plotting_context.ipynb;doc/_docstrings/pointplot.ipynb;doc/_docstrings/relplot.ipynb;doc/_docstrings/rugplot.ipynb;doc/_docstrings/scatterplot.ipynb;doc/_docstrings/set_context.ipynb;doc/_docstrings/set_style.ipynb;doc/_docstrings/set_theme.ipynb;doc/_docstrings/stripplot.ipynb;doc/_docstrings/swarmplot.ipynb;doc/_docstrings/violinplot.ipynb;doc/_tutorial/aesthetics.ipynb;doc/_tutorial/axis_grids.ipynb;doc/_tutorial/categorical.ipynb;doc/_tutorial/color_palettes.ipynb;doc/_tutorial/data_structure.ipynb;doc/_tutorial/distributions.ipynb;doc/_tutorial/error_bars.ipynb;doc/_tutorial/function_overview.ipynb;doc/_tutorial/introduction.ipynb;doc/_tutorial/objects_interface.ipynb;doc/_tutorial/properties.ipynb;doc/_tutorial/regression.ipynb;doc/_tutorial/relational.ipynb;doc/whatsnew/index.rst;doc/whatsnew/v0.12.1.rst;seaborn/palettes.py;seaborn/rcmod.py;seaborn/widgets.py;tests/test_palettes.py,independent,seaborn/_stats/regression.py,2,a3eff2928e60880e264b0ba75ece3b38ec62b4d9609588a9211f19046b52df5b,0,True,Descriptive local Git future-history mechanism inventory; not semantic causality or survival evidence.
mwaskom__seaborn-3010,mwaskom/seaborn,[LOCAL_DRIVE]/code\repos_lite_pro\mwaskom__seaborn,0f5a013e2cf43562deec3b879458e59a73853813,mwaskom__seaborn-3010-d365,1f788201822941a3aca7fedf0bcd49d16ebc313b,365,11,ee6475e7d69fb28b034df2f5f01a2a5674998aab,naive fix for #3037 (#3038),2,seaborn/axisgrid.py;seaborn/categorical.py,independent,seaborn/_stats/regression.py,2,a3eff2928e60880e264b0ba75ece3b38ec62b4d9609588a9211f19046b52df5b,0,True,Descriptive local Git future-history mechanism inventory; not semantic causality or survival evidence.
mwaskom__seaborn-3010,mwaskom/seaborn,[LOCAL_DRIVE]/code\repos_lite_pro\mwaskom__seaborn,0f5a013e2cf43562deec3b879458e59a73853813,mwaskom__seaborn-3010-d365,1f788201822941a3aca7fedf0bcd49d16ebc313b,365,12,d20332947c0ee544a605c6d82ea91e48dce6fb6d,CI: Make tests more robust to concurrency (#3039),8,tests/_core/test_plot.py;tests/_marks/test_area.py;tests/_marks/test_bar.py;tests/_marks/test_dot.py;tests/_marks/test_line.py;tests/conftest.py;tests/test_core.py;tests/test_rcmod.py,test_only,seaborn/_stats/regression.py,2,a3eff2928e60880e264b0ba75ece3b38ec62b4d9609588a9211f19046b52df5b,0,True,Descriptive local Git future-history mechanism inventory; not semantic causality or survival evidence.
mwaskom__seaborn-3010,mwaskom/seaborn,[LOCAL_DRIVE]/code\repos_lite_pro\mwaskom__seaborn,0f5a013e2cf43562deec3b879458e59a73853813,mwaskom__seaborn-3010-d365,1f788201822941a3aca7fedf0bcd49d16ebc313b,365,13,f2fc4b5d8b9c7a8e0b1aaa34793b4f4e3445f81a,Update pandas syntax to avoid deprecated behavior (#3040),4,seaborn/categorical.py;seaborn/distributions.py;tests/_stats/test_histogram.py;tests/test_categorical.py,independent,seaborn/_stats/regression.py,2,a3eff2928e60880e264b0ba75ece3b38ec62b4d9609588a9211f19046b52df5b,0,True,Descriptive local Git future-history mechanism inventory; not semantic causality or survival evidence.
mwaskom__seaborn-3010,mwaskom/seaborn,[LOCAL_DRIVE]/code\repos_lite_pro\mwaskom__seaborn,0f5a013e2cf43562deec3b879458e59a73853813,mwaskom__seaborn-3010-d365,1f788201822941a3aca7fedf0bcd49d16ebc313b,365,14,ad11bdc4d33793ebc644f58a0c10875bf2455714,Typing: use pandas-type-stubs and address arising issues (#3044),8,pyproject.toml;seaborn/_core/data.py;seaborn/_core/groupby.py;seaborn/_core/plot.py;seaborn/_core/rules.py;seaborn/_core/scales.py;seaborn/_core/typing.py;seaborn/_stats/aggregation.py,related_same_subtree,seaborn/_stats/regression.py,2,a3eff2928e60880e264b0ba75ece3b38ec62b4d9609588a9211f19046b52df5b,0,True,Descriptive local Git future-history mechanism inventory; not semantic causality or survival evidence.
mwaskom__seaborn-3010,mwaskom/seaborn,[LOCAL_DRIVE]/code\repos_lite_pro\mwaskom__seaborn,0f5a013e2cf43562deec3b879458e59a73853813,mwaskom__seaborn-3010-d365,1f788201822941a3aca7fedf0bcd49d16ebc313b,365,15,ed3d367a436aee8782ace920026c2e582057f795,Histogram refactoring and improvements (#3045),8,doc/_docstrings/objects.Hist.ipynb;seaborn/_statistics.py;seaborn/_stats/base.py;seaborn/_stats/histogram.py;seaborn/distributions.py;tests/_stats/test_histogram.py;tests/test_axisgrid.py;tests/test_distributions.py,related_same_subtree,seaborn/_stats/regression.py,2,a3eff2928e60880e264b0ba75ece3b38ec62b4d9609588a9211f19046b52df5b,0,True,Descriptive local Git future-history mechanism inventory; not semantic causality or survival evidence.
mwaskom__seaborn-3010,mwaskom/seaborn,[LOCAL_DRIVE]/code\repos_lite_pro\mwaskom__seaborn,0f5a013e2cf43562deec3b879458e59a73853813,mwaskom__seaborn-3010-d365,1f788201822941a3aca7fedf0bcd49d16ebc313b,365,16,63186a4e6a57890b1aa8455b3dfa78b7a5ce8f7d,Text mark (#3051),12,doc/_docstrings/objects.Text.ipynb;doc/_tutorial/properties.ipynb;doc/api.rst;doc/whatsnew/v0.12.1.rst;seaborn/_core/plot.py;seaborn/_core/properties.py;seaborn/_marks/base.py;seaborn/_marks/text.py;seaborn/objects.py;tests/_core/test_plot.py;tests/_marks/test_text.py;tests/test_objects.py,independent,seaborn/_stats/regression.py,2,a3eff2928e60880e264b0ba75ece3b38ec62b4d9609588a9211f19046b52df5b,0,True,Descriptive local Git future-history mechanism inventory; not semantic causality or survival evidence.
mwaskom__seaborn-3010,mwaskom/seaborn,[LOCAL_DRIVE]/code\repos_lite_pro\mwaskom__seaborn,0f5a013e2cf43562deec3b879458e59a73853813,mwaskom__seaborn-3010-d365,1f788201822941a3aca7fedf0bcd49d16ebc313b,365,17,8ea02f09a40b5f7af73f54a1d3d060444c9c3b5b,Fix Plot legend with > 2 layers (#3055),2,seaborn/_core/plot.py;tests/_core/test_plot.py,independent,seaborn/_stats/regression.py,2,a3eff2928e60880e264b0ba75ece3b38ec62b4d9609588a9211f19046b52df5b,0,True,Descriptive local Git future-history mechanism inventory; not semantic causality or survival evidence.
mwaskom__seaborn-3010,mwaskom/seaborn,[LOCAL_DRIVE]/code\repos_lite_pro\mwaskom__seaborn,0f5a013e2cf43562deec3b879458e59a73853813,mwaskom__seaborn-3010-d365,1f788201822941a3aca7fedf0bcd49d16ebc313b,365,18,5386adc5a482ef3d0aef958ebf37d39ce0b06b88,Update release notes,1,doc/whatsnew/v0.12.1.rst,infrastructure_only,seaborn/_stats/regression.py,2,a3eff2928e60880e264b0ba75ece3b38ec62b4d9609588a9211f19046b52df5b,0,True,Descriptive local Git future-history mechanism inventory; not semantic causality or survival evidence.
mwaskom__seaborn-3010,mwaskom/seaborn,[LOCAL_DRIVE]/code\repos_lite_pro\mwaskom__seaborn,0f5a013e2cf43562deec3b879458e59a73853813,mwaskom__seaborn-3010-d365,1f788201822941a3aca7fedf0bcd49d16ebc313b,365,19,f033f5da0631726fba7bb598dfcaf18e40e70c04,Mark as non-compatibile with matplotlib 3.6.1 (#3060),1,pyproject.toml,infrastructure_only,seaborn/_stats/regression.py,2,a3eff2928e60880e264b0ba75ece3b38ec62b4d9609588a9211f19046b52df5b,0,True,Descriptive local Git future-history mechanism inventory; not semantic causality or survival evidence.
mwaskom__seaborn-3010,mwaskom/seaborn,[LOCAL_DRIVE]/code\repos_lite_pro\mwaskom__seaborn,0f5a013e2cf43562deec3b879458e59a73853813,mwaskom__seaborn-3010-d365,1f788201822941a3aca7fedf0bcd49d16ebc313b,365,20,6d6f8d3b520317deba21cab0ed1f44f1cac36bcb,Cover full extent of data in Band/Range when not given min/max explicitly (#3056),7,doc/_docstrings/objects.Band.ipynb;doc/_docstrings/objects.Range.ipynb;doc/whatsnew/v0.12.1.rst;seaborn/_marks/area.py;seaborn/_marks/line.py;tests/_marks/test_area.py;tests/_marks/test_line.py,independent,seaborn/_stats/regression.py,2,a3eff2928e60880e264b0ba75ece3b38ec62b4d9609588a9211f19046b52df5b,0,True,Descriptive local Git future-history mechanism inventory; not semantic causality or survival evidence.
mwaskom__seaborn-3010,mwaskom/seaborn,[LOCAL_DRIVE]/code\repos_lite_pro\mwaskom__seaborn,0f5a013e2cf43562deec3b879458e59a73853813,mwaskom__seaborn-3010-d365,1f788201822941a3aca7fedf0bcd49d16ebc313b,365,21,c412ddf1fede5d8882a6c230826c1d8fbbf61911,Fix data cache env variable in ci build (#3062),1,.github/workflows/ci.yaml,infrastructure_only,seaborn/_stats/regression.py,2,a3eff2928e60880e264b0ba75ece3b38ec62b4d9609588a9211f19046b52df5b,0,True,Descriptive local Git future-history mechanism inventory; not semantic causality or survival evidence.
mwaskom__seaborn-3010,mwaskom/seaborn,[LOCAL_DRIVE]/code\repos_lite_pro\mwaskom__seaborn,0f5a013e2cf43562deec3b879458e59a73853813,mwaskom__seaborn-3010-d365,1f788201822941a3aca7fedf0bcd49d16ebc313b,365,22,3f623e7499263440491417ca642fdae9e1d3c9dd,Fix unfilled kdeplot cmap regression (#3065),4,doc/whatsnew/v0.12.1.rst;seaborn/distributions.py;seaborn/utils.py;tests/test_distributions.py,independent,seaborn/_stats/regression.py,2,a3eff2928e60880e264b0ba75ece3b38ec62b4d9609588a9211f19046b52df5b,0,True,Descriptive local Git future-history mechanism inventory; not semantic causality or survival evidence.
mwaskom__seaborn-3010,mwaskom/seaborn,[LOCAL_DRIVE]/code\repos_lite_pro\mwaskom__seaborn,0f5a013e2cf43562deec3b879458e59a73853813,mwaskom__seaborn-3010-d365,1f788201822941a3aca7fedf0bcd49d16ebc313b,365,23,5013aea0a1a730140c1d1aafa8aef7106593cb6d,Use a stable algorithm in sorting marks (#3064),3,doc/whatsnew/v0.12.1.rst;seaborn/_marks/area.py;seaborn/_marks/line.py,independent,seaborn/_stats/regression.py,2,a3eff2928e60880e264b0ba75ece3b38ec62b4d9609588a9211f19046b52df5b,0,True,Descriptive local Git future-history mechanism inventory; not semantic causality or survival evidence.
mwaskom__seaborn-3010,mwaskom/seaborn,[LOCAL_DRIVE]/code\repos_lite_pro\mwaskom__seaborn,0f5a013e2cf43562deec3b879458e59a73853813,mwaskom__seaborn-3010-d365,1f788201822941a3aca7fedf0bcd49d16ebc313b,365,24,aa56714f7ca39c809126200449f14073eb9fedcd,Add Perc stat for computing percentiles (#3063),7,doc/_docstrings/objects.Perc.ipynb;doc/api.rst;doc/whatsnew/v0.12.1.rst;seaborn/_stats/aggregation.py;seaborn/_stats/order.py;seaborn/objects.py;tests/_stats/test_order.py,related_same_subtree,seaborn/_stats/regression.py,2,a3eff2928e60880e264b0ba75ece3b38ec62b4d9609588a9211f19046b52df5b,0,True,Descriptive local Git future-history mechanism inventory; not semantic causality or survival evidence.
mwaskom__seaborn-3010,mwaskom/seaborn,[LOCAL_DRIVE]/code\repos_lite_pro\mwaskom__seaborn,0f5a013e2cf43562deec3b879458e59a73853813,mwaskom__seaborn-3010-d365,1f788201822941a3aca7fedf0bcd49d16ebc313b,365,25,a23cf31ad410fd81217f278a835918928c589086,Mention stats extra in docs environment setup docs,1,doc/README.md,infrastructure_only,seaborn/_stats/regression.py,2,a3eff2928e60880e264b0ba75ece3b38ec62b4d9609588a9211f19046b52df5b,0,True,Descriptive local Git future-history mechanism inventory; not semantic causality or survival evidence.
mwaskom__seaborn-3010,mwaskom/seaborn,[LOCAL_DRIVE]/code\repos_lite_pro\mwaskom__seaborn,0f5a013e2cf43562deec3b879458e59a73853813,mwaskom__seaborn-3010-d365,1f788201822941a3aca7fedf0bcd49d16ebc313b,365,26,54cab15bdacfaa05a88fbc5502a5b322d99f148e,Make Jitter do something by default (#3066),6,doc/_docstrings/objects.Jitter.ipynb;doc/whatsnew/v0.12.1.rst;seaborn/_core/moves.py;seaborn/_core/plot.py;seaborn/_core/typing.py;tests/_core/test_moves.py,independent,seaborn/_stats/regression.py,2,a3eff2928e60880e264b0ba75ece3b38ec62b4d9609588a9211f19046b52df5b,0,True,Descriptive local Git future-history mechanism inventory; not semantic causality or survival evidence.
mwaskom__seaborn-3010,mwaskom/seaborn,[LOCAL_DRIVE]/code\repos_lite_pro\mwaskom__seaborn,0f5a013e2cf43562deec3b879458e59a73853813,mwaskom__seaborn-3010-d365,1f788201822941a3aca7fedf0bcd49d16ebc313b,365,27,85c8ed632a5e9ec45b7d69d89518bb784a6e05a5,Add label parameter to pointplot (#3016),3,doc/whatsnew/v0.12.1.rst;seaborn/categorical.py;tests/test_categorical.py,independent,seaborn/_stats/regression.py,2,a3eff2928e60880e264b0ba75ece3b38ec62b4d9609588a9211f19046b52df5b,0,True,Descriptive local Git future-history mechanism inventory; not semantic causality or survival evidence.
mwaskom__seaborn-3010,mwaskom/seaborn,[LOCAL_DRIVE]/code\repos_lite_pro\mwaskom__seaborn,0f5a013e2cf43562deec3b879458e59a73853813,mwaskom__seaborn-3010-d365,1f788201822941a3aca7fedf0bcd49d16ebc313b,365,28,a767d666d45a6f105177e4720669b85c92ee2432,Tweak nominal scale axes akin to categorical axes in classic seaborn (#3069),3,doc/whatsnew/v0.12.1.rst;seaborn/_core/plot.py;tests/_core/test_plot.py,independent,seaborn/_stats/regression.py,2,a3eff2928e60880e264b0ba75ece3b38ec62b4d9609588a9211f19046b52df5b,0,True,Descriptive local Git future-history mechanism inventory; not semantic causality or survival evidence.
mwaskom__seaborn-3010,mwaskom/seaborn,[LOCAL_DRIVE]/code\repos_lite_pro\mwaskom__seaborn,0f5a013e2cf43562deec3b879458e59a73853813,mwaskom__seaborn-3010-d365,1f788201822941a3aca7fedf0bcd49d16ebc313b,365,29,549c3267ed2cef9a237da55324bfbf51f0246032,Add Dash mark (#3074),6,doc/_docstrings/objects.Dash.ipynb;doc/api.rst;doc/whatsnew/v0.12.1.rst;seaborn/_marks/line.py;seaborn/objects.py;tests/_marks/test_line.py,independent,seaborn/_stats/regression.py,2,a3eff2928e60880e264b0ba75ece3b38ec62b4d9609588a9211f19046b52df5b,0,True,Descriptive local Git future-history mechanism inventory; not semantic causality or survival evidence.
mwaskom__seaborn-3010,mwaskom/seaborn,[LOCAL_DRIVE]/code\repos_lite_pro\mwaskom__seaborn,0f5a013e2cf43562deec3b879458e59a73853813,mwaskom__seaborn-3010-d365,1f788201822941a3aca7fedf0bcd49d16ebc313b,365,30,876beddb8fe2d2fceae7a0675071de3886634433,Make tenses consistent in release notes,1,doc/whatsnew/v0.12.1.rst,infrastructure_only,seaborn/_stats/regression.py,2,a3eff2928e60880e264b0ba75ece3b38ec62b4d9609588a9211f19046b52df5b,0,True,Descriptive local Git future-history mechanism inventory; not semantic causality or survival evidence.
mwaskom__seaborn-3010,mwaskom/seaborn,[LOCAL_DRIVE]/code\repos_lite_pro\mwaskom__seaborn,0f5a013e2cf43562deec3b879458e59a73853813,mwaskom__seaborn-3010-d365,1f788201822941a3aca7fedf0bcd49d16ebc313b,365,31,1d70f58faba96a02c9fe403da4d61860de10a3ca,Avoid aggregating in lineplot when not necessary (#3081),3,doc/whatsnew/v0.12.1.rst;seaborn/relational.py;tests/test_relational.py,independent,seaborn/_stats/regression.py,2,a3eff2928e60880e264b0ba75ece3b38ec62b4d9609588a9211f19046b52df5b,0,True,Descriptive local Git future-history mechanism inventory; not semantic causality or survival evidence.
mwaskom__seaborn-3010,mwaskom/seaborn,[LOCAL_DRIVE]/code\repos_lite_pro\mwaskom__seaborn,0f5a013e2cf43562deec3b879458e59a73853813,mwaskom__seaborn-3010-d365,1f788201822941a3aca7fedf0bcd49d16ebc313b,365,32,a02b6bf97bc3c66060f78bcc6704627d5638632d,Fix Plot with no variance in orient dimension (#3084),4,doc/whatsnew/v0.12.1.rst;seaborn/_core/scales.py;tests/_core/test_plot.py;tests/_marks/test_line.py,independent,seaborn/_stats/regression.py,2,a3eff2928e60880e264b0ba75ece3b38ec62b4d9609588a9211f19046b52df5b,0,True,Descriptive local Git future-history mechanism inventory; not semantic causality or survival evidence.
mwaskom__seaborn-3010,mwaskom/seaborn,[LOCAL_DRIVE]/code\repos_lite_pro\mwaskom__seaborn,0f5a013e2cf43562deec3b879458e59a73853813,mwaskom__seaborn-3010-d365,1f788201822941a3aca7fedf0bcd49d16ebc313b,365,33,95dc3775227cad3d418d6f8c18318a5233ad1934,Add Count stat (#3086),10,doc/_docstrings/objects.Count.ipynb;doc/api.rst;doc/whatsnew/v0.12.1.rst;seaborn/_stats/aggregation.py;seaborn/_stats/counting.py;seaborn/_stats/histogram.py;seaborn/distributions.py;seaborn/objects.py;tests/_stats/test_counting.py;tests/_stats/test_histogram.py,related_same_subtree,seaborn/_stats/regression.py,2,a3eff2928e60880e264b0ba75ece3b38ec62b4d9609588a9211f19046b52df5b,0,True,Descriptive local Git future-history mechanism inventory; not semantic causality or survival evidence.
mwaskom__seaborn-3010,mwaskom/seaborn,[LOCAL_DRIVE]/code\repos_lite_pro\mwaskom__seaborn,0f5a013e2cf43562deec3b879458e59a73853813,mwaskom__seaborn-3010-d365,1f788201822941a3aca7fedf0bcd49d16ebc313b,365,34,a42d62de98c4211dc358f0ada389e81dad6a804a,Allow base=None to disable log formatter in Continuous.label (#3087),3,doc/whatsnew/v0.12.1.rst;seaborn/_core/scales.py;tests/_core/test_scales.py,independent,seaborn/_stats/regression.py,2,a3eff2928e60880e264b0ba75ece3b38ec62b4d9609588a9211f19046b52df5b,0,True,Descriptive local Git future-history mechanism inventory; not semantic causality or survival evidence.
mwaskom__seaborn-3010,mwaskom/seaborn,[LOCAL_DRIVE]/code\repos_lite_pro\mwaskom__seaborn,0f5a013e2cf43562deec3b879458e59a73853813,mwaskom__seaborn-3010-d365,1f788201822941a3aca7fedf0bcd49d16ebc313b,365,35,0f92224f88ccb732d0485a51640818e9b4e55bf2,Add docstrings and API examples for remaining transform objects (#3088),8,doc/_docstrings/objects.Agg.ipynb;doc/_docstrings/objects.Dodge.ipynb;doc/_docstrings/objects.Est.ipynb;doc/_docstrings/objects.Norm.ipynb;doc/_docstrings/objects.Shift.ipynb;doc/_docstrings/objects.Stack.ipynb;seaborn/_core/moves.py;seaborn/_stats/aggregation.py,related_same_subtree,seaborn/_stats/regression.py,2,a3eff2928e60880e264b0ba75ece3b38ec62b4d9609588a9211f19046b52df5b,0,True,Descriptive local Git future-history mechanism inventory; not semantic causality or survival evidence.
mwaskom__seaborn-3010,mwaskom/seaborn,[LOCAL_DRIVE]/code\repos_lite_pro\mwaskom__seaborn,0f5a013e2cf43562deec3b879458e59a73853813,mwaskom__seaborn-3010-d365,1f788201822941a3aca7fedf0bcd49d16ebc313b,365,36,d5ffb641c76626336bf83cd1a1d9321260acc69c,Update release notes for v0.12.1 release,1,doc/whatsnew/v0.12.1.rst,infrastructure_only,seaborn/_stats/regression.py,2,a3eff2928e60880e264b0ba75ece3b38ec62b4d9609588a9211f19046b52df5b,0,True,Descriptive local Git future-history mechanism inventory; not semantic causality or survival evidence.
mwaskom__seaborn-3010,mwaskom/seaborn,[LOCAL_DRIVE]/code\repos_lite_pro\mwaskom__seaborn,0f5a013e2cf43562deec3b879458e59a73853813,mwaskom__seaborn-3010-d365,1f788201822941a3aca7fedf0bcd49d16ebc313b,365,37,0d676fbdf92815c3a0d9bb67d1de249566139508,Fix typos in release notes,1,doc/whatsnew/v0.12.1.rst,infrastructure_only,seaborn/_stats/regression.py,2,a3eff2928e60880e264b0ba75ece3b38ec62b4d9609588a9211f19046b52df5b,0,True,Descriptive local Git future-history mechanism inventory; not semantic causality or survival evidence.
mwaskom__seaborn-3010,mwaskom/seaborn,[LOCAL_DRIVE]/code\repos_lite_pro\mwaskom__seaborn,0f5a013e2cf43562deec3b879458e59a73853813,mwaskom__seaborn-3010-d365,1f788201822941a3aca7fedf0bcd49d16ebc313b,365,38,7feb61d06d3d0cdb759c1075ea4952ddd5f8769f,Make Text examples look better with new Nominal behavior,1,doc/_docstrings/objects.Text.ipynb,infrastructure_only,seaborn/_stats/regression.py,2,a3eff2928e60880e264b0ba75ece3b38ec62b4d9609588a9211f19046b52df5b,0,True,Descriptive local Git future-history mechanism inventory; not semantic causality or survival evidence.
mwaskom__seaborn-3010,mwaskom/seaborn,[LOCAL_DRIVE]/code\repos_lite_pro\mwaskom__seaborn,0f5a013e2cf43562deec3b879458e59a73853813,mwaskom__seaborn-3010-d365,1f788201822941a3aca7fedf0bcd49d16ebc313b,365,39,0cda814d368e55ca38f27b15d682a77731553a09,Fix hidden cell in Est docstring,1,doc/_docstrings/objects.Est.ipynb,infrastructure_only,seaborn/_stats/regression.py,2,a3eff2928e60880e264b0ba75ece3b38ec62b4d9609588a9211f19046b52df5b,0,True,Descriptive local Git future-history mechanism inventory; not semantic causality or survival evidence.
mwaskom__seaborn-3010,mwaskom/seaborn,[LOCAL_DRIVE]/code\repos_lite_pro\mwaskom__seaborn,0f5a013e2cf43562deec3b879458e59a73853813,mwaskom__seaborn-3010-d365,1f788201822941a3aca7fedf0bcd49d16ebc313b,365,40,df37723107b9b3a117708711ecd7a6264c2293d4,Fix objects references,1,doc/_docstrings/objects.Agg.ipynb,infrastructure_only,seaborn/_stats/regression.py,2,a3eff2928e60880e264b0ba75ece3b38ec62b4d9609588a9211f19046b52df5b,0,True,Descriptive local Git future-history mechanism inventory; not semantic causality or survival evidence.
mwaskom__seaborn-3010,mwaskom/seaborn,[LOCAL_DRIVE]/code\repos_lite_pro\mwaskom__seaborn,0f5a013e2cf43562deec3b879458e59a73853813,mwaskom__seaborn-3010-d365,1f788201822941a3aca7fedf0bcd49d16ebc313b,365,41,6f76be288eb385a2ad96a954fea9f21a9126c221,Add Flit to dev docs and increment version,2,pyproject.toml;seaborn/__init__.py,independent,seaborn/_stats/regression.py,2,a3eff2928e60880e264b0ba75ece3b38ec62b4d9609588a9211f19046b52df5b,0,True,Descriptive local Git future-history mechanism inventory; not semantic causality or survival evidence.
mwaskom__seaborn-3010,mwaskom/seaborn,[LOCAL_DRIVE]/code\repos_lite_pro\mwaskom__seaborn,0f5a013e2cf43562deec3b879458e59a73853813,mwaskom__seaborn-3010-d365,1f788201822941a3aca7fedf0bcd49d16ebc313b,365,42,bf4695466d742f301f361b8d0c8168c5c4bdf889,Update categorical.py (#3097),1,seaborn/categorical.py,independent,seaborn/_stats/regression.py,2,a3eff2928e60880e264b0ba75ece3b38ec62b4d9609588a9211f19046b52df5b,0,True,Descriptive local Git future-history mechanism inventory; not semantic causality or survival evidence.
mwaskom__seaborn-3010,mwaskom/seaborn,[LOCAL_DRIVE]/code\repos_lite_pro\mwaskom__seaborn,0f5a013e2cf43562deec3b879458e59a73853813,mwaskom__seaborn-3010-d365,1f788201822941a3aca7fedf0bcd49d16ebc313b,365,43,aafd54f21ac749fa24dcdfdb639f4f1585fdc812,include note in stripplot docstring about edgecolor depending on linewidth (#3110),1,seaborn/categorical.py,independent,seaborn/_stats/regression.py,2,a3eff2928e60880e264b0ba75ece3b38ec62b4d9609588a9211f19046b52df5b,0,True,Descriptive local Git future-history mechanism inventory; not semantic causality or survival evidence.
mwaskom__seaborn-3010,mwaskom/seaborn,[LOCAL_DRIVE]/code\repos_lite_pro\mwaskom__seaborn,0f5a013e2cf43562deec3b879458e59a73853813,mwaskom__seaborn-3010-d365,1f788201822941a3aca7fedf0bcd49d16ebc313b,365,44,852ffaf3e28de848c4d07e778c7990924637d046,Add KDE stat (#3111),11,Makefile;doc/_docstrings/objects.KDE.ipynb;doc/api.rst;doc/whatsnew/v0.12.2.rst;seaborn/_stats/base.py;seaborn/_stats/counting.py;seaborn/_stats/density.py;seaborn/external/kde.py;seaborn/objects.py;tests/_stats/test_counting.py;tests/_stats/test_density.py,related_same_subtree,seaborn/_stats/regression.py,2,a3eff2928e60880e264b0ba75ece3b38ec62b4d9609588a9211f19046b52df5b,0,True,Descriptive local Git future-history mechanism inventory; not semantic causality or survival evidence.
mwaskom__seaborn-3010,mwaskom/seaborn,[LOCAL_DRIVE]/code\repos_lite_pro\mwaskom__seaborn,0f5a013e2cf43562deec3b879458e59a73853813,mwaskom__seaborn-3010-d365,1f788201822941a3aca7fedf0bcd49d16ebc313b,365,45,021a20f06f41212fd8c55680a8cc3bf0924e1b30,Don't pass label when creating color cycle scout (#3116),3,doc/whatsnew/v0.12.2.rst;seaborn/utils.py;tests/test_distributions.py,independent,seaborn/_stats/regression.py,2,a3eff2928e60880e264b0ba75ece3b38ec62b4d9609588a9211f19046b52df5b,0,True,Descriptive local Git future-history mechanism inventory; not semantic causality or survival evidence.
mwaskom__seaborn-3010,mwaskom/seaborn,[LOCAL_DRIVE]/code\repos_lite_pro\mwaskom__seaborn,0f5a013e2cf43562deec3b879458e59a73853813,mwaskom__seaborn-3010-d365,1f788201822941a3aca7fedf0bcd49d16ebc313b,365,46,8dc5a9cd86cb1cd71c60d89b17a4c14ec8c87190,Compute spacing/width separately for unshared axes (#3119),5,doc/_docstrings/objects.Norm.ipynb;doc/whatsnew/v0.12.2.rst;seaborn/_core/plot.py;seaborn/utils.py;tests/_core/test_plot.py,independent,seaborn/_stats/regression.py,2,a3eff2928e60880e264b0ba75ece3b38ec62b4d9609588a9211f19046b52df5b,0,True,Descriptive local Git future-history mechanism inventory; not semantic causality or survival evidence.
mwaskom__seaborn-3010,mwaskom/seaborn,[LOCAL_DRIVE]/code\repos_lite_pro\mwaskom__seaborn,0f5a013e2cf43562deec3b879458e59a73853813,mwaskom__seaborn-3010-d365,1f788201822941a3aca7fedf0bcd49d16ebc313b,365,47,2676743e1f2fb07d000dc692085e3f117b56e0d9,Redirect FAQ to docs,1,README.md,infrastructure_only,seaborn/_stats/regression.py,2,a3eff2928e60880e264b0ba75ece3b38ec62b4d9609588a9211f19046b52df5b,0,True,Descriptive local Git future-history mechanism inventory; not semantic causality or survival evidence.
mwaskom__seaborn-3010,mwaskom/seaborn,[LOCAL_DRIVE]/code\repos_lite_pro\mwaskom__seaborn,0f5a013e2cf43562deec3b879458e59a73853813,mwaskom__seaborn-3010-d365,1f788201822941a3aca7fedf0bcd49d16ebc313b,365,48,d4d27adbdbf8be729e0d588bb60d1fd80f2084a8,Fix implicit optional typing (#3132),1,seaborn/_core/scales.py,independent,seaborn/_stats/regression.py,2,a3eff2928e60880e264b0ba75ece3b38ec62b4d9609588a9211f19046b52df5b,0,True,Descriptive local Git future-history mechanism inventory; not semantic causality or survival evidence.
mwaskom__seaborn-3010,mwaskom/seaborn,[LOCAL_DRIVE]/code\repos_lite_pro\mwaskom__seaborn,0f5a013e2cf43562deec3b879458e59a73853813,mwaskom__seaborn-3010-d365,1f788201822941a3aca7fedf0bcd49d16ebc313b,365,49,d121c9cadf835bd87bc7bd48b62e837ef165ca4d,Fix a copy & paste error in the docstring for FacetGrid.set_titles (#3141),1,seaborn/axisgrid.py,independent,seaborn/_stats/regression.py,2,a3eff2928e60880e264b0ba75ece3b38ec62b4d9609588a9211f19046b52df5b,0,True,Descriptive local Git future-history mechanism inventory; not semantic causality or survival evidence.
mwaskom__seaborn-3010,mwaskom/seaborn,[LOCAL_DRIVE]/code\repos_lite_pro\mwaskom__seaborn,0f5a013e2cf43562deec3b879458e59a73853813,mwaskom__seaborn-3010-d365,1f788201822941a3aca7fedf0bcd49d16ebc313b,365,50,0360fcc7c946fcdd863bbbb36b2a7c6e0894750f,Fix a typo in the installing doc (#3156),1,doc/installing.rst,infrastructure_only,seaborn/_stats/regression.py,2,a3eff2928e60880e264b0ba75ece3b38ec62b4d9609588a9211f19046b52df5b,0,True,Descriptive local Git future-history mechanism inventory; not semantic causality or survival evidence.
mwaskom__seaborn-3010,mwaskom/seaborn,[LOCAL_DRIVE]/code\repos_lite_pro\mwaskom__seaborn,0f5a013e2cf43562deec3b879458e59a73853813,mwaskom__seaborn-3010-d365,1f788201822941a3aca7fedf0bcd49d16ebc313b,365,51,41b77cc7c547317ade980cfb4ecef7faf663fb0f,Add Dependabot configuration for GitHub Actions updates (#3122),1,.github/dependabot.yml,infrastructure_only,seaborn/_stats/regression.py,2,a3eff2928e60880e264b0ba75ece3b38ec62b4d9609588a9211f19046b52df5b,0,True,Descriptive local Git future-history mechanism inventory; not semantic causality or survival evidence.
mwaskom__seaborn-3010,mwaskom/seaborn,[LOCAL_DRIVE]/code\repos_lite_pro\mwaskom__seaborn,0f5a013e2cf43562deec3b879458e59a73853813,mwaskom__seaborn-3010-d365,1f788201822941a3aca7fedf0bcd49d16ebc313b,365,52,fb3a65add8a77334af137dff74176e841c4c1bd9,Bump actions/setup-python from 3 to 4 (#3157),1,.github/workflows/ci.yaml,infrastructure_only,seaborn/_stats/regression.py,2,a3eff2928e60880e264b0ba75ece3b38ec62b4d9609588a9211f19046b52df5b,0,True,Descriptive local Git future-history mechanism inventory; not semantic causality or survival evidence.
mwaskom__seaborn-3010,mwaskom/seaborn,[LOCAL_DRIVE]/code\repos_lite_pro\mwaskom__seaborn,0f5a013e2cf43562deec3b879458e59a73853813,mwaskom__seaborn-3010-d365,1f788201822941a3aca7fedf0bcd49d16ebc313b,365,53,feb59d250ea92ef143f5aef50ff6e18869affa7f,Bump codecov/codecov-action from 2 to 3 (#3158),1,.github/workflows/ci.yaml,infrastructure_only,seaborn/_stats/regression.py,2,a3eff2928e60880e264b0ba75ece3b38ec62b4d9609588a9211f19046b52df5b,0,True,Descriptive local Git future-history mechanism inventory; not semantic causality or survival evidence.
mwaskom__seaborn-3010,mwaskom/seaborn,[LOCAL_DRIVE]/code\repos_lite_pro\mwaskom__seaborn,0f5a013e2cf43562deec3b879458e59a73853813,mwaskom__seaborn-3010-d365,1f788201822941a3aca7fedf0bcd49d16ebc313b,365,54,ba786bc14eb255f6b4fb7619c8210c5a8016a26f,Fix log scaled histplot kde (#3173),3,doc/whatsnew/v0.12.2.rst;seaborn/distributions.py;tests/test_distributions.py,independent,seaborn/_stats/regression.py,2,a3eff2928e60880e264b0ba75ece3b38ec62b4d9609588a9211f19046b52df5b,0,True,Descriptive local Git future-history mechanism inventory; not semantic causality or survival evidence.
mwaskom__seaborn-3010,mwaskom/seaborn,[LOCAL_DRIVE]/code\repos_lite_pro\mwaskom__seaborn,0f5a013e2cf43562deec3b879458e59a73853813,mwaskom__seaborn-3010-d365,1f788201822941a3aca7fedf0bcd49d16ebc313b,365,55,c8badb914bb8eaf5ec2578c0ecd434edb1234375,COMPAT: Change pandas use_inf_as_null to reflect 2.0 deprecation (#3177),3,seaborn/_core/plot.py;seaborn/_oldcore.py;seaborn/categorical.py,independent,seaborn/_stats/regression.py,2,a3eff2928e60880e264b0ba75ece3b38ec62b4d9609588a9211f19046b52df5b,0,True,Descriptive local Git future-history mechanism inventory; not semantic causality or survival evidence.
mwaskom__seaborn-3010,mwaskom/seaborn,[LOCAL_DRIVE]/code\repos_lite_pro\mwaskom__seaborn,0f5a013e2cf43562deec3b879458e59a73853813,mwaskom__seaborn-3010-d365,1f788201822941a3aca7fedf0bcd49d16ebc313b,365,56,22cdfb0c93f8ec78492d87edb810f10cb7f57a31,Fix inner axis visibility in relplot with unshared axes (#3180),3,doc/whatsnew/v0.12.2.rst;seaborn/relational.py;tests/test_relational.py,independent,seaborn/_stats/regression.py,2,a3eff2928e60880e264b0ba75ece3b38ec62b4d9609588a9211f19046b52df5b,0,True,Descriptive local Git future-history mechanism inventory; not semantic causality or survival evidence.
mwaskom__seaborn-3010,mwaskom/seaborn,[LOCAL_DRIVE]/code\repos_lite_pro\mwaskom__seaborn,0f5a013e2cf43562deec3b879458e59a73853813,mwaskom__seaborn-3010-d365,1f788201822941a3aca7fedf0bcd49d16ebc313b,365,57,9bd166565beea99ab2e43a0576c59efab196940b,Don't use offset / scientific notation in numeric legends (#3187),5,doc/whatsnew/v0.12.2.rst;seaborn/_core/scales.py;seaborn/utils.py;tests/_core/test_plot.py;tests/test_relational.py,independent,seaborn/_stats/regression.py,2,a3eff2928e60880e264b0ba75ece3b38ec62b4d9609588a9211f19046b52df5b,0,True,Descriptive local Git future-history mechanism inventory; not semantic causality or survival evidence.
mwaskom__seaborn-3010,mwaskom/seaborn,[LOCAL_DRIVE]/code\repos_lite_pro\mwaskom__seaborn,0f5a013e2cf43562deec3b879458e59a73853813,mwaskom__seaborn-3010-d365,1f788201822941a3aca7fedf0bcd49d16ebc313b,365,58,26b3d0e29ff5286c32e6f934b2ed64cd20207496,Mark numpy 1.24.0 as non-compatible (#3194),1,pyproject.toml,infrastructure_only,seaborn/_stats/regression.py,2,a3eff2928e60880e264b0ba75ece3b38ec62b4d9609588a9211f19046b52df5b,0,True,Descriptive local Git future-history mechanism inventory; not semantic causality or survival evidence.
mwaskom__seaborn-3010,mwaskom/seaborn,[LOCAL_DRIVE]/code\repos_lite_pro\mwaskom__seaborn,0f5a013e2cf43562deec3b879458e59a73853813,mwaskom__seaborn-3010-d365,1f788201822941a3aca7fedf0bcd49d16ebc313b,365,59,d25872b0fc99dbf7e666a91f59bd4ed125186aa1,fix typos (#3193),2,doc/_tutorial/axis_grids.ipynb;doc/_tutorial/regression.ipynb,infrastructure_only,seaborn/_stats/regression.py,2,a3eff2928e60880e264b0ba75ece3b38ec62b4d9609588a9211f19046b52df5b,0,True,Descriptive local Git future-history mechanism inventory; not semantic causality or survival evidence.
mwaskom__seaborn-3010,mwaskom/seaborn,[LOCAL_DRIVE]/code\repos_lite_pro\mwaskom__seaborn,0f5a013e2cf43562deec3b879458e59a73853813,mwaskom__seaborn-3010-d365,1f788201822941a3aca7fedf0bcd49d16ebc313b,365,60,87e097275ce468db8f18c80ef8970310cfef1fe8,Improve robustness to empty data in Plot and Nominal (#3202),5,doc/whatsnew/v0.12.2.rst;seaborn/_core/plot.py;seaborn/_core/scales.py;tests/_core/test_plot.py;tests/_core/test_scales.py,independent,seaborn/_stats/regression.py,2,a3eff2928e60880e264b0ba75ece3b38ec62b4d9609588a9211f19046b52df5b,0,True,Descriptive local Git future-history mechanism inventory; not semantic causality or survival evidence.
mwaskom__seaborn-3010,mwaskom/seaborn,[LOCAL_DRIVE]/code\repos_lite_pro\mwaskom__seaborn,0f5a013e2cf43562deec3b879458e59a73853813,mwaskom__seaborn-3010-d365,1f788201822941a3aca7fedf0bcd49d16ebc313b,365,61,4a9e54962a29c12a8b103d75f838e0e795a6974d,Improve user feedback for errors during plot compilation (#3203),8,doc/whatsnew/v0.12.2.rst;seaborn/_core/exceptions.py;seaborn/_core/plot.py;seaborn/_marks/base.py;seaborn/palettes.py;tests/_core/test_plot.py;tests/_core/test_scales.py;tests/test_distributions.py,independent,seaborn/_stats/regression.py,2,a3eff2928e60880e264b0ba75ece3b38ec62b4d9609588a9211f19046b52df5b,0,True,Descriptive local Git future-history mechanism inventory; not semantic causality or survival evidence.
mwaskom__seaborn-3010,mwaskom/seaborn,[LOCAL_DRIVE]/code\repos_lite_pro\mwaskom__seaborn,0f5a013e2cf43562deec3b879458e59a73853813,mwaskom__seaborn-3010-d365,1f788201822941a3aca7fedf0bcd49d16ebc313b,365,62,72710354ecc8470683e15f452ba0af841464e84a,Avoid exception from Continuous scale for normed property (#3190),3,doc/whatsnew/v0.12.2.rst;seaborn/_core/scales.py;tests/_core/test_scales.py,independent,seaborn/_stats/regression.py,2,a3eff2928e60880e264b0ba75ece3b38ec62b4d9609588a9211f19046b52df5b,0,True,Descriptive local Git future-history mechanism inventory; not semantic causality or survival evidence.
mwaskom__seaborn-3010,mwaskom/seaborn,[LOCAL_DRIVE]/code\repos_lite_pro\mwaskom__seaborn,0f5a013e2cf43562deec3b879458e59a73853813,mwaskom__seaborn-3010-d365,1f788201822941a3aca7fedf0bcd49d16ebc313b,365,63,5e565d2a1d8e155a9e54bb93d6e0fc2b310ec336,Add Boolean scale (#3205),100,doc/_docstrings/FacetGrid.ipynb;doc/_docstrings/JointGrid.ipynb;doc/_docstrings/PairGrid.ipynb;doc/_docstrings/axes_style.ipynb;doc/_docstrings/barplot.ipynb;doc/_docstrings/blend_palette.ipynb;doc/_docstrings/boxenplot.ipynb;doc/_docstrings/boxplot.ipynb;doc/_docstrings/catplot.ipynb;doc/_docstrings/clustermap.ipynb;doc/_docstrings/color_palette.ipynb;doc/_docstrings/countplot.ipynb;doc/_docstrings/cubehelix_palette.ipynb;doc/_docstrings/dark_palette.ipynb;doc/_docstrings/displot.ipynb;doc/_docstrings/diverging_palette.ipynb;doc/_docstrings/ecdfplot.ipynb;doc/_docstrings/heatmap.ipynb;doc/_docstrings/histplot.ipynb;doc/_docstrings/hls_palette.ipynb;doc/_docstrings/husl_palette.ipynb;doc/_docstrings/jointplot.ipynb;doc/_docstrings/kdeplot.ipynb;doc/_docstrings/light_palette.ipynb;doc/_docstrings/lineplot.ipynb;doc/_docstrings/lmplot.ipynb;doc/_docstrings/move_legend.ipynb;doc/_docstrings/mpl_palette.ipynb;doc/_docstrings/objects.Agg.ipynb;doc/_docstrings/objects.Area.ipynb;doc/_docstrings/objects.Band.ipynb;doc/_docstrings/objects.Bar.ipynb;doc/_docstrings/objects.Bars.ipynb;doc/_docstrings/objects.Count.ipynb;doc/_docstrings/objects.Dash.ipynb;doc/_docstrings/objects.Dodge.ipynb;doc/_docstrings/objects.Dot.ipynb;doc/_docstrings/objects.Dots.ipynb;doc/_docstrings/objects.Est.ipynb;doc/_docstrings/objects.Hist.ipynb;doc/_docstrings/objects.Jitter.ipynb;doc/_docstrings/objects.KDE.ipynb;doc/_docstrings/objects.Line.ipynb;doc/_docstrings/objects.Lines.ipynb;doc/_docstrings/objects.Norm.ipynb;doc/_docstrings/objects.Path.ipynb;doc/_docstrings/objects.Paths.ipynb;doc/_docstrings/objects.Perc.ipynb;doc/_docstrings/objects.Plot.add.ipynb;doc/_docstrings/objects.Plot.facet.ipynb;doc/_docstrings/objects.Plot.label.ipynb;doc/_docstrings/objects.Plot.layout.ipynb;doc/_docstrings/objects.Plot.limit.ipynb;doc/_docstrings/objects.Plot.on.ipynb;doc/_docstrings/objects.Plot.pair.ipynb;doc/_docstrings/objects.Plot.scale.ipynb;doc/_docstrings/objects.Plot.share.ipynb;doc/_docstrings/objects.Plot.theme.ipynb;doc/_docstrings/objects.Range.ipynb;doc/_docstrings/objects.Shift.ipynb;doc/_docstrings/objects.Stack.ipynb;doc/_docstrings/objects.Text.ipynb;doc/_docstrings/pairplot.ipynb;doc/_docstrings/plotting_context.ipynb;doc/_docstrings/pointplot.ipynb;doc/_docstrings/regplot.ipynb;doc/_docstrings/relplot.ipynb;doc/_docstrings/residplot.ipynb;doc/_docstrings/rugplot.ipynb;doc/_docstrings/scatterplot.ipynb;doc/_docstrings/set_context.ipynb;doc/_docstrings/set_style.ipynb;doc/_docstrings/set_theme.ipynb;doc/_docstrings/stripplot.ipynb;doc/_docstrings/swarmplot.ipynb;doc/_docstrings/violinplot.ipynb;doc/_tutorial/aesthetics.ipynb;doc/_tutorial/axis_grids.ipynb;doc/_tutorial/categorical.ipynb;doc/_tutorial/color_palettes.ipynb;doc/_tutorial/data_structure.ipynb;doc/_tutorial/distributions.ipynb;doc/_tutorial/error_bars.ipynb;doc/_tutorial/function_overview.ipynb;doc/_tutorial/introduction.ipynb;doc/_tutorial/objects_interface.ipynb;doc/_tutorial/properties.ipynb;doc/_tutorial/regression.ipynb;doc/_tutorial/relational.ipynb;doc/api.rst;doc/whatsnew/index.rst;doc/whatsnew/v0.12.2.rst;seaborn/_core/plot.py;seaborn/_core/properties.py;seaborn/_core/rules.py;seaborn/_core/scales.py;seaborn/objects.py;tests/_core/test_properties.py;tests/_core/test_rules.py;tests/_core/test_scales.py,independent,seaborn/_stats/regression.py,2,a3eff2928e60880e264b0ba75ece3b38ec62b4d9609588a9211f19046b52df5b,0,True,Descriptive local Git future-history mechanism inventory; not semantic causality or survival evidence.
mwaskom__seaborn-3010,mwaskom/seaborn,[LOCAL_DRIVE]/code\repos_lite_pro\mwaskom__seaborn,0f5a013e2cf43562deec3b879458e59a73853813,mwaskom__seaborn-3010-d365,1f788201822941a3aca7fedf0bcd49d16ebc313b,365,64,bf9fcb307533fad2031ab556f5f0e896bbc31e8d,Explicitly set inline backend when building docs from notebooks,2,doc/_docstrings/Makefile;doc/_tutorial/Makefile,infrastructure_only,seaborn/_stats/regression.py,2,a3eff2928e60880e264b0ba75ece3b38ec62b4d9609588a9211f19046b52df5b,0,True,Descriptive local Git future-history mechanism inventory; not semantic causality or survival evidence.
mwaskom__seaborn-3010,mwaskom/seaborn,[LOCAL_DRIVE]/code\repos_lite_pro\mwaskom__seaborn,0f5a013e2cf43562deec3b879458e59a73853813,mwaskom__seaborn-3010-d365,1f788201822941a3aca7fedf0bcd49d16ebc313b,365,65,0f5182ee01d28f2daeee805c7d4deb4a05b30bf0,Fix issue when an empty palette is provided for an empty dataset (#3136),2,seaborn/categorical.py;tests/test_categorical.py,independent,seaborn/_stats/regression.py,2,a3eff2928e60880e264b0ba75ece3b38ec62b4d9609588a9211f19046b52df5b,0,True,Descriptive local Git future-history mechanism inventory; not semantic causality or survival evidence.
mwaskom__seaborn-3010,mwaskom/seaborn,[LOCAL_DRIVE]/code\repos_lite_pro\mwaskom__seaborn,0f5a013e2cf43562deec3b879458e59a73853813,mwaskom__seaborn-3010-d365,1f788201822941a3aca7fedf0bcd49d16ebc313b,365,66,10c3ed87a42bcaed74b115252eeb4b88ebc1597f,Finalize v0.12.2 release notes,1,doc/whatsnew/v0.12.2.rst,infrastructure_only,seaborn/_stats/regression.py,2,a3eff2928e60880e264b0ba75ece3b38ec62b4d9609588a9211f19046b52df5b,0,True,Descriptive local Git future-history mechanism inventory; not semantic causality or survival evidence.
mwaskom__seaborn-3010,mwaskom/seaborn,[LOCAL_DRIVE]/code\repos_lite_pro\mwaskom__seaborn,0f5a013e2cf43562deec3b879458e59a73853813,mwaskom__seaborn-3010-d365,1f788201822941a3aca7fedf0bcd49d16ebc313b,365,67,fd09815eed491edad014c88aea814396d3e3ded2,Bump version for 0.13.0 dev,1,seaborn/__init__.py,independent,seaborn/_stats/regression.py,2,a3eff2928e60880e264b0ba75ece3b38ec62b4d9609588a9211f19046b52df5b,0,True,Descriptive local Git future-history mechanism inventory; not semantic causality or survival evidence.
mwaskom__seaborn-3010,mwaskom/seaborn,[LOCAL_DRIVE]/code\repos_lite_pro\mwaskom__seaborn,0f5a013e2cf43562deec3b879458e59a73853813,mwaskom__seaborn-3010-d365,1f788201822941a3aca7fedf0bcd49d16ebc313b,365,68,7b70380829417c82478e9c67efc7cd1e5f1b8cb1,Increase minimally-supported versions of Python and dependencies (#3208),5,.github/workflows/ci.yaml;ci/deps_pinned.txt;pyproject.toml;seaborn/_core/rules.py;tests/_core/test_plot.py,independent,seaborn/_stats/regression.py,2,a3eff2928e60880e264b0ba75ece3b38ec62b4d9609588a9211f19046b52df5b,0,True,Descriptive local Git future-history mechanism inventory; not semantic causality or survival evidence.
mwaskom__seaborn-3010,mwaskom/seaborn,[LOCAL_DRIVE]/code\repos_lite_pro\mwaskom__seaborn,0f5a013e2cf43562deec3b879458e59a73853813,mwaskom__seaborn-3010-d365,1f788201822941a3aca7fedf0bcd49d16ebc313b,365,69,29daaf3aee256926ef242d5b5fa1f2996fd1f687,Add helper function for consistent backcompat gates (#3209),18,seaborn/_compat.py;seaborn/_core/plot.py;seaborn/_marks/bar.py;seaborn/_marks/line.py;seaborn/_oldcore.py;seaborn/_stats/order.py;seaborn/utils.py;tests/_core/test_plot.py;tests/_core/test_properties.py;tests/_core/test_rules.py;tests/_core/test_scales.py;tests/_stats/test_order.py;tests/test_algorithms.py;tests/test_categorical.py;tests/test_distributions.py;tests/test_regression.py;tests/test_relational.py;tests/test_utils.py,related_same_subtree,seaborn/_stats/regression.py,2,a3eff2928e60880e264b0ba75ece3b38ec62b4d9609588a9211f19046b52df5b,0,True,Descriptive local Git future-history mechanism inventory; not semantic causality or survival evidence.
mwaskom__seaborn-3010,mwaskom/seaborn,[LOCAL_DRIVE]/code\repos_lite_pro\mwaskom__seaborn,0f5a013e2cf43562deec3b879458e59a73853813,mwaskom__seaborn-3010-d365,1f788201822941a3aca7fedf0bcd49d16ebc313b,365,70,557b0d29cdeae9703576f4bb0eb73dd997a1e4a4,Remove dead code branches after minimal dependency bumps (#3210),13,seaborn/_compat.py;seaborn/_marks/line.py;seaborn/_oldcore.py;seaborn/algorithms.py;seaborn/utils.py;tests/_core/test_plot.py;tests/_core/test_rules.py;tests/_core/test_scales.py;tests/test_algorithms.py;tests/test_categorical.py;tests/test_distributions.py;tests/test_relational.py;tests/test_utils.py,independent,seaborn/_stats/regression.py,2,a3eff2928e60880e264b0ba75ece3b38ec62b4d9609588a9211f19046b52df5b,0,True,Descriptive local Git future-history mechanism inventory; not semantic causality or survival evidence.
mwaskom__seaborn-3010,mwaskom/seaborn,[LOCAL_DRIVE]/code\repos_lite_pro\mwaskom__seaborn,0f5a013e2cf43562deec3b879458e59a73853813,mwaskom__seaborn-3010-d365,1f788201822941a3aca7fedf0bcd49d16ebc313b,365,71,9b0baf65c879889489a4cce92aef552536e571eb,Fix Continuous.label(like=) documentation (fixes #3213),1,seaborn/_core/scales.py,independent,seaborn/_stats/regression.py,2,a3eff2928e60880e264b0ba75ece3b38ec62b4d9609588a9211f19046b52df5b,0,True,Descriptive local Git future-history mechanism inventory; not semantic causality or survival evidence.
mwaskom__seaborn-3010,mwaskom/seaborn,[LOCAL_DRIVE]/code\repos_lite_pro\mwaskom__seaborn,0f5a013e2cf43562deec3b879458e59a73853813,mwaskom__seaborn-3010-d365,1f788201822941a3aca7fedf0bcd49d16ebc313b,365,72,623b0b723c671e99f04e8ababf19adc563f30168,Fix layout engine parameterization when using Plot.on (#3216),3,seaborn/_compat.py;seaborn/_core/plot.py;tests/_core/test_plot.py,independent,seaborn/_stats/regression.py,2,a3eff2928e60880e264b0ba75ece3b38ec62b4d9609588a9211f19046b52df5b,0,True,Descriptive local Git future-history mechanism inventory; not semantic causality or survival evidence.
mwaskom__seaborn-3010,mwaskom/seaborn,[LOCAL_DRIVE]/code\repos_lite_pro\mwaskom__seaborn,0f5a013e2cf43562deec3b879458e59a73853813,mwaskom__seaborn-3010-d365,1f788201822941a3aca7fedf0bcd49d16ebc313b,365,73,dce8afd4a7d4145b04d897bf5ad61a72c99d624e,Update references to minimal supported Python version,2,README.md;doc/installing.rst,infrastructure_only,seaborn/_stats/regression.py,2,a3eff2928e60880e264b0ba75ece3b38ec62b4d9609588a9211f19046b52df5b,0,True,Descriptive local Git future-history mechanism inventory; not semantic causality or survival evidence.
mwaskom__seaborn-3010,mwaskom/seaborn,[LOCAL_DRIVE]/code\repos_lite_pro\mwaskom__seaborn,0f5a013e2cf43562deec3b879458e59a73853813,mwaskom__seaborn-3010-d365,1f788201822941a3aca7fedf0bcd49d16ebc313b,365,74,a47b97e4b98c809db55cbd283de21acba89fe186,Add default theme configuration to Plot (#3223),6,doc/_docstrings/objects.Plot.config.ipynb;doc/_docstrings/objects.Plot.theme.ipynb;doc/_templates/autosummary/plot.rst;doc/_tutorial/objects_interface.ipynb;seaborn/_core/plot.py;tests/_core/test_plot.py,independent,seaborn/_stats/regression.py,2,a3eff2928e60880e264b0ba75ece3b38ec62b4d9609588a9211f19046b52df5b,0,True,Descriptive local Git future-history mechanism inventory; not semantic causality or survival evidence.
mwaskom__seaborn-3010,mwaskom/seaborn,[LOCAL_DRIVE]/code\repos_lite_pro\mwaskom__seaborn,0f5a013e2cf43562deec3b879458e59a73853813,mwaskom__seaborn-3010-d365,1f788201822941a3aca7fedf0bcd49d16ebc313b,365,75,e75e303b747ebb9b573d0ddfbd08a141f305d373,"Add notebook display configuration for Plot, including SVG output (#3225)",3,doc/_docstrings/objects.Plot.config.ipynb;seaborn/_core/plot.py;tests/_core/test_plot.py,independent,seaborn/_stats/regression.py,2,a3eff2928e60880e264b0ba75ece3b38ec62b4d9609588a9211f19046b52df5b,0,True,Descriptive local Git future-history mechanism inventory; not semantic causality or survival evidence.
mwaskom__seaborn-3010,mwaskom/seaborn,[LOCAL_DRIVE]/code\repos_lite_pro\mwaskom__seaborn,0f5a013e2cf43562deec3b879458e59a73853813,mwaskom__seaborn-3010-d365,1f788201822941a3aca7fedf0bcd49d16ebc313b,365,76,72faf27f440522fa558df33258ae9b4ea59e161f,Fix Bar(s) width on nonlinear scale (#3217),3,seaborn/_core/plot.py;seaborn/_marks/bar.py;tests/_marks/test_bar.py,independent,seaborn/_stats/regression.py,2,a3eff2928e60880e264b0ba75ece3b38ec62b4d9609588a9211f19046b52df5b,0,True,Descriptive local Git future-history mechanism inventory; not semantic causality or survival evidence.
mwaskom__seaborn-3010,mwaskom/seaborn,[LOCAL_DRIVE]/code\repos_lite_pro\mwaskom__seaborn,0f5a013e2cf43562deec3b879458e59a73853813,mwaskom__seaborn-3010-d365,1f788201822941a3aca7fedf0bcd49d16ebc313b,365,77,db7ae11750fc2dfb695457239708448d54e9b8cd,Update test to reflect change in matplotlib 3.7 (#3236),1,tests/test_axisgrid.py,test_only,seaborn/_stats/regression.py,2,a3eff2928e60880e264b0ba75ece3b38ec62b4d9609588a9211f19046b52df5b,0,True,Descriptive local Git future-history mechanism inventory; not semantic causality or survival evidence.
mwaskom__seaborn-3010,mwaskom/seaborn,[LOCAL_DRIVE]/code\repos_lite_pro\mwaskom__seaborn,0f5a013e2cf43562deec3b879458e59a73853813,mwaskom__seaborn-3010-d365,1f788201822941a3aca7fedf0bcd49d16ebc313b,365,78,0ebc82e8580caab55eb7af1f66220eab6654af97,Document weights parameter in displot docstring,1,seaborn/distributions.py,independent,seaborn/_stats/regression.py,2,a3eff2928e60880e264b0ba75ece3b38ec62b4d9609588a9211f19046b52df5b,0,True,Descriptive local Git future-history mechanism inventory; not semantic causality or survival evidence.
mwaskom__seaborn-3010,mwaskom/seaborn,[LOCAL_DRIVE]/code\repos_lite_pro\mwaskom__seaborn,0f5a013e2cf43562deec3b879458e59a73853813,mwaskom__seaborn-3010-d365,1f788201822941a3aca7fedf0bcd49d16ebc313b,365,79,e336f11eb3bdb12ee7ddcd108a4651132c123267,Retrieve list of available datasets from a github url with correct CORS headers set. (#3234),2,seaborn/utils.py;tests/test_utils.py,independent,seaborn/_stats/regression.py,2,a3eff2928e60880e264b0ba75ece3b38ec62b4d9609588a9211f19046b52df5b,0,True,Descriptive local Git future-history mechanism inventory; not semantic causality or survival evidence.
mwaskom__seaborn-3010,mwaskom/seaborn,[LOCAL_DRIVE]/code\repos_lite_pro\mwaskom__seaborn,0f5a013e2cf43562deec3b879458e59a73853813,mwaskom__seaborn-3010-d365,1f788201822941a3aca7fedf0bcd49d16ebc313b,365,80,17f9788a2f063ca94b5068ffefbbde9eba4c604d,Remove container added when inferring default color for bar artist (#3246),3,seaborn/distributions.py;seaborn/utils.py;tests/test_distributions.py,independent,seaborn/_stats/regression.py,2,a3eff2928e60880e264b0ba75ece3b38ec62b4d9609588a9211f19046b52df5b,0,True,Descriptive local Git future-history mechanism inventory; not semantic causality or survival evidence.
mwaskom__seaborn-3010,mwaskom/seaborn,[LOCAL_DRIVE]/code\repos_lite_pro\mwaskom__seaborn,0f5a013e2cf43562deec3b879458e59a73853813,mwaskom__seaborn-3010-d365,1f788201822941a3aca7fedf0bcd49d16ebc313b,365,81,7bec34be9c79320bc524c10afc244f90650cdc1d,Update v0.13.0 release notes,1,doc/whatsnew/v0.13.0.rst,infrastructure_only,seaborn/_stats/regression.py,2,a3eff2928e60880e264b0ba75ece3b38ec62b4d9609588a9211f19046b52df5b,0,True,Descriptive local Git future-history mechanism inventory; not semantic causality or survival evidence.
mwaskom__seaborn-3010,mwaskom/seaborn,[LOCAL_DRIVE]/code\repos_lite_pro\mwaskom__seaborn,0f5a013e2cf43562deec3b879458e59a73853813,mwaskom__seaborn-3010-d365,1f788201822941a3aca7fedf0bcd49d16ebc313b,365,82,c44bce1035ee6f004ffc73a41d7d9e8e2b9a1cd8,Adds kwarg only arguments to pivot in lineplot docs (#3249),1,doc/_docstrings/lineplot.ipynb,infrastructure_only,seaborn/_stats/regression.py,2,a3eff2928e60880e264b0ba75ece3b38ec62b4d9609588a9211f19046b52df5b,0,True,Descriptive local Git future-history mechanism inventory; not semantic causality or survival evidence.
mwaskom__seaborn-3010,mwaskom/seaborn,[LOCAL_DRIVE]/code\repos_lite_pro\mwaskom__seaborn,0f5a013e2cf43562deec3b879458e59a73853813,mwaskom__seaborn-3010-d365,1f788201822941a3aca7fedf0bcd49d16ebc313b,365,83,242a3312b6742f5b255c7ad6bccb7228839c9419,Modernize barplot to use common infrastructure (#3255),9,doc/_docstrings/barplot.ipynb;seaborn/_oldcore.py;seaborn/categorical.py;seaborn/utils.py;tests/conftest.py;tests/test_categorical.py;tests/test_core.py;tests/test_distributions.py;tests/test_relational.py,independent,seaborn/_stats/regression.py,2,a3eff2928e60880e264b0ba75ece3b38ec62b4d9609588a9211f19046b52df5b,0,True,Descriptive local Git future-history mechanism inventory; not semantic causality or survival evidence.
mwaskom__seaborn-3010,mwaskom/seaborn,[LOCAL_DRIVE]/code\repos_lite_pro\mwaskom__seaborn,0f5a013e2cf43562deec3b879458e59a73853813,mwaskom__seaborn-3010-d365,1f788201822941a3aca7fedf0bcd49d16ebc313b,365,84,3a778baab571e11aebcca82ef4d2c3ba41798e5b,Refactor countplot to use common infra and add stat parameter for normalization (#3267),4,doc/_docstrings/countplot.ipynb;seaborn/categorical.py;seaborn/utils.py;tests/test_categorical.py,independent,seaborn/_stats/regression.py,2,a3eff2928e60880e264b0ba75ece3b38ec62b4d9609588a9211f19046b52df5b,0,True,Descriptive local Git future-history mechanism inventory; not semantic causality or survival evidence.
mwaskom__seaborn-3010,mwaskom/seaborn,[LOCAL_DRIVE]/code\repos_lite_pro\mwaskom__seaborn,0f5a013e2cf43562deec3b879458e59a73853813,mwaskom__seaborn-3010-d365,1f788201822941a3aca7fedf0bcd49d16ebc313b,365,85,55c8dc51884f86f94c0e018799c21b8436d33d72,Remove double docstring in 'axisgrid.py' (#3269),1,seaborn/axisgrid.py,independent,seaborn/_stats/regression.py,2,a3eff2928e60880e264b0ba75ece3b38ec62b4d9609588a9211f19046b52df5b,0,True,Descriptive local Git future-history mechanism inventory; not semantic causality or survival evidence.
mwaskom__seaborn-3010,mwaskom/seaborn,[LOCAL_DRIVE]/code\repos_lite_pro\mwaskom__seaborn,0f5a013e2cf43562deec3b879458e59a73853813,mwaskom__seaborn-3010-d365,1f788201822941a3aca7fedf0bcd49d16ebc313b,365,86,5d9f37159bbd3ac44c8c8a06825583ba25648525,Modernize pointplot and increase its flexibility (#3270),7,doc/_docstrings/pointplot.ipynb;seaborn/_core/typing.py;seaborn/_oldcore.py;seaborn/categorical.py;seaborn/relational.py;seaborn/utils.py;tests/test_categorical.py,independent,seaborn/_stats/regression.py,2,a3eff2928e60880e264b0ba75ece3b38ec62b4d9609588a9211f19046b52df5b,0,True,Descriptive local Git future-history mechanism inventory; not semantic causality or survival evidence.
mwaskom__seaborn-3010,mwaskom/seaborn,[LOCAL_DRIVE]/code\repos_lite_pro\mwaskom__seaborn,0f5a013e2cf43562deec3b879458e59a73853813,mwaskom__seaborn-3010-d365,1f788201822941a3aca7fedf0bcd49d16ebc313b,365,87,11d41696149feb2d3d8c1c5f9a5e98357285af03,docs: fix typo in docstring (#3273),1,seaborn/rcmod.py,independent,seaborn/_stats/regression.py,2,a3eff2928e60880e264b0ba75ece3b38ec62b4d9609588a9211f19046b52df5b,0,True,Descriptive local Git future-history mechanism inventory; not semantic causality or survival evidence.
mwaskom__seaborn-3010,mwaskom/seaborn,[LOCAL_DRIVE]/code\repos_lite_pro\mwaskom__seaborn,0f5a013e2cf43562deec3b879458e59a73853813,mwaskom__seaborn-3010-d365,1f788201822941a3aca7fedf0bcd49d16ebc313b,365,88,3733590d86a7f2c2a95cd9940a34aa7df5f5a3d2,Remove vestigial bar/point/countplot code (#3271),2,seaborn/categorical.py;tests/test_categorical.py,independent,seaborn/_stats/regression.py,2,a3eff2928e60880e264b0ba75ece3b38ec62b4d9609588a9211f19046b52df5b,0,True,Descriptive local Git future-history mechanism inventory; not semantic causality or survival evidence.
mwaskom__seaborn-3010,mwaskom/seaborn,[LOCAL_DRIVE]/code\repos_lite_pro\mwaskom__seaborn,0f5a013e2cf43562deec3b879458e59a73853813,mwaskom__seaborn-3010-d365,1f788201822941a3aca7fedf0bcd49d16ebc313b,365,89,8735494e4cd37ee781500e50554df2f3be2ead41,Fix heatmap `norm=None` issue (#3276),2,seaborn/matrix.py;tests/test_matrix.py,independent,seaborn/_stats/regression.py,2,a3eff2928e60880e264b0ba75ece3b38ec62b4d9609588a9211f19046b52df5b,0,True,Descriptive local Git future-history mechanism inventory; not semantic causality or survival evidence.
mwaskom__seaborn-3010,mwaskom/seaborn,[LOCAL_DRIVE]/code\repos_lite_pro\mwaskom__seaborn,0f5a013e2cf43562deec3b879458e59a73853813,mwaskom__seaborn-3010-d365,1f788201822941a3aca7fedf0bcd49d16ebc313b,365,90,e1e36cb1c5f02143d33107b5dfe4ec60527c3bf6,Avoid matplotlib 3.7.0 warnings (#3278),8,examples/heat_scatter.py;seaborn/_compat.py;seaborn/axisgrid.py;seaborn/utils.py;tests/test_axisgrid.py;tests/test_categorical.py;tests/test_relational.py;tests/test_utils.py,independent,seaborn/_stats/regression.py,2,a3eff2928e60880e264b0ba75ece3b38ec62b4d9609588a9211f19046b52df5b,0,True,Descriptive local Git future-history mechanism inventory; not semantic causality or survival evidence.
mwaskom__seaborn-3010,mwaskom/seaborn,[LOCAL_DRIVE]/code\repos_lite_pro\mwaskom__seaborn,0f5a013e2cf43562deec3b879458e59a73853813,mwaskom__seaborn-3010-d365,1f788201822941a3aca7fedf0bcd49d16ebc313b,365,91,7231fc24f6251fbc4b4757a56af7a0622a5b12f5,Modernize boxplot and add a number of enhancements (#3294),3,doc/_docstrings/boxplot.ipynb;seaborn/categorical.py;tests/test_categorical.py,independent,seaborn/_stats/regression.py,2,a3eff2928e60880e264b0ba75ece3b38ec62b4d9609588a9211f19046b52df5b,0,True,Descriptive local Git future-history mechanism inventory; not semantic causality or survival evidence.
mwaskom__seaborn-3010,mwaskom/seaborn,[LOCAL_DRIVE]/code\repos_lite_pro\mwaskom__seaborn,0f5a013e2cf43562deec3b879458e59a73853813,mwaskom__seaborn-3010-d365,1f788201822941a3aca7fedf0bcd49d16ebc313b,365,92,35c284e74fbf9ea1802416daa42845eae1e7a30e,Docs fix - heatmap.ipynb. (#3290),1,doc/_docstrings/heatmap.ipynb,infrastructure_only,seaborn/_stats/regression.py,2,a3eff2928e60880e264b0ba75ece3b38ec62b4d9609588a9211f19046b52df5b,0,True,Descriptive local Git future-history mechanism inventory; not semantic causality or survival evidence.
mwaskom__seaborn-3010,mwaskom/seaborn,[LOCAL_DRIVE]/code\repos_lite_pro\mwaskom__seaborn,0f5a013e2cf43562deec3b879458e59a73853813,mwaskom__seaborn-3010-d365,1f788201822941a3aca7fedf0bcd49d16ebc313b,365,93,a69eb55f2d89b00e1d31b9c9ec29982fe0a187cb,Bump actions/checkout from 2 to 3 (#3279),1,.github/workflows/ci.yaml,infrastructure_only,seaborn/_stats/regression.py,2,a3eff2928e60880e264b0ba75ece3b38ec62b4d9609588a9211f19046b52df5b,0,True,Descriptive local Git future-history mechanism inventory; not semantic causality or survival evidence.
mwaskom__seaborn-3010,mwaskom/seaborn,[LOCAL_DRIVE]/code\repos_lite_pro\mwaskom__seaborn,0f5a013e2cf43562deec3b879458e59a73853813,mwaskom__seaborn-3010-d365,1f788201822941a3aca7fedf0bcd49d16ebc313b,365,94,f9827a3ae2a998aeeb97d1931ae03f8a3f7109c2,MAINT: address numpy125 deprecations (#3297),6,seaborn/_core/plot.py;seaborn/matrix.py;tests/test_axisgrid.py;tests/test_matrix.py;tests/test_regression.py;tests/test_relational.py,independent,seaborn/_stats/regression.py,2,a3eff2928e60880e264b0ba75ece3b38ec62b4d9609588a9211f19046b52df5b,0,True,Descriptive local Git future-history mechanism inventory; not semantic causality or survival evidence.
mwaskom__seaborn-3010,mwaskom/seaborn,[LOCAL_DRIVE]/code\repos_lite_pro\mwaskom__seaborn,0f5a013e2cf43562deec3b879458e59a73853813,mwaskom__seaborn-3010-d365,1f788201822941a3aca7fedf0bcd49d16ebc313b,365,95,bd480f6280007b2ae6910ce4ee689f213f7a7e10,Fixes small inconsistency in seaborn.objects tutorial (#3309),1,doc/_tutorial/objects_interface.ipynb,infrastructure_only,seaborn/_stats/regression.py,2,a3eff2928e60880e264b0ba75ece3b38ec62b4d9609588a9211f19046b52df5b,0,True,Descriptive local Git future-history mechanism inventory; not semantic causality or survival evidence.
mwaskom__seaborn-3010,mwaskom/seaborn,[LOCAL_DRIVE]/code\repos_lite_pro\mwaskom__seaborn,0f5a013e2cf43562deec3b879458e59a73853813,mwaskom__seaborn-3010-d365,1f788201822941a3aca7fedf0bcd49d16ebc313b,365,96,19deb36e17bb1d91a73800c61a8f0381d7f2bf79,Refactor to simplify desaturation in categorical plots (#3310),5,seaborn/_oldcore.py;seaborn/categorical.py;seaborn/utils.py;tests/test_core.py;tests/test_utils.py,independent,seaborn/_stats/regression.py,2,a3eff2928e60880e264b0ba75ece3b38ec62b4d9609588a9211f19046b52df5b,0,True,Descriptive local Git future-history mechanism inventory; not semantic causality or survival evidence.
mwaskom__seaborn-3010,mwaskom/seaborn,[LOCAL_DRIVE]/code\repos_lite_pro\mwaskom__seaborn,0f5a013e2cf43562deec3b879458e59a73853813,mwaskom__seaborn-3010-d365,1f788201822941a3aca7fedf0bcd49d16ebc313b,365,97,cc0997820e84a478632706d0ef6f6e3e4256d5b6,Pandas 2.0 compat in Area API docs,1,doc/_docstrings/objects.Area.ipynb,infrastructure_only,seaborn/_stats/regression.py,2,a3eff2928e60880e264b0ba75ece3b38ec62b4d9609588a9211f19046b52df5b,0,True,Descriptive local Git future-history mechanism inventory; not semantic causality or survival evidence.
mwaskom__seaborn-3010,mwaskom/seaborn,[LOCAL_DRIVE]/code\repos_lite_pro\mwaskom__seaborn,0f5a013e2cf43562deec3b879458e59a73853813,mwaskom__seaborn-3010-d365,1f788201822941a3aca7fedf0bcd49d16ebc313b,365,98,011caacf7479346cb931ee65c096d2fe0d6ee762,Fix typo,1,doc/_docstrings/objects.Area.ipynb,infrastructure_only,seaborn/_stats/regression.py,2,a3eff2928e60880e264b0ba75ece3b38ec62b4d9609588a9211f19046b52df5b,0,True,Descriptive local Git future-history mechanism inventory; not semantic causality or survival evidence.
mwaskom__seaborn-3010,mwaskom/seaborn,[LOCAL_DRIVE]/code\repos_lite_pro\mwaskom__seaborn,0f5a013e2cf43562deec3b879458e59a73853813,mwaskom__seaborn-3010-d365,1f788201822941a3aca7fedf0bcd49d16ebc313b,365,99,4f7255446ed04048e46ff962eb0926351d40680d,Pandas 2.0 compat in docs,3,doc/_docstrings/relplot.ipynb;doc/_tutorial/data_structure.ipynb;examples/spreadsheet_heatmap.py,independent,seaborn/_stats/regression.py,2,a3eff2928e60880e264b0ba75ece3b38ec62b4d9609588a9211f19046b52df5b,0,True,Descriptive local Git future-history mechanism inventory; not semantic causality or survival evidence.
mwaskom__seaborn-3010,mwaskom/seaborn,[LOCAL_DRIVE]/code\repos_lite_pro\mwaskom__seaborn,0f5a013e2cf43562deec3b879458e59a73853813,mwaskom__seaborn-3010-d365,1f788201822941a3aca7fedf0bcd49d16ebc313b,365,100,804662d1fd00008d596cdad2bc0b76593803d984,Add read-only permissions to ci.yaml (#3319),1,.github/workflows/ci.yaml,infrastructure_only,seaborn/_stats/regression.py,2,a3eff2928e60880e264b0ba75ece3b38ec62b4d9609588a9211f19046b52df5b,0,True,Descriptive local Git future-history mechanism inventory; not semantic causality or survival evidence.
mwaskom__seaborn-3010,mwaskom/seaborn,[LOCAL_DRIVE]/code\repos_lite_pro\mwaskom__seaborn,0f5a013e2cf43562deec3b879458e59a73853813,mwaskom__seaborn-3010-d365,1f788201822941a3aca7fedf0bcd49d16ebc313b,365,101,0b6d6535fb124911ed4f4e74b979e7678f24952e,Fixed mwaskom/seaborn#3272 (#3317),2,seaborn/categorical.py;tests/test_categorical.py,independent,seaborn/_stats/regression.py,2,a3eff2928e60880e264b0ba75ece3b38ec62b4d9609588a9211f19046b52df5b,0,True,Descriptive local Git future-history mechanism inventory; not semantic causality or survival evidence.
mwaskom__seaborn-3010,mwaskom/seaborn,[LOCAL_DRIVE]/code\repos_lite_pro\mwaskom__seaborn,0f5a013e2cf43562deec3b879458e59a73853813,mwaskom__seaborn-3010-d365,1f788201822941a3aca7fedf0bcd49d16ebc313b,365,102,64ef8cfd563c41341c0309518755ed89c0e1315e,Temporarily restrict sphinx version to unbreak docs build (#3323),1,pyproject.toml,infrastructure_only,seaborn/_stats/regression.py,2,a3eff2928e60880e264b0ba75ece3b38ec62b4d9609588a9211f19046b52df5b,0,True,Descriptive local Git future-history mechanism inventory; not semantic causality or survival evidence.
mwaskom__seaborn-3010,mwaskom/seaborn,[LOCAL_DRIVE]/code\repos_lite_pro\mwaskom__seaborn,0f5a013e2cf43562deec3b879458e59a73853813,mwaskom__seaborn-3010-d365,1f788201822941a3aca7fedf0bcd49d16ebc313b,365,103,bf0cfec0627bee4b757f033ff504c0a520a3cd5b,Bugfix issue 3230 (#3316),3,doc/whatsnew/v0.13.0.rst;seaborn/relational.py;tests/test_relational.py,independent,seaborn/_stats/regression.py,2,a3eff2928e60880e264b0ba75ece3b38ec62b4d9609588a9211f19046b52df5b,0,True,Descriptive local Git future-history mechanism inventory; not semantic causality or survival evidence.
mwaskom__seaborn-3010,mwaskom/seaborn,[LOCAL_DRIVE]/code\repos_lite_pro\mwaskom__seaborn,0f5a013e2cf43562deec3b879458e59a73853813,mwaskom__seaborn-3010-d365,1f788201822941a3aca7fedf0bcd49d16ebc313b,365,104,fc03c5d4e11126ff88a28da54bca3a2b691c7cab,Refactor new categorical internals (#3337),3,seaborn/categorical.py;seaborn/utils.py;tests/test_categorical.py,independent,seaborn/_stats/regression.py,2,a3eff2928e60880e264b0ba75ece3b38ec62b4d9609588a9211f19046b52df5b,0,True,Descriptive local Git future-history mechanism inventory; not semantic causality or survival evidence.
mwaskom__seaborn-3010,mwaskom/seaborn,[LOCAL_DRIVE]/code\repos_lite_pro\mwaskom__seaborn,0f5a013e2cf43562deec3b879458e59a73853813,mwaskom__seaborn-3010-d365,1f788201822941a3aca7fedf0bcd49d16ebc313b,365,105,eb2b5a21dfc9a20f2eeec100490d5c014e689c65,Fix lint rule to run flake8 on test suite (#3348),2,Makefile;tests/_stats/test_regression.py,independent,seaborn/_stats/regression.py,2,a3eff2928e60880e264b0ba75ece3b38ec62b4d9609588a9211f19046b52df5b,0,True,Descriptive local Git future-history mechanism inventory; not semantic causality or survival evidence.
mwaskom__seaborn-3010,mwaskom/seaborn,[LOCAL_DRIVE]/code\repos_lite_pro\mwaskom__seaborn,0f5a013e2cf43562deec3b879458e59a73853813,mwaskom__seaborn-3010-d365,1f788201822941a3aca7fedf0bcd49d16ebc313b,365,106,5666389e1090d3b31ff1c97dca4be04f10e7ecc6,Add security policy (#3344),1,SECURITY.md,independent,seaborn/_stats/regression.py,2,a3eff2928e60880e264b0ba75ece3b38ec62b4d9609588a9211f19046b52df5b,0,True,Descriptive local Git future-history mechanism inventory; not semantic causality or survival evidence.
mwaskom__seaborn-3010,mwaskom/seaborn,[LOCAL_DRIVE]/code\repos_lite_pro\mwaskom__seaborn,0f5a013e2cf43562deec3b879458e59a73853813,mwaskom__seaborn-3010-d365,1f788201822941a3aca7fedf0bcd49d16ebc313b,365,107,2d9bb4f82e36a8fded638ff6b044c4a540567181,Remove matplotlib cache manipulation (#3332),2,seaborn/_core/plot.py;seaborn/palettes.py,independent,seaborn/_stats/regression.py,2,a3eff2928e60880e264b0ba75ece3b38ec62b4d9609588a9211f19046b52df5b,0,True,Descriptive local Git future-history mechanism inventory; not semantic causality or survival evidence.
mwaskom__seaborn-3010,mwaskom/seaborn,[LOCAL_DRIVE]/code\repos_lite_pro\mwaskom__seaborn,0f5a013e2cf43562deec3b879458e59a73853813,mwaskom__seaborn-3010-d365,1f788201822941a3aca7fedf0bcd49d16ebc313b,365,108,971f47e9c1e69c6f14e42d3c0da8aec884f3352b,ecdfplot stat parameter manage percent (#3336),3,doc/_docstrings/ecdfplot.ipynb;seaborn/_statistics.py;tests/test_statistics.py,independent,seaborn/_stats/regression.py,2,a3eff2928e60880e264b0ba75ece3b38ec62b4d9609588a9211f19046b52df5b,0,True,Descriptive local Git future-history mechanism inventory; not semantic causality or survival evidence.
mwaskom__seaborn-3010,mwaskom/seaborn,[LOCAL_DRIVE]/code\repos_lite_pro\mwaskom__seaborn,0f5a013e2cf43562deec3b879458e59a73853813,mwaskom__seaborn-3010-d365,1f788201822941a3aca7fedf0bcd49d16ebc313b,365,109,a48601d6bbf8381f9435be48624f1a77d6fbfced,pandas compat: address is_categorical_dtype deprecation (#3355),2,seaborn/_core/rules.py;seaborn/_oldcore.py,independent,seaborn/_stats/regression.py,2,a3eff2928e60880e264b0ba75ece3b38ec62b4d9609588a9211f19046b52df5b,0,True,Descriptive local Git future-history mechanism inventory; not semantic causality or survival evidence.
mwaskom__seaborn-3010,mwaskom/seaborn,[LOCAL_DRIVE]/code\repos_lite_pro\mwaskom__seaborn,0f5a013e2cf43562deec3b879458e59a73853813,mwaskom__seaborn-3010-d365,1f788201822941a3aca7fedf0bcd49d16ebc313b,365,110,3fd4146781e56a06065e509f6ce76118e9c33d5f,Handle statsmodels PerfectSeparationWarning on 0.14.0+ (#3356),1,seaborn/regression.py,independent,seaborn/_stats/regression.py,2,a3eff2928e60880e264b0ba75ece3b38ec62b4d9609588a9211f19046b52df5b,0,True,Descriptive local Git future-history mechanism inventory; not semantic causality or survival evidence.
mwaskom__seaborn-3010,mwaskom/seaborn,[LOCAL_DRIVE]/code\repos_lite_pro\mwaskom__seaborn,0f5a013e2cf43562deec3b879458e59a73853813,mwaskom__seaborn-3010-d365,1f788201822941a3aca7fedf0bcd49d16ebc313b,365,111,1b09ac4f1900317a88db742660faf47d8e71b72d,Modernize and enhance violinplot (#3353),9,doc/_docstrings/barplot.ipynb;doc/_docstrings/violinplot.ipynb;doc/_tutorial/categorical.ipynb;doc/whatsnew/index.rst;examples/wide_form_violinplot.py;seaborn/categorical.py;seaborn/utils.py;tests/test_categorical.py;tests/test_utils.py,independent,seaborn/_stats/regression.py,2,a3eff2928e60880e264b0ba75ece3b38ec62b4d9609588a9211f19046b52df5b,0,True,Descriptive local Git future-history mechanism inventory; not semantic causality or survival evidence.
mwaskom__seaborn-3010,mwaskom/seaborn,[LOCAL_DRIVE]/code\repos_lite_pro\mwaskom__seaborn,0f5a013e2cf43562deec3b879458e59a73853813,mwaskom__seaborn-3010-d365,1f788201822941a3aca7fedf0bcd49d16ebc313b,365,112,f7bd65f430794b9eaebebf509a1c0bfead0d6e0f,Fix rst typo,1,doc/_docstrings/violinplot.ipynb,infrastructure_only,seaborn/_stats/regression.py,2,a3eff2928e60880e264b0ba75ece3b38ec62b4d9609588a9211f19046b52df5b,0,True,Descriptive local Git future-history mechanism inventory; not semantic causality or survival evidence.
mwaskom__seaborn-3010,mwaskom/seaborn,[LOCAL_DRIVE]/code\repos_lite_pro\mwaskom__seaborn,0f5a013e2cf43562deec3b879458e59a73853813,mwaskom__seaborn-3010-d365,1f788201822941a3aca7fedf0bcd49d16ebc313b,365,113,16c025dcdcb5010b014dbca473673c78f4c594d7,DOC: Fix typo in include directive (#3357),2,seaborn/palettes.py;seaborn/regression.py,independent,seaborn/_stats/regression.py,2,a3eff2928e60880e264b0ba75ece3b38ec62b4d9609588a9211f19046b52df5b,0,True,Descriptive local Git future-history mechanism inventory; not semantic causality or survival evidence.
mwaskom__seaborn-3010,mwaskom/seaborn,[LOCAL_DRIVE]/code\repos_lite_pro\mwaskom__seaborn,0f5a013e2cf43562deec3b879458e59a73853813,mwaskom__seaborn-3010-d365,1f788201822941a3aca7fedf0bcd49d16ebc313b,365,114,b9333f900cc6c27e4f39dea57e0a034ba82ebf8a,Add gap/fill parameters to barplot and countplot (#3361),2,seaborn/categorical.py;tests/test_categorical.py,independent,seaborn/_stats/regression.py,2,a3eff2928e60880e264b0ba75ece3b38ec62b4d9609588a9211f19046b52df5b,0,True,Descriptive local Git future-history mechanism inventory; not semantic causality or survival evidence.
mwaskom__seaborn-3010,mwaskom/seaborn,[LOCAL_DRIVE]/code\repos_lite_pro\mwaskom__seaborn,0f5a013e2cf43562deec3b879458e59a73853813,mwaskom__seaborn-3010-d365,1f788201822941a3aca7fedf0bcd49d16ebc313b,365,115,129ce703052ff56f27014a0d8e4e6203b531b7a8,TST: Make test_index_alignment_between_series less brittle (#3359),1,tests/_core/test_data.py,test_only,seaborn/_stats/regression.py,2,a3eff2928e60880e264b0ba75ece3b38ec62b4d9609588a9211f19046b52df5b,0,True,Descriptive local Git future-history mechanism inventory; not semantic causality or survival evidence.
mwaskom__seaborn-3010,mwaskom/seaborn,[LOCAL_DRIVE]/code\repos_lite_pro\mwaskom__seaborn,0f5a013e2cf43562deec3b879458e59a73853813,mwaskom__seaborn-3010-d365,1f788201822941a3aca7fedf0bcd49d16ebc313b,365,116,824c102525e6a29cde9bca1ce0096d50588fda6b,DOC: Fix some typos (#3366),5,doc/_tutorial/color_palettes.ipynb;doc/_tutorial/distributions.ipynb;doc/_tutorial/objects_interface.ipynb;doc/_tutorial/properties.ipynb;seaborn/_marks/bar.py,independent,seaborn/_stats/regression.py,2,a3eff2928e60880e264b0ba75ece3b38ec62b4d9609588a9211f19046b52df5b,0,True,Descriptive local Git future-history mechanism inventory; not semantic causality or survival evidence.
mwaskom__seaborn-3010,mwaskom/seaborn,[LOCAL_DRIVE]/code\repos_lite_pro\mwaskom__seaborn,0f5a013e2cf43562deec3b879458e59a73853813,mwaskom__seaborn-3010-d365,1f788201822941a3aca7fedf0bcd49d16ebc313b,365,117,b6737d5aec9a91bb8840cdda896a7970e1830d56,Avoid error when determining type of variable containing pd.NA (#3391),3,seaborn/_core/rules.py;seaborn/_oldcore.py;tests/_core/test_rules.py,independent,seaborn/_stats/regression.py,2,a3eff2928e60880e264b0ba75ece3b38ec62b4d9609588a9211f19046b52df5b,0,True,Descriptive local Git future-history mechanism inventory; not semantic causality or survival evidence.
mwaskom__seaborn-3010,mwaskom/seaborn,[LOCAL_DRIVE]/code\repos_lite_pro\mwaskom__seaborn,0f5a013e2cf43562deec3b879458e59a73853813,mwaskom__seaborn-3010-d365,1f788201822941a3aca7fedf0bcd49d16ebc313b,365,118,9276e22a424fe2c834eff85231d0c916e293d613,Always use unit width for categorical axes (#3390),2,seaborn/categorical.py;tests/test_categorical.py,independent,seaborn/_stats/regression.py,2,a3eff2928e60880e264b0ba75ece3b38ec62b4d9609588a9211f19046b52df5b,0,True,Descriptive local Git future-history mechanism inventory; not semantic causality or survival evidence.
mwaskom__seaborn-3010,mwaskom/seaborn,[LOCAL_DRIVE]/code\repos_lite_pro\mwaskom__seaborn,0f5a013e2cf43562deec3b879458e59a73853813,mwaskom__seaborn-3010-d365,1f788201822941a3aca7fedf0bcd49d16ebc313b,365,119,515286e02be3e4c0ff2ef4addb34a53c4a676ee4,Improve handling of edge cases with nullable dtypes (#3394),5,seaborn/_core/plot.py;seaborn/_core/rules.py;seaborn/_oldcore.py;tests/_core/test_rules.py;tests/test_core.py,independent,seaborn/_stats/regression.py,2,a3eff2928e60880e264b0ba75ece3b38ec62b4d9609588a9211f19046b52df5b,0,True,Descriptive local Git future-history mechanism inventory; not semantic causality or survival evidence.
mwaskom__seaborn-3010,mwaskom/seaborn,[LOCAL_DRIVE]/code\repos_lite_pro\mwaskom__seaborn,0f5a013e2cf43562deec3b879458e59a73853813,mwaskom__seaborn-3010-d365,1f788201822941a3aca7fedf0bcd49d16ebc313b,365,120,7780305bae63d8be3416858ac35f6fa706bab4d6,Fix PairGrid with column multiindex (#3407),2,seaborn/axisgrid.py;tests/test_axisgrid.py,independent,seaborn/_stats/regression.py,2,a3eff2928e60880e264b0ba75ece3b38ec62b4d9609588a9211f19046b52df5b,0,True,Descriptive local Git future-history mechanism inventory; not semantic causality or survival evidence.
mwaskom__seaborn-3010,mwaskom/seaborn,[LOCAL_DRIVE]/code\repos_lite_pro\mwaskom__seaborn,0f5a013e2cf43562deec3b879458e59a73853813,mwaskom__seaborn-3010-d365,1f788201822941a3aca7fedf0bcd49d16ebc313b,365,121,58e0b0511dc157d8bcceb4064725fe296c938832,Modernize boxenplot and address some odd behaviors (#3393),8,ci/deps_pinned.txt;doc/_docstrings/boxenplot.ipynb;doc/_docstrings/violinplot.ipynb;seaborn/_statistics.py;seaborn/categorical.py;tests/_core/test_plot.py;tests/test_categorical.py;tests/test_statistics.py,independent,seaborn/_stats/regression.py,2,a3eff2928e60880e264b0ba75ece3b38ec62b4d9609588a9211f19046b52df5b,0,True,Descriptive local Git future-history mechanism inventory; not semantic causality or survival evidence.
mwaskom__seaborn-3010,mwaskom/seaborn,[LOCAL_DRIVE]/code\repos_lite_pro\mwaskom__seaborn,0f5a013e2cf43562deec3b879458e59a73853813,mwaskom__seaborn-3010-d365,1f788201822941a3aca7fedf0bcd49d16ebc313b,365,122,a42b894229c14825660ec72f4ead5760076ff9e9,[Maint] Cleanup of vestigial categorical code (#3416),2,seaborn/categorical.py;tests/test_categorical.py,independent,seaborn/_stats/regression.py,2,a3eff2928e60880e264b0ba75ece3b38ec62b4d9609588a9211f19046b52df5b,0,True,Descriptive local Git future-history mechanism inventory; not semantic causality or survival evidence.
mwaskom__seaborn-3010,mwaskom/seaborn,[LOCAL_DRIVE]/code\repos_lite_pro\mwaskom__seaborn,0f5a013e2cf43562deec3b879458e59a73853813,mwaskom__seaborn-3010-d365,1f788201822941a3aca7fedf0bcd49d16ebc313b,365,123,9087437ad28e872ff73e5ff10ce6c2e7d511d650,Rename _oldcore module to _base (#3418),13,seaborn/_base.py;seaborn/_marks/base.py;seaborn/_oldcore.py;seaborn/axisgrid.py;seaborn/categorical.py;seaborn/distributions.py;seaborn/relational.py;tests/test_axisgrid.py;tests/test_base.py;tests/test_categorical.py;tests/test_core.py;tests/test_distributions.py;tests/test_relational.py,independent,seaborn/_stats/regression.py,2,a3eff2928e60880e264b0ba75ece3b38ec62b4d9609588a9211f19046b52df5b,0,True,Descriptive local Git future-history mechanism inventory; not semantic causality or survival evidence.
mwaskom__seaborn-3010,mwaskom/seaborn,[LOCAL_DRIVE]/code\repos_lite_pro\mwaskom__seaborn,0f5a013e2cf43562deec3b879458e59a73853813,mwaskom__seaborn-3010-d365,1f788201822941a3aca7fedf0bcd49d16ebc313b,365,124,3ef2a0f9580e5a4715be878c73751454089c945d,"Fix Plot.add transforms to accept Move, not Mark (#3425)",1,seaborn/_core/plot.py,independent,seaborn/_stats/regression.py,2,a3eff2928e60880e264b0ba75ece3b38ec62b4d9609588a9211f19046b52df5b,0,True,Descriptive local Git future-history mechanism inventory; not semantic causality or survival evidence.
mwaskom__seaborn-3010,mwaskom/seaborn,[LOCAL_DRIVE]/code\repos_lite_pro\mwaskom__seaborn,0f5a013e2cf43562deec3b879458e59a73853813,mwaskom__seaborn-3010-d365,1f788201822941a3aca7fedf0bcd49d16ebc313b,365,125,54aeb181a1aae54f8bba1c5c79604783956dc198,Update type test to satisfy new flake8 (#3433),1,tests/test_utils.py,test_only,seaborn/_stats/regression.py,2,a3eff2928e60880e264b0ba75ece3b38ec62b4d9609588a9211f19046b52df5b,0,True,Descriptive local Git future-history mechanism inventory; not semantic causality or survival evidence.
mwaskom__seaborn-3010,mwaskom/seaborn,[LOCAL_DRIVE]/code\repos_lite_pro\mwaskom__seaborn,0f5a013e2cf43562deec3b879458e59a73853813,mwaskom__seaborn-3010-d365,1f788201822941a3aca7fedf0bcd49d16ebc313b,365,126,aebf7d8dba58b41090cefbfea4074682edf62349,Hash-pin GitHub Actions (#3436),1,.github/workflows/ci.yaml,infrastructure_only,seaborn/_stats/regression.py,2,a3eff2928e60880e264b0ba75ece3b38ec62b4d9609588a9211f19046b52df5b,0,True,Descriptive local Git future-history mechanism inventory; not semantic causality or survival evidence.
mwaskom__seaborn-3010,mwaskom/seaborn,[LOCAL_DRIVE]/code\repos_lite_pro\mwaskom__seaborn,0f5a013e2cf43562deec3b879458e59a73853813,mwaskom__seaborn-3010-d365,1f788201822941a3aca7fedf0bcd49d16ebc313b,365,127,23860365816440b050e9211e1c395a966de3c403,Address inf_as_na pandas deprecation (#3424),2,seaborn/_base.py;seaborn/_core/plot.py,independent,seaborn/_stats/regression.py,2,a3eff2928e60880e264b0ba75ece3b38ec62b4d9609588a9211f19046b52df5b,0,True,Descriptive local Git future-history mechanism inventory; not semantic causality or survival evidence.
mwaskom__seaborn-3010,mwaskom/seaborn,[LOCAL_DRIVE]/code\repos_lite_pro\mwaskom__seaborn,0f5a013e2cf43562deec3b879458e59a73853813,mwaskom__seaborn-3010-d365,1f788201822941a3aca7fedf0bcd49d16ebc313b,365,128,af613f1db95e2ebc02810a985723f7fab19ff01c,Generalize internal scaling operation (#3440),6,seaborn/_base.py;seaborn/categorical.py;seaborn/distributions.py;seaborn/relational.py;tests/test_base.py;tests/test_categorical.py,independent,seaborn/_stats/regression.py,2,a3eff2928e60880e264b0ba75ece3b38ec62b4d9609588a9211f19046b52df5b,0,True,Descriptive local Git future-history mechanism inventory; not semantic causality or survival evidence.
mwaskom__seaborn-3010,mwaskom/seaborn,[LOCAL_DRIVE]/code\repos_lite_pro\mwaskom__seaborn,0f5a013e2cf43562deec3b879458e59a73853813,mwaskom__seaborn-3010-d365,1f788201822941a3aca7fedf0bcd49d16ebc313b,365,129,58cf6285d7299ac6dda83bbd4af8dbd019c58058,Support polars and other data libraries via dataframe interchange (#3369),12,seaborn/_base.py;seaborn/_core/data.py;seaborn/_core/plot.py;seaborn/_core/typing.py;seaborn/axisgrid.py;seaborn/categorical.py;seaborn/distributions.py;tests/_core/test_data.py;tests/_core/test_plot.py;tests/conftest.py;tests/test_axisgrid.py;tests/test_base.py,independent,seaborn/_stats/regression.py,2,a3eff2928e60880e264b0ba75ece3b38ec62b4d9609588a9211f19046b52df5b,0,True,Descriptive local Git future-history mechanism inventory; not semantic causality or survival evidence.
mwaskom__seaborn-3010,mwaskom/seaborn,[LOCAL_DRIVE]/code\repos_lite_pro\mwaskom__seaborn,0f5a013e2cf43562deec3b879458e59a73853813,mwaskom__seaborn-3010-d365,1f788201822941a3aca7fedf0bcd49d16ebc313b,365,130,67a777a54dd1064c3f9038733b1ed71c6d50a6af,Add log_scale to categorical plots (#3445),5,seaborn/_base.py;seaborn/categorical.py;seaborn/distributions.py;tests/test_base.py;tests/test_categorical.py,independent,seaborn/_stats/regression.py,2,a3eff2928e60880e264b0ba75ece3b38ec62b4d9609588a9211f19046b52df5b,0,True,Descriptive local Git future-history mechanism inventory; not semantic causality or survival evidence.
mwaskom__seaborn-3010,mwaskom/seaborn,[LOCAL_DRIVE]/code\repos_lite_pro\mwaskom__seaborn,0f5a013e2cf43562deec3b879458e59a73853813,mwaskom__seaborn-3010-d365,1f788201822941a3aca7fedf0bcd49d16ebc313b,365,131,b3e6b8d62194577deabebaa595520a13d55cf269,Update tests for matplotlib 3.8.0rc1 (#3446),3,seaborn/matrix.py;tests/_core/test_scales.py;tests/test_distributions.py,independent,seaborn/_stats/regression.py,2,a3eff2928e60880e264b0ba75ece3b38ec62b4d9609588a9211f19046b52df5b,0,True,Descriptive local Git future-history mechanism inventory; not semantic causality or survival evidence.
mwaskom__seaborn-3010,mwaskom/seaborn,[LOCAL_DRIVE]/code\repos_lite_pro\mwaskom__seaborn,0f5a013e2cf43562deec3b879458e59a73853813,mwaskom__seaborn-3010-d365,1f788201822941a3aca7fedf0bcd49d16ebc313b,365,132,9049ddd2e7676660b61fc19b88e773230f52f521,Squash a large number of warnings in the tests (#3447),11,pyproject.toml;seaborn/_base.py;seaborn/_core/plot.py;seaborn/_core/properties.py;seaborn/_stats/counting.py;seaborn/categorical.py;seaborn/distributions.py;tests/_stats/test_density.py;tests/conftest.py;tests/test_categorical.py;tests/test_distributions.py,related_same_subtree,seaborn/_stats/regression.py,2,a3eff2928e60880e264b0ba75ece3b38ec62b4d9609588a9211f19046b52df5b,0,True,Descriptive local Git future-history mechanism inventory; not semantic causality or survival evidence.
mwaskom__seaborn-3010,mwaskom/seaborn,[LOCAL_DRIVE]/code\repos_lite_pro\mwaskom__seaborn,0f5a013e2cf43562deec3b879458e59a73853813,mwaskom__seaborn-3010-d365,1f788201822941a3aca7fedf0bcd49d16ebc313b,365,133,3d3d715989d1a9cecc2b08fb23c695b6bb686754,Simplify some Plotter class method/attributes that haven't proven useful (#3449),12,seaborn/_base.py;seaborn/_decorators.py;seaborn/_marks/base.py;seaborn/axisgrid.py;seaborn/categorical.py;seaborn/distributions.py;seaborn/matrix.py;seaborn/miscplot.py;seaborn/palettes.py;seaborn/relational.py;tests/test_base.py;tests/test_decorators.py,independent,seaborn/_stats/regression.py,2,a3eff2928e60880e264b0ba75ece3b38ec62b4d9609588a9211f19046b52df5b,0,True,Descriptive local Git future-history mechanism inventory; not semantic causality or survival evidence.
mwaskom__seaborn-3010,mwaskom/seaborn,[LOCAL_DRIVE]/code\repos_lite_pro\mwaskom__seaborn,0f5a013e2cf43562deec3b879458e59a73853813,mwaskom__seaborn-3010-d365,1f788201822941a3aca7fedf0bcd49d16ebc313b,365,134,20db4d4e14f962267dd1aab3f364cbf70b20d0c1,Change get_linestyle to get_dashes for Collections (#3400),1,tests/_marks/test_line.py,test_only,seaborn/_stats/regression.py,2,a3eff2928e60880e264b0ba75ece3b38ec62b4d9609588a9211f19046b52df5b,0,True,Descriptive local Git future-history mechanism inventory; not semantic causality or survival evidence.
mwaskom__seaborn-3010,mwaskom/seaborn,[LOCAL_DRIVE]/code\repos_lite_pro\mwaskom__seaborn,0f5a013e2cf43562deec3b879458e59a73853813,mwaskom__seaborn-3010-d365,1f788201822941a3aca7fedf0bcd49d16ebc313b,365,135,07711372d1b7bdd2dd30a1546bbcd1de55232165,Ignore units= in relplot with kind='scatter' (#3451),2,seaborn/relational.py;tests/test_relational.py,independent,seaborn/_stats/regression.py,2,a3eff2928e60880e264b0ba75ece3b38ec62b4d9609588a9211f19046b52df5b,0,True,Descriptive local Git future-history mechanism inventory; not semantic causality or survival evidence.
mwaskom__seaborn-3010,mwaskom/seaborn,[LOCAL_DRIVE]/code\repos_lite_pro\mwaskom__seaborn,0f5a013e2cf43562deec3b879458e59a73853813,mwaskom__seaborn-3010-d365,1f788201822941a3aca7fedf0bcd49d16ebc313b,365,136,ce02525ef40f8291165d705343c7cda87981484a,"Deprecate accepting an array-typed palette, which is not intentional (#3452)",2,seaborn/_base.py;tests/test_base.py,independent,seaborn/_stats/regression.py,2,a3eff2928e60880e264b0ba75ece3b38ec62b4d9609588a9211f19046b52df5b,0,True,Descriptive local Git future-history mechanism inventory; not semantic causality or survival evidence.
mwaskom__seaborn-3010,mwaskom/seaborn,[LOCAL_DRIVE]/code\repos_lite_pro\mwaskom__seaborn,0f5a013e2cf43562deec3b879458e59a73853813,mwaskom__seaborn-3010-d365,1f788201822941a3aca7fedf0bcd49d16ebc313b,365,137,01fddcfa8724ff0e9aea475d9370051a0f5ef73c,Fail early with a nice message when statsmodels is needed (#3453),2,seaborn/regression.py;tests/test_regression.py,independent,seaborn/_stats/regression.py,2,a3eff2928e60880e264b0ba75ece3b38ec62b4d9609588a9211f19046b52df5b,0,True,Descriptive local Git future-history mechanism inventory; not semantic causality or survival evidence.
mwaskom__seaborn-3010,mwaskom/seaborn,[LOCAL_DRIVE]/code\repos_lite_pro\mwaskom__seaborn,0f5a013e2cf43562deec3b879458e59a73853813,mwaskom__seaborn-3010-d365,1f788201822941a3aca7fedf0bcd49d16ebc313b,365,138,0a64c1aec2ecabe8d7f9b3c616f4f793b0b74f94,Allow move_legend to overwrite the labels (#3454),2,seaborn/utils.py;tests/test_utils.py,independent,seaborn/_stats/regression.py,2,a3eff2928e60880e264b0ba75ece3b38ec62b4d9609588a9211f19046b52df5b,0,True,Descriptive local Git future-history mechanism inventory; not semantic causality or survival evidence.
mwaskom__seaborn-3010,mwaskom/seaborn,[LOCAL_DRIVE]/code\repos_lite_pro\mwaskom__seaborn,0f5a013e2cf43562deec3b879458e59a73853813,mwaskom__seaborn-3010-d365,1f788201822941a3aca7fedf0bcd49d16ebc313b,365,139,082486d8505cee37416a855da65ff6349c7259e2,"Add the concept of a ""layer legend"" to so.Plot (#3456)",5,doc/_docstrings/objects.Plot.add.ipynb;doc/_docstrings/objects.Plot.label.ipynb;seaborn/_core/plot.py;seaborn/_marks/base.py;tests/_core/test_plot.py,independent,seaborn/_stats/regression.py,2,a3eff2928e60880e264b0ba75ece3b38ec62b4d9609588a9211f19046b52df5b,0,True,Descriptive local Git future-history mechanism inventory; not semantic causality or survival evidence.
mwaskom__seaborn-3010,mwaskom/seaborn,[LOCAL_DRIVE]/code\repos_lite_pro\mwaskom__seaborn,0f5a013e2cf43562deec3b879458e59a73853813,mwaskom__seaborn-3010-d365,1f788201822941a3aca7fedf0bcd49d16ebc313b,365,140,5d530ac2423d0cc825ef66ab3c8b8563a6441281,Bump actions/checkout from 3.5.3 to 3.6.0 (#3455),1,.github/workflows/ci.yaml,infrastructure_only,seaborn/_stats/regression.py,2,a3eff2928e60880e264b0ba75ece3b38ec62b4d9609588a9211f19046b52df5b,0,True,Descriptive local Git future-history mechanism inventory; not semantic causality or survival evidence.
mwaskom__seaborn-3010,mwaskom/seaborn,[LOCAL_DRIVE]/code\repos_lite_pro\mwaskom__seaborn,0f5a013e2cf43562deec3b879458e59a73853813,mwaskom__seaborn-3010-d365,1f788201822941a3aca7fedf0bcd49d16ebc313b,365,141,74a83017fd4114c78854b492f8f1d252083f3146,Allow x=/y= to control paired scales and limits (#3458),2,seaborn/_core/plot.py;tests/_core/test_plot.py,independent,seaborn/_stats/regression.py,2,a3eff2928e60880e264b0ba75ece3b38ec62b4d9609588a9211f19046b52df5b,0,True,Descriptive local Git future-history mechanism inventory; not semantic causality or survival evidence.
mwaskom__seaborn-3010,mwaskom/seaborn,[LOCAL_DRIVE]/code\repos_lite_pro\mwaskom__seaborn,0f5a013e2cf43562deec3b879458e59a73853813,mwaskom__seaborn-3010-d365,1f788201822941a3aca7fedf0bcd49d16ebc313b,365,142,ff446eef75f87253c1e53f0e06f5307d2644ca00,Also allow Plot.label to control all paired axes (#3459),2,seaborn/_core/plot.py;tests/_core/test_plot.py,independent,seaborn/_stats/regression.py,2,a3eff2928e60880e264b0ba75ece3b38ec62b4d9609588a9211f19046b52df5b,0,True,Descriptive local Git future-history mechanism inventory; not semantic causality or survival evidence.
mwaskom__seaborn-3010,mwaskom/seaborn,[LOCAL_DRIVE]/code\repos_lite_pro\mwaskom__seaborn,0f5a013e2cf43562deec3b879458e59a73853813,mwaskom__seaborn-3010-d365,1f788201822941a3aca7fedf0bcd49d16ebc313b,365,143,e71d95b661a069e85473ad347773d35317611486,"Change categorical auto gray parameter to ""auto"", with warning (#3460)",2,seaborn/categorical.py;tests/test_categorical.py,independent,seaborn/_stats/regression.py,2,a3eff2928e60880e264b0ba75ece3b38ec62b4d9609588a9211f19046b52df5b,0,True,Descriptive local Git future-history mechanism inventory; not semantic causality or survival evidence.
mwaskom__seaborn-3010,mwaskom/seaborn,[LOCAL_DRIVE]/code\repos_lite_pro\mwaskom__seaborn,0f5a013e2cf43562deec3b879458e59a73853813,mwaskom__seaborn-3010-d365,1f788201822941a3aca7fedf0bcd49d16ebc313b,365,144,fbc44d57b34dadbea765da3ae3d52cf4fa6effbf,Improve relational/categorical legends to show non-semantic properties (#3467),9,examples/heat_scatter.py;seaborn/_base.py;seaborn/categorical.py;seaborn/relational.py;seaborn/utils.py;tests/test_axisgrid.py;tests/test_categorical.py;tests/test_relational.py;tests/test_utils.py,independent,seaborn/_stats/regression.py,2,a3eff2928e60880e264b0ba75ece3b38ec62b4d9609588a9211f19046b52df5b,0,True,Descriptive local Git future-history mechanism inventory; not semantic causality or survival evidence.
mwaskom__seaborn-3010,mwaskom/seaborn,[LOCAL_DRIVE]/code\repos_lite_pro\mwaskom__seaborn,0f5a013e2cf43562deec3b879458e59a73853813,mwaskom__seaborn-3010-d365,1f788201822941a3aca7fedf0bcd49d16ebc313b,365,145,1f788201822941a3aca7fedf0bcd49d16ebc313b,Normalize matplotlib kwargs in scatterplot / lineplot (#3483),2,seaborn/relational.py;tests/test_relational.py,independent,seaborn/_stats/regression.py,2,a3eff2928e60880e264b0ba75ece3b38ec62b4d9609588a9211f19046b52df5b,0,True,Descriptive local Git future-history mechanism inventory; not semantic causality or survival evidence.
mwaskom__seaborn-3190,mwaskom/seaborn,[LOCAL_DRIVE]/code\repos_lite_pro\mwaskom__seaborn,4a9e54962a29c12a8b103d75f838e0e795a6974d,mwaskom__seaborn-3190-d7,9b0baf65c879889489a4cce92aef552536e571eb,7,1,72710354ecc8470683e15f452ba0af841464e84a,Avoid exception from Continuous scale for normed property (#3190),3,doc/whatsnew/v0.12.2.rst;seaborn/_core/scales.py;tests/_core/test_scales.py,directly_overlapping,seaborn/_core/scales.py,0,a3eff2928e60880e264b0ba75ece3b38ec62b4d9609588a9211f19046b52df5b,0,True,Descriptive local Git future-history mechanism inventory; not semantic causality or survival evidence.
mwaskom__seaborn-3190,mwaskom/seaborn,[LOCAL_DRIVE]/code\repos_lite_pro\mwaskom__seaborn,4a9e54962a29c12a8b103d75f838e0e795a6974d,mwaskom__seaborn-3190-d7,9b0baf65c879889489a4cce92aef552536e571eb,7,2,5e565d2a1d8e155a9e54bb93d6e0fc2b310ec336,Add Boolean scale (#3205),100,doc/_docstrings/FacetGrid.ipynb;doc/_docstrings/JointGrid.ipynb;doc/_docstrings/PairGrid.ipynb;doc/_docstrings/axes_style.ipynb;doc/_docstrings/barplot.ipynb;doc/_docstrings/blend_palette.ipynb;doc/_docstrings/boxenplot.ipynb;doc/_docstrings/boxplot.ipynb;doc/_docstrings/catplot.ipynb;doc/_docstrings/clustermap.ipynb;doc/_docstrings/color_palette.ipynb;doc/_docstrings/countplot.ipynb;doc/_docstrings/cubehelix_palette.ipynb;doc/_docstrings/dark_palette.ipynb;doc/_docstrings/displot.ipynb;doc/_docstrings/diverging_palette.ipynb;doc/_docstrings/ecdfplot.ipynb;doc/_docstrings/heatmap.ipynb;doc/_docstrings/histplot.ipynb;doc/_docstrings/hls_palette.ipynb;doc/_docstrings/husl_palette.ipynb;doc/_docstrings/jointplot.ipynb;doc/_docstrings/kdeplot.ipynb;doc/_docstrings/light_palette.ipynb;doc/_docstrings/lineplot.ipynb;doc/_docstrings/lmplot.ipynb;doc/_docstrings/move_legend.ipynb;doc/_docstrings/mpl_palette.ipynb;doc/_docstrings/objects.Agg.ipynb;doc/_docstrings/objects.Area.ipynb;doc/_docstrings/objects.Band.ipynb;doc/_docstrings/objects.Bar.ipynb;doc/_docstrings/objects.Bars.ipynb;doc/_docstrings/objects.Count.ipynb;doc/_docstrings/objects.Dash.ipynb;doc/_docstrings/objects.Dodge.ipynb;doc/_docstrings/objects.Dot.ipynb;doc/_docstrings/objects.Dots.ipynb;doc/_docstrings/objects.Est.ipynb;doc/_docstrings/objects.Hist.ipynb;doc/_docstrings/objects.Jitter.ipynb;doc/_docstrings/objects.KDE.ipynb;doc/_docstrings/objects.Line.ipynb;doc/_docstrings/objects.Lines.ipynb;doc/_docstrings/objects.Norm.ipynb;doc/_docstrings/objects.Path.ipynb;doc/_docstrings/objects.Paths.ipynb;doc/_docstrings/objects.Perc.ipynb;doc/_docstrings/objects.Plot.add.ipynb;doc/_docstrings/objects.Plot.facet.ipynb;doc/_docstrings/objects.Plot.label.ipynb;doc/_docstrings/objects.Plot.layout.ipynb;doc/_docstrings/objects.Plot.limit.ipynb;doc/_docstrings/objects.Plot.on.ipynb;doc/_docstrings/objects.Plot.pair.ipynb;doc/_docstrings/objects.Plot.scale.ipynb;doc/_docstrings/objects.Plot.share.ipynb;doc/_docstrings/objects.Plot.theme.ipynb;doc/_docstrings/objects.Range.ipynb;doc/_docstrings/objects.Shift.ipynb;doc/_docstrings/objects.Stack.ipynb;doc/_docstrings/objects.Text.ipynb;doc/_docstrings/pairplot.ipynb;doc/_docstrings/plotting_context.ipynb;doc/_docstrings/pointplot.ipynb;doc/_docstrings/regplot.ipynb;doc/_docstrings/relplot.ipynb;doc/_docstrings/residplot.ipynb;doc/_docstrings/rugplot.ipynb;doc/_docstrings/scatterplot.ipynb;doc/_docstrings/set_context.ipynb;doc/_docstrings/set_style.ipynb;doc/_docstrings/set_theme.ipynb;doc/_docstrings/stripplot.ipynb;doc/_docstrings/swarmplot.ipynb;doc/_docstrings/violinplot.ipynb;doc/_tutorial/aesthetics.ipynb;doc/_tutorial/axis_grids.ipynb;doc/_tutorial/categorical.ipynb;doc/_tutorial/color_palettes.ipynb;doc/_tutorial/data_structure.ipynb;doc/_tutorial/distributions.ipynb;doc/_tutorial/error_bars.ipynb;doc/_tutorial/function_overview.ipynb;doc/_tutorial/introduction.ipynb;doc/_tutorial/objects_interface.ipynb;doc/_tutorial/properties.ipynb;doc/_tutorial/regression.ipynb;doc/_tutorial/relational.ipynb;doc/api.rst;doc/whatsnew/index.rst;doc/whatsnew/v0.12.2.rst;seaborn/_core/plot.py;seaborn/_core/properties.py;seaborn/_core/rules.py;seaborn/_core/scales.py;seaborn/objects.py;tests/_core/test_properties.py;tests/_core/test_rules.py;tests/_core/test_scales.py,directly_overlapping,seaborn/_core/scales.py,0,a3eff2928e60880e264b0ba75ece3b38ec62b4d9609588a9211f19046b52df5b,0,True,Descriptive local Git future-history mechanism inventory; not semantic causality or survival evidence.
mwaskom__seaborn-3190,mwaskom/seaborn,[LOCAL_DRIVE]/code\repos_lite_pro\mwaskom__seaborn,4a9e54962a29c12a8b103d75f838e0e795a6974d,mwaskom__seaborn-3190-d7,9b0baf65c879889489a4cce92aef552536e571eb,7,3,bf9fcb307533fad2031ab556f5f0e896bbc31e8d,Explicitly set inline backend when building docs from notebooks,2,doc/_docstrings/Makefile;doc/_tutorial/Makefile,infrastructure_only,seaborn/_core/scales.py,0,a3eff2928e60880e264b0ba75ece3b38ec62b4d9609588a9211f19046b52df5b,0,True,Descriptive local Git future-history mechanism inventory; not semantic causality or survival evidence.
mwaskom__seaborn-3190,mwaskom/seaborn,[LOCAL_DRIVE]/code\repos_lite_pro\mwaskom__seaborn,4a9e54962a29c12a8b103d75f838e0e795a6974d,mwaskom__seaborn-3190-d7,9b0baf65c879889489a4cce92aef552536e571eb,7,4,0f5182ee01d28f2daeee805c7d4deb4a05b30bf0,Fix issue when an empty palette is provided for an empty dataset (#3136),2,seaborn/categorical.py;tests/test_categorical.py,independent,seaborn/_core/scales.py,0,a3eff2928e60880e264b0ba75ece3b38ec62b4d9609588a9211f19046b52df5b,0,True,Descriptive local Git future-history mechanism inventory; not semantic causality or survival evidence.
mwaskom__seaborn-3190,mwaskom/seaborn,[LOCAL_DRIVE]/code\repos_lite_pro\mwaskom__seaborn,4a9e54962a29c12a8b103d75f838e0e795a6974d,mwaskom__seaborn-3190-d7,9b0baf65c879889489a4cce92aef552536e571eb,7,5,10c3ed87a42bcaed74b115252eeb4b88ebc1597f,Finalize v0.12.2 release notes,1,doc/whatsnew/v0.12.2.rst,infrastructure_only,seaborn/_core/scales.py,2,a3eff2928e60880e264b0ba75ece3b38ec62b4d9609588a9211f19046b52df5b,0,True,Descriptive local Git future-history mechanism inventory; not semantic causality or survival evidence.
mwaskom__seaborn-3190,mwaskom/seaborn,[LOCAL_DRIVE]/code\repos_lite_pro\mwaskom__seaborn,4a9e54962a29c12a8b103d75f838e0e795a6974d,mwaskom__seaborn-3190-d7,9b0baf65c879889489a4cce92aef552536e571eb,7,6,fd09815eed491edad014c88aea814396d3e3ded2,Bump version for 0.13.0 dev,1,seaborn/__init__.py,independent,seaborn/_core/scales.py,2,a3eff2928e60880e264b0ba75ece3b38ec62b4d9609588a9211f19046b52df5b,0,True,Descriptive local Git future-history mechanism inventory; not semantic causality or survival evidence.
mwaskom__seaborn-3190,mwaskom/seaborn,[LOCAL_DRIVE]/code\repos_lite_pro\mwaskom__seaborn,4a9e54962a29c12a8b103d75f838e0e795a6974d,mwaskom__seaborn-3190-d7,9b0baf65c879889489a4cce92aef552536e571eb,7,7,7b70380829417c82478e9c67efc7cd1e5f1b8cb1,Increase minimally-supported versions of Python and dependencies (#3208),5,.github/workflows/ci.yaml;ci/deps_pinned.txt;pyproject.toml;seaborn/_core/rules.py;tests/_core/test_plot.py,related_same_subtree,seaborn/_core/scales.py,2,a3eff2928e60880e264b0ba75ece3b38ec62b4d9609588a9211f19046b52df5b,0,True,Descriptive local Git future-history mechanism inventory; not semantic causality or survival evidence.
mwaskom__seaborn-3190,mwaskom/seaborn,[LOCAL_DRIVE]/code\repos_lite_pro\mwaskom__seaborn,4a9e54962a29c12a8b103d75f838e0e795a6974d,mwaskom__seaborn-3190-d7,9b0baf65c879889489a4cce92aef552536e571eb,7,8,29daaf3aee256926ef242d5b5fa1f2996fd1f687,Add helper function for consistent backcompat gates (#3209),18,seaborn/_compat.py;seaborn/_core/plot.py;seaborn/_marks/bar.py;seaborn/_marks/line.py;seaborn/_oldcore.py;seaborn/_stats/order.py;seaborn/utils.py;tests/_core/test_plot.py;tests/_core/test_properties.py;tests/_core/test_rules.py;tests/_core/test_scales.py;tests/_stats/test_order.py;tests/test_algorithms.py;tests/test_categorical.py;tests/test_distributions.py;tests/test_regression.py;tests/test_relational.py;tests/test_utils.py,related_same_subtree,seaborn/_core/scales.py,2,a3eff2928e60880e264b0ba75ece3b38ec62b4d9609588a9211f19046b52df5b,0,True,Descriptive local Git future-history mechanism inventory; not semantic causality or survival evidence.
mwaskom__seaborn-3190,mwaskom/seaborn,[LOCAL_DRIVE]/code\repos_lite_pro\mwaskom__seaborn,4a9e54962a29c12a8b103d75f838e0e795a6974d,mwaskom__seaborn-3190-d7,9b0baf65c879889489a4cce92aef552536e571eb,7,9,557b0d29cdeae9703576f4bb0eb73dd997a1e4a4,Remove dead code branches after minimal dependency bumps (#3210),13,seaborn/_compat.py;seaborn/_marks/line.py;seaborn/_oldcore.py;seaborn/algorithms.py;seaborn/utils.py;tests/_core/test_plot.py;tests/_core/test_rules.py;tests/_core/test_scales.py;tests/test_algorithms.py;tests/test_categorical.py;tests/test_distributions.py;tests/test_relational.py;tests/test_utils.py,independent,seaborn/_core/scales.py,2,a3eff2928e60880e264b0ba75ece3b38ec62b4d9609588a9211f19046b52df5b,0,True,Descriptive local Git future-history mechanism inventory; not semantic causality or survival evidence.
mwaskom__seaborn-3190,mwaskom/seaborn,[LOCAL_DRIVE]/code\repos_lite_pro\mwaskom__seaborn,4a9e54962a29c12a8b103d75f838e0e795a6974d,mwaskom__seaborn-3190-d7,9b0baf65c879889489a4cce92aef552536e571eb,7,10,9b0baf65c879889489a4cce92aef552536e571eb,Fix Continuous.label(like=) documentation (fixes #3213),1,seaborn/_core/scales.py,directly_overlapping,seaborn/_core/scales.py,2,a3eff2928e60880e264b0ba75ece3b38ec62b4d9609588a9211f19046b52df5b,0,True,Descriptive local Git future-history mechanism inventory; not semantic causality or survival evidence.
mwaskom__seaborn-3190,mwaskom/seaborn,[LOCAL_DRIVE]/code\repos_lite_pro\mwaskom__seaborn,4a9e54962a29c12a8b103d75f838e0e795a6974d,mwaskom__seaborn-3190-d30,0ebc82e8580caab55eb7af1f66220eab6654af97,30,1,72710354ecc8470683e15f452ba0af841464e84a,Avoid exception from Continuous scale for normed property (#3190),3,doc/whatsnew/v0.12.2.rst;seaborn/_core/scales.py;tests/_core/test_scales.py,directly_overlapping,seaborn/_core/scales.py,0,a3eff2928e60880e264b0ba75ece3b38ec62b4d9609588a9211f19046b52df5b,0,True,Descriptive local Git future-history mechanism inventory; not semantic causality or survival evidence.
mwaskom__seaborn-3190,mwaskom/seaborn,[LOCAL_DRIVE]/code\repos_lite_pro\mwaskom__seaborn,4a9e54962a29c12a8b103d75f838e0e795a6974d,mwaskom__seaborn-3190-d30,0ebc82e8580caab55eb7af1f66220eab6654af97,30,2,5e565d2a1d8e155a9e54bb93d6e0fc2b310ec336,Add Boolean scale (#3205),100,doc/_docstrings/FacetGrid.ipynb;doc/_docstrings/JointGrid.ipynb;doc/_docstrings/PairGrid.ipynb;doc/_docstrings/axes_style.ipynb;doc/_docstrings/barplot.ipynb;doc/_docstrings/blend_palette.ipynb;doc/_docstrings/boxenplot.ipynb;doc/_docstrings/boxplot.ipynb;doc/_docstrings/catplot.ipynb;doc/_docstrings/clustermap.ipynb;doc/_docstrings/color_palette.ipynb;doc/_docstrings/countplot.ipynb;doc/_docstrings/cubehelix_palette.ipynb;doc/_docstrings/dark_palette.ipynb;doc/_docstrings/displot.ipynb;doc/_docstrings/diverging_palette.ipynb;doc/_docstrings/ecdfplot.ipynb;doc/_docstrings/heatmap.ipynb;doc/_docstrings/histplot.ipynb;doc/_docstrings/hls_palette.ipynb;doc/_docstrings/husl_palette.ipynb;doc/_docstrings/jointplot.ipynb;doc/_docstrings/kdeplot.ipynb;doc/_docstrings/light_palette.ipynb;doc/_docstrings/lineplot.ipynb;doc/_docstrings/lmplot.ipynb;doc/_docstrings/move_legend.ipynb;doc/_docstrings/mpl_palette.ipynb;doc/_docstrings/objects.Agg.ipynb;doc/_docstrings/objects.Area.ipynb;doc/_docstrings/objects.Band.ipynb;doc/_docstrings/objects.Bar.ipynb;doc/_docstrings/objects.Bars.ipynb;doc/_docstrings/objects.Count.ipynb;doc/_docstrings/objects.Dash.ipynb;doc/_docstrings/objects.Dodge.ipynb;doc/_docstrings/objects.Dot.ipynb;doc/_docstrings/objects.Dots.ipynb;doc/_docstrings/objects.Est.ipynb;doc/_docstrings/objects.Hist.ipynb;doc/_docstrings/objects.Jitter.ipynb;doc/_docstrings/objects.KDE.ipynb;doc/_docstrings/objects.Line.ipynb;doc/_docstrings/objects.Lines.ipynb;doc/_docstrings/objects.Norm.ipynb;doc/_docstrings/objects.Path.ipynb;doc/_docstrings/objects.Paths.ipynb;doc/_docstrings/objects.Perc.ipynb;doc/_docstrings/objects.Plot.add.ipynb;doc/_docstrings/objects.Plot.facet.ipynb;doc/_docstrings/objects.Plot.label.ipynb;doc/_docstrings/objects.Plot.layout.ipynb;doc/_docstrings/objects.Plot.limit.ipynb;doc/_docstrings/objects.Plot.on.ipynb;doc/_docstrings/objects.Plot.pair.ipynb;doc/_docstrings/objects.Plot.scale.ipynb;doc/_docstrings/objects.Plot.share.ipynb;doc/_docstrings/objects.Plot.theme.ipynb;doc/_docstrings/objects.Range.ipynb;doc/_docstrings/objects.Shift.ipynb;doc/_docstrings/objects.Stack.ipynb;doc/_docstrings/objects.Text.ipynb;doc/_docstrings/pairplot.ipynb;doc/_docstrings/plotting_context.ipynb;doc/_docstrings/pointplot.ipynb;doc/_docstrings/regplot.ipynb;doc/_docstrings/relplot.ipynb;doc/_docstrings/residplot.ipynb;doc/_docstrings/rugplot.ipynb;doc/_docstrings/scatterplot.ipynb;doc/_docstrings/set_context.ipynb;doc/_docstrings/set_style.ipynb;doc/_docstrings/set_theme.ipynb;doc/_docstrings/stripplot.ipynb;doc/_docstrings/swarmplot.ipynb;doc/_docstrings/violinplot.ipynb;doc/_tutorial/aesthetics.ipynb;doc/_tutorial/axis_grids.ipynb;doc/_tutorial/categorical.ipynb;doc/_tutorial/color_palettes.ipynb;doc/_tutorial/data_structure.ipynb;doc/_tutorial/distributions.ipynb;doc/_tutorial/error_bars.ipynb;doc/_tutorial/function_overview.ipynb;doc/_tutorial/introduction.ipynb;doc/_tutorial/objects_interface.ipynb;doc/_tutorial/properties.ipynb;doc/_tutorial/regression.ipynb;doc/_tutorial/relational.ipynb;doc/api.rst;doc/whatsnew/index.rst;doc/whatsnew/v0.12.2.rst;seaborn/_core/plot.py;seaborn/_core/properties.py;seaborn/_core/rules.py;seaborn/_core/scales.py;seaborn/objects.py;tests/_core/test_properties.py;tests/_core/test_rules.py;tests/_core/test_scales.py,directly_overlapping,seaborn/_core/scales.py,0,a3eff2928e60880e264b0ba75ece3b38ec62b4d9609588a9211f19046b52df5b,0,True,Descriptive local Git future-history mechanism inventory; not semantic causality or survival evidence.
mwaskom__seaborn-3190,mwaskom/seaborn,[LOCAL_DRIVE]/code\repos_lite_pro\mwaskom__seaborn,4a9e54962a29c12a8b103d75f838e0e795a6974d,mwaskom__seaborn-3190-d30,0ebc82e8580caab55eb7af1f66220eab6654af97,30,3,bf9fcb307533fad2031ab556f5f0e896bbc31e8d,Explicitly set inline backend when building docs from notebooks,2,doc/_docstrings/Makefile;doc/_tutorial/Makefile,infrastructure_only,seaborn/_core/scales.py,0,a3eff2928e60880e264b0ba75ece3b38ec62b4d9609588a9211f19046b52df5b,0,True,Descriptive local Git future-history mechanism inventory; not semantic causality or survival evidence.
mwaskom__seaborn-3190,mwaskom/seaborn,[LOCAL_DRIVE]/code\repos_lite_pro\mwaskom__seaborn,4a9e54962a29c12a8b103d75f838e0e795a6974d,mwaskom__seaborn-3190-d30,0ebc82e8580caab55eb7af1f66220eab6654af97,30,4,0f5182ee01d28f2daeee805c7d4deb4a05b30bf0,Fix issue when an empty palette is provided for an empty dataset (#3136),2,seaborn/categorical.py;tests/test_categorical.py,independent,seaborn/_core/scales.py,0,a3eff2928e60880e264b0ba75ece3b38ec62b4d9609588a9211f19046b52df5b,0,True,Descriptive local Git future-history mechanism inventory; not semantic causality or survival evidence.
mwaskom__seaborn-3190,mwaskom/seaborn,[LOCAL_DRIVE]/code\repos_lite_pro\mwaskom__seaborn,4a9e54962a29c12a8b103d75f838e0e795a6974d,mwaskom__seaborn-3190-d30,0ebc82e8580caab55eb7af1f66220eab6654af97,30,5,10c3ed87a42bcaed74b115252eeb4b88ebc1597f,Finalize v0.12.2 release notes,1,doc/whatsnew/v0.12.2.rst,infrastructure_only,seaborn/_core/scales.py,2,a3eff2928e60880e264b0ba75ece3b38ec62b4d9609588a9211f19046b52df5b,0,True,Descriptive local Git future-history mechanism inventory; not semantic causality or survival evidence.
mwaskom__seaborn-3190,mwaskom/seaborn,[LOCAL_DRIVE]/code\repos_lite_pro\mwaskom__seaborn,4a9e54962a29c12a8b103d75f838e0e795a6974d,mwaskom__seaborn-3190-d30,0ebc82e8580caab55eb7af1f66220eab6654af97,30,6,fd09815eed491edad014c88aea814396d3e3ded2,Bump version for 0.13.0 dev,1,seaborn/__init__.py,independent,seaborn/_core/scales.py,2,a3eff2928e60880e264b0ba75ece3b38ec62b4d9609588a9211f19046b52df5b,0,True,Descriptive local Git future-history mechanism inventory; not semantic causality or survival evidence.
mwaskom__seaborn-3190,mwaskom/seaborn,[LOCAL_DRIVE]/code\repos_lite_pro\mwaskom__seaborn,4a9e54962a29c12a8b103d75f838e0e795a6974d,mwaskom__seaborn-3190-d30,0ebc82e8580caab55eb7af1f66220eab6654af97,30,7,7b70380829417c82478e9c67efc7cd1e5f1b8cb1,Increase minimally-supported versions of Python and dependencies (#3208),5,.github/workflows/ci.yaml;ci/deps_pinned.txt;pyproject.toml;seaborn/_core/rules.py;tests/_core/test_plot.py,related_same_subtree,seaborn/_core/scales.py,2,a3eff2928e60880e264b0ba75ece3b38ec62b4d9609588a9211f19046b52df5b,0,True,Descriptive local Git future-history mechanism inventory; not semantic causality or survival evidence.
mwaskom__seaborn-3190,mwaskom/seaborn,[LOCAL_DRIVE]/code\repos_lite_pro\mwaskom__seaborn,4a9e54962a29c12a8b103d75f838e0e795a6974d,mwaskom__seaborn-3190-d30,0ebc82e8580caab55eb7af1f66220eab6654af97,30,8,29daaf3aee256926ef242d5b5fa1f2996fd1f687,Add helper function for consistent backcompat gates (#3209),18,seaborn/_compat.py;seaborn/_core/plot.py;seaborn/_marks/bar.py;seaborn/_marks/line.py;seaborn/_oldcore.py;seaborn/_stats/order.py;seaborn/utils.py;tests/_core/test_plot.py;tests/_core/test_properties.py;tests/_core/test_rules.py;tests/_core/test_scales.py;tests/_stats/test_order.py;tests/test_algorithms.py;tests/test_categorical.py;tests/test_distributions.py;tests/test_regression.py;tests/test_relational.py;tests/test_utils.py,related_same_subtree,seaborn/_core/scales.py,2,a3eff2928e60880e264b0ba75ece3b38ec62b4d9609588a9211f19046b52df5b,0,True,Descriptive local Git future-history mechanism inventory; not semantic causality or survival evidence.
mwaskom__seaborn-3190,mwaskom/seaborn,[LOCAL_DRIVE]/code\repos_lite_pro\mwaskom__seaborn,4a9e54962a29c12a8b103d75f838e0e795a6974d,mwaskom__seaborn-3190-d30,0ebc82e8580caab55eb7af1f66220eab6654af97,30,9,557b0d29cdeae9703576f4bb0eb73dd997a1e4a4,Remove dead code branches after minimal dependency bumps (#3210),13,seaborn/_compat.py;seaborn/_marks/line.py;seaborn/_oldcore.py;seaborn/algorithms.py;seaborn/utils.py;tests/_core/test_plot.py;tests/_core/test_rules.py;tests/_core/test_scales.py;tests/test_algorithms.py;tests/test_categorical.py;tests/test_distributions.py;tests/test_relational.py;tests/test_utils.py,independent,seaborn/_core/scales.py,2,a3eff2928e60880e264b0ba75ece3b38ec62b4d9609588a9211f19046b52df5b,0,True,Descriptive local Git future-history mechanism inventory; not semantic causality or survival evidence.
mwaskom__seaborn-3190,mwaskom/seaborn,[LOCAL_DRIVE]/code\repos_lite_pro\mwaskom__seaborn,4a9e54962a29c12a8b103d75f838e0e795a6974d,mwaskom__seaborn-3190-d30,0ebc82e8580caab55eb7af1f66220eab6654af97,30,10,9b0baf65c879889489a4cce92aef552536e571eb,Fix Continuous.label(like=) documentation (fixes #3213),1,seaborn/_core/scales.py,directly_overlapping,seaborn/_core/scales.py,2,a3eff2928e60880e264b0ba75ece3b38ec62b4d9609588a9211f19046b52df5b,0,True,Descriptive local Git future-history mechanism inventory; not semantic causality or survival evidence.
mwaskom__seaborn-3190,mwaskom/seaborn,[LOCAL_DRIVE]/code\repos_lite_pro\mwaskom__seaborn,4a9e54962a29c12a8b103d75f838e0e795a6974d,mwaskom__seaborn-3190-d30,0ebc82e8580caab55eb7af1f66220eab6654af97,30,11,623b0b723c671e99f04e8ababf19adc563f30168,Fix layout engine parameterization when using Plot.on (#3216),3,seaborn/_compat.py;seaborn/_core/plot.py;tests/_core/test_plot.py,related_same_subtree,seaborn/_core/scales.py,2,a3eff2928e60880e264b0ba75ece3b38ec62b4d9609588a9211f19046b52df5b,0,True,Descriptive local Git future-history mechanism inventory; not semantic causality or survival evidence.
mwaskom__seaborn-3190,mwaskom/seaborn,[LOCAL_DRIVE]/code\repos_lite_pro\mwaskom__seaborn,4a9e54962a29c12a8b103d75f838e0e795a6974d,mwaskom__seaborn-3190-d30,0ebc82e8580caab55eb7af1f66220eab6654af97,30,12,dce8afd4a7d4145b04d897bf5ad61a72c99d624e,Update references to minimal supported Python version,2,README.md;doc/installing.rst,infrastructure_only,seaborn/_core/scales.py,2,a3eff2928e60880e264b0ba75ece3b38ec62b4d9609588a9211f19046b52df5b,0,True,Descriptive local Git future-history mechanism inventory; not semantic causality or survival evidence.
mwaskom__seaborn-3190,mwaskom/seaborn,[LOCAL_DRIVE]/code\repos_lite_pro\mwaskom__seaborn,4a9e54962a29c12a8b103d75f838e0e795a6974d,mwaskom__seaborn-3190-d30,0ebc82e8580caab55eb7af1f66220eab6654af97,30,13,a47b97e4b98c809db55cbd283de21acba89fe186,Add default theme configuration to Plot (#3223),6,doc/_docstrings/objects.Plot.config.ipynb;doc/_docstrings/objects.Plot.theme.ipynb;doc/_templates/autosummary/plot.rst;doc/_tutorial/objects_interface.ipynb;seaborn/_core/plot.py;tests/_core/test_plot.py,related_same_subtree,seaborn/_core/scales.py,2,a3eff2928e60880e264b0ba75ece3b38ec62b4d9609588a9211f19046b52df5b,0,True,Descriptive local Git future-history mechanism inventory; not semantic causality or survival evidence.
mwaskom__seaborn-3190,mwaskom/seaborn,[LOCAL_DRIVE]/code\repos_lite_pro\mwaskom__seaborn,4a9e54962a29c12a8b103d75f838e0e795a6974d,mwaskom__seaborn-3190-d30,0ebc82e8580caab55eb7af1f66220eab6654af97,30,14,e75e303b747ebb9b573d0ddfbd08a141f305d373,"Add notebook display configuration for Plot, including SVG output (#3225)",3,doc/_docstrings/objects.Plot.config.ipynb;seaborn/_core/plot.py;tests/_core/test_plot.py,related_same_subtree,seaborn/_core/scales.py,2,a3eff2928e60880e264b0ba75ece3b38ec62b4d9609588a9211f19046b52df5b,0,True,Descriptive local Git future-history mechanism inventory; not semantic causality or survival evidence.
mwaskom__seaborn-3190,mwaskom/seaborn,[LOCAL_DRIVE]/code\repos_lite_pro\mwaskom__seaborn,4a9e54962a29c12a8b103d75f838e0e795a6974d,mwaskom__seaborn-3190-d30,0ebc82e8580caab55eb7af1f66220eab6654af97,30,15,72faf27f440522fa558df33258ae9b4ea59e161f,Fix Bar(s) width on nonlinear scale (#3217),3,seaborn/_core/plot.py;seaborn/_marks/bar.py;tests/_marks/test_bar.py,related_same_subtree,seaborn/_core/scales.py,2,a3eff2928e60880e264b0ba75ece3b38ec62b4d9609588a9211f19046b52df5b,0,True,Descriptive local Git future-history mechanism inventory; not semantic causality or survival evidence.
mwaskom__seaborn-3190,mwaskom/seaborn,[LOCAL_DRIVE]/code\repos_lite_pro\mwaskom__seaborn,4a9e54962a29c12a8b103d75f838e0e795a6974d,mwaskom__seaborn-3190-d30,0ebc82e8580caab55eb7af1f66220eab6654af97,30,16,db7ae11750fc2dfb695457239708448d54e9b8cd,Update test to reflect change in matplotlib 3.7 (#3236),1,tests/test_axisgrid.py,test_only,seaborn/_core/scales.py,2,a3eff2928e60880e264b0ba75ece3b38ec62b4d9609588a9211f19046b52df5b,0,True,Descriptive local Git future-history mechanism inventory; not semantic causality or survival evidence.
mwaskom__seaborn-3190,mwaskom/seaborn,[LOCAL_DRIVE]/code\repos_lite_pro\mwaskom__seaborn,4a9e54962a29c12a8b103d75f838e0e795a6974d,mwaskom__seaborn-3190-d30,0ebc82e8580caab55eb7af1f66220eab6654af97,30,17,0ebc82e8580caab55eb7af1f66220eab6654af97,Document weights parameter in displot docstring,1,seaborn/distributions.py,independent,seaborn/_core/scales.py,2,a3eff2928e60880e264b0ba75ece3b38ec62b4d9609588a9211f19046b52df5b,0,True,Descriptive local Git future-history mechanism inventory; not semantic causality or survival evidence.
mwaskom__seaborn-3190,mwaskom/seaborn,[LOCAL_DRIVE]/code\repos_lite_pro\mwaskom__seaborn,4a9e54962a29c12a8b103d75f838e0e795a6974d,mwaskom__seaborn-3190-d90,bd480f6280007b2ae6910ce4ee689f213f7a7e10,90,1,72710354ecc8470683e15f452ba0af841464e84a,Avoid exception from Continuous scale for normed property (#3190),3,doc/whatsnew/v0.12.2.rst;seaborn/_core/scales.py;tests/_core/test_scales.py,directly_overlapping,seaborn/_core/scales.py,0,a3eff2928e60880e264b0ba75ece3b38ec62b4d9609588a9211f19046b52df5b,0,True,Descriptive local Git future-history mechanism inventory; not semantic causality or survival evidence.
mwaskom__seaborn-3190,mwaskom/seaborn,[LOCAL_DRIVE]/code\repos_lite_pro\mwaskom__seaborn,4a9e54962a29c12a8b103d75f838e0e795a6974d,mwaskom__seaborn-3190-d90,bd480f6280007b2ae6910ce4ee689f213f7a7e10,90,2,5e565d2a1d8e155a9e54bb93d6e0fc2b310ec336,Add Boolean scale (#3205),100,doc/_docstrings/FacetGrid.ipynb;doc/_docstrings/JointGrid.ipynb;doc/_docstrings/PairGrid.ipynb;doc/_docstrings/axes_style.ipynb;doc/_docstrings/barplot.ipynb;doc/_docstrings/blend_palette.ipynb;doc/_docstrings/boxenplot.ipynb;doc/_docstrings/boxplot.ipynb;doc/_docstrings/catplot.ipynb;doc/_docstrings/clustermap.ipynb;doc/_docstrings/color_palette.ipynb;doc/_docstrings/countplot.ipynb;doc/_docstrings/cubehelix_palette.ipynb;doc/_docstrings/dark_palette.ipynb;doc/_docstrings/displot.ipynb;doc/_docstrings/diverging_palette.ipynb;doc/_docstrings/ecdfplot.ipynb;doc/_docstrings/heatmap.ipynb;doc/_docstrings/histplot.ipynb;doc/_docstrings/hls_palette.ipynb;doc/_docstrings/husl_palette.ipynb;doc/_docstrings/jointplot.ipynb;doc/_docstrings/kdeplot.ipynb;doc/_docstrings/light_palette.ipynb;doc/_docstrings/lineplot.ipynb;doc/_docstrings/lmplot.ipynb;doc/_docstrings/move_legend.ipynb;doc/_docstrings/mpl_palette.ipynb;doc/_docstrings/objects.Agg.ipynb;doc/_docstrings/objects.Area.ipynb;doc/_docstrings/objects.Band.ipynb;doc/_docstrings/objects.Bar.ipynb;doc/_docstrings/objects.Bars.ipynb;doc/_docstrings/objects.Count.ipynb;doc/_docstrings/objects.Dash.ipynb;doc/_docstrings/objects.Dodge.ipynb;doc/_docstrings/objects.Dot.ipynb;doc/_docstrings/objects.Dots.ipynb;doc/_docstrings/objects.Est.ipynb;doc/_docstrings/objects.Hist.ipynb;doc/_docstrings/objects.Jitter.ipynb;doc/_docstrings/objects.KDE.ipynb;doc/_docstrings/objects.Line.ipynb;doc/_docstrings/objects.Lines.ipynb;doc/_docstrings/objects.Norm.ipynb;doc/_docstrings/objects.Path.ipynb;doc/_docstrings/objects.Paths.ipynb;doc/_docstrings/objects.Perc.ipynb;doc/_docstrings/objects.Plot.add.ipynb;doc/_docstrings/objects.Plot.facet.ipynb;doc/_docstrings/objects.Plot.label.ipynb;doc/_docstrings/objects.Plot.layout.ipynb;doc/_docstrings/objects.Plot.limit.ipynb;doc/_docstrings/objects.Plot.on.ipynb;doc/_docstrings/objects.Plot.pair.ipynb;doc/_docstrings/objects.Plot.scale.ipynb;doc/_docstrings/objects.Plot.share.ipynb;doc/_docstrings/objects.Plot.theme.ipynb;doc/_docstrings/objects.Range.ipynb;doc/_docstrings/objects.Shift.ipynb;doc/_docstrings/objects.Stack.ipynb;doc/_docstrings/objects.Text.ipynb;doc/_docstrings/pairplot.ipynb;doc/_docstrings/plotting_context.ipynb;doc/_docstrings/pointplot.ipynb;doc/_docstrings/regplot.ipynb;doc/_docstrings/relplot.ipynb;doc/_docstrings/residplot.ipynb;doc/_docstrings/rugplot.ipynb;doc/_docstrings/scatterplot.ipynb;doc/_docstrings/set_context.ipynb;doc/_docstrings/set_style.ipynb;doc/_docstrings/set_theme.ipynb;doc/_docstrings/stripplot.ipynb;doc/_docstrings/swarmplot.ipynb;doc/_docstrings/violinplot.ipynb;doc/_tutorial/aesthetics.ipynb;doc/_tutorial/axis_grids.ipynb;doc/_tutorial/categorical.ipynb;doc/_tutorial/color_palettes.ipynb;doc/_tutorial/data_structure.ipynb;doc/_tutorial/distributions.ipynb;doc/_tutorial/error_bars.ipynb;doc/_tutorial/function_overview.ipynb;doc/_tutorial/introduction.ipynb;doc/_tutorial/objects_interface.ipynb;doc/_tutorial/properties.ipynb;doc/_tutorial/regression.ipynb;doc/_tutorial/relational.ipynb;doc/api.rst;doc/whatsnew/index.rst;doc/whatsnew/v0.12.2.rst;seaborn/_core/plot.py;seaborn/_core/properties.py;seaborn/_core/rules.py;seaborn/_core/scales.py;seaborn/objects.py;tests/_core/test_properties.py;tests/_core/test_rules.py;tests/_core/test_scales.py,directly_overlapping,seaborn/_core/scales.py,0,a3eff2928e60880e264b0ba75ece3b38ec62b4d9609588a9211f19046b52df5b,0,True,Descriptive local Git future-history mechanism inventory; not semantic causality or survival evidence.
mwaskom__seaborn-3190,mwaskom/seaborn,[LOCAL_DRIVE]/code\repos_lite_pro\mwaskom__seaborn,4a9e54962a29c12a8b103d75f838e0e795a6974d,mwaskom__seaborn-3190-d90,bd480f6280007b2ae6910ce4ee689f213f7a7e10,90,3,bf9fcb307533fad2031ab556f5f0e896bbc31e8d,Explicitly set inline backend when building docs from notebooks,2,doc/_docstrings/Makefile;doc/_tutorial/Makefile,infrastructure_only,seaborn/_core/scales.py,0,a3eff2928e60880e264b0ba75ece3b38ec62b4d9609588a9211f19046b52df5b,0,True,Descriptive local Git future-history mechanism inventory; not semantic causality or survival evidence.
mwaskom__seaborn-3190,mwaskom/seaborn,[LOCAL_DRIVE]/code\repos_lite_pro\mwaskom__seaborn,4a9e54962a29c12a8b103d75f838e0e795a6974d,mwaskom__seaborn-3190-d90,bd480f6280007b2ae6910ce4ee689f213f7a7e10,90,4,0f5182ee01d28f2daeee805c7d4deb4a05b30bf0,Fix issue when an empty palette is provided for an empty dataset (#3136),2,seaborn/categorical.py;tests/test_categorical.py,independent,seaborn/_core/scales.py,0,a3eff2928e60880e264b0ba75ece3b38ec62b4d9609588a9211f19046b52df5b,0,True,Descriptive local Git future-history mechanism inventory; not semantic causality or survival evidence.
mwaskom__seaborn-3190,mwaskom/seaborn,[LOCAL_DRIVE]/code\repos_lite_pro\mwaskom__seaborn,4a9e54962a29c12a8b103d75f838e0e795a6974d,mwaskom__seaborn-3190-d90,bd480f6280007b2ae6910ce4ee689f213f7a7e10,90,5,10c3ed87a42bcaed74b115252eeb4b88ebc1597f,Finalize v0.12.2 release notes,1,doc/whatsnew/v0.12.2.rst,infrastructure_only,seaborn/_core/scales.py,2,a3eff2928e60880e264b0ba75ece3b38ec62b4d9609588a9211f19046b52df5b,0,True,Descriptive local Git future-history mechanism inventory; not semantic causality or survival evidence.
mwaskom__seaborn-3190,mwaskom/seaborn,[LOCAL_DRIVE]/code\repos_lite_pro\mwaskom__seaborn,4a9e54962a29c12a8b103d75f838e0e795a6974d,mwaskom__seaborn-3190-d90,bd480f6280007b2ae6910ce4ee689f213f7a7e10,90,6,fd09815eed491edad014c88aea814396d3e3ded2,Bump version for 0.13.0 dev,1,seaborn/__init__.py,independent,seaborn/_core/scales.py,2,a3eff2928e60880e264b0ba75ece3b38ec62b4d9609588a9211f19046b52df5b,0,True,Descriptive local Git future-history mechanism inventory; not semantic causality or survival evidence.
mwaskom__seaborn-3190,mwaskom/seaborn,[LOCAL_DRIVE]/code\repos_lite_pro\mwaskom__seaborn,4a9e54962a29c12a8b103d75f838e0e795a6974d,mwaskom__seaborn-3190-d90,bd480f6280007b2ae6910ce4ee689f213f7a7e10,90,7,7b70380829417c82478e9c67efc7cd1e5f1b8cb1,Increase minimally-supported versions of Python and dependencies (#3208),5,.github/workflows/ci.yaml;ci/deps_pinned.txt;pyproject.toml;seaborn/_core/rules.py;tests/_core/test_plot.py,related_same_subtree,seaborn/_core/scales.py,2,a3eff2928e60880e264b0ba75ece3b38ec62b4d9609588a9211f19046b52df5b,0,True,Descriptive local Git future-history mechanism inventory; not semantic causality or survival evidence.
mwaskom__seaborn-3190,mwaskom/seaborn,[LOCAL_DRIVE]/code\repos_lite_pro\mwaskom__seaborn,4a9e54962a29c12a8b103d75f838e0e795a6974d,mwaskom__seaborn-3190-d90,bd480f6280007b2ae6910ce4ee689f213f7a7e10,90,8,29daaf3aee256926ef242d5b5fa1f2996fd1f687,Add helper function for consistent backcompat gates (#3209),18,seaborn/_compat.py;seaborn/_core/plot.py;seaborn/_marks/bar.py;seaborn/_marks/line.py;seaborn/_oldcore.py;seaborn/_stats/order.py;seaborn/utils.py;tests/_core/test_plot.py;tests/_core/test_properties.py;tests/_core/test_rules.py;tests/_core/test_scales.py;tests/_stats/test_order.py;tests/test_algorithms.py;tests/test_categorical.py;tests/test_distributions.py;tests/test_regression.py;tests/test_relational.py;tests/test_utils.py,related_same_subtree,seaborn/_core/scales.py,2,a3eff2928e60880e264b0ba75ece3b38ec62b4d9609588a9211f19046b52df5b,0,True,Descriptive local Git future-history mechanism inventory; not semantic causality or survival evidence.
mwaskom__seaborn-3190,mwaskom/seaborn,[LOCAL_DRIVE]/code\repos_lite_pro\mwaskom__seaborn,4a9e54962a29c12a8b103d75f838e0e795a6974d,mwaskom__seaborn-3190-d90,bd480f6280007b2ae6910ce4ee689f213f7a7e10,90,9,557b0d29cdeae9703576f4bb0eb73dd997a1e4a4,Remove dead code branches after minimal dependency bumps (#3210),13,seaborn/_compat.py;seaborn/_marks/line.py;seaborn/_oldcore.py;seaborn/algorithms.py;seaborn/utils.py;tests/_core/test_plot.py;tests/_core/test_rules.py;tests/_core/test_scales.py;tests/test_algorithms.py;tests/test_categorical.py;tests/test_distributions.py;tests/test_relational.py;tests/test_utils.py,independent,seaborn/_core/scales.py,2,a3eff2928e60880e264b0ba75ece3b38ec62b4d9609588a9211f19046b52df5b,0,True,Descriptive local Git future-history mechanism inventory; not semantic causality or survival evidence.
mwaskom__seaborn-3190,mwaskom/seaborn,[LOCAL_DRIVE]/code\repos_lite_pro\mwaskom__seaborn,4a9e54962a29c12a8b103d75f838e0e795a6974d,mwaskom__seaborn-3190-d90,bd480f6280007b2ae6910ce4ee689f213f7a7e10,90,10,9b0baf65c879889489a4cce92aef552536e571eb,Fix Continuous.label(like=) documentation (fixes #3213),1,seaborn/_core/scales.py,directly_overlapping,seaborn/_core/scales.py,2,a3eff2928e60880e264b0ba75ece3b38ec62b4d9609588a9211f19046b52df5b,0,True,Descriptive local Git future-history mechanism inventory; not semantic causality or survival evidence.
mwaskom__seaborn-3190,mwaskom/seaborn,[LOCAL_DRIVE]/code\repos_lite_pro\mwaskom__seaborn,4a9e54962a29c12a8b103d75f838e0e795a6974d,mwaskom__seaborn-3190-d90,bd480f6280007b2ae6910ce4ee689f213f7a7e10,90,11,623b0b723c671e99f04e8ababf19adc563f30168,Fix layout engine parameterization when using Plot.on (#3216),3,seaborn/_compat.py;seaborn/_core/plot.py;tests/_core/test_plot.py,related_same_subtree,seaborn/_core/scales.py,2,a3eff2928e60880e264b0ba75ece3b38ec62b4d9609588a9211f19046b52df5b,0,True,Descriptive local Git future-history mechanism inventory; not semantic causality or survival evidence.
mwaskom__seaborn-3190,mwaskom/seaborn,[LOCAL_DRIVE]/code\repos_lite_pro\mwaskom__seaborn,4a9e54962a29c12a8b103d75f838e0e795a6974d,mwaskom__seaborn-3190-d90,bd480f6280007b2ae6910ce4ee689f213f7a7e10,90,12,dce8afd4a7d4145b04d897bf5ad61a72c99d624e,Update references to minimal supported Python version,2,README.md;doc/installing.rst,infrastructure_only,seaborn/_core/scales.py,2,a3eff2928e60880e264b0ba75ece3b38ec62b4d9609588a9211f19046b52df5b,0,True,Descriptive local Git future-history mechanism inventory; not semantic causality or survival evidence.
mwaskom__seaborn-3190,mwaskom/seaborn,[LOCAL_DRIVE]/code\repos_lite_pro\mwaskom__seaborn,4a9e54962a29c12a8b103d75f838e0e795a6974d,mwaskom__seaborn-3190-d90,bd480f6280007b2ae6910ce4ee689f213f7a7e10,90,13,a47b97e4b98c809db55cbd283de21acba89fe186,Add default theme configuration to Plot (#3223),6,doc/_docstrings/objects.Plot.config.ipynb;doc/_docstrings/objects.Plot.theme.ipynb;doc/_templates/autosummary/plot.rst;doc/_tutorial/objects_interface.ipynb;seaborn/_core/plot.py;tests/_core/test_plot.py,related_same_subtree,seaborn/_core/scales.py,2,a3eff2928e60880e264b0ba75ece3b38ec62b4d9609588a9211f19046b52df5b,0,True,Descriptive local Git future-history mechanism inventory; not semantic causality or survival evidence.
mwaskom__seaborn-3190,mwaskom/seaborn,[LOCAL_DRIVE]/code\repos_lite_pro\mwaskom__seaborn,4a9e54962a29c12a8b103d75f838e0e795a6974d,mwaskom__seaborn-3190-d90,bd480f6280007b2ae6910ce4ee689f213f7a7e10,90,14,e75e303b747ebb9b573d0ddfbd08a141f305d373,"Add notebook display configuration for Plot, including SVG output (#3225)",3,doc/_docstrings/objects.Plot.config.ipynb;seaborn/_core/plot.py;tests/_core/test_plot.py,related_same_subtree,seaborn/_core/scales.py,2,a3eff2928e60880e264b0ba75ece3b38ec62b4d9609588a9211f19046b52df5b,0,True,Descriptive local Git future-history mechanism inventory; not semantic causality or survival evidence.
mwaskom__seaborn-3190,mwaskom/seaborn,[LOCAL_DRIVE]/code\repos_lite_pro\mwaskom__seaborn,4a9e54962a29c12a8b103d75f838e0e795a6974d,mwaskom__seaborn-3190-d90,bd480f6280007b2ae6910ce4ee689f213f7a7e10,90,15,72faf27f440522fa558df33258ae9b4ea59e161f,Fix Bar(s) width on nonlinear scale (#3217),3,seaborn/_core/plot.py;seaborn/_marks/bar.py;tests/_marks/test_bar.py,related_same_subtree,seaborn/_core/scales.py,2,a3eff2928e60880e264b0ba75ece3b38ec62b4d9609588a9211f19046b52df5b,0,True,Descriptive local Git future-history mechanism inventory; not semantic causality or survival evidence.
mwaskom__seaborn-3190,mwaskom/seaborn,[LOCAL_DRIVE]/code\repos_lite_pro\mwaskom__seaborn,4a9e54962a29c12a8b103d75f838e0e795a6974d,mwaskom__seaborn-3190-d90,bd480f6280007b2ae6910ce4ee689f213f7a7e10,90,16,db7ae11750fc2dfb695457239708448d54e9b8cd,Update test to reflect change in matplotlib 3.7 (#3236),1,tests/test_axisgrid.py,test_only,seaborn/_core/scales.py,2,a3eff2928e60880e264b0ba75ece3b38ec62b4d9609588a9211f19046b52df5b,0,True,Descriptive local Git future-history mechanism inventory; not semantic causality or survival evidence.
mwaskom__seaborn-3190,mwaskom/seaborn,[LOCAL_DRIVE]/code\repos_lite_pro\mwaskom__seaborn,4a9e54962a29c12a8b103d75f838e0e795a6974d,mwaskom__seaborn-3190-d90,bd480f6280007b2ae6910ce4ee689f213f7a7e10,90,17,0ebc82e8580caab55eb7af1f66220eab6654af97,Document weights parameter in displot docstring,1,seaborn/distributions.py,independent,seaborn/_core/scales.py,2,a3eff2928e60880e264b0ba75ece3b38ec62b4d9609588a9211f19046b52df5b,0,True,Descriptive local Git future-history mechanism inventory; not semantic causality or survival evidence.
mwaskom__seaborn-3190,mwaskom/seaborn,[LOCAL_DRIVE]/code\repos_lite_pro\mwaskom__seaborn,4a9e54962a29c12a8b103d75f838e0e795a6974d,mwaskom__seaborn-3190-d90,bd480f6280007b2ae6910ce4ee689f213f7a7e10,90,18,e336f11eb3bdb12ee7ddcd108a4651132c123267,Retrieve list of available datasets from a github url with correct CORS headers set. (#3234),2,seaborn/utils.py;tests/test_utils.py,independent,seaborn/_core/scales.py,2,a3eff2928e60880e264b0ba75ece3b38ec62b4d9609588a9211f19046b52df5b,0,True,Descriptive local Git future-history mechanism inventory; not semantic causality or survival evidence.
mwaskom__seaborn-3190,mwaskom/seaborn,[LOCAL_DRIVE]/code\repos_lite_pro\mwaskom__seaborn,4a9e54962a29c12a8b103d75f838e0e795a6974d,mwaskom__seaborn-3190-d90,bd480f6280007b2ae6910ce4ee689f213f7a7e10,90,19,17f9788a2f063ca94b5068ffefbbde9eba4c604d,Remove container added when inferring default color for bar artist (#3246),3,seaborn/distributions.py;seaborn/utils.py;tests/test_distributions.py,independent,seaborn/_core/scales.py,2,a3eff2928e60880e264b0ba75ece3b38ec62b4d9609588a9211f19046b52df5b,0,True,Descriptive local Git future-history mechanism inventory; not semantic causality or survival evidence.
mwaskom__seaborn-3190,mwaskom/seaborn,[LOCAL_DRIVE]/code\repos_lite_pro\mwaskom__seaborn,4a9e54962a29c12a8b103d75f838e0e795a6974d,mwaskom__seaborn-3190-d90,bd480f6280007b2ae6910ce4ee689f213f7a7e10,90,20,7bec34be9c79320bc524c10afc244f90650cdc1d,Update v0.13.0 release notes,1,doc/whatsnew/v0.13.0.rst,infrastructure_only,seaborn/_core/scales.py,2,a3eff2928e60880e264b0ba75ece3b38ec62b4d9609588a9211f19046b52df5b,0,True,Descriptive local Git future-history mechanism inventory; not semantic causality or survival evidence.
mwaskom__seaborn-3190,mwaskom/seaborn,[LOCAL_DRIVE]/code\repos_lite_pro\mwaskom__seaborn,4a9e54962a29c12a8b103d75f838e0e795a6974d,mwaskom__seaborn-3190-d90,bd480f6280007b2ae6910ce4ee689f213f7a7e10,90,21,c44bce1035ee6f004ffc73a41d7d9e8e2b9a1cd8,Adds kwarg only arguments to pivot in lineplot docs (#3249),1,doc/_docstrings/lineplot.ipynb,infrastructure_only,seaborn/_core/scales.py,2,a3eff2928e60880e264b0ba75ece3b38ec62b4d9609588a9211f19046b52df5b,0,True,Descriptive local Git future-history mechanism inventory; not semantic causality or survival evidence.
mwaskom__seaborn-3190,mwaskom/seaborn,[LOCAL_DRIVE]/code\repos_lite_pro\mwaskom__seaborn,4a9e54962a29c12a8b103d75f838e0e795a6974d,mwaskom__seaborn-3190-d90,bd480f6280007b2ae6910ce4ee689f213f7a7e10,90,22,242a3312b6742f5b255c7ad6bccb7228839c9419,Modernize barplot to use common infrastructure (#3255),9,doc/_docstrings/barplot.ipynb;seaborn/_oldcore.py;seaborn/categorical.py;seaborn/utils.py;tests/conftest.py;tests/test_categorical.py;tests/test_core.py;tests/test_distributions.py;tests/test_relational.py,independent,seaborn/_core/scales.py,2,a3eff2928e60880e264b0ba75ece3b38ec62b4d9609588a9211f19046b52df5b,0,True,Descriptive local Git future-history mechanism inventory; not semantic causality or survival evidence.
mwaskom__seaborn-3190,mwaskom/seaborn,[LOCAL_DRIVE]/code\repos_lite_pro\mwaskom__seaborn,4a9e54962a29c12a8b103d75f838e0e795a6974d,mwaskom__seaborn-3190-d90,bd480f6280007b2ae6910ce4ee689f213f7a7e10,90,23,3a778baab571e11aebcca82ef4d2c3ba41798e5b,Refactor countplot to use common infra and add stat parameter for normalization (#3267),4,doc/_docstrings/countplot.ipynb;seaborn/categorical.py;seaborn/utils.py;tests/test_categorical.py,independent,seaborn/_core/scales.py,2,a3eff2928e60880e264b0ba75ece3b38ec62b4d9609588a9211f19046b52df5b,0,True,Descriptive local Git future-history mechanism inventory; not semantic causality or survival evidence.
mwaskom__seaborn-3190,mwaskom/seaborn,[LOCAL_DRIVE]/code\repos_lite_pro\mwaskom__seaborn,4a9e54962a29c12a8b103d75f838e0e795a6974d,mwaskom__seaborn-3190-d90,bd480f6280007b2ae6910ce4ee689f213f7a7e10,90,24,55c8dc51884f86f94c0e018799c21b8436d33d72,Remove double docstring in 'axisgrid.py' (#3269),1,seaborn/axisgrid.py,independent,seaborn/_core/scales.py,2,a3eff2928e60880e264b0ba75ece3b38ec62b4d9609588a9211f19046b52df5b,0,True,Descriptive local Git future-history mechanism inventory; not semantic causality or survival evidence.
mwaskom__seaborn-3190,mwaskom/seaborn,[LOCAL_DRIVE]/code\repos_lite_pro\mwaskom__seaborn,4a9e54962a29c12a8b103d75f838e0e795a6974d,mwaskom__seaborn-3190-d90,bd480f6280007b2ae6910ce4ee689f213f7a7e10,90,25,5d9f37159bbd3ac44c8c8a06825583ba25648525,Modernize pointplot and increase its flexibility (#3270),7,doc/_docstrings/pointplot.ipynb;seaborn/_core/typing.py;seaborn/_oldcore.py;seaborn/categorical.py;seaborn/relational.py;seaborn/utils.py;tests/test_categorical.py,related_same_subtree,seaborn/_core/scales.py,2,a3eff2928e60880e264b0ba75ece3b38ec62b4d9609588a9211f19046b52df5b,0,True,Descriptive local Git future-history mechanism inventory; not semantic causality or survival evidence.
mwaskom__seaborn-3190,mwaskom/seaborn,[LOCAL_DRIVE]/code\repos_lite_pro\mwaskom__seaborn,4a9e54962a29c12a8b103d75f838e0e795a6974d,mwaskom__seaborn-3190-d90,bd480f6280007b2ae6910ce4ee689f213f7a7e10,90,26,11d41696149feb2d3d8c1c5f9a5e98357285af03,docs: fix typo in docstring (#3273),1,seaborn/rcmod.py,independent,seaborn/_core/scales.py,2,a3eff2928e60880e264b0ba75ece3b38ec62b4d9609588a9211f19046b52df5b,0,True,Descriptive local Git future-history mechanism inventory; not semantic causality or survival evidence.
mwaskom__seaborn-3190,mwaskom/seaborn,[LOCAL_DRIVE]/code\repos_lite_pro\mwaskom__seaborn,4a9e54962a29c12a8b103d75f838e0e795a6974d,mwaskom__seaborn-3190-d90,bd480f6280007b2ae6910ce4ee689f213f7a7e10,90,27,3733590d86a7f2c2a95cd9940a34aa7df5f5a3d2,Remove vestigial bar/point/countplot code (#3271),2,seaborn/categorical.py;tests/test_categorical.py,independent,seaborn/_core/scales.py,2,a3eff2928e60880e264b0ba75ece3b38ec62b4d9609588a9211f19046b52df5b,0,True,Descriptive local Git future-history mechanism inventory; not semantic causality or survival evidence.
mwaskom__seaborn-3190,mwaskom/seaborn,[LOCAL_DRIVE]/code\repos_lite_pro\mwaskom__seaborn,4a9e54962a29c12a8b103d75f838e0e795a6974d,mwaskom__seaborn-3190-d90,bd480f6280007b2ae6910ce4ee689f213f7a7e10,90,28,8735494e4cd37ee781500e50554df2f3be2ead41,Fix heatmap `norm=None` issue (#3276),2,seaborn/matrix.py;tests/test_matrix.py,independent,seaborn/_core/scales.py,2,a3eff2928e60880e264b0ba75ece3b38ec62b4d9609588a9211f19046b52df5b,0,True,Descriptive local Git future-history mechanism inventory; not semantic causality or survival evidence.
mwaskom__seaborn-3190,mwaskom/seaborn,[LOCAL_DRIVE]/code\repos_lite_pro\mwaskom__seaborn,4a9e54962a29c12a8b103d75f838e0e795a6974d,mwaskom__seaborn-3190-d90,bd480f6280007b2ae6910ce4ee689f213f7a7e10,90,29,e1e36cb1c5f02143d33107b5dfe4ec60527c3bf6,Avoid matplotlib 3.7.0 warnings (#3278),8,examples/heat_scatter.py;seaborn/_compat.py;seaborn/axisgrid.py;seaborn/utils.py;tests/test_axisgrid.py;tests/test_categorical.py;tests/test_relational.py;tests/test_utils.py,independent,seaborn/_core/scales.py,2,a3eff2928e60880e264b0ba75ece3b38ec62b4d9609588a9211f19046b52df5b,0,True,Descriptive local Git future-history mechanism inventory; not semantic causality or survival evidence.
mwaskom__seaborn-3190,mwaskom/seaborn,[LOCAL_DRIVE]/code\repos_lite_pro\mwaskom__seaborn,4a9e54962a29c12a8b103d75f838e0e795a6974d,mwaskom__seaborn-3190-d90,bd480f6280007b2ae6910ce4ee689f213f7a7e10,90,30,7231fc24f6251fbc4b4757a56af7a0622a5b12f5,Modernize boxplot and add a number of enhancements (#3294),3,doc/_docstrings/boxplot.ipynb;seaborn/categorical.py;tests/test_categorical.py,independent,seaborn/_core/scales.py,2,a3eff2928e60880e264b0ba75ece3b38ec62b4d9609588a9211f19046b52df5b,0,True,Descriptive local Git future-history mechanism inventory; not semantic causality or survival evidence.
mwaskom__seaborn-3190,mwaskom/seaborn,[LOCAL_DRIVE]/code\repos_lite_pro\mwaskom__seaborn,4a9e54962a29c12a8b103d75f838e0e795a6974d,mwaskom__seaborn-3190-d90,bd480f6280007b2ae6910ce4ee689f213f7a7e10,90,31,35c284e74fbf9ea1802416daa42845eae1e7a30e,Docs fix - heatmap.ipynb. (#3290),1,doc/_docstrings/heatmap.ipynb,infrastructure_only,seaborn/_core/scales.py,2,a3eff2928e60880e264b0ba75ece3b38ec62b4d9609588a9211f19046b52df5b,0,True,Descriptive local Git future-history mechanism inventory; not semantic causality or survival evidence.
mwaskom__seaborn-3190,mwaskom/seaborn,[LOCAL_DRIVE]/code\repos_lite_pro\mwaskom__seaborn,4a9e54962a29c12a8b103d75f838e0e795a6974d,mwaskom__seaborn-3190-d90,bd480f6280007b2ae6910ce4ee689f213f7a7e10,90,32,a69eb55f2d89b00e1d31b9c9ec29982fe0a187cb,Bump actions/checkout from 2 to 3 (#3279),1,.github/workflows/ci.yaml,infrastructure_only,seaborn/_core/scales.py,2,a3eff2928e60880e264b0ba75ece3b38ec62b4d9609588a9211f19046b52df5b,0,True,Descriptive local Git future-history mechanism inventory; not semantic causality or survival evidence.
mwaskom__seaborn-3190,mwaskom/seaborn,[LOCAL_DRIVE]/code\repos_lite_pro\mwaskom__seaborn,4a9e54962a29c12a8b103d75f838e0e795a6974d,mwaskom__seaborn-3190-d90,bd480f6280007b2ae6910ce4ee689f213f7a7e10,90,33,f9827a3ae2a998aeeb97d1931ae03f8a3f7109c2,MAINT: address numpy125 deprecations (#3297),6,seaborn/_core/plot.py;seaborn/matrix.py;tests/test_axisgrid.py;tests/test_matrix.py;tests/test_regression.py;tests/test_relational.py,related_same_subtree,seaborn/_core/scales.py,2,a3eff2928e60880e264b0ba75ece3b38ec62b4d9609588a9211f19046b52df5b,0,True,Descriptive local Git future-history mechanism inventory; not semantic causality or survival evidence.
mwaskom__seaborn-3190,mwaskom/seaborn,[LOCAL_DRIVE]/code\repos_lite_pro\mwaskom__seaborn,4a9e54962a29c12a8b103d75f838e0e795a6974d,mwaskom__seaborn-3190-d90,bd480f6280007b2ae6910ce4ee689f213f7a7e10,90,34,bd480f6280007b2ae6910ce4ee689f213f7a7e10,Fixes small inconsistency in seaborn.objects tutorial (#3309),1,doc/_tutorial/objects_interface.ipynb,infrastructure_only,seaborn/_core/scales.py,2,a3eff2928e60880e264b0ba75ece3b38ec62b4d9609588a9211f19046b52df5b,0,True,Descriptive local Git future-history mechanism inventory; not semantic causality or survival evidence.
mwaskom__seaborn-3190,mwaskom/seaborn,[LOCAL_DRIVE]/code\repos_lite_pro\mwaskom__seaborn,4a9e54962a29c12a8b103d75f838e0e795a6974d,mwaskom__seaborn-3190-d180,7780305bae63d8be3416858ac35f6fa706bab4d6,180,1,72710354ecc8470683e15f452ba0af841464e84a,Avoid exception from Continuous scale for normed property (#3190),3,doc/whatsnew/v0.12.2.rst;seaborn/_core/scales.py;tests/_core/test_scales.py,directly_overlapping,seaborn/_core/scales.py,0,a3eff2928e60880e264b0ba75ece3b38ec62b4d9609588a9211f19046b52df5b,0,True,Descriptive local Git future-history mechanism inventory; not semantic causality or survival evidence.
mwaskom__seaborn-3190,mwaskom/seaborn,[LOCAL_DRIVE]/code\repos_lite_pro\mwaskom__seaborn,4a9e54962a29c12a8b103d75f838e0e795a6974d,mwaskom__seaborn-3190-d180,7780305bae63d8be3416858ac35f6fa706bab4d6,180,2,5e565d2a1d8e155a9e54bb93d6e0fc2b310ec336,Add Boolean scale (#3205),100,doc/_docstrings/FacetGrid.ipynb;doc/_docstrings/JointGrid.ipynb;doc/_docstrings/PairGrid.ipynb;doc/_docstrings/axes_style.ipynb;doc/_docstrings/barplot.ipynb;doc/_docstrings/blend_palette.ipynb;doc/_docstrings/boxenplot.ipynb;doc/_docstrings/boxplot.ipynb;doc/_docstrings/catplot.ipynb;doc/_docstrings/clustermap.ipynb;doc/_docstrings/color_palette.ipynb;doc/_docstrings/countplot.ipynb;doc/_docstrings/cubehelix_palette.ipynb;doc/_docstrings/dark_palette.ipynb;doc/_docstrings/displot.ipynb;doc/_docstrings/diverging_palette.ipynb;doc/_docstrings/ecdfplot.ipynb;doc/_docstrings/heatmap.ipynb;doc/_docstrings/histplot.ipynb;doc/_docstrings/hls_palette.ipynb;doc/_docstrings/husl_palette.ipynb;doc/_docstrings/jointplot.ipynb;doc/_docstrings/kdeplot.ipynb;doc/_docstrings/light_palette.ipynb;doc/_docstrings/lineplot.ipynb;doc/_docstrings/lmplot.ipynb;doc/_docstrings/move_legend.ipynb;doc/_docstrings/mpl_palette.ipynb;doc/_docstrings/objects.Agg.ipynb;doc/_docstrings/objects.Area.ipynb;doc/_docstrings/objects.Band.ipynb;doc/_docstrings/objects.Bar.ipynb;doc/_docstrings/objects.Bars.ipynb;doc/_docstrings/objects.Count.ipynb;doc/_docstrings/objects.Dash.ipynb;doc/_docstrings/objects.Dodge.ipynb;doc/_docstrings/objects.Dot.ipynb;doc/_docstrings/objects.Dots.ipynb;doc/_docstrings/objects.Est.ipynb;doc/_docstrings/objects.Hist.ipynb;doc/_docstrings/objects.Jitter.ipynb;doc/_docstrings/objects.KDE.ipynb;doc/_docstrings/objects.Line.ipynb;doc/_docstrings/objects.Lines.ipynb;doc/_docstrings/objects.Norm.ipynb;doc/_docstrings/objects.Path.ipynb;doc/_docstrings/objects.Paths.ipynb;doc/_docstrings/objects.Perc.ipynb;doc/_docstrings/objects.Plot.add.ipynb;doc/_docstrings/objects.Plot.facet.ipynb;doc/_docstrings/objects.Plot.label.ipynb;doc/_docstrings/objects.Plot.layout.ipynb;doc/_docstrings/objects.Plot.limit.ipynb;doc/_docstrings/objects.Plot.on.ipynb;doc/_docstrings/objects.Plot.pair.ipynb;doc/_docstrings/objects.Plot.scale.ipynb;doc/_docstrings/objects.Plot.share.ipynb;doc/_docstrings/objects.Plot.theme.ipynb;doc/_docstrings/objects.Range.ipynb;doc/_docstrings/objects.Shift.ipynb;doc/_docstrings/objects.Stack.ipynb;doc/_docstrings/objects.Text.ipynb;doc/_docstrings/pairplot.ipynb;doc/_docstrings/plotting_context.ipynb;doc/_docstrings/pointplot.ipynb;doc/_docstrings/regplot.ipynb;doc/_docstrings/relplot.ipynb;doc/_docstrings/residplot.ipynb;doc/_docstrings/rugplot.ipynb;doc/_docstrings/scatterplot.ipynb;doc/_docstrings/set_context.ipynb;doc/_docstrings/set_style.ipynb;doc/_docstrings/set_theme.ipynb;doc/_docstrings/stripplot.ipynb;doc/_docstrings/swarmplot.ipynb;doc/_docstrings/violinplot.ipynb;doc/_tutorial/aesthetics.ipynb;doc/_tutorial/axis_grids.ipynb;doc/_tutorial/categorical.ipynb;doc/_tutorial/color_palettes.ipynb;doc/_tutorial/data_structure.ipynb;doc/_tutorial/distributions.ipynb;doc/_tutorial/error_bars.ipynb;doc/_tutorial/function_overview.ipynb;doc/_tutorial/introduction.ipynb;doc/_tutorial/objects_interface.ipynb;doc/_tutorial/properties.ipynb;doc/_tutorial/regression.ipynb;doc/_tutorial/relational.ipynb;doc/api.rst;doc/whatsnew/index.rst;doc/whatsnew/v0.12.2.rst;seaborn/_core/plot.py;seaborn/_core/properties.py;seaborn/_core/rules.py;seaborn/_core/scales.py;seaborn/objects.py;tests/_core/test_properties.py;tests/_core/test_rules.py;tests/_core/test_scales.py,directly_overlapping,seaborn/_core/scales.py,0,a3eff2928e60880e264b0ba75ece3b38ec62b4d9609588a9211f19046b52df5b,0,True,Descriptive local Git future-history mechanism inventory; not semantic causality or survival evidence.
mwaskom__seaborn-3190,mwaskom/seaborn,[LOCAL_DRIVE]/code\repos_lite_pro\mwaskom__seaborn,4a9e54962a29c12a8b103d75f838e0e795a6974d,mwaskom__seaborn-3190-d180,7780305bae63d8be3416858ac35f6fa706bab4d6,180,3,bf9fcb307533fad2031ab556f5f0e896bbc31e8d,Explicitly set inline backend when building docs from notebooks,2,doc/_docstrings/Makefile;doc/_tutorial/Makefile,infrastructure_only,seaborn/_core/scales.py,0,a3eff2928e60880e264b0ba75ece3b38ec62b4d9609588a9211f19046b52df5b,0,True,Descriptive local Git future-history mechanism inventory; not semantic causality or survival evidence.
mwaskom__seaborn-3190,mwaskom/seaborn,[LOCAL_DRIVE]/code\repos_lite_pro\mwaskom__seaborn,4a9e54962a29c12a8b103d75f838e0e795a6974d,mwaskom__seaborn-3190-d180,7780305bae63d8be3416858ac35f6fa706bab4d6,180,4,0f5182ee01d28f2daeee805c7d4deb4a05b30bf0,Fix issue when an empty palette is provided for an empty dataset (#3136),2,seaborn/categorical.py;tests/test_categorical.py,independent,seaborn/_core/scales.py,0,a3eff2928e60880e264b0ba75ece3b38ec62b4d9609588a9211f19046b52df5b,0,True,Descriptive local Git future-history mechanism inventory; not semantic causality or survival evidence.
mwaskom__seaborn-3190,mwaskom/seaborn,[LOCAL_DRIVE]/code\repos_lite_pro\mwaskom__seaborn,4a9e54962a29c12a8b103d75f838e0e795a6974d,mwaskom__seaborn-3190-d180,7780305bae63d8be3416858ac35f6fa706bab4d6,180,5,10c3ed87a42bcaed74b115252eeb4b88ebc1597f,Finalize v0.12.2 release notes,1,doc/whatsnew/v0.12.2.rst,infrastructure_only,seaborn/_core/scales.py,2,a3eff2928e60880e264b0ba75ece3b38ec62b4d9609588a9211f19046b52df5b,0,True,Descriptive local Git future-history mechanism inventory; not semantic causality or survival evidence.
mwaskom__seaborn-3190,mwaskom/seaborn,[LOCAL_DRIVE]/code\repos_lite_pro\mwaskom__seaborn,4a9e54962a29c12a8b103d75f838e0e795a6974d,mwaskom__seaborn-3190-d180,7780305bae63d8be3416858ac35f6fa706bab4d6,180,6,fd09815eed491edad014c88aea814396d3e3ded2,Bump version for 0.13.0 dev,1,seaborn/__init__.py,independent,seaborn/_core/scales.py,2,a3eff2928e60880e264b0ba75ece3b38ec62b4d9609588a9211f19046b52df5b,0,True,Descriptive local Git future-history mechanism inventory; not semantic causality or survival evidence.
mwaskom__seaborn-3190,mwaskom/seaborn,[LOCAL_DRIVE]/code\repos_lite_pro\mwaskom__seaborn,4a9e54962a29c12a8b103d75f838e0e795a6974d,mwaskom__seaborn-3190-d180,7780305bae63d8be3416858ac35f6fa706bab4d6,180,7,7b70380829417c82478e9c67efc7cd1e5f1b8cb1,Increase minimally-supported versions of Python and dependencies (#3208),5,.github/workflows/ci.yaml;ci/deps_pinned.txt;pyproject.toml;seaborn/_core/rules.py;tests/_core/test_plot.py,related_same_subtree,seaborn/_core/scales.py,2,a3eff2928e60880e264b0ba75ece3b38ec62b4d9609588a9211f19046b52df5b,0,True,Descriptive local Git future-history mechanism inventory; not semantic causality or survival evidence.
mwaskom__seaborn-3190,mwaskom/seaborn,[LOCAL_DRIVE]/code\repos_lite_pro\mwaskom__seaborn,4a9e54962a29c12a8b103d75f838e0e795a6974d,mwaskom__seaborn-3190-d180,7780305bae63d8be3416858ac35f6fa706bab4d6,180,8,29daaf3aee256926ef242d5b5fa1f2996fd1f687,Add helper function for consistent backcompat gates (#3209),18,seaborn/_compat.py;seaborn/_core/plot.py;seaborn/_marks/bar.py;seaborn/_marks/line.py;seaborn/_oldcore.py;seaborn/_stats/order.py;seaborn/utils.py;tests/_core/test_plot.py;tests/_core/test_properties.py;tests/_core/test_rules.py;tests/_core/test_scales.py;tests/_stats/test_order.py;tests/test_algorithms.py;tests/test_categorical.py;tests/test_distributions.py;tests/test_regression.py;tests/test_relational.py;tests/test_utils.py,related_same_subtree,seaborn/_core/scales.py,2,a3eff2928e60880e264b0ba75ece3b38ec62b4d9609588a9211f19046b52df5b,0,True,Descriptive local Git future-history mechanism inventory; not semantic causality or survival evidence.
mwaskom__seaborn-3190,mwaskom/seaborn,[LOCAL_DRIVE]/code\repos_lite_pro\mwaskom__seaborn,4a9e54962a29c12a8b103d75f838e0e795a6974d,mwaskom__seaborn-3190-d180,7780305bae63d8be3416858ac35f6fa706bab4d6,180,9,557b0d29cdeae9703576f4bb0eb73dd997a1e4a4,Remove dead code branches after minimal dependency bumps (#3210),13,seaborn/_compat.py;seaborn/_marks/line.py;seaborn/_oldcore.py;seaborn/algorithms.py;seaborn/utils.py;tests/_core/test_plot.py;tests/_core/test_rules.py;tests/_core/test_scales.py;tests/test_algorithms.py;tests/test_categorical.py;tests/test_distributions.py;tests/test_relational.py;tests/test_utils.py,independent,seaborn/_core/scales.py,2,a3eff2928e60880e264b0ba75ece3b38ec62b4d9609588a9211f19046b52df5b,0,True,Descriptive local Git future-history mechanism inventory; not semantic causality or survival evidence.
mwaskom__seaborn-3190,mwaskom/seaborn,[LOCAL_DRIVE]/code\repos_lite_pro\mwaskom__seaborn,4a9e54962a29c12a8b103d75f838e0e795a6974d,mwaskom__seaborn-3190-d180,7780305bae63d8be3416858ac35f6fa706bab4d6,180,10,9b0baf65c879889489a4cce92aef552536e571eb,Fix Continuous.label(like=) documentation (fixes #3213),1,seaborn/_core/scales.py,directly_overlapping,seaborn/_core/scales.py,2,a3eff2928e60880e264b0ba75ece3b38ec62b4d9609588a9211f19046b52df5b,0,True,Descriptive local Git future-history mechanism inventory; not semantic causality or survival evidence.
mwaskom__seaborn-3190,mwaskom/seaborn,[LOCAL_DRIVE]/code\repos_lite_pro\mwaskom__seaborn,4a9e54962a29c12a8b103d75f838e0e795a6974d,mwaskom__seaborn-3190-d180,7780305bae63d8be3416858ac35f6fa706bab4d6,180,11,623b0b723c671e99f04e8ababf19adc563f30168,Fix layout engine parameterization when using Plot.on (#3216),3,seaborn/_compat.py;seaborn/_core/plot.py;tests/_core/test_plot.py,related_same_subtree,seaborn/_core/scales.py,2,a3eff2928e60880e264b0ba75ece3b38ec62b4d9609588a9211f19046b52df5b,0,True,Descriptive local Git future-history mechanism inventory; not semantic causality or survival evidence.
mwaskom__seaborn-3190,mwaskom/seaborn,[LOCAL_DRIVE]/code\repos_lite_pro\mwaskom__seaborn,4a9e54962a29c12a8b103d75f838e0e795a6974d,mwaskom__seaborn-3190-d180,7780305bae63d8be3416858ac35f6fa706bab4d6,180,12,dce8afd4a7d4145b04d897bf5ad61a72c99d624e,Update references to minimal supported Python version,2,README.md;doc/installing.rst,infrastructure_only,seaborn/_core/scales.py,2,a3eff2928e60880e264b0ba75ece3b38ec62b4d9609588a9211f19046b52df5b,0,True,Descriptive local Git future-history mechanism inventory; not semantic causality or survival evidence.
mwaskom__seaborn-3190,mwaskom/seaborn,[LOCAL_DRIVE]/code\repos_lite_pro\mwaskom__seaborn,4a9e54962a29c12a8b103d75f838e0e795a6974d,mwaskom__seaborn-3190-d180,7780305bae63d8be3416858ac35f6fa706bab4d6,180,13,a47b97e4b98c809db55cbd283de21acba89fe186,Add default theme configuration to Plot (#3223),6,doc/_docstrings/objects.Plot.config.ipynb;doc/_docstrings/objects.Plot.theme.ipynb;doc/_templates/autosummary/plot.rst;doc/_tutorial/objects_interface.ipynb;seaborn/_core/plot.py;tests/_core/test_plot.py,related_same_subtree,seaborn/_core/scales.py,2,a3eff2928e60880e264b0ba75ece3b38ec62b4d9609588a9211f19046b52df5b,0,True,Descriptive local Git future-history mechanism inventory; not semantic causality or survival evidence.
mwaskom__seaborn-3190,mwaskom/seaborn,[LOCAL_DRIVE]/code\repos_lite_pro\mwaskom__seaborn,4a9e54962a29c12a8b103d75f838e0e795a6974d,mwaskom__seaborn-3190-d180,7780305bae63d8be3416858ac35f6fa706bab4d6,180,14,e75e303b747ebb9b573d0ddfbd08a141f305d373,"Add notebook display configuration for Plot, including SVG output (#3225)",3,doc/_docstrings/objects.Plot.config.ipynb;seaborn/_core/plot.py;tests/_core/test_plot.py,related_same_subtree,seaborn/_core/scales.py,2,a3eff2928e60880e264b0ba75ece3b38ec62b4d9609588a9211f19046b52df5b,0,True,Descriptive local Git future-history mechanism inventory; not semantic causality or survival evidence.
mwaskom__seaborn-3190,mwaskom/seaborn,[LOCAL_DRIVE]/code\repos_lite_pro\mwaskom__seaborn,4a9e54962a29c12a8b103d75f838e0e795a6974d,mwaskom__seaborn-3190-d180,7780305bae63d8be3416858ac35f6fa706bab4d6,180,15,72faf27f440522fa558df33258ae9b4ea59e161f,Fix Bar(s) width on nonlinear scale (#3217),3,seaborn/_core/plot.py;seaborn/_marks/bar.py;tests/_marks/test_bar.py,related_same_subtree,seaborn/_core/scales.py,2,a3eff2928e60880e264b0ba75ece3b38ec62b4d9609588a9211f19046b52df5b,0,True,Descriptive local Git future-history mechanism inventory; not semantic causality or survival evidence.
mwaskom__seaborn-3190,mwaskom/seaborn,[LOCAL_DRIVE]/code\repos_lite_pro\mwaskom__seaborn,4a9e54962a29c12a8b103d75f838e0e795a6974d,mwaskom__seaborn-3190-d180,7780305bae63d8be3416858ac35f6fa706bab4d6,180,16,db7ae11750fc2dfb695457239708448d54e9b8cd,Update test to reflect change in matplotlib 3.7 (#3236),1,tests/test_axisgrid.py,test_only,seaborn/_core/scales.py,2,a3eff2928e60880e264b0ba75ece3b38ec62b4d9609588a9211f19046b52df5b,0,True,Descriptive local Git future-history mechanism inventory; not semantic causality or survival evidence.
mwaskom__seaborn-3190,mwaskom/seaborn,[LOCAL_DRIVE]/code\repos_lite_pro\mwaskom__seaborn,4a9e54962a29c12a8b103d75f838e0e795a6974d,mwaskom__seaborn-3190-d180,7780305bae63d8be3416858ac35f6fa706bab4d6,180,17,0ebc82e8580caab55eb7af1f66220eab6654af97,Document weights parameter in displot docstring,1,seaborn/distributions.py,independent,seaborn/_core/scales.py,2,a3eff2928e60880e264b0ba75ece3b38ec62b4d9609588a9211f19046b52df5b,0,True,Descriptive local Git future-history mechanism inventory; not semantic causality or survival evidence.
mwaskom__seaborn-3190,mwaskom/seaborn,[LOCAL_DRIVE]/code\repos_lite_pro\mwaskom__seaborn,4a9e54962a29c12a8b103d75f838e0e795a6974d,mwaskom__seaborn-3190-d180,7780305bae63d8be3416858ac35f6fa706bab4d6,180,18,e336f11eb3bdb12ee7ddcd108a4651132c123267,Retrieve list of available datasets from a github url with correct CORS headers set. (#3234),2,seaborn/utils.py;tests/test_utils.py,independent,seaborn/_core/scales.py,2,a3eff2928e60880e264b0ba75ece3b38ec62b4d9609588a9211f19046b52df5b,0,True,Descriptive local Git future-history mechanism inventory; not semantic causality or survival evidence.
mwaskom__seaborn-3190,mwaskom/seaborn,[LOCAL_DRIVE]/code\repos_lite_pro\mwaskom__seaborn,4a9e54962a29c12a8b103d75f838e0e795a6974d,mwaskom__seaborn-3190-d180,7780305bae63d8be3416858ac35f6fa706bab4d6,180,19,17f9788a2f063ca94b5068ffefbbde9eba4c604d,Remove container added when inferring default color for bar artist (#3246),3,seaborn/distributions.py;seaborn/utils.py;tests/test_distributions.py,independent,seaborn/_core/scales.py,2,a3eff2928e60880e264b0ba75ece3b38ec62b4d9609588a9211f19046b52df5b,0,True,Descriptive local Git future-history mechanism inventory; not semantic causality or survival evidence.
mwaskom__seaborn-3190,mwaskom/seaborn,[LOCAL_DRIVE]/code\repos_lite_pro\mwaskom__seaborn,4a9e54962a29c12a8b103d75f838e0e795a6974d,mwaskom__seaborn-3190-d180,7780305bae63d8be3416858ac35f6fa706bab4d6,180,20,7bec34be9c79320bc524c10afc244f90650cdc1d,Update v0.13.0 release notes,1,doc/whatsnew/v0.13.0.rst,infrastructure_only,seaborn/_core/scales.py,2,a3eff2928e60880e264b0ba75ece3b38ec62b4d9609588a9211f19046b52df5b,0,True,Descriptive local Git future-history mechanism inventory; not semantic causality or survival evidence.
mwaskom__seaborn-3190,mwaskom/seaborn,[LOCAL_DRIVE]/code\repos_lite_pro\mwaskom__seaborn,4a9e54962a29c12a8b103d75f838e0e795a6974d,mwaskom__seaborn-3190-d180,7780305bae63d8be3416858ac35f6fa706bab4d6,180,21,c44bce1035ee6f004ffc73a41d7d9e8e2b9a1cd8,Adds kwarg only arguments to pivot in lineplot docs (#3249),1,doc/_docstrings/lineplot.ipynb,infrastructure_only,seaborn/_core/scales.py,2,a3eff2928e60880e264b0ba75ece3b38ec62b4d9609588a9211f19046b52df5b,0,True,Descriptive local Git future-history mechanism inventory; not semantic causality or survival evidence.
mwaskom__seaborn-3190,mwaskom/seaborn,[LOCAL_DRIVE]/code\repos_lite_pro\mwaskom__seaborn,4a9e54962a29c12a8b103d75f838e0e795a6974d,mwaskom__seaborn-3190-d180,7780305bae63d8be3416858ac35f6fa706bab4d6,180,22,242a3312b6742f5b255c7ad6bccb7228839c9419,Modernize barplot to use common infrastructure (#3255),9,doc/_docstrings/barplot.ipynb;seaborn/_oldcore.py;seaborn/categorical.py;seaborn/utils.py;tests/conftest.py;tests/test_categorical.py;tests/test_core.py;tests/test_distributions.py;tests/test_relational.py,independent,seaborn/_core/scales.py,2,a3eff2928e60880e264b0ba75ece3b38ec62b4d9609588a9211f19046b52df5b,0,True,Descriptive local Git future-history mechanism inventory; not semantic causality or survival evidence.
mwaskom__seaborn-3190,mwaskom/seaborn,[LOCAL_DRIVE]/code\repos_lite_pro\mwaskom__seaborn,4a9e54962a29c12a8b103d75f838e0e795a6974d,mwaskom__seaborn-3190-d180,7780305bae63d8be3416858ac35f6fa706bab4d6,180,23,3a778baab571e11aebcca82ef4d2c3ba41798e5b,Refactor countplot to use common infra and add stat parameter for normalization (#3267),4,doc/_docstrings/countplot.ipynb;seaborn/categorical.py;seaborn/utils.py;tests/test_categorical.py,independent,seaborn/_core/scales.py,2,a3eff2928e60880e264b0ba75ece3b38ec62b4d9609588a9211f19046b52df5b,0,True,Descriptive local Git future-history mechanism inventory; not semantic causality or survival evidence.
mwaskom__seaborn-3190,mwaskom/seaborn,[LOCAL_DRIVE]/code\repos_lite_pro\mwaskom__seaborn,4a9e54962a29c12a8b103d75f838e0e795a6974d,mwaskom__seaborn-3190-d180,7780305bae63d8be3416858ac35f6fa706bab4d6,180,24,55c8dc51884f86f94c0e018799c21b8436d33d72,Remove double docstring in 'axisgrid.py' (#3269),1,seaborn/axisgrid.py,independent,seaborn/_core/scales.py,2,a3eff2928e60880e264b0ba75ece3b38ec62b4d9609588a9211f19046b52df5b,0,True,Descriptive local Git future-history mechanism inventory; not semantic causality or survival evidence.
mwaskom__seaborn-3190,mwaskom/seaborn,[LOCAL_DRIVE]/code\repos_lite_pro\mwaskom__seaborn,4a9e54962a29c12a8b103d75f838e0e795a6974d,mwaskom__seaborn-3190-d180,7780305bae63d8be3416858ac35f6fa706bab4d6,180,25,5d9f37159bbd3ac44c8c8a06825583ba25648525,Modernize pointplot and increase its flexibility (#3270),7,doc/_docstrings/pointplot.ipynb;seaborn/_core/typing.py;seaborn/_oldcore.py;seaborn/categorical.py;seaborn/relational.py;seaborn/utils.py;tests/test_categorical.py,related_same_subtree,seaborn/_core/scales.py,2,a3eff2928e60880e264b0ba75ece3b38ec62b4d9609588a9211f19046b52df5b,0,True,Descriptive local Git future-history mechanism inventory; not semantic causality or survival evidence.
mwaskom__seaborn-3190,mwaskom/seaborn,[LOCAL_DRIVE]/code\repos_lite_pro\mwaskom__seaborn,4a9e54962a29c12a8b103d75f838e0e795a6974d,mwaskom__seaborn-3190-d180,7780305bae63d8be3416858ac35f6fa706bab4d6,180,26,11d41696149feb2d3d8c1c5f9a5e98357285af03,docs: fix typo in docstring (#3273),1,seaborn/rcmod.py,independent,seaborn/_core/scales.py,2,a3eff2928e60880e264b0ba75ece3b38ec62b4d9609588a9211f19046b52df5b,0,True,Descriptive local Git future-history mechanism inventory; not semantic causality or survival evidence.
mwaskom__seaborn-3190,mwaskom/seaborn,[LOCAL_DRIVE]/code\repos_lite_pro\mwaskom__seaborn,4a9e54962a29c12a8b103d75f838e0e795a6974d,mwaskom__seaborn-3190-d180,7780305bae63d8be3416858ac35f6fa706bab4d6,180,27,3733590d86a7f2c2a95cd9940a34aa7df5f5a3d2,Remove vestigial bar/point/countplot code (#3271),2,seaborn/categorical.py;tests/test_categorical.py,independent,seaborn/_core/scales.py,2,a3eff2928e60880e264b0ba75ece3b38ec62b4d9609588a9211f19046b52df5b,0,True,Descriptive local Git future-history mechanism inventory; not semantic causality or survival evidence.
mwaskom__seaborn-3190,mwaskom/seaborn,[LOCAL_DRIVE]/code\repos_lite_pro\mwaskom__seaborn,4a9e54962a29c12a8b103d75f838e0e795a6974d,mwaskom__seaborn-3190-d180,7780305bae63d8be3416858ac35f6fa706bab4d6,180,28,8735494e4cd37ee781500e50554df2f3be2ead41,Fix heatmap `norm=None` issue (#3276),2,seaborn/matrix.py;tests/test_matrix.py,independent,seaborn/_core/scales.py,2,a3eff2928e60880e264b0ba75ece3b38ec62b4d9609588a9211f19046b52df5b,0,True,Descriptive local Git future-history mechanism inventory; not semantic causality or survival evidence.
mwaskom__seaborn-3190,mwaskom/seaborn,[LOCAL_DRIVE]/code\repos_lite_pro\mwaskom__seaborn,4a9e54962a29c12a8b103d75f838e0e795a6974d,mwaskom__seaborn-3190-d180,7780305bae63d8be3416858ac35f6fa706bab4d6,180,29,e1e36cb1c5f02143d33107b5dfe4ec60527c3bf6,Avoid matplotlib 3.7.0 warnings (#3278),8,examples/heat_scatter.py;seaborn/_compat.py;seaborn/axisgrid.py;seaborn/utils.py;tests/test_axisgrid.py;tests/test_categorical.py;tests/test_relational.py;tests/test_utils.py,independent,seaborn/_core/scales.py,2,a3eff2928e60880e264b0ba75ece3b38ec62b4d9609588a9211f19046b52df5b,0,True,Descriptive local Git future-history mechanism inventory; not semantic causality or survival evidence.
mwaskom__seaborn-3190,mwaskom/seaborn,[LOCAL_DRIVE]/code\repos_lite_pro\mwaskom__seaborn,4a9e54962a29c12a8b103d75f838e0e795a6974d,mwaskom__seaborn-3190-d180,7780305bae63d8be3416858ac35f6fa706bab4d6,180,30,7231fc24f6251fbc4b4757a56af7a0622a5b12f5,Modernize boxplot and add a number of enhancements (#3294),3,doc/_docstrings/boxplot.ipynb;seaborn/categorical.py;tests/test_categorical.py,independent,seaborn/_core/scales.py,2,a3eff2928e60880e264b0ba75ece3b38ec62b4d9609588a9211f19046b52df5b,0,True,Descriptive local Git future-history mechanism inventory; not semantic causality or survival evidence.
mwaskom__seaborn-3190,mwaskom/seaborn,[LOCAL_DRIVE]/code\repos_lite_pro\mwaskom__seaborn,4a9e54962a29c12a8b103d75f838e0e795a6974d,mwaskom__seaborn-3190-d180,7780305bae63d8be3416858ac35f6fa706bab4d6,180,31,35c284e74fbf9ea1802416daa42845eae1e7a30e,Docs fix - heatmap.ipynb. (#3290),1,doc/_docstrings/heatmap.ipynb,infrastructure_only,seaborn/_core/scales.py,2,a3eff2928e60880e264b0ba75ece3b38ec62b4d9609588a9211f19046b52df5b,0,True,Descriptive local Git future-history mechanism inventory; not semantic causality or survival evidence.
mwaskom__seaborn-3190,mwaskom/seaborn,[LOCAL_DRIVE]/code\repos_lite_pro\mwaskom__seaborn,4a9e54962a29c12a8b103d75f838e0e795a6974d,mwaskom__seaborn-3190-d180,7780305bae63d8be3416858ac35f6fa706bab4d6,180,32,a69eb55f2d89b00e1d31b9c9ec29982fe0a187cb,Bump actions/checkout from 2 to 3 (#3279),1,.github/workflows/ci.yaml,infrastructure_only,seaborn/_core/scales.py,2,a3eff2928e60880e264b0ba75ece3b38ec62b4d9609588a9211f19046b52df5b,0,True,Descriptive local Git future-history mechanism inventory; not semantic causality or survival evidence.
mwaskom__seaborn-3190,mwaskom/seaborn,[LOCAL_DRIVE]/code\repos_lite_pro\mwaskom__seaborn,4a9e54962a29c12a8b103d75f838e0e795a6974d,mwaskom__seaborn-3190-d180,7780305bae63d8be3416858ac35f6fa706bab4d6,180,33,f9827a3ae2a998aeeb97d1931ae03f8a3f7109c2,MAINT: address numpy125 deprecations (#3297),6,seaborn/_core/plot.py;seaborn/matrix.py;tests/test_axisgrid.py;tests/test_matrix.py;tests/test_regression.py;tests/test_relational.py,related_same_subtree,seaborn/_core/scales.py,2,a3eff2928e60880e264b0ba75ece3b38ec62b4d9609588a9211f19046b52df5b,0,True,Descriptive local Git future-history mechanism inventory; not semantic causality or survival evidence.
mwaskom__seaborn-3190,mwaskom/seaborn,[LOCAL_DRIVE]/code\repos_lite_pro\mwaskom__seaborn,4a9e54962a29c12a8b103d75f838e0e795a6974d,mwaskom__seaborn-3190-d180,7780305bae63d8be3416858ac35f6fa706bab4d6,180,34,bd480f6280007b2ae6910ce4ee689f213f7a7e10,Fixes small inconsistency in seaborn.objects tutorial (#3309),1,doc/_tutorial/objects_interface.ipynb,infrastructure_only,seaborn/_core/scales.py,2,a3eff2928e60880e264b0ba75ece3b38ec62b4d9609588a9211f19046b52df5b,0,True,Descriptive local Git future-history mechanism inventory; not semantic causality or survival evidence.
mwaskom__seaborn-3190,mwaskom/seaborn,[LOCAL_DRIVE]/code\repos_lite_pro\mwaskom__seaborn,4a9e54962a29c12a8b103d75f838e0e795a6974d,mwaskom__seaborn-3190-d180,7780305bae63d8be3416858ac35f6fa706bab4d6,180,35,19deb36e17bb1d91a73800c61a8f0381d7f2bf79,Refactor to simplify desaturation in categorical plots (#3310),5,seaborn/_oldcore.py;seaborn/categorical.py;seaborn/utils.py;tests/test_core.py;tests/test_utils.py,independent,seaborn/_core/scales.py,2,a3eff2928e60880e264b0ba75ece3b38ec62b4d9609588a9211f19046b52df5b,0,True,Descriptive local Git future-history mechanism inventory; not semantic causality or survival evidence.
mwaskom__seaborn-3190,mwaskom/seaborn,[LOCAL_DRIVE]/code\repos_lite_pro\mwaskom__seaborn,4a9e54962a29c12a8b103d75f838e0e795a6974d,mwaskom__seaborn-3190-d180,7780305bae63d8be3416858ac35f6fa706bab4d6,180,36,cc0997820e84a478632706d0ef6f6e3e4256d5b6,Pandas 2.0 compat in Area API docs,1,doc/_docstrings/objects.Area.ipynb,infrastructure_only,seaborn/_core/scales.py,2,a3eff2928e60880e264b0ba75ece3b38ec62b4d9609588a9211f19046b52df5b,0,True,Descriptive local Git future-history mechanism inventory; not semantic causality or survival evidence.
mwaskom__seaborn-3190,mwaskom/seaborn,[LOCAL_DRIVE]/code\repos_lite_pro\mwaskom__seaborn,4a9e54962a29c12a8b103d75f838e0e795a6974d,mwaskom__seaborn-3190-d180,7780305bae63d8be3416858ac35f6fa706bab4d6,180,37,011caacf7479346cb931ee65c096d2fe0d6ee762,Fix typo,1,doc/_docstrings/objects.Area.ipynb,infrastructure_only,seaborn/_core/scales.py,2,a3eff2928e60880e264b0ba75ece3b38ec62b4d9609588a9211f19046b52df5b,0,True,Descriptive local Git future-history mechanism inventory; not semantic causality or survival evidence.
mwaskom__seaborn-3190,mwaskom/seaborn,[LOCAL_DRIVE]/code\repos_lite_pro\mwaskom__seaborn,4a9e54962a29c12a8b103d75f838e0e795a6974d,mwaskom__seaborn-3190-d180,7780305bae63d8be3416858ac35f6fa706bab4d6,180,38,4f7255446ed04048e46ff962eb0926351d40680d,Pandas 2.0 compat in docs,3,doc/_docstrings/relplot.ipynb;doc/_tutorial/data_structure.ipynb;examples/spreadsheet_heatmap.py,independent,seaborn/_core/scales.py,2,a3eff2928e60880e264b0ba75ece3b38ec62b4d9609588a9211f19046b52df5b,0,True,Descriptive local Git future-history mechanism inventory; not semantic causality or survival evidence.
mwaskom__seaborn-3190,mwaskom/seaborn,[LOCAL_DRIVE]/code\repos_lite_pro\mwaskom__seaborn,4a9e54962a29c12a8b103d75f838e0e795a6974d,mwaskom__seaborn-3190-d180,7780305bae63d8be3416858ac35f6fa706bab4d6,180,39,804662d1fd00008d596cdad2bc0b76593803d984,Add read-only permissions to ci.yaml (#3319),1,.github/workflows/ci.yaml,infrastructure_only,seaborn/_core/scales.py,2,a3eff2928e60880e264b0ba75ece3b38ec62b4d9609588a9211f19046b52df5b,0,True,Descriptive local Git future-history mechanism inventory; not semantic causality or survival evidence.
mwaskom__seaborn-3190,mwaskom/seaborn,[LOCAL_DRIVE]/code\repos_lite_pro\mwaskom__seaborn,4a9e54962a29c12a8b103d75f838e0e795a6974d,mwaskom__seaborn-3190-d180,7780305bae63d8be3416858ac35f6fa706bab4d6,180,40,0b6d6535fb124911ed4f4e74b979e7678f24952e,Fixed mwaskom/seaborn#3272 (#3317),2,seaborn/categorical.py;tests/test_categorical.py,independent,seaborn/_core/scales.py,2,a3eff2928e60880e264b0ba75ece3b38ec62b4d9609588a9211f19046b52df5b,0,True,Descriptive local Git future-history mechanism inventory; not semantic causality or survival evidence.
mwaskom__seaborn-3190,mwaskom/seaborn,[LOCAL_DRIVE]/code\repos_lite_pro\mwaskom__seaborn,4a9e54962a29c12a8b103d75f838e0e795a6974d,mwaskom__seaborn-3190-d180,7780305bae63d8be3416858ac35f6fa706bab4d6,180,41,64ef8cfd563c41341c0309518755ed89c0e1315e,Temporarily restrict sphinx version to unbreak docs build (#3323),1,pyproject.toml,infrastructure_only,seaborn/_core/scales.py,2,a3eff2928e60880e264b0ba75ece3b38ec62b4d9609588a9211f19046b52df5b,0,True,Descriptive local Git future-history mechanism inventory; not semantic causality or survival evidence.
mwaskom__seaborn-3190,mwaskom/seaborn,[LOCAL_DRIVE]/code\repos_lite_pro\mwaskom__seaborn,4a9e54962a29c12a8b103d75f838e0e795a6974d,mwaskom__seaborn-3190-d180,7780305bae63d8be3416858ac35f6fa706bab4d6,180,42,bf0cfec0627bee4b757f033ff504c0a520a3cd5b,Bugfix issue 3230 (#3316),3,doc/whatsnew/v0.13.0.rst;seaborn/relational.py;tests/test_relational.py,independent,seaborn/_core/scales.py,2,a3eff2928e60880e264b0ba75ece3b38ec62b4d9609588a9211f19046b52df5b,0,True,Descriptive local Git future-history mechanism inventory; not semantic causality or survival evidence.
mwaskom__seaborn-3190,mwaskom/seaborn,[LOCAL_DRIVE]/code\repos_lite_pro\mwaskom__seaborn,4a9e54962a29c12a8b103d75f838e0e795a6974d,mwaskom__seaborn-3190-d180,7780305bae63d8be3416858ac35f6fa706bab4d6,180,43,fc03c5d4e11126ff88a28da54bca3a2b691c7cab,Refactor new categorical internals (#3337),3,seaborn/categorical.py;seaborn/utils.py;tests/test_categorical.py,independent,seaborn/_core/scales.py,2,a3eff2928e60880e264b0ba75ece3b38ec62b4d9609588a9211f19046b52df5b,0,True,Descriptive local Git future-history mechanism inventory; not semantic causality or survival evidence.
mwaskom__seaborn-3190,mwaskom/seaborn,[LOCAL_DRIVE]/code\repos_lite_pro\mwaskom__seaborn,4a9e54962a29c12a8b103d75f838e0e795a6974d,mwaskom__seaborn-3190-d180,7780305bae63d8be3416858ac35f6fa706bab4d6,180,44,eb2b5a21dfc9a20f2eeec100490d5c014e689c65,Fix lint rule to run flake8 on test suite (#3348),2,Makefile;tests/_stats/test_regression.py,independent,seaborn/_core/scales.py,2,a3eff2928e60880e264b0ba75ece3b38ec62b4d9609588a9211f19046b52df5b,0,True,Descriptive local Git future-history mechanism inventory; not semantic causality or survival evidence.
mwaskom__seaborn-3190,mwaskom/seaborn,[LOCAL_DRIVE]/code\repos_lite_pro\mwaskom__seaborn,4a9e54962a29c12a8b103d75f838e0e795a6974d,mwaskom__seaborn-3190-d180,7780305bae63d8be3416858ac35f6fa706bab4d6,180,45,5666389e1090d3b31ff1c97dca4be04f10e7ecc6,Add security policy (#3344),1,SECURITY.md,independent,seaborn/_core/scales.py,2,a3eff2928e60880e264b0ba75ece3b38ec62b4d9609588a9211f19046b52df5b,0,True,Descriptive local Git future-history mechanism inventory; not semantic causality or survival evidence.
mwaskom__seaborn-3190,mwaskom/seaborn,[LOCAL_DRIVE]/code\repos_lite_pro\mwaskom__seaborn,4a9e54962a29c12a8b103d75f838e0e795a6974d,mwaskom__seaborn-3190-d180,7780305bae63d8be3416858ac35f6fa706bab4d6,180,46,2d9bb4f82e36a8fded638ff6b044c4a540567181,Remove matplotlib cache manipulation (#3332),2,seaborn/_core/plot.py;seaborn/palettes.py,related_same_subtree,seaborn/_core/scales.py,2,a3eff2928e60880e264b0ba75ece3b38ec62b4d9609588a9211f19046b52df5b,0,True,Descriptive local Git future-history mechanism inventory; not semantic causality or survival evidence.
mwaskom__seaborn-3190,mwaskom/seaborn,[LOCAL_DRIVE]/code\repos_lite_pro\mwaskom__seaborn,4a9e54962a29c12a8b103d75f838e0e795a6974d,mwaskom__seaborn-3190-d180,7780305bae63d8be3416858ac35f6fa706bab4d6,180,47,971f47e9c1e69c6f14e42d3c0da8aec884f3352b,ecdfplot stat parameter manage percent (#3336),3,doc/_docstrings/ecdfplot.ipynb;seaborn/_statistics.py;tests/test_statistics.py,independent,seaborn/_core/scales.py,2,a3eff2928e60880e264b0ba75ece3b38ec62b4d9609588a9211f19046b52df5b,0,True,Descriptive local Git future-history mechanism inventory; not semantic causality or survival evidence.
mwaskom__seaborn-3190,mwaskom/seaborn,[LOCAL_DRIVE]/code\repos_lite_pro\mwaskom__seaborn,4a9e54962a29c12a8b103d75f838e0e795a6974d,mwaskom__seaborn-3190-d180,7780305bae63d8be3416858ac35f6fa706bab4d6,180,48,a48601d6bbf8381f9435be48624f1a77d6fbfced,pandas compat: address is_categorical_dtype deprecation (#3355),2,seaborn/_core/rules.py;seaborn/_oldcore.py,related_same_subtree,seaborn/_core/scales.py,2,a3eff2928e60880e264b0ba75ece3b38ec62b4d9609588a9211f19046b52df5b,0,True,Descriptive local Git future-history mechanism inventory; not semantic causality or survival evidence.
mwaskom__seaborn-3190,mwaskom/seaborn,[LOCAL_DRIVE]/code\repos_lite_pro\mwaskom__seaborn,4a9e54962a29c12a8b103d75f838e0e795a6974d,mwaskom__seaborn-3190-d180,7780305bae63d8be3416858ac35f6fa706bab4d6,180,49,3fd4146781e56a06065e509f6ce76118e9c33d5f,Handle statsmodels PerfectSeparationWarning on 0.14.0+ (#3356),1,seaborn/regression.py,independent,seaborn/_core/scales.py,2,a3eff2928e60880e264b0ba75ece3b38ec62b4d9609588a9211f19046b52df5b,0,True,Descriptive local Git future-history mechanism inventory; not semantic causality or survival evidence.
mwaskom__seaborn-3190,mwaskom/seaborn,[LOCAL_DRIVE]/code\repos_lite_pro\mwaskom__seaborn,4a9e54962a29c12a8b103d75f838e0e795a6974d,mwaskom__seaborn-3190-d180,7780305bae63d8be3416858ac35f6fa706bab4d6,180,50,1b09ac4f1900317a88db742660faf47d8e71b72d,Modernize and enhance violinplot (#3353),9,doc/_docstrings/barplot.ipynb;doc/_docstrings/violinplot.ipynb;doc/_tutorial/categorical.ipynb;doc/whatsnew/index.rst;examples/wide_form_violinplot.py;seaborn/categorical.py;seaborn/utils.py;tests/test_categorical.py;tests/test_utils.py,independent,seaborn/_core/scales.py,2,a3eff2928e60880e264b0ba75ece3b38ec62b4d9609588a9211f19046b52df5b,0,True,Descriptive local Git future-history mechanism inventory; not semantic causality or survival evidence.
mwaskom__seaborn-3190,mwaskom/seaborn,[LOCAL_DRIVE]/code\repos_lite_pro\mwaskom__seaborn,4a9e54962a29c12a8b103d75f838e0e795a6974d,mwaskom__seaborn-3190-d180,7780305bae63d8be3416858ac35f6fa706bab4d6,180,51,f7bd65f430794b9eaebebf509a1c0bfead0d6e0f,Fix rst typo,1,doc/_docstrings/violinplot.ipynb,infrastructure_only,seaborn/_core/scales.py,2,a3eff2928e60880e264b0ba75ece3b38ec62b4d9609588a9211f19046b52df5b,0,True,Descriptive local Git future-history mechanism inventory; not semantic causality or survival evidence.
mwaskom__seaborn-3190,mwaskom/seaborn,[LOCAL_DRIVE]/code\repos_lite_pro\mwaskom__seaborn,4a9e54962a29c12a8b103d75f838e0e795a6974d,mwaskom__seaborn-3190-d180,7780305bae63d8be3416858ac35f6fa706bab4d6,180,52,16c025dcdcb5010b014dbca473673c78f4c594d7,DOC: Fix typo in include directive (#3357),2,seaborn/palettes.py;seaborn/regression.py,independent,seaborn/_core/scales.py,2,a3eff2928e60880e264b0ba75ece3b38ec62b4d9609588a9211f19046b52df5b,0,True,Descriptive local Git future-history mechanism inventory; not semantic causality or survival evidence.
mwaskom__seaborn-3190,mwaskom/seaborn,[LOCAL_DRIVE]/code\repos_lite_pro\mwaskom__seaborn,4a9e54962a29c12a8b103d75f838e0e795a6974d,mwaskom__seaborn-3190-d180,7780305bae63d8be3416858ac35f6fa706bab4d6,180,53,b9333f900cc6c27e4f39dea57e0a034ba82ebf8a,Add gap/fill parameters to barplot and countplot (#3361),2,seaborn/categorical.py;tests/test_categorical.py,independent,seaborn/_core/scales.py,2,a3eff2928e60880e264b0ba75ece3b38ec62b4d9609588a9211f19046b52df5b,0,True,Descriptive local Git future-history mechanism inventory; not semantic causality or survival evidence.
mwaskom__seaborn-3190,mwaskom/seaborn,[LOCAL_DRIVE]/code\repos_lite_pro\mwaskom__seaborn,4a9e54962a29c12a8b103d75f838e0e795a6974d,mwaskom__seaborn-3190-d180,7780305bae63d8be3416858ac35f6fa706bab4d6,180,54,129ce703052ff56f27014a0d8e4e6203b531b7a8,TST: Make test_index_alignment_between_series less brittle (#3359),1,tests/_core/test_data.py,test_only,seaborn/_core/scales.py,2,a3eff2928e60880e264b0ba75ece3b38ec62b4d9609588a9211f19046b52df5b,0,True,Descriptive local Git future-history mechanism inventory; not semantic causality or survival evidence.
mwaskom__seaborn-3190,mwaskom/seaborn,[LOCAL_DRIVE]/code\repos_lite_pro\mwaskom__seaborn,4a9e54962a29c12a8b103d75f838e0e795a6974d,mwaskom__seaborn-3190-d180,7780305bae63d8be3416858ac35f6fa706bab4d6,180,55,824c102525e6a29cde9bca1ce0096d50588fda6b,DOC: Fix some typos (#3366),5,doc/_tutorial/color_palettes.ipynb;doc/_tutorial/distributions.ipynb;doc/_tutorial/objects_interface.ipynb;doc/_tutorial/properties.ipynb;seaborn/_marks/bar.py,independent,seaborn/_core/scales.py,2,a3eff2928e60880e264b0ba75ece3b38ec62b4d9609588a9211f19046b52df5b,0,True,Descriptive local Git future-history mechanism inventory; not semantic causality or survival evidence.
mwaskom__seaborn-3190,mwaskom/seaborn,[LOCAL_DRIVE]/code\repos_lite_pro\mwaskom__seaborn,4a9e54962a29c12a8b103d75f838e0e795a6974d,mwaskom__seaborn-3190-d180,7780305bae63d8be3416858ac35f6fa706bab4d6,180,56,b6737d5aec9a91bb8840cdda896a7970e1830d56,Avoid error when determining type of variable containing pd.NA (#3391),3,seaborn/_core/rules.py;seaborn/_oldcore.py;tests/_core/test_rules.py,related_same_subtree,seaborn/_core/scales.py,2,a3eff2928e60880e264b0ba75ece3b38ec62b4d9609588a9211f19046b52df5b,0,True,Descriptive local Git future-history mechanism inventory; not semantic causality or survival evidence.
mwaskom__seaborn-3190,mwaskom/seaborn,[LOCAL_DRIVE]/code\repos_lite_pro\mwaskom__seaborn,4a9e54962a29c12a8b103d75f838e0e795a6974d,mwaskom__seaborn-3190-d180,7780305bae63d8be3416858ac35f6fa706bab4d6,180,57,9276e22a424fe2c834eff85231d0c916e293d613,Always use unit width for categorical axes (#3390),2,seaborn/categorical.py;tests/test_categorical.py,independent,seaborn/_core/scales.py,2,a3eff2928e60880e264b0ba75ece3b38ec62b4d9609588a9211f19046b52df5b,0,True,Descriptive local Git future-history mechanism inventory; not semantic causality or survival evidence.
mwaskom__seaborn-3190,mwaskom/seaborn,[LOCAL_DRIVE]/code\repos_lite_pro\mwaskom__seaborn,4a9e54962a29c12a8b103d75f838e0e795a6974d,mwaskom__seaborn-3190-d180,7780305bae63d8be3416858ac35f6fa706bab4d6,180,58,515286e02be3e4c0ff2ef4addb34a53c4a676ee4,Improve handling of edge cases with nullable dtypes (#3394),5,seaborn/_core/plot.py;seaborn/_core/rules.py;seaborn/_oldcore.py;tests/_core/test_rules.py;tests/test_core.py,related_same_subtree,seaborn/_core/scales.py,2,a3eff2928e60880e264b0ba75ece3b38ec62b4d9609588a9211f19046b52df5b,0,True,Descriptive local Git future-history mechanism inventory; not semantic causality or survival evidence.
mwaskom__seaborn-3190,mwaskom/seaborn,[LOCAL_DRIVE]/code\repos_lite_pro\mwaskom__seaborn,4a9e54962a29c12a8b103d75f838e0e795a6974d,mwaskom__seaborn-3190-d180,7780305bae63d8be3416858ac35f6fa706bab4d6,180,59,7780305bae63d8be3416858ac35f6fa706bab4d6,Fix PairGrid with column multiindex (#3407),2,seaborn/axisgrid.py;tests/test_axisgrid.py,independent,seaborn/_core/scales.py,2,a3eff2928e60880e264b0ba75ece3b38ec62b4d9609588a9211f19046b52df5b,0,True,Descriptive local Git future-history mechanism inventory; not semantic causality or survival evidence.
mwaskom__seaborn-3190,mwaskom/seaborn,[LOCAL_DRIVE]/code\repos_lite_pro\mwaskom__seaborn,4a9e54962a29c12a8b103d75f838e0e795a6974d,mwaskom__seaborn-3190-d365,45a098fd254b6b7385e708b29a556017808ecd40,365,1,72710354ecc8470683e15f452ba0af841464e84a,Avoid exception from Continuous scale for normed property (#3190),3,doc/whatsnew/v0.12.2.rst;seaborn/_core/scales.py;tests/_core/test_scales.py,directly_overlapping,seaborn/_core/scales.py,0,a3eff2928e60880e264b0ba75ece3b38ec62b4d9609588a9211f19046b52df5b,0,True,Descriptive local Git future-history mechanism inventory; not semantic causality or survival evidence.
mwaskom__seaborn-3190,mwaskom/seaborn,[LOCAL_DRIVE]/code\repos_lite_pro\mwaskom__seaborn,4a9e54962a29c12a8b103d75f838e0e795a6974d,mwaskom__seaborn-3190-d365,45a098fd254b6b7385e708b29a556017808ecd40,365,2,5e565d2a1d8e155a9e54bb93d6e0fc2b310ec336,Add Boolean scale (#3205),100,doc/_docstrings/FacetGrid.ipynb;doc/_docstrings/JointGrid.ipynb;doc/_docstrings/PairGrid.ipynb;doc/_docstrings/axes_style.ipynb;doc/_docstrings/barplot.ipynb;doc/_docstrings/blend_palette.ipynb;doc/_docstrings/boxenplot.ipynb;doc/_docstrings/boxplot.ipynb;doc/_docstrings/catplot.ipynb;doc/_docstrings/clustermap.ipynb;doc/_docstrings/color_palette.ipynb;doc/_docstrings/countplot.ipynb;doc/_docstrings/cubehelix_palette.ipynb;doc/_docstrings/dark_palette.ipynb;doc/_docstrings/displot.ipynb;doc/_docstrings/diverging_palette.ipynb;doc/_docstrings/ecdfplot.ipynb;doc/_docstrings/heatmap.ipynb;doc/_docstrings/histplot.ipynb;doc/_docstrings/hls_palette.ipynb;doc/_docstrings/husl_palette.ipynb;doc/_docstrings/jointplot.ipynb;doc/_docstrings/kdeplot.ipynb;doc/_docstrings/light_palette.ipynb;doc/_docstrings/lineplot.ipynb;doc/_docstrings/lmplot.ipynb;doc/_docstrings/move_legend.ipynb;doc/_docstrings/mpl_palette.ipynb;doc/_docstrings/objects.Agg.ipynb;doc/_docstrings/objects.Area.ipynb;doc/_docstrings/objects.Band.ipynb;doc/_docstrings/objects.Bar.ipynb;doc/_docstrings/objects.Bars.ipynb;doc/_docstrings/objects.Count.ipynb;doc/_docstrings/objects.Dash.ipynb;doc/_docstrings/objects.Dodge.ipynb;doc/_docstrings/objects.Dot.ipynb;doc/_docstrings/objects.Dots.ipynb;doc/_docstrings/objects.Est.ipynb;doc/_docstrings/objects.Hist.ipynb;doc/_docstrings/objects.Jitter.ipynb;doc/_docstrings/objects.KDE.ipynb;doc/_docstrings/objects.Line.ipynb;doc/_docstrings/objects.Lines.ipynb;doc/_docstrings/objects.Norm.ipynb;doc/_docstrings/objects.Path.ipynb;doc/_docstrings/objects.Paths.ipynb;doc/_docstrings/objects.Perc.ipynb;doc/_docstrings/objects.Plot.add.ipynb;doc/_docstrings/objects.Plot.facet.ipynb;doc/_docstrings/objects.Plot.label.ipynb;doc/_docstrings/objects.Plot.layout.ipynb;doc/_docstrings/objects.Plot.limit.ipynb;doc/_docstrings/objects.Plot.on.ipynb;doc/_docstrings/objects.Plot.pair.ipynb;doc/_docstrings/objects.Plot.scale.ipynb;doc/_docstrings/objects.Plot.share.ipynb;doc/_docstrings/objects.Plot.theme.ipynb;doc/_docstrings/objects.Range.ipynb;doc/_docstrings/objects.Shift.ipynb;doc/_docstrings/objects.Stack.ipynb;doc/_docstrings/objects.Text.ipynb;doc/_docstrings/pairplot.ipynb;doc/_docstrings/plotting_context.ipynb;doc/_docstrings/pointplot.ipynb;doc/_docstrings/regplot.ipynb;doc/_docstrings/relplot.ipynb;doc/_docstrings/residplot.ipynb;doc/_docstrings/rugplot.ipynb;doc/_docstrings/scatterplot.ipynb;doc/_docstrings/set_context.ipynb;doc/_docstrings/set_style.ipynb;doc/_docstrings/set_theme.ipynb;doc/_docstrings/stripplot.ipynb;doc/_docstrings/swarmplot.ipynb;doc/_docstrings/violinplot.ipynb;doc/_tutorial/aesthetics.ipynb;doc/_tutorial/axis_grids.ipynb;doc/_tutorial/categorical.ipynb;doc/_tutorial/color_palettes.ipynb;doc/_tutorial/data_structure.ipynb;doc/_tutorial/distributions.ipynb;doc/_tutorial/error_bars.ipynb;doc/_tutorial/function_overview.ipynb;doc/_tutorial/introduction.ipynb;doc/_tutorial/objects_interface.ipynb;doc/_tutorial/properties.ipynb;doc/_tutorial/regression.ipynb;doc/_tutorial/relational.ipynb;doc/api.rst;doc/whatsnew/index.rst;doc/whatsnew/v0.12.2.rst;seaborn/_core/plot.py;seaborn/_core/properties.py;seaborn/_core/rules.py;seaborn/_core/scales.py;seaborn/objects.py;tests/_core/test_properties.py;tests/_core/test_rules.py;tests/_core/test_scales.py,directly_overlapping,seaborn/_core/scales.py,0,a3eff2928e60880e264b0ba75ece3b38ec62b4d9609588a9211f19046b52df5b,0,True,Descriptive local Git future-history mechanism inventory; not semantic causality or survival evidence.
mwaskom__seaborn-3190,mwaskom/seaborn,[LOCAL_DRIVE]/code\repos_lite_pro\mwaskom__seaborn,4a9e54962a29c12a8b103d75f838e0e795a6974d,mwaskom__seaborn-3190-d365,45a098fd254b6b7385e708b29a556017808ecd40,365,3,bf9fcb307533fad2031ab556f5f0e896bbc31e8d,Explicitly set inline backend when building docs from notebooks,2,doc/_docstrings/Makefile;doc/_tutorial/Makefile,infrastructure_only,seaborn/_core/scales.py,0,a3eff2928e60880e264b0ba75ece3b38ec62b4d9609588a9211f19046b52df5b,0,True,Descriptive local Git future-history mechanism inventory; not semantic causality or survival evidence.
mwaskom__seaborn-3190,mwaskom/seaborn,[LOCAL_DRIVE]/code\repos_lite_pro\mwaskom__seaborn,4a9e54962a29c12a8b103d75f838e0e795a6974d,mwaskom__seaborn-3190-d365,45a098fd254b6b7385e708b29a556017808ecd40,365,4,0f5182ee01d28f2daeee805c7d4deb4a05b30bf0,Fix issue when an empty palette is provided for an empty dataset (#3136),2,seaborn/categorical.py;tests/test_categorical.py,independent,seaborn/_core/scales.py,0,a3eff2928e60880e264b0ba75ece3b38ec62b4d9609588a9211f19046b52df5b,0,True,Descriptive local Git future-history mechanism inventory; not semantic causality or survival evidence.
mwaskom__seaborn-3190,mwaskom/seaborn,[LOCAL_DRIVE]/code\repos_lite_pro\mwaskom__seaborn,4a9e54962a29c12a8b103d75f838e0e795a6974d,mwaskom__seaborn-3190-d365,45a098fd254b6b7385e708b29a556017808ecd40,365,5,10c3ed87a42bcaed74b115252eeb4b88ebc1597f,Finalize v0.12.2 release notes,1,doc/whatsnew/v0.12.2.rst,infrastructure_only,seaborn/_core/scales.py,2,a3eff2928e60880e264b0ba75ece3b38ec62b4d9609588a9211f19046b52df5b,0,True,Descriptive local Git future-history mechanism inventory; not semantic causality or survival evidence.
mwaskom__seaborn-3190,mwaskom/seaborn,[LOCAL_DRIVE]/code\repos_lite_pro\mwaskom__seaborn,4a9e54962a29c12a8b103d75f838e0e795a6974d,mwaskom__seaborn-3190-d365,45a098fd254b6b7385e708b29a556017808ecd40,365,6,fd09815eed491edad014c88aea814396d3e3ded2,Bump version for 0.13.0 dev,1,seaborn/__init__.py,independent,seaborn/_core/scales.py,2,a3eff2928e60880e264b0ba75ece3b38ec62b4d9609588a9211f19046b52df5b,0,True,Descriptive local Git future-history mechanism inventory; not semantic causality or survival evidence.
mwaskom__seaborn-3190,mwaskom/seaborn,[LOCAL_DRIVE]/code\repos_lite_pro\mwaskom__seaborn,4a9e54962a29c12a8b103d75f838e0e795a6974d,mwaskom__seaborn-3190-d365,45a098fd254b6b7385e708b29a556017808ecd40,365,7,7b70380829417c82478e9c67efc7cd1e5f1b8cb1,Increase minimally-supported versions of Python and dependencies (#3208),5,.github/workflows/ci.yaml;ci/deps_pinned.txt;pyproject.toml;seaborn/_core/rules.py;tests/_core/test_plot.py,related_same_subtree,seaborn/_core/scales.py,2,a3eff2928e60880e264b0ba75ece3b38ec62b4d9609588a9211f19046b52df5b,0,True,Descriptive local Git future-history mechanism inventory; not semantic causality or survival evidence.
mwaskom__seaborn-3190,mwaskom/seaborn,[LOCAL_DRIVE]/code\repos_lite_pro\mwaskom__seaborn,4a9e54962a29c12a8b103d75f838e0e795a6974d,mwaskom__seaborn-3190-d365,45a098fd254b6b7385e708b29a556017808ecd40,365,8,29daaf3aee256926ef242d5b5fa1f2996fd1f687,Add helper function for consistent backcompat gates (#3209),18,seaborn/_compat.py;seaborn/_core/plot.py;seaborn/_marks/bar.py;seaborn/_marks/line.py;seaborn/_oldcore.py;seaborn/_stats/order.py;seaborn/utils.py;tests/_core/test_plot.py;tests/_core/test_properties.py;tests/_core/test_rules.py;tests/_core/test_scales.py;tests/_stats/test_order.py;tests/test_algorithms.py;tests/test_categorical.py;tests/test_distributions.py;tests/test_regression.py;tests/test_relational.py;tests/test_utils.py,related_same_subtree,seaborn/_core/scales.py,2,a3eff2928e60880e264b0ba75ece3b38ec62b4d9609588a9211f19046b52df5b,0,True,Descriptive local Git future-history mechanism inventory; not semantic causality or survival evidence.
mwaskom__seaborn-3190,mwaskom/seaborn,[LOCAL_DRIVE]/code\repos_lite_pro\mwaskom__seaborn,4a9e54962a29c12a8b103d75f838e0e795a6974d,mwaskom__seaborn-3190-d365,45a098fd254b6b7385e708b29a556017808ecd40,365,9,557b0d29cdeae9703576f4bb0eb73dd997a1e4a4,Remove dead code branches after minimal dependency bumps (#3210),13,seaborn/_compat.py;seaborn/_marks/line.py;seaborn/_oldcore.py;seaborn/algorithms.py;seaborn/utils.py;tests/_core/test_plot.py;tests/_core/test_rules.py;tests/_core/test_scales.py;tests/test_algorithms.py;tests/test_categorical.py;tests/test_distributions.py;tests/test_relational.py;tests/test_utils.py,independent,seaborn/_core/scales.py,2,a3eff2928e60880e264b0ba75ece3b38ec62b4d9609588a9211f19046b52df5b,0,True,Descriptive local Git future-history mechanism inventory; not semantic causality or survival evidence.
mwaskom__seaborn-3190,mwaskom/seaborn,[LOCAL_DRIVE]/code\repos_lite_pro\mwaskom__seaborn,4a9e54962a29c12a8b103d75f838e0e795a6974d,mwaskom__seaborn-3190-d365,45a098fd254b6b7385e708b29a556017808ecd40,365,10,9b0baf65c879889489a4cce92aef552536e571eb,Fix Continuous.label(like=) documentation (fixes #3213),1,seaborn/_core/scales.py,directly_overlapping,seaborn/_core/scales.py,2,a3eff2928e60880e264b0ba75ece3b38ec62b4d9609588a9211f19046b52df5b,0,True,Descriptive local Git future-history mechanism inventory; not semantic causality or survival evidence.
mwaskom__seaborn-3190,mwaskom/seaborn,[LOCAL_DRIVE]/code\repos_lite_pro\mwaskom__seaborn,4a9e54962a29c12a8b103d75f838e0e795a6974d,mwaskom__seaborn-3190-d365,45a098fd254b6b7385e708b29a556017808ecd40,365,11,623b0b723c671e99f04e8ababf19adc563f30168,Fix layout engine parameterization when using Plot.on (#3216),3,seaborn/_compat.py;seaborn/_core/plot.py;tests/_core/test_plot.py,related_same_subtree,seaborn/_core/scales.py,2,a3eff2928e60880e264b0ba75ece3b38ec62b4d9609588a9211f19046b52df5b,0,True,Descriptive local Git future-history mechanism inventory; not semantic causality or survival evidence.
mwaskom__seaborn-3190,mwaskom/seaborn,[LOCAL_DRIVE]/code\repos_lite_pro\mwaskom__seaborn,4a9e54962a29c12a8b103d75f838e0e795a6974d,mwaskom__seaborn-3190-d365,45a098fd254b6b7385e708b29a556017808ecd40,365,12,dce8afd4a7d4145b04d897bf5ad61a72c99d624e,Update references to minimal supported Python version,2,README.md;doc/installing.rst,infrastructure_only,seaborn/_core/scales.py,2,a3eff2928e60880e264b0ba75ece3b38ec62b4d9609588a9211f19046b52df5b,0,True,Descriptive local Git future-history mechanism inventory; not semantic causality or survival evidence.
mwaskom__seaborn-3190,mwaskom/seaborn,[LOCAL_DRIVE]/code\repos_lite_pro\mwaskom__seaborn,4a9e54962a29c12a8b103d75f838e0e795a6974d,mwaskom__seaborn-3190-d365,45a098fd254b6b7385e708b29a556017808ecd40,365,13,a47b97e4b98c809db55cbd283de21acba89fe186,Add default theme configuration to Plot (#3223),6,doc/_docstrings/objects.Plot.config.ipynb;doc/_docstrings/objects.Plot.theme.ipynb;doc/_templates/autosummary/plot.rst;doc/_tutorial/objects_interface.ipynb;seaborn/_core/plot.py;tests/_core/test_plot.py,related_same_subtree,seaborn/_core/scales.py,2,a3eff2928e60880e264b0ba75ece3b38ec62b4d9609588a9211f19046b52df5b,0,True,Descriptive local Git future-history mechanism inventory; not semantic causality or survival evidence.
mwaskom__seaborn-3190,mwaskom/seaborn,[LOCAL_DRIVE]/code\repos_lite_pro\mwaskom__seaborn,4a9e54962a29c12a8b103d75f838e0e795a6974d,mwaskom__seaborn-3190-d365,45a098fd254b6b7385e708b29a556017808ecd40,365,14,e75e303b747ebb9b573d0ddfbd08a141f305d373,"Add notebook display configuration for Plot, including SVG output (#3225)",3,doc/_docstrings/objects.Plot.config.ipynb;seaborn/_core/plot.py;tests/_core/test_plot.py,related_same_subtree,seaborn/_core/scales.py,2,a3eff2928e60880e264b0ba75ece3b38ec62b4d9609588a9211f19046b52df5b,0,True,Descriptive local Git future-history mechanism inventory; not semantic causality or survival evidence.
mwaskom__seaborn-3190,mwaskom/seaborn,[LOCAL_DRIVE]/code\repos_lite_pro\mwaskom__seaborn,4a9e54962a29c12a8b103d75f838e0e795a6974d,mwaskom__seaborn-3190-d365,45a098fd254b6b7385e708b29a556017808ecd40,365,15,72faf27f440522fa558df33258ae9b4ea59e161f,Fix Bar(s) width on nonlinear scale (#3217),3,seaborn/_core/plot.py;seaborn/_marks/bar.py;tests/_marks/test_bar.py,related_same_subtree,seaborn/_core/scales.py,2,a3eff2928e60880e264b0ba75ece3b38ec62b4d9609588a9211f19046b52df5b,0,True,Descriptive local Git future-history mechanism inventory; not semantic causality or survival evidence.
mwaskom__seaborn-3190,mwaskom/seaborn,[LOCAL_DRIVE]/code\repos_lite_pro\mwaskom__seaborn,4a9e54962a29c12a8b103d75f838e0e795a6974d,mwaskom__seaborn-3190-d365,45a098fd254b6b7385e708b29a556017808ecd40,365,16,db7ae11750fc2dfb695457239708448d54e9b8cd,Update test to reflect change in matplotlib 3.7 (#3236),1,tests/test_axisgrid.py,test_only,seaborn/_core/scales.py,2,a3eff2928e60880e264b0ba75ece3b38ec62b4d9609588a9211f19046b52df5b,0,True,Descriptive local Git future-history mechanism inventory; not semantic causality or survival evidence.
mwaskom__seaborn-3190,mwaskom/seaborn,[LOCAL_DRIVE]/code\repos_lite_pro\mwaskom__seaborn,4a9e54962a29c12a8b103d75f838e0e795a6974d,mwaskom__seaborn-3190-d365,45a098fd254b6b7385e708b29a556017808ecd40,365,17,0ebc82e8580caab55eb7af1f66220eab6654af97,Document weights parameter in displot docstring,1,seaborn/distributions.py,independent,seaborn/_core/scales.py,2,a3eff2928e60880e264b0ba75ece3b38ec62b4d9609588a9211f19046b52df5b,0,True,Descriptive local Git future-history mechanism inventory; not semantic causality or survival evidence.
mwaskom__seaborn-3190,mwaskom/seaborn,[LOCAL_DRIVE]/code\repos_lite_pro\mwaskom__seaborn,4a9e54962a29c12a8b103d75f838e0e795a6974d,mwaskom__seaborn-3190-d365,45a098fd254b6b7385e708b29a556017808ecd40,365,18,e336f11eb3bdb12ee7ddcd108a4651132c123267,Retrieve list of available datasets from a github url with correct CORS headers set. (#3234),2,seaborn/utils.py;tests/test_utils.py,independent,seaborn/_core/scales.py,2,a3eff2928e60880e264b0ba75ece3b38ec62b4d9609588a9211f19046b52df5b,0,True,Descriptive local Git future-history mechanism inventory; not semantic causality or survival evidence.
mwaskom__seaborn-3190,mwaskom/seaborn,[LOCAL_DRIVE]/code\repos_lite_pro\mwaskom__seaborn,4a9e54962a29c12a8b103d75f838e0e795a6974d,mwaskom__seaborn-3190-d365,45a098fd254b6b7385e708b29a556017808ecd40,365,19,17f9788a2f063ca94b5068ffefbbde9eba4c604d,Remove container added when inferring default color for bar artist (#3246),3,seaborn/distributions.py;seaborn/utils.py;tests/test_distributions.py,independent,seaborn/_core/scales.py,2,a3eff2928e60880e264b0ba75ece3b38ec62b4d9609588a9211f19046b52df5b,0,True,Descriptive local Git future-history mechanism inventory; not semantic causality or survival evidence.
mwaskom__seaborn-3190,mwaskom/seaborn,[LOCAL_DRIVE]/code\repos_lite_pro\mwaskom__seaborn,4a9e54962a29c12a8b103d75f838e0e795a6974d,mwaskom__seaborn-3190-d365,45a098fd254b6b7385e708b29a556017808ecd40,365,20,7bec34be9c79320bc524c10afc244f90650cdc1d,Update v0.13.0 release notes,1,doc/whatsnew/v0.13.0.rst,infrastructure_only,seaborn/_core/scales.py,2,a3eff2928e60880e264b0ba75ece3b38ec62b4d9609588a9211f19046b52df5b,0,True,Descriptive local Git future-history mechanism inventory; not semantic causality or survival evidence.
mwaskom__seaborn-3190,mwaskom/seaborn,[LOCAL_DRIVE]/code\repos_lite_pro\mwaskom__seaborn,4a9e54962a29c12a8b103d75f838e0e795a6974d,mwaskom__seaborn-3190-d365,45a098fd254b6b7385e708b29a556017808ecd40,365,21,c44bce1035ee6f004ffc73a41d7d9e8e2b9a1cd8,Adds kwarg only arguments to pivot in lineplot docs (#3249),1,doc/_docstrings/lineplot.ipynb,infrastructure_only,seaborn/_core/scales.py,2,a3eff2928e60880e264b0ba75ece3b38ec62b4d9609588a9211f19046b52df5b,0,True,Descriptive local Git future-history mechanism inventory; not semantic causality or survival evidence.
mwaskom__seaborn-3190,mwaskom/seaborn,[LOCAL_DRIVE]/code\repos_lite_pro\mwaskom__seaborn,4a9e54962a29c12a8b103d75f838e0e795a6974d,mwaskom__seaborn-3190-d365,45a098fd254b6b7385e708b29a556017808ecd40,365,22,242a3312b6742f5b255c7ad6bccb7228839c9419,Modernize barplot to use common infrastructure (#3255),9,doc/_docstrings/barplot.ipynb;seaborn/_oldcore.py;seaborn/categorical.py;seaborn/utils.py;tests/conftest.py;tests/test_categorical.py;tests/test_core.py;tests/test_distributions.py;tests/test_relational.py,independent,seaborn/_core/scales.py,2,a3eff2928e60880e264b0ba75ece3b38ec62b4d9609588a9211f19046b52df5b,0,True,Descriptive local Git future-history mechanism inventory; not semantic causality or survival evidence.
mwaskom__seaborn-3190,mwaskom/seaborn,[LOCAL_DRIVE]/code\repos_lite_pro\mwaskom__seaborn,4a9e54962a29c12a8b103d75f838e0e795a6974d,mwaskom__seaborn-3190-d365,45a098fd254b6b7385e708b29a556017808ecd40,365,23,3a778baab571e11aebcca82ef4d2c3ba41798e5b,Refactor countplot to use common infra and add stat parameter for normalization (#3267),4,doc/_docstrings/countplot.ipynb;seaborn/categorical.py;seaborn/utils.py;tests/test_categorical.py,independent,seaborn/_core/scales.py,2,a3eff2928e60880e264b0ba75ece3b38ec62b4d9609588a9211f19046b52df5b,0,True,Descriptive local Git future-history mechanism inventory; not semantic causality or survival evidence.
mwaskom__seaborn-3190,mwaskom/seaborn,[LOCAL_DRIVE]/code\repos_lite_pro\mwaskom__seaborn,4a9e54962a29c12a8b103d75f838e0e795a6974d,mwaskom__seaborn-3190-d365,45a098fd254b6b7385e708b29a556017808ecd40,365,24,55c8dc51884f86f94c0e018799c21b8436d33d72,Remove double docstring in 'axisgrid.py' (#3269),1,seaborn/axisgrid.py,independent,seaborn/_core/scales.py,2,a3eff2928e60880e264b0ba75ece3b38ec62b4d9609588a9211f19046b52df5b,0,True,Descriptive local Git future-history mechanism inventory; not semantic causality or survival evidence.
mwaskom__seaborn-3190,mwaskom/seaborn,[LOCAL_DRIVE]/code\repos_lite_pro\mwaskom__seaborn,4a9e54962a29c12a8b103d75f838e0e795a6974d,mwaskom__seaborn-3190-d365,45a098fd254b6b7385e708b29a556017808ecd40,365,25,5d9f37159bbd3ac44c8c8a06825583ba25648525,Modernize pointplot and increase its flexibility (#3270),7,doc/_docstrings/pointplot.ipynb;seaborn/_core/typing.py;seaborn/_oldcore.py;seaborn/categorical.py;seaborn/relational.py;seaborn/utils.py;tests/test_categorical.py,related_same_subtree,seaborn/_core/scales.py,2,a3eff2928e60880e264b0ba75ece3b38ec62b4d9609588a9211f19046b52df5b,0,True,Descriptive local Git future-history mechanism inventory; not semantic causality or survival evidence.
mwaskom__seaborn-3190,mwaskom/seaborn,[LOCAL_DRIVE]/code\repos_lite_pro\mwaskom__seaborn,4a9e54962a29c12a8b103d75f838e0e795a6974d,mwaskom__seaborn-3190-d365,45a098fd254b6b7385e708b29a556017808ecd40,365,26,11d41696149feb2d3d8c1c5f9a5e98357285af03,docs: fix typo in docstring (#3273),1,seaborn/rcmod.py,independent,seaborn/_core/scales.py,2,a3eff2928e60880e264b0ba75ece3b38ec62b4d9609588a9211f19046b52df5b,0,True,Descriptive local Git future-history mechanism inventory; not semantic causality or survival evidence.
mwaskom__seaborn-3190,mwaskom/seaborn,[LOCAL_DRIVE]/code\repos_lite_pro\mwaskom__seaborn,4a9e54962a29c12a8b103d75f838e0e795a6974d,mwaskom__seaborn-3190-d365,45a098fd254b6b7385e708b29a556017808ecd40,365,27,3733590d86a7f2c2a95cd9940a34aa7df5f5a3d2,Remove vestigial bar/point/countplot code (#3271),2,seaborn/categorical.py;tests/test_categorical.py,independent,seaborn/_core/scales.py,2,a3eff2928e60880e264b0ba75ece3b38ec62b4d9609588a9211f19046b52df5b,0,True,Descriptive local Git future-history mechanism inventory; not semantic causality or survival evidence.
mwaskom__seaborn-3190,mwaskom/seaborn,[LOCAL_DRIVE]/code\repos_lite_pro\mwaskom__seaborn,4a9e54962a29c12a8b103d75f838e0e795a6974d,mwaskom__seaborn-3190-d365,45a098fd254b6b7385e708b29a556017808ecd40,365,28,8735494e4cd37ee781500e50554df2f3be2ead41,Fix heatmap `norm=None` issue (#3276),2,seaborn/matrix.py;tests/test_matrix.py,independent,seaborn/_core/scales.py,2,a3eff2928e60880e264b0ba75ece3b38ec62b4d9609588a9211f19046b52df5b,0,True,Descriptive local Git future-history mechanism inventory; not semantic causality or survival evidence.
mwaskom__seaborn-3190,mwaskom/seaborn,[LOCAL_DRIVE]/code\repos_lite_pro\mwaskom__seaborn,4a9e54962a29c12a8b103d75f838e0e795a6974d,mwaskom__seaborn-3190-d365,45a098fd254b6b7385e708b29a556017808ecd40,365,29,e1e36cb1c5f02143d33107b5dfe4ec60527c3bf6,Avoid matplotlib 3.7.0 warnings (#3278),8,examples/heat_scatter.py;seaborn/_compat.py;seaborn/axisgrid.py;seaborn/utils.py;tests/test_axisgrid.py;tests/test_categorical.py;tests/test_relational.py;tests/test_utils.py,independent,seaborn/_core/scales.py,2,a3eff2928e60880e264b0ba75ece3b38ec62b4d9609588a9211f19046b52df5b,0,True,Descriptive local Git future-history mechanism inventory; not semantic causality or survival evidence.
mwaskom__seaborn-3190,mwaskom/seaborn,[LOCAL_DRIVE]/code\repos_lite_pro\mwaskom__seaborn,4a9e54962a29c12a8b103d75f838e0e795a6974d,mwaskom__seaborn-3190-d365,45a098fd254b6b7385e708b29a556017808ecd40,365,30,7231fc24f6251fbc4b4757a56af7a0622a5b12f5,Modernize boxplot and add a number of enhancements (#3294),3,doc/_docstrings/boxplot.ipynb;seaborn/categorical.py;tests/test_categorical.py,independent,seaborn/_core/scales.py,2,a3eff2928e60880e264b0ba75ece3b38ec62b4d9609588a9211f19046b52df5b,0,True,Descriptive local Git future-history mechanism inventory; not semantic causality or survival evidence.
mwaskom__seaborn-3190,mwaskom/seaborn,[LOCAL_DRIVE]/code\repos_lite_pro\mwaskom__seaborn,4a9e54962a29c12a8b103d75f838e0e795a6974d,mwaskom__seaborn-3190-d365,45a098fd254b6b7385e708b29a556017808ecd40,365,31,35c284e74fbf9ea1802416daa42845eae1e7a30e,Docs fix - heatmap.ipynb. (#3290),1,doc/_docstrings/heatmap.ipynb,infrastructure_only,seaborn/_core/scales.py,2,a3eff2928e60880e264b0ba75ece3b38ec62b4d9609588a9211f19046b52df5b,0,True,Descriptive local Git future-history mechanism inventory; not semantic causality or survival evidence.
mwaskom__seaborn-3190,mwaskom/seaborn,[LOCAL_DRIVE]/code\repos_lite_pro\mwaskom__seaborn,4a9e54962a29c12a8b103d75f838e0e795a6974d,mwaskom__seaborn-3190-d365,45a098fd254b6b7385e708b29a556017808ecd40,365,32,a69eb55f2d89b00e1d31b9c9ec29982fe0a187cb,Bump actions/checkout from 2 to 3 (#3279),1,.github/workflows/ci.yaml,infrastructure_only,seaborn/_core/scales.py,2,a3eff2928e60880e264b0ba75ece3b38ec62b4d9609588a9211f19046b52df5b,0,True,Descriptive local Git future-history mechanism inventory; not semantic causality or survival evidence.
mwaskom__seaborn-3190,mwaskom/seaborn,[LOCAL_DRIVE]/code\repos_lite_pro\mwaskom__seaborn,4a9e54962a29c12a8b103d75f838e0e795a6974d,mwaskom__seaborn-3190-d365,45a098fd254b6b7385e708b29a556017808ecd40,365,33,f9827a3ae2a998aeeb97d1931ae03f8a3f7109c2,MAINT: address numpy125 deprecations (#3297),6,seaborn/_core/plot.py;seaborn/matrix.py;tests/test_axisgrid.py;tests/test_matrix.py;tests/test_regression.py;tests/test_relational.py,related_same_subtree,seaborn/_core/scales.py,2,a3eff2928e60880e264b0ba75ece3b38ec62b4d9609588a9211f19046b52df5b,0,True,Descriptive local Git future-history mechanism inventory; not semantic causality or survival evidence.
mwaskom__seaborn-3190,mwaskom/seaborn,[LOCAL_DRIVE]/code\repos_lite_pro\mwaskom__seaborn,4a9e54962a29c12a8b103d75f838e0e795a6974d,mwaskom__seaborn-3190-d365,45a098fd254b6b7385e708b29a556017808ecd40,365,34,bd480f6280007b2ae6910ce4ee689f213f7a7e10,Fixes small inconsistency in seaborn.objects tutorial (#3309),1,doc/_tutorial/objects_interface.ipynb,infrastructure_only,seaborn/_core/scales.py,2,a3eff2928e60880e264b0ba75ece3b38ec62b4d9609588a9211f19046b52df5b,0,True,Descriptive local Git future-history mechanism inventory; not semantic causality or survival evidence.
mwaskom__seaborn-3190,mwaskom/seaborn,[LOCAL_DRIVE]/code\repos_lite_pro\mwaskom__seaborn,4a9e54962a29c12a8b103d75f838e0e795a6974d,mwaskom__seaborn-3190-d365,45a098fd254b6b7385e708b29a556017808ecd40,365,35,19deb36e17bb1d91a73800c61a8f0381d7f2bf79,Refactor to simplify desaturation in categorical plots (#3310),5,seaborn/_oldcore.py;seaborn/categorical.py;seaborn/utils.py;tests/test_core.py;tests/test_utils.py,independent,seaborn/_core/scales.py,2,a3eff2928e60880e264b0ba75ece3b38ec62b4d9609588a9211f19046b52df5b,0,True,Descriptive local Git future-history mechanism inventory; not semantic causality or survival evidence.
mwaskom__seaborn-3190,mwaskom/seaborn,[LOCAL_DRIVE]/code\repos_lite_pro\mwaskom__seaborn,4a9e54962a29c12a8b103d75f838e0e795a6974d,mwaskom__seaborn-3190-d365,45a098fd254b6b7385e708b29a556017808ecd40,365,36,cc0997820e84a478632706d0ef6f6e3e4256d5b6,Pandas 2.0 compat in Area API docs,1,doc/_docstrings/objects.Area.ipynb,infrastructure_only,seaborn/_core/scales.py,2,a3eff2928e60880e264b0ba75ece3b38ec62b4d9609588a9211f19046b52df5b,0,True,Descriptive local Git future-history mechanism inventory; not semantic causality or survival evidence.
mwaskom__seaborn-3190,mwaskom/seaborn,[LOCAL_DRIVE]/code\repos_lite_pro\mwaskom__seaborn,4a9e54962a29c12a8b103d75f838e0e795a6974d,mwaskom__seaborn-3190-d365,45a098fd254b6b7385e708b29a556017808ecd40,365,37,011caacf7479346cb931ee65c096d2fe0d6ee762,Fix typo,1,doc/_docstrings/objects.Area.ipynb,infrastructure_only,seaborn/_core/scales.py,2,a3eff2928e60880e264b0ba75ece3b38ec62b4d9609588a9211f19046b52df5b,0,True,Descriptive local Git future-history mechanism inventory; not semantic causality or survival evidence.
mwaskom__seaborn-3190,mwaskom/seaborn,[LOCAL_DRIVE]/code\repos_lite_pro\mwaskom__seaborn,4a9e54962a29c12a8b103d75f838e0e795a6974d,mwaskom__seaborn-3190-d365,45a098fd254b6b7385e708b29a556017808ecd40,365,38,4f7255446ed04048e46ff962eb0926351d40680d,Pandas 2.0 compat in docs,3,doc/_docstrings/relplot.ipynb;doc/_tutorial/data_structure.ipynb;examples/spreadsheet_heatmap.py,independent,seaborn/_core/scales.py,2,a3eff2928e60880e264b0ba75ece3b38ec62b4d9609588a9211f19046b52df5b,0,True,Descriptive local Git future-history mechanism inventory; not semantic causality or survival evidence.
mwaskom__seaborn-3190,mwaskom/seaborn,[LOCAL_DRIVE]/code\repos_lite_pro\mwaskom__seaborn,4a9e54962a29c12a8b103d75f838e0e795a6974d,mwaskom__seaborn-3190-d365,45a098fd254b6b7385e708b29a556017808ecd40,365,39,804662d1fd00008d596cdad2bc0b76593803d984,Add read-only permissions to ci.yaml (#3319),1,.github/workflows/ci.yaml,infrastructure_only,seaborn/_core/scales.py,2,a3eff2928e60880e264b0ba75ece3b38ec62b4d9609588a9211f19046b52df5b,0,True,Descriptive local Git future-history mechanism inventory; not semantic causality or survival evidence.
mwaskom__seaborn-3190,mwaskom/seaborn,[LOCAL_DRIVE]/code\repos_lite_pro\mwaskom__seaborn,4a9e54962a29c12a8b103d75f838e0e795a6974d,mwaskom__seaborn-3190-d365,45a098fd254b6b7385e708b29a556017808ecd40,365,40,0b6d6535fb124911ed4f4e74b979e7678f24952e,Fixed mwaskom/seaborn#3272 (#3317),2,seaborn/categorical.py;tests/test_categorical.py,independent,seaborn/_core/scales.py,2,a3eff2928e60880e264b0ba75ece3b38ec62b4d9609588a9211f19046b52df5b,0,True,Descriptive local Git future-history mechanism inventory; not semantic causality or survival evidence.
mwaskom__seaborn-3190,mwaskom/seaborn,[LOCAL_DRIVE]/code\repos_lite_pro\mwaskom__seaborn,4a9e54962a29c12a8b103d75f838e0e795a6974d,mwaskom__seaborn-3190-d365,45a098fd254b6b7385e708b29a556017808ecd40,365,41,64ef8cfd563c41341c0309518755ed89c0e1315e,Temporarily restrict sphinx version to unbreak docs build (#3323),1,pyproject.toml,infrastructure_only,seaborn/_core/scales.py,2,a3eff2928e60880e264b0ba75ece3b38ec62b4d9609588a9211f19046b52df5b,0,True,Descriptive local Git future-history mechanism inventory; not semantic causality or survival evidence.
mwaskom__seaborn-3190,mwaskom/seaborn,[LOCAL_DRIVE]/code\repos_lite_pro\mwaskom__seaborn,4a9e54962a29c12a8b103d75f838e0e795a6974d,mwaskom__seaborn-3190-d365,45a098fd254b6b7385e708b29a556017808ecd40,365,42,bf0cfec0627bee4b757f033ff504c0a520a3cd5b,Bugfix issue 3230 (#3316),3,doc/whatsnew/v0.13.0.rst;seaborn/relational.py;tests/test_relational.py,independent,seaborn/_core/scales.py,2,a3eff2928e60880e264b0ba75ece3b38ec62b4d9609588a9211f19046b52df5b,0,True,Descriptive local Git future-history mechanism inventory; not semantic causality or survival evidence.
mwaskom__seaborn-3190,mwaskom/seaborn,[LOCAL_DRIVE]/code\repos_lite_pro\mwaskom__seaborn,4a9e54962a29c12a8b103d75f838e0e795a6974d,mwaskom__seaborn-3190-d365,45a098fd254b6b7385e708b29a556017808ecd40,365,43,fc03c5d4e11126ff88a28da54bca3a2b691c7cab,Refactor new categorical internals (#3337),3,seaborn/categorical.py;seaborn/utils.py;tests/test_categorical.py,independent,seaborn/_core/scales.py,2,a3eff2928e60880e264b0ba75ece3b38ec62b4d9609588a9211f19046b52df5b,0,True,Descriptive local Git future-history mechanism inventory; not semantic causality or survival evidence.
mwaskom__seaborn-3190,mwaskom/seaborn,[LOCAL_DRIVE]/code\repos_lite_pro\mwaskom__seaborn,4a9e54962a29c12a8b103d75f838e0e795a6974d,mwaskom__seaborn-3190-d365,45a098fd254b6b7385e708b29a556017808ecd40,365,44,eb2b5a21dfc9a20f2eeec100490d5c014e689c65,Fix lint rule to run flake8 on test suite (#3348),2,Makefile;tests/_stats/test_regression.py,independent,seaborn/_core/scales.py,2,a3eff2928e60880e264b0ba75ece3b38ec62b4d9609588a9211f19046b52df5b,0,True,Descriptive local Git future-history mechanism inventory; not semantic causality or survival evidence.
mwaskom__seaborn-3190,mwaskom/seaborn,[LOCAL_DRIVE]/code\repos_lite_pro\mwaskom__seaborn,4a9e54962a29c12a8b103d75f838e0e795a6974d,mwaskom__seaborn-3190-d365,45a098fd254b6b7385e708b29a556017808ecd40,365,45,5666389e1090d3b31ff1c97dca4be04f10e7ecc6,Add security policy (#3344),1,SECURITY.md,independent,seaborn/_core/scales.py,2,a3eff2928e60880e264b0ba75ece3b38ec62b4d9609588a9211f19046b52df5b,0,True,Descriptive local Git future-history mechanism inventory; not semantic causality or survival evidence.
mwaskom__seaborn-3190,mwaskom/seaborn,[LOCAL_DRIVE]/code\repos_lite_pro\mwaskom__seaborn,4a9e54962a29c12a8b103d75f838e0e795a6974d,mwaskom__seaborn-3190-d365,45a098fd254b6b7385e708b29a556017808ecd40,365,46,2d9bb4f82e36a8fded638ff6b044c4a540567181,Remove matplotlib cache manipulation (#3332),2,seaborn/_core/plot.py;seaborn/palettes.py,related_same_subtree,seaborn/_core/scales.py,2,a3eff2928e60880e264b0ba75ece3b38ec62b4d9609588a9211f19046b52df5b,0,True,Descriptive local Git future-history mechanism inventory; not semantic causality or survival evidence.
mwaskom__seaborn-3190,mwaskom/seaborn,[LOCAL_DRIVE]/code\repos_lite_pro\mwaskom__seaborn,4a9e54962a29c12a8b103d75f838e0e795a6974d,mwaskom__seaborn-3190-d365,45a098fd254b6b7385e708b29a556017808ecd40,365,47,971f47e9c1e69c6f14e42d3c0da8aec884f3352b,ecdfplot stat parameter manage percent (#3336),3,doc/_docstrings/ecdfplot.ipynb;seaborn/_statistics.py;tests/test_statistics.py,independent,seaborn/_core/scales.py,2,a3eff2928e60880e264b0ba75ece3b38ec62b4d9609588a9211f19046b52df5b,0,True,Descriptive local Git future-history mechanism inventory; not semantic causality or survival evidence.
mwaskom__seaborn-3190,mwaskom/seaborn,[LOCAL_DRIVE]/code\repos_lite_pro\mwaskom__seaborn,4a9e54962a29c12a8b103d75f838e0e795a6974d,mwaskom__seaborn-3190-d365,45a098fd254b6b7385e708b29a556017808ecd40,365,48,a48601d6bbf8381f9435be48624f1a77d6fbfced,pandas compat: address is_categorical_dtype deprecation (#3355),2,seaborn/_core/rules.py;seaborn/_oldcore.py,related_same_subtree,seaborn/_core/scales.py,2,a3eff2928e60880e264b0ba75ece3b38ec62b4d9609588a9211f19046b52df5b,0,True,Descriptive local Git future-history mechanism inventory; not semantic causality or survival evidence.
mwaskom__seaborn-3190,mwaskom/seaborn,[LOCAL_DRIVE]/code\repos_lite_pro\mwaskom__seaborn,4a9e54962a29c12a8b103d75f838e0e795a6974d,mwaskom__seaborn-3190-d365,45a098fd254b6b7385e708b29a556017808ecd40,365,49,3fd4146781e56a06065e509f6ce76118e9c33d5f,Handle statsmodels PerfectSeparationWarning on 0.14.0+ (#3356),1,seaborn/regression.py,independent,seaborn/_core/scales.py,2,a3eff2928e60880e264b0ba75ece3b38ec62b4d9609588a9211f19046b52df5b,0,True,Descriptive local Git future-history mechanism inventory; not semantic causality or survival evidence.
mwaskom__seaborn-3190,mwaskom/seaborn,[LOCAL_DRIVE]/code\repos_lite_pro\mwaskom__seaborn,4a9e54962a29c12a8b103d75f838e0e795a6974d,mwaskom__seaborn-3190-d365,45a098fd254b6b7385e708b29a556017808ecd40,365,50,1b09ac4f1900317a88db742660faf47d8e71b72d,Modernize and enhance violinplot (#3353),9,doc/_docstrings/barplot.ipynb;doc/_docstrings/violinplot.ipynb;doc/_tutorial/categorical.ipynb;doc/whatsnew/index.rst;examples/wide_form_violinplot.py;seaborn/categorical.py;seaborn/utils.py;tests/test_categorical.py;tests/test_utils.py,independent,seaborn/_core/scales.py,2,a3eff2928e60880e264b0ba75ece3b38ec62b4d9609588a9211f19046b52df5b,0,True,Descriptive local Git future-history mechanism inventory; not semantic causality or survival evidence.
mwaskom__seaborn-3190,mwaskom/seaborn,[LOCAL_DRIVE]/code\repos_lite_pro\mwaskom__seaborn,4a9e54962a29c12a8b103d75f838e0e795a6974d,mwaskom__seaborn-3190-d365,45a098fd254b6b7385e708b29a556017808ecd40,365,51,f7bd65f430794b9eaebebf509a1c0bfead0d6e0f,Fix rst typo,1,doc/_docstrings/violinplot.ipynb,infrastructure_only,seaborn/_core/scales.py,2,a3eff2928e60880e264b0ba75ece3b38ec62b4d9609588a9211f19046b52df5b,0,True,Descriptive local Git future-history mechanism inventory; not semantic causality or survival evidence.
mwaskom__seaborn-3190,mwaskom/seaborn,[LOCAL_DRIVE]/code\repos_lite_pro\mwaskom__seaborn,4a9e54962a29c12a8b103d75f838e0e795a6974d,mwaskom__seaborn-3190-d365,45a098fd254b6b7385e708b29a556017808ecd40,365,52,16c025dcdcb5010b014dbca473673c78f4c594d7,DOC: Fix typo in include directive (#3357),2,seaborn/palettes.py;seaborn/regression.py,independent,seaborn/_core/scales.py,2,a3eff2928e60880e264b0ba75ece3b38ec62b4d9609588a9211f19046b52df5b,0,True,Descriptive local Git future-history mechanism inventory; not semantic causality or survival evidence.
mwaskom__seaborn-3190,mwaskom/seaborn,[LOCAL_DRIVE]/code\repos_lite_pro\mwaskom__seaborn,4a9e54962a29c12a8b103d75f838e0e795a6974d,mwaskom__seaborn-3190-d365,45a098fd254b6b7385e708b29a556017808ecd40,365,53,b9333f900cc6c27e4f39dea57e0a034ba82ebf8a,Add gap/fill parameters to barplot and countplot (#3361),2,seaborn/categorical.py;tests/test_categorical.py,independent,seaborn/_core/scales.py,2,a3eff2928e60880e264b0ba75ece3b38ec62b4d9609588a9211f19046b52df5b,0,True,Descriptive local Git future-history mechanism inventory; not semantic causality or survival evidence.
mwaskom__seaborn-3190,mwaskom/seaborn,[LOCAL_DRIVE]/code\repos_lite_pro\mwaskom__seaborn,4a9e54962a29c12a8b103d75f838e0e795a6974d,mwaskom__seaborn-3190-d365,45a098fd254b6b7385e708b29a556017808ecd40,365,54,129ce703052ff56f27014a0d8e4e6203b531b7a8,TST: Make test_index_alignment_between_series less brittle (#3359),1,tests/_core/test_data.py,test_only,seaborn/_core/scales.py,2,a3eff2928e60880e264b0ba75ece3b38ec62b4d9609588a9211f19046b52df5b,0,True,Descriptive local Git future-history mechanism inventory; not semantic causality or survival evidence.
mwaskom__seaborn-3190,mwaskom/seaborn,[LOCAL_DRIVE]/code\repos_lite_pro\mwaskom__seaborn,4a9e54962a29c12a8b103d75f838e0e795a6974d,mwaskom__seaborn-3190-d365,45a098fd254b6b7385e708b29a556017808ecd40,365,55,824c102525e6a29cde9bca1ce0096d50588fda6b,DOC: Fix some typos (#3366),5,doc/_tutorial/color_palettes.ipynb;doc/_tutorial/distributions.ipynb;doc/_tutorial/objects_interface.ipynb;doc/_tutorial/properties.ipynb;seaborn/_marks/bar.py,independent,seaborn/_core/scales.py,2,a3eff2928e60880e264b0ba75ece3b38ec62b4d9609588a9211f19046b52df5b,0,True,Descriptive local Git future-history mechanism inventory; not semantic causality or survival evidence.
mwaskom__seaborn-3190,mwaskom/seaborn,[LOCAL_DRIVE]/code\repos_lite_pro\mwaskom__seaborn,4a9e54962a29c12a8b103d75f838e0e795a6974d,mwaskom__seaborn-3190-d365,45a098fd254b6b7385e708b29a556017808ecd40,365,56,b6737d5aec9a91bb8840cdda896a7970e1830d56,Avoid error when determining type of variable containing pd.NA (#3391),3,seaborn/_core/rules.py;seaborn/_oldcore.py;tests/_core/test_rules.py,related_same_subtree,seaborn/_core/scales.py,2,a3eff2928e60880e264b0ba75ece3b38ec62b4d9609588a9211f19046b52df5b,0,True,Descriptive local Git future-history mechanism inventory; not semantic causality or survival evidence.
mwaskom__seaborn-3190,mwaskom/seaborn,[LOCAL_DRIVE]/code\repos_lite_pro\mwaskom__seaborn,4a9e54962a29c12a8b103d75f838e0e795a6974d,mwaskom__seaborn-3190-d365,45a098fd254b6b7385e708b29a556017808ecd40,365,57,9276e22a424fe2c834eff85231d0c916e293d613,Always use unit width for categorical axes (#3390),2,seaborn/categorical.py;tests/test_categorical.py,independent,seaborn/_core/scales.py,2,a3eff2928e60880e264b0ba75ece3b38ec62b4d9609588a9211f19046b52df5b,0,True,Descriptive local Git future-history mechanism inventory; not semantic causality or survival evidence.
mwaskom__seaborn-3190,mwaskom/seaborn,[LOCAL_DRIVE]/code\repos_lite_pro\mwaskom__seaborn,4a9e54962a29c12a8b103d75f838e0e795a6974d,mwaskom__seaborn-3190-d365,45a098fd254b6b7385e708b29a556017808ecd40,365,58,515286e02be3e4c0ff2ef4addb34a53c4a676ee4,Improve handling of edge cases with nullable dtypes (#3394),5,seaborn/_core/plot.py;seaborn/_core/rules.py;seaborn/_oldcore.py;tests/_core/test_rules.py;tests/test_core.py,related_same_subtree,seaborn/_core/scales.py,2,a3eff2928e60880e264b0ba75ece3b38ec62b4d9609588a9211f19046b52df5b,0,True,Descriptive local Git future-history mechanism inventory; not semantic causality or survival evidence.
mwaskom__seaborn-3190,mwaskom/seaborn,[LOCAL_DRIVE]/code\repos_lite_pro\mwaskom__seaborn,4a9e54962a29c12a8b103d75f838e0e795a6974d,mwaskom__seaborn-3190-d365,45a098fd254b6b7385e708b29a556017808ecd40,365,59,7780305bae63d8be3416858ac35f6fa706bab4d6,Fix PairGrid with column multiindex (#3407),2,seaborn/axisgrid.py;tests/test_axisgrid.py,independent,seaborn/_core/scales.py,2,a3eff2928e60880e264b0ba75ece3b38ec62b4d9609588a9211f19046b52df5b,0,True,Descriptive local Git future-history mechanism inventory; not semantic causality or survival evidence.
mwaskom__seaborn-3190,mwaskom/seaborn,[LOCAL_DRIVE]/code\repos_lite_pro\mwaskom__seaborn,4a9e54962a29c12a8b103d75f838e0e795a6974d,mwaskom__seaborn-3190-d365,45a098fd254b6b7385e708b29a556017808ecd40,365,60,58e0b0511dc157d8bcceb4064725fe296c938832,Modernize boxenplot and address some odd behaviors (#3393),8,ci/deps_pinned.txt;doc/_docstrings/boxenplot.ipynb;doc/_docstrings/violinplot.ipynb;seaborn/_statistics.py;seaborn/categorical.py;tests/_core/test_plot.py;tests/test_categorical.py;tests/test_statistics.py,independent,seaborn/_core/scales.py,2,a3eff2928e60880e264b0ba75ece3b38ec62b4d9609588a9211f19046b52df5b,0,True,Descriptive local Git future-history mechanism inventory; not semantic causality or survival evidence.
mwaskom__seaborn-3190,mwaskom/seaborn,[LOCAL_DRIVE]/code\repos_lite_pro\mwaskom__seaborn,4a9e54962a29c12a8b103d75f838e0e795a6974d,mwaskom__seaborn-3190-d365,45a098fd254b6b7385e708b29a556017808ecd40,365,61,a42b894229c14825660ec72f4ead5760076ff9e9,[Maint] Cleanup of vestigial categorical code (#3416),2,seaborn/categorical.py;tests/test_categorical.py,independent,seaborn/_core/scales.py,2,a3eff2928e60880e264b0ba75ece3b38ec62b4d9609588a9211f19046b52df5b,0,True,Descriptive local Git future-history mechanism inventory; not semantic causality or survival evidence.
mwaskom__seaborn-3190,mwaskom/seaborn,[LOCAL_DRIVE]/code\repos_lite_pro\mwaskom__seaborn,4a9e54962a29c12a8b103d75f838e0e795a6974d,mwaskom__seaborn-3190-d365,45a098fd254b6b7385e708b29a556017808ecd40,365,62,9087437ad28e872ff73e5ff10ce6c2e7d511d650,Rename _oldcore module to _base (#3418),13,seaborn/_base.py;seaborn/_marks/base.py;seaborn/_oldcore.py;seaborn/axisgrid.py;seaborn/categorical.py;seaborn/distributions.py;seaborn/relational.py;tests/test_axisgrid.py;tests/test_base.py;tests/test_categorical.py;tests/test_core.py;tests/test_distributions.py;tests/test_relational.py,independent,seaborn/_core/scales.py,2,a3eff2928e60880e264b0ba75ece3b38ec62b4d9609588a9211f19046b52df5b,0,True,Descriptive local Git future-history mechanism inventory; not semantic causality or survival evidence.
mwaskom__seaborn-3190,mwaskom/seaborn,[LOCAL_DRIVE]/code\repos_lite_pro\mwaskom__seaborn,4a9e54962a29c12a8b103d75f838e0e795a6974d,mwaskom__seaborn-3190-d365,45a098fd254b6b7385e708b29a556017808ecd40,365,63,3ef2a0f9580e5a4715be878c73751454089c945d,"Fix Plot.add transforms to accept Move, not Mark (#3425)",1,seaborn/_core/plot.py,related_same_subtree,seaborn/_core/scales.py,2,a3eff2928e60880e264b0ba75ece3b38ec62b4d9609588a9211f19046b52df5b,0,True,Descriptive local Git future-history mechanism inventory; not semantic causality or survival evidence.
mwaskom__seaborn-3190,mwaskom/seaborn,[LOCAL_DRIVE]/code\repos_lite_pro\mwaskom__seaborn,4a9e54962a29c12a8b103d75f838e0e795a6974d,mwaskom__seaborn-3190-d365,45a098fd254b6b7385e708b29a556017808ecd40,365,64,54aeb181a1aae54f8bba1c5c79604783956dc198,Update type test to satisfy new flake8 (#3433),1,tests/test_utils.py,test_only,seaborn/_core/scales.py,2,a3eff2928e60880e264b0ba75ece3b38ec62b4d9609588a9211f19046b52df5b,0,True,Descriptive local Git future-history mechanism inventory; not semantic causality or survival evidence.
mwaskom__seaborn-3190,mwaskom/seaborn,[LOCAL_DRIVE]/code\repos_lite_pro\mwaskom__seaborn,4a9e54962a29c12a8b103d75f838e0e795a6974d,mwaskom__seaborn-3190-d365,45a098fd254b6b7385e708b29a556017808ecd40,365,65,aebf7d8dba58b41090cefbfea4074682edf62349,Hash-pin GitHub Actions (#3436),1,.github/workflows/ci.yaml,infrastructure_only,seaborn/_core/scales.py,2,a3eff2928e60880e264b0ba75ece3b38ec62b4d9609588a9211f19046b52df5b,0,True,Descriptive local Git future-history mechanism inventory; not semantic causality or survival evidence.
mwaskom__seaborn-3190,mwaskom/seaborn,[LOCAL_DRIVE]/code\repos_lite_pro\mwaskom__seaborn,4a9e54962a29c12a8b103d75f838e0e795a6974d,mwaskom__seaborn-3190-d365,45a098fd254b6b7385e708b29a556017808ecd40,365,66,23860365816440b050e9211e1c395a966de3c403,Address inf_as_na pandas deprecation (#3424),2,seaborn/_base.py;seaborn/_core/plot.py,related_same_subtree,seaborn/_core/scales.py,2,a3eff2928e60880e264b0ba75ece3b38ec62b4d9609588a9211f19046b52df5b,0,True,Descriptive local Git future-history mechanism inventory; not semantic causality or survival evidence.
mwaskom__seaborn-3190,mwaskom/seaborn,[LOCAL_DRIVE]/code\repos_lite_pro\mwaskom__seaborn,4a9e54962a29c12a8b103d75f838e0e795a6974d,mwaskom__seaborn-3190-d365,45a098fd254b6b7385e708b29a556017808ecd40,365,67,af613f1db95e2ebc02810a985723f7fab19ff01c,Generalize internal scaling operation (#3440),6,seaborn/_base.py;seaborn/categorical.py;seaborn/distributions.py;seaborn/relational.py;tests/test_base.py;tests/test_categorical.py,independent,seaborn/_core/scales.py,2,a3eff2928e60880e264b0ba75ece3b38ec62b4d9609588a9211f19046b52df5b,0,True,Descriptive local Git future-history mechanism inventory; not semantic causality or survival evidence.
mwaskom__seaborn-3190,mwaskom/seaborn,[LOCAL_DRIVE]/code\repos_lite_pro\mwaskom__seaborn,4a9e54962a29c12a8b103d75f838e0e795a6974d,mwaskom__seaborn-3190-d365,45a098fd254b6b7385e708b29a556017808ecd40,365,68,58cf6285d7299ac6dda83bbd4af8dbd019c58058,Support polars and other data libraries via dataframe interchange (#3369),12,seaborn/_base.py;seaborn/_core/data.py;seaborn/_core/plot.py;seaborn/_core/typing.py;seaborn/axisgrid.py;seaborn/categorical.py;seaborn/distributions.py;tests/_core/test_data.py;tests/_core/test_plot.py;tests/conftest.py;tests/test_axisgrid.py;tests/test_base.py,related_same_subtree,seaborn/_core/scales.py,2,a3eff2928e60880e264b0ba75ece3b38ec62b4d9609588a9211f19046b52df5b,0,True,Descriptive local Git future-history mechanism inventory; not semantic causality or survival evidence.
mwaskom__seaborn-3190,mwaskom/seaborn,[LOCAL_DRIVE]/code\repos_lite_pro\mwaskom__seaborn,4a9e54962a29c12a8b103d75f838e0e795a6974d,mwaskom__seaborn-3190-d365,45a098fd254b6b7385e708b29a556017808ecd40,365,69,67a777a54dd1064c3f9038733b1ed71c6d50a6af,Add log_scale to categorical plots (#3445),5,seaborn/_base.py;seaborn/categorical.py;seaborn/distributions.py;tests/test_base.py;tests/test_categorical.py,independent,seaborn/_core/scales.py,2,a3eff2928e60880e264b0ba75ece3b38ec62b4d9609588a9211f19046b52df5b,0,True,Descriptive local Git future-history mechanism inventory; not semantic causality or survival evidence.
mwaskom__seaborn-3190,mwaskom/seaborn,[LOCAL_DRIVE]/code\repos_lite_pro\mwaskom__seaborn,4a9e54962a29c12a8b103d75f838e0e795a6974d,mwaskom__seaborn-3190-d365,45a098fd254b6b7385e708b29a556017808ecd40,365,70,b3e6b8d62194577deabebaa595520a13d55cf269,Update tests for matplotlib 3.8.0rc1 (#3446),3,seaborn/matrix.py;tests/_core/test_scales.py;tests/test_distributions.py,independent,seaborn/_core/scales.py,2,a3eff2928e60880e264b0ba75ece3b38ec62b4d9609588a9211f19046b52df5b,0,True,Descriptive local Git future-history mechanism inventory; not semantic causality or survival evidence.
mwaskom__seaborn-3190,mwaskom/seaborn,[LOCAL_DRIVE]/code\repos_lite_pro\mwaskom__seaborn,4a9e54962a29c12a8b103d75f838e0e795a6974d,mwaskom__seaborn-3190-d365,45a098fd254b6b7385e708b29a556017808ecd40,365,71,9049ddd2e7676660b61fc19b88e773230f52f521,Squash a large number of warnings in the tests (#3447),11,pyproject.toml;seaborn/_base.py;seaborn/_core/plot.py;seaborn/_core/properties.py;seaborn/_stats/counting.py;seaborn/categorical.py;seaborn/distributions.py;tests/_stats/test_density.py;tests/conftest.py;tests/test_categorical.py;tests/test_distributions.py,related_same_subtree,seaborn/_core/scales.py,2,a3eff2928e60880e264b0ba75ece3b38ec62b4d9609588a9211f19046b52df5b,0,True,Descriptive local Git future-history mechanism inventory; not semantic causality or survival evidence.
mwaskom__seaborn-3190,mwaskom/seaborn,[LOCAL_DRIVE]/code\repos_lite_pro\mwaskom__seaborn,4a9e54962a29c12a8b103d75f838e0e795a6974d,mwaskom__seaborn-3190-d365,45a098fd254b6b7385e708b29a556017808ecd40,365,72,3d3d715989d1a9cecc2b08fb23c695b6bb686754,Simplify some Plotter class method/attributes that haven't proven useful (#3449),12,seaborn/_base.py;seaborn/_decorators.py;seaborn/_marks/base.py;seaborn/axisgrid.py;seaborn/categorical.py;seaborn/distributions.py;seaborn/matrix.py;seaborn/miscplot.py;seaborn/palettes.py;seaborn/relational.py;tests/test_base.py;tests/test_decorators.py,independent,seaborn/_core/scales.py,2,a3eff2928e60880e264b0ba75ece3b38ec62b4d9609588a9211f19046b52df5b,0,True,Descriptive local Git future-history mechanism inventory; not semantic causality or survival evidence.
mwaskom__seaborn-3190,mwaskom/seaborn,[LOCAL_DRIVE]/code\repos_lite_pro\mwaskom__seaborn,4a9e54962a29c12a8b103d75f838e0e795a6974d,mwaskom__seaborn-3190-d365,45a098fd254b6b7385e708b29a556017808ecd40,365,73,20db4d4e14f962267dd1aab3f364cbf70b20d0c1,Change get_linestyle to get_dashes for Collections (#3400),1,tests/_marks/test_line.py,test_only,seaborn/_core/scales.py,2,a3eff2928e60880e264b0ba75ece3b38ec62b4d9609588a9211f19046b52df5b,0,True,Descriptive local Git future-history mechanism inventory; not semantic causality or survival evidence.
mwaskom__seaborn-3190,mwaskom/seaborn,[LOCAL_DRIVE]/code\repos_lite_pro\mwaskom__seaborn,4a9e54962a29c12a8b103d75f838e0e795a6974d,mwaskom__seaborn-3190-d365,45a098fd254b6b7385e708b29a556017808ecd40,365,74,07711372d1b7bdd2dd30a1546bbcd1de55232165,Ignore units= in relplot with kind='scatter' (#3451),2,seaborn/relational.py;tests/test_relational.py,independent,seaborn/_core/scales.py,2,a3eff2928e60880e264b0ba75ece3b38ec62b4d9609588a9211f19046b52df5b,0,True,Descriptive local Git future-history mechanism inventory; not semantic causality or survival evidence.
mwaskom__seaborn-3190,mwaskom/seaborn,[LOCAL_DRIVE]/code\repos_lite_pro\mwaskom__seaborn,4a9e54962a29c12a8b103d75f838e0e795a6974d,mwaskom__seaborn-3190-d365,45a098fd254b6b7385e708b29a556017808ecd40,365,75,ce02525ef40f8291165d705343c7cda87981484a,"Deprecate accepting an array-typed palette, which is not intentional (#3452)",2,seaborn/_base.py;tests/test_base.py,independent,seaborn/_core/scales.py,2,a3eff2928e60880e264b0ba75ece3b38ec62b4d9609588a9211f19046b52df5b,0,True,Descriptive local Git future-history mechanism inventory; not semantic causality or survival evidence.
mwaskom__seaborn-3190,mwaskom/seaborn,[LOCAL_DRIVE]/code\repos_lite_pro\mwaskom__seaborn,4a9e54962a29c12a8b103d75f838e0e795a6974d,mwaskom__seaborn-3190-d365,45a098fd254b6b7385e708b29a556017808ecd40,365,76,01fddcfa8724ff0e9aea475d9370051a0f5ef73c,Fail early with a nice message when statsmodels is needed (#3453),2,seaborn/regression.py;tests/test_regression.py,independent,seaborn/_core/scales.py,2,a3eff2928e60880e264b0ba75ece3b38ec62b4d9609588a9211f19046b52df5b,0,True,Descriptive local Git future-history mechanism inventory; not semantic causality or survival evidence.
mwaskom__seaborn-3190,mwaskom/seaborn,[LOCAL_DRIVE]/code\repos_lite_pro\mwaskom__seaborn,4a9e54962a29c12a8b103d75f838e0e795a6974d,mwaskom__seaborn-3190-d365,45a098fd254b6b7385e708b29a556017808ecd40,365,77,0a64c1aec2ecabe8d7f9b3c616f4f793b0b74f94,Allow move_legend to overwrite the labels (#3454),2,seaborn/utils.py;tests/test_utils.py,independent,seaborn/_core/scales.py,2,a3eff2928e60880e264b0ba75ece3b38ec62b4d9609588a9211f19046b52df5b,0,True,Descriptive local Git future-history mechanism inventory; not semantic causality or survival evidence.
mwaskom__seaborn-3190,mwaskom/seaborn,[LOCAL_DRIVE]/code\repos_lite_pro\mwaskom__seaborn,4a9e54962a29c12a8b103d75f838e0e795a6974d,mwaskom__seaborn-3190-d365,45a098fd254b6b7385e708b29a556017808ecd40,365,78,082486d8505cee37416a855da65ff6349c7259e2,"Add the concept of a ""layer legend"" to so.Plot (#3456)",5,doc/_docstrings/objects.Plot.add.ipynb;doc/_docstrings/objects.Plot.label.ipynb;seaborn/_core/plot.py;seaborn/_marks/base.py;tests/_core/test_plot.py,related_same_subtree,seaborn/_core/scales.py,2,a3eff2928e60880e264b0ba75ece3b38ec62b4d9609588a9211f19046b52df5b,0,True,Descriptive local Git future-history mechanism inventory; not semantic causality or survival evidence.
mwaskom__seaborn-3190,mwaskom/seaborn,[LOCAL_DRIVE]/code\repos_lite_pro\mwaskom__seaborn,4a9e54962a29c12a8b103d75f838e0e795a6974d,mwaskom__seaborn-3190-d365,45a098fd254b6b7385e708b29a556017808ecd40,365,79,5d530ac2423d0cc825ef66ab3c8b8563a6441281,Bump actions/checkout from 3.5.3 to 3.6.0 (#3455),1,.github/workflows/ci.yaml,infrastructure_only,seaborn/_core/scales.py,2,a3eff2928e60880e264b0ba75ece3b38ec62b4d9609588a9211f19046b52df5b,0,True,Descriptive local Git future-history mechanism inventory; not semantic causality or survival evidence.
mwaskom__seaborn-3190,mwaskom/seaborn,[LOCAL_DRIVE]/code\repos_lite_pro\mwaskom__seaborn,4a9e54962a29c12a8b103d75f838e0e795a6974d,mwaskom__seaborn-3190-d365,45a098fd254b6b7385e708b29a556017808ecd40,365,80,74a83017fd4114c78854b492f8f1d252083f3146,Allow x=/y= to control paired scales and limits (#3458),2,seaborn/_core/plot.py;tests/_core/test_plot.py,related_same_subtree,seaborn/_core/scales.py,2,a3eff2928e60880e264b0ba75ece3b38ec62b4d9609588a9211f19046b52df5b,0,True,Descriptive local Git future-history mechanism inventory; not semantic causality or survival evidence.
mwaskom__seaborn-3190,mwaskom/seaborn,[LOCAL_DRIVE]/code\repos_lite_pro\mwaskom__seaborn,4a9e54962a29c12a8b103d75f838e0e795a6974d,mwaskom__seaborn-3190-d365,45a098fd254b6b7385e708b29a556017808ecd40,365,81,ff446eef75f87253c1e53f0e06f5307d2644ca00,Also allow Plot.label to control all paired axes (#3459),2,seaborn/_core/plot.py;tests/_core/test_plot.py,related_same_subtree,seaborn/_core/scales.py,2,a3eff2928e60880e264b0ba75ece3b38ec62b4d9609588a9211f19046b52df5b,0,True,Descriptive local Git future-history mechanism inventory; not semantic causality or survival evidence.
mwaskom__seaborn-3190,mwaskom/seaborn,[LOCAL_DRIVE]/code\repos_lite_pro\mwaskom__seaborn,4a9e54962a29c12a8b103d75f838e0e795a6974d,mwaskom__seaborn-3190-d365,45a098fd254b6b7385e708b29a556017808ecd40,365,82,e71d95b661a069e85473ad347773d35317611486,"Change categorical auto gray parameter to ""auto"", with warning (#3460)",2,seaborn/categorical.py;tests/test_categorical.py,independent,seaborn/_core/scales.py,2,a3eff2928e60880e264b0ba75ece3b38ec62b4d9609588a9211f19046b52df5b,0,True,Descriptive local Git future-history mechanism inventory; not semantic causality or survival evidence.
mwaskom__seaborn-3190,mwaskom/seaborn,[LOCAL_DRIVE]/code\repos_lite_pro\mwaskom__seaborn,4a9e54962a29c12a8b103d75f838e0e795a6974d,mwaskom__seaborn-3190-d365,45a098fd254b6b7385e708b29a556017808ecd40,365,83,fbc44d57b34dadbea765da3ae3d52cf4fa6effbf,Improve relational/categorical legends to show non-semantic properties (#3467),9,examples/heat_scatter.py;seaborn/_base.py;seaborn/categorical.py;seaborn/relational.py;seaborn/utils.py;tests/test_axisgrid.py;tests/test_categorical.py;tests/test_relational.py;tests/test_utils.py,independent,seaborn/_core/scales.py,2,a3eff2928e60880e264b0ba75ece3b38ec62b4d9609588a9211f19046b52df5b,0,True,Descriptive local Git future-history mechanism inventory; not semantic causality or survival evidence.
mwaskom__seaborn-3190,mwaskom/seaborn,[LOCAL_DRIVE]/code\repos_lite_pro\mwaskom__seaborn,4a9e54962a29c12a8b103d75f838e0e795a6974d,mwaskom__seaborn-3190-d365,45a098fd254b6b7385e708b29a556017808ecd40,365,84,1f788201822941a3aca7fedf0bcd49d16ebc313b,Normalize matplotlib kwargs in scatterplot / lineplot (#3483),2,seaborn/relational.py;tests/test_relational.py,independent,seaborn/_core/scales.py,2,a3eff2928e60880e264b0ba75ece3b38ec62b4d9609588a9211f19046b52df5b,0,True,Descriptive local Git future-history mechanism inventory; not semantic causality or survival evidence.
mwaskom__seaborn-3190,mwaskom/seaborn,[LOCAL_DRIVE]/code\repos_lite_pro\mwaskom__seaborn,4a9e54962a29c12a8b103d75f838e0e795a6974d,mwaskom__seaborn-3190-d365,45a098fd254b6b7385e708b29a556017808ecd40,365,85,4c90fa9422a65438b9f33c9d780dc72c1a38c3e4,Add a batch of release notes for major v0.13 additions,1,doc/whatsnew/v0.13.0.rst,infrastructure_only,seaborn/_core/scales.py,2,a3eff2928e60880e264b0ba75ece3b38ec62b4d9609588a9211f19046b52df5b,0,True,Descriptive local Git future-history mechanism inventory; not semantic causality or survival evidence.
mwaskom__seaborn-3190,mwaskom/seaborn,[LOCAL_DRIVE]/code\repos_lite_pro\mwaskom__seaborn,4a9e54962a29c12a8b103d75f838e0e795a6974d,mwaskom__seaborn-3190-d365,45a098fd254b6b7385e708b29a556017808ecd40,365,86,c01e103d79de4f46313abc70df08c8c2ad54bf33,Mask nonpositive values with log_scale and ignore inf data in histogram range (#3488),3,seaborn/_base.py;seaborn/_stats/counting.py;tests/test_distributions.py,independent,seaborn/_core/scales.py,2,a3eff2928e60880e264b0ba75ece3b38ec62b4d9609588a9211f19046b52df5b,0,True,Descriptive local Git future-history mechanism inventory; not semantic causality or survival evidence.
mwaskom__seaborn-3190,mwaskom/seaborn,[LOCAL_DRIVE]/code\repos_lite_pro\mwaskom__seaborn,4a9e54962a29c12a8b103d75f838e0e795a6974d,mwaskom__seaborn-3190-d365,45a098fd254b6b7385e708b29a556017808ecd40,365,87,65d8692070aa79fca8c29cc715e4ada1a8e8298d,Treat binwidth as approximate to avoid dropping outermost datapoints (#3489),2,seaborn/_stats/counting.py;tests/test_distributions.py,independent,seaborn/_core/scales.py,2,a3eff2928e60880e264b0ba75ece3b38ec62b4d9609588a9211f19046b52df5b,0,True,Descriptive local Git future-history mechanism inventory; not semantic causality or survival evidence.
mwaskom__seaborn-3190,mwaskom/seaborn,[LOCAL_DRIVE]/code\repos_lite_pro\mwaskom__seaborn,4a9e54962a29c12a8b103d75f838e0e795a6974d,mwaskom__seaborn-3190-d365,45a098fd254b6b7385e708b29a556017808ecd40,365,88,cbac948ef6eed8a86b42e59b18ae5e1f6bd37d77,Update examples that use deprecated/changed parameters in gallery (#3492),7,examples/horizontal_boxplot.py;examples/jitter_stripplot.py;examples/large_distributions.py;examples/paired_pointplots.py;examples/palette_choices.py;examples/simple_violinplots.py;examples/wide_form_violinplot.py,independent,seaborn/_core/scales.py,2,a3eff2928e60880e264b0ba75ece3b38ec62b4d9609588a9211f19046b52df5b,0,True,Descriptive local Git future-history mechanism inventory; not semantic causality or survival evidence.
mwaskom__seaborn-3190,mwaskom/seaborn,[LOCAL_DRIVE]/code\repos_lite_pro\mwaskom__seaborn,4a9e54962a29c12a8b103d75f838e0e795a6974d,mwaskom__seaborn-3190-d365,45a098fd254b6b7385e708b29a556017808ecd40,365,89,9af5cfe3cf4bf936aaadfaf42732e78562a04173,Fix pointplot dodge calculation (#3493),1,seaborn/categorical.py,independent,seaborn/_core/scales.py,2,a3eff2928e60880e264b0ba75ece3b38ec62b4d9609588a9211f19046b52df5b,0,True,Descriptive local Git future-history mechanism inventory; not semantic causality or survival evidence.
mwaskom__seaborn-3190,mwaskom/seaborn,[LOCAL_DRIVE]/code\repos_lite_pro\mwaskom__seaborn,4a9e54962a29c12a8b103d75f838e0e795a6974d,mwaskom__seaborn-3190-d365,45a098fd254b6b7385e708b29a556017808ecd40,365,90,c8459c28da688d1817aaec8acdb564c7acd42a90,Fix data attached to catplot FacetGrid (#3494),2,seaborn/categorical.py;tests/test_categorical.py,independent,seaborn/_core/scales.py,2,a3eff2928e60880e264b0ba75ece3b38ec62b4d9609588a9211f19046b52df5b,0,True,Descriptive local Git future-history mechanism inventory; not semantic causality or survival evidence.
mwaskom__seaborn-3190,mwaskom/seaborn,[LOCAL_DRIVE]/code\repos_lite_pro\mwaskom__seaborn,4a9e54962a29c12a8b103d75f838e0e795a6974d,mwaskom__seaborn-3190-d365,45a098fd254b6b7385e708b29a556017808ecd40,365,91,92c22bc69955536947a0f538ae9fb7360223db1c,Restore implicit hue for wide categorical data (#3496),3,examples/wide_form_violinplot.py;seaborn/categorical.py;tests/test_categorical.py,independent,seaborn/_core/scales.py,2,a3eff2928e60880e264b0ba75ece3b38ec62b4d9609588a9211f19046b52df5b,0,True,Descriptive local Git future-history mechanism inventory; not semantic causality or survival evidence.
mwaskom__seaborn-3190,mwaskom/seaborn,[LOCAL_DRIVE]/code\repos_lite_pro\mwaskom__seaborn,4a9e54962a29c12a8b103d75f838e0e795a6974d,mwaskom__seaborn-3190-d365,45a098fd254b6b7385e708b29a556017808ecd40,365,92,b2f0de03b1663ecd74b717d023fe5a2578a590d3,Update release notes,2,doc/citing.rst;doc/whatsnew/v0.13.0.rst,infrastructure_only,seaborn/_core/scales.py,2,a3eff2928e60880e264b0ba75ece3b38ec62b4d9609588a9211f19046b52df5b,0,True,Descriptive local Git future-history mechanism inventory; not semantic causality or survival evidence.
mwaskom__seaborn-3190,mwaskom/seaborn,[LOCAL_DRIVE]/code\repos_lite_pro\mwaskom__seaborn,4a9e54962a29c12a8b103d75f838e0e795a6974d,mwaskom__seaborn-3190-d365,45a098fd254b6b7385e708b29a556017808ecd40,365,93,0d46709b4a96f464070a4c635323b3d10315afed,Postpone some removals of deprecated features (#3497),1,seaborn/distributions.py,independent,seaborn/_core/scales.py,2,a3eff2928e60880e264b0ba75ece3b38ec62b4d9609588a9211f19046b52df5b,0,True,Descriptive local Git future-history mechanism inventory; not semantic causality or survival evidence.
mwaskom__seaborn-3190,mwaskom/seaborn,[LOCAL_DRIVE]/code\repos_lite_pro\mwaskom__seaborn,4a9e54962a29c12a8b103d75f838e0e795a6974d,mwaskom__seaborn-3190-d365,45a098fd254b6b7385e708b29a556017808ecd40,365,94,6b9e2fb93ba3aa73e65a34c684c7cecd8382c749,Fix catplot with kind='point' to avoid color warning (#3499),1,seaborn/categorical.py,independent,seaborn/_core/scales.py,2,a3eff2928e60880e264b0ba75ece3b38ec62b4d9609588a9211f19046b52df5b,0,True,Descriptive local Git future-history mechanism inventory; not semantic causality or survival evidence.
mwaskom__seaborn-3190,mwaskom/seaborn,[LOCAL_DRIVE]/code\repos_lite_pro\mwaskom__seaborn,4a9e54962a29c12a8b103d75f838e0e795a6974d,mwaskom__seaborn-3190-d365,45a098fd254b6b7385e708b29a556017808ecd40,365,95,782b71ee81bae4c40f861d89f3ecc00d2c1c9543,Address a couple of warnings that turned up only in the docs (#3500),3,doc/_docstrings/catplot.ipynb;seaborn/_core/groupby.py;seaborn/axisgrid.py,related_same_subtree,seaborn/_core/scales.py,2,a3eff2928e60880e264b0ba75ece3b38ec62b4d9609588a9211f19046b52df5b,0,True,Descriptive local Git future-history mechanism inventory; not semantic causality or survival evidence.
mwaskom__seaborn-3190,mwaskom/seaborn,[LOCAL_DRIVE]/code\repos_lite_pro\mwaskom__seaborn,4a9e54962a29c12a8b103d75f838e0e795a6974d,mwaskom__seaborn-3190-d365,45a098fd254b6b7385e708b29a556017808ecd40,365,96,4888797c7aa9e77915474d72bfbbe1dcfe196d45,Avoid a matplotlib warning for strip/swarmplot with unfilled marker (#3501),2,seaborn/categorical.py;tests/test_categorical.py,independent,seaborn/_core/scales.py,2,a3eff2928e60880e264b0ba75ece3b38ec62b4d9609588a9211f19046b52df5b,0,True,Descriptive local Git future-history mechanism inventory; not semantic causality or survival evidence.
mwaskom__seaborn-3190,mwaskom/seaborn,[LOCAL_DRIVE]/code\repos_lite_pro\mwaskom__seaborn,4a9e54962a29c12a8b103d75f838e0e795a6974d,mwaskom__seaborn-3190-d365,45a098fd254b6b7385e708b29a556017808ecd40,365,97,a8b6cac4c8293b10cd21586387832aa5cb5c3035,Assorted small doc updates (#3502),6,doc/_templates/layout.html;doc/_tutorial/categorical.ipynb;doc/_tutorial/data_structure.ipynb;doc/faq.rst;doc/whatsnew/v0.13.0.rst;examples/grouped_violinplots.py,independent,seaborn/_core/scales.py,2,a3eff2928e60880e264b0ba75ece3b38ec62b4d9609588a9211f19046b52df5b,0,True,Descriptive local Git future-history mechanism inventory; not semantic causality or survival evidence.
mwaskom__seaborn-3190,mwaskom/seaborn,[LOCAL_DRIVE]/code\repos_lite_pro\mwaskom__seaborn,4a9e54962a29c12a8b103d75f838e0e795a6974d,mwaskom__seaborn-3190-d365,45a098fd254b6b7385e708b29a556017808ecd40,365,98,3351a17195227b114a2f398241fc66751ad6a8e4,Set version tag for next development cycle,1,seaborn/__init__.py,independent,seaborn/_core/scales.py,2,a3eff2928e60880e264b0ba75ece3b38ec62b4d9609588a9211f19046b52df5b,0,True,Descriptive local Git future-history mechanism inventory; not semantic causality or survival evidence.
mwaskom__seaborn-3190,mwaskom/seaborn,[LOCAL_DRIVE]/code\repos_lite_pro\mwaskom__seaborn,4a9e54962a29c12a8b103d75f838e0e795a6974d,mwaskom__seaborn-3190-d365,45a098fd254b6b7385e708b29a556017808ecd40,365,99,2c2c84e8c5d8fe8ef6b00da5bd47a54c8f5f08da,Test on Python 3.12 (#3510),3,.github/workflows/ci.yaml;pyproject.toml;tests/test_utils.py,independent,seaborn/_core/scales.py,2,a3eff2928e60880e264b0ba75ece3b38ec62b4d9609588a9211f19046b52df5b,0,True,Descriptive local Git future-history mechanism inventory; not semantic causality or survival evidence.
mwaskom__seaborn-3190,mwaskom/seaborn,[LOCAL_DRIVE]/code\repos_lite_pro\mwaskom__seaborn,4a9e54962a29c12a8b103d75f838e0e795a6974d,mwaskom__seaborn-3190-d365,45a098fd254b6b7385e708b29a556017808ecd40,365,100,1c0f4a24ade50f278a04e8b4131357488253fa6c,Update old mpl color tutorial link (#3538),1,doc/_tutorial/color_palettes.ipynb,infrastructure_only,seaborn/_core/scales.py,2,a3eff2928e60880e264b0ba75ece3b38ec62b4d9609588a9211f19046b52df5b,0,True,Descriptive local Git future-history mechanism inventory; not semantic causality or survival evidence.
mwaskom__seaborn-3190,mwaskom/seaborn,[LOCAL_DRIVE]/code\repos_lite_pro\mwaskom__seaborn,4a9e54962a29c12a8b103d75f838e0e795a6974d,mwaskom__seaborn-3190-d365,45a098fd254b6b7385e708b29a556017808ecd40,365,101,7e98bb899508b2a0db5015bb48dd3fdf890d5d98,Bump actions/checkout from 3.6.0 to 4.1.0 (#3495),1,.github/workflows/ci.yaml,infrastructure_only,seaborn/_core/scales.py,2,a3eff2928e60880e264b0ba75ece3b38ec62b4d9609588a9211f19046b52df5b,0,True,Descriptive local Git future-history mechanism inventory; not semantic causality or survival evidence.
mwaskom__seaborn-3190,mwaskom/seaborn,[LOCAL_DRIVE]/code\repos_lite_pro\mwaskom__seaborn,4a9e54962a29c12a8b103d75f838e0e795a6974d,mwaskom__seaborn-3190-d365,45a098fd254b6b7385e708b29a556017808ecd40,365,102,863539d71e281d88a93de64581827b166d9e2f22,Bump actions/setup-python from 4.7.0 to 4.7.1 (#3517),1,.github/workflows/ci.yaml,infrastructure_only,seaborn/_core/scales.py,2,a3eff2928e60880e264b0ba75ece3b38ec62b4d9609588a9211f19046b52df5b,0,True,Descriptive local Git future-history mechanism inventory; not semantic causality or survival evidence.
mwaskom__seaborn-3190,mwaskom/seaborn,[LOCAL_DRIVE]/code\repos_lite_pro\mwaskom__seaborn,4a9e54962a29c12a8b103d75f838e0e795a6974d,mwaskom__seaborn-3190-d365,45a098fd254b6b7385e708b29a556017808ecd40,365,103,acbb9cf8d447266021d873e06b6c119dae966a9b,Fix edgecolor in catplot with kind='bar' (#3547),2,seaborn/categorical.py;tests/test_categorical.py,independent,seaborn/_core/scales.py,2,a3eff2928e60880e264b0ba75ece3b38ec62b4d9609588a9211f19046b52df5b,0,True,Descriptive local Git future-history mechanism inventory; not semantic causality or survival evidence.
mwaskom__seaborn-3190,mwaskom/seaborn,[LOCAL_DRIVE]/code\repos_lite_pro\mwaskom__seaborn,4a9e54962a29c12a8b103d75f838e0e795a6974d,mwaskom__seaborn-3190-d365,45a098fd254b6b7385e708b29a556017808ecd40,365,104,2a469a2f5f3b7884536a7acca4c02a61e28628c3,FIX #3537 Disabling the legend based on the x-axis and hue values (#3540),2,seaborn/categorical.py;tests/test_categorical.py,independent,seaborn/_core/scales.py,2,a3eff2928e60880e264b0ba75ece3b38ec62b4d9609588a9211f19046b52df5b,0,True,Descriptive local Git future-history mechanism inventory; not semantic causality or survival evidence.
mwaskom__seaborn-3190,mwaskom/seaborn,[LOCAL_DRIVE]/code\repos_lite_pro\mwaskom__seaborn,4a9e54962a29c12a8b103d75f838e0e795a6974d,mwaskom__seaborn-3190-d365,45a098fd254b6b7385e708b29a556017808ecd40,365,105,8ed641f767abf4017f86b61660bb3f84f765c37a,Bump actions/checkout from 4.1.0 to 4.1.1 (#3539),1,.github/workflows/ci.yaml,infrastructure_only,seaborn/_core/scales.py,2,a3eff2928e60880e264b0ba75ece3b38ec62b4d9609588a9211f19046b52df5b,0,True,Descriptive local Git future-history mechanism inventory; not semantic causality or survival evidence.
mwaskom__seaborn-3190,mwaskom/seaborn,[LOCAL_DRIVE]/code\repos_lite_pro\mwaskom__seaborn,4a9e54962a29c12a8b103d75f838e0e795a6974d,mwaskom__seaborn-3190-d365,45a098fd254b6b7385e708b29a556017808ecd40,365,106,ea51c41b51e3cd7da2d431688fce36f329c5b84d,FIX: handle potential TypeError when determining variable type (#3516),4,seaborn/_base.py;seaborn/_core/rules.py;tests/_core/test_rules.py;tests/test_base.py,related_same_subtree,seaborn/_core/scales.py,2,a3eff2928e60880e264b0ba75ece3b38ec62b4d9609588a9211f19046b52df5b,0,True,Descriptive local Git future-history mechanism inventory; not semantic causality or survival evidence.
mwaskom__seaborn-3190,mwaskom/seaborn,[LOCAL_DRIVE]/code\repos_lite_pro\mwaskom__seaborn,4a9e54962a29c12a8b103d75f838e0e795a6974d,mwaskom__seaborn-3190-d365,45a098fd254b6b7385e708b29a556017808ecd40,365,107,63d91bf0298009effc9de889f7f419f59deb3960,Fix incorrect statement in the pointsize documentation,1,doc/_tutorial/properties.ipynb,infrastructure_only,seaborn/_core/scales.py,2,a3eff2928e60880e264b0ba75ece3b38ec62b4d9609588a9211f19046b52df5b,0,True,Descriptive local Git future-history mechanism inventory; not semantic causality or survival evidence.
mwaskom__seaborn-3190,mwaskom/seaborn,[LOCAL_DRIVE]/code\repos_lite_pro\mwaskom__seaborn,4a9e54962a29c12a8b103d75f838e0e795a6974d,mwaskom__seaborn-3190-d365,45a098fd254b6b7385e708b29a556017808ecd40,365,108,132440b1dae70a381136e99de93698303379a05f,Fix typos in 'pointplot.ipynb' (#3557),1,doc/_docstrings/pointplot.ipynb,infrastructure_only,seaborn/_core/scales.py,2,a3eff2928e60880e264b0ba75ece3b38ec62b4d9609588a9211f19046b52df5b,0,True,Descriptive local Git future-history mechanism inventory; not semantic causality or survival evidence.
mwaskom__seaborn-3190,mwaskom/seaborn,[LOCAL_DRIVE]/code\repos_lite_pro\mwaskom__seaborn,4a9e54962a29c12a8b103d75f838e0e795a6974d,mwaskom__seaborn-3190-d365,45a098fd254b6b7385e708b29a556017808ecd40,365,109,e00cae60fefd8be271f43d151948eff412b0dd15,Fix typo. (#3564),1,doc/_docstrings/scatterplot.ipynb,infrastructure_only,seaborn/_core/scales.py,2,a3eff2928e60880e264b0ba75ece3b38ec62b4d9609588a9211f19046b52df5b,0,True,Descriptive local Git future-history mechanism inventory; not semantic causality or survival evidence.
mwaskom__seaborn-3190,mwaskom/seaborn,[LOCAL_DRIVE]/code\repos_lite_pro\mwaskom__seaborn,4a9e54962a29c12a8b103d75f838e0e795a6974d,mwaskom__seaborn-3190-d365,45a098fd254b6b7385e708b29a556017808ecd40,365,110,01fb7bb1bf20d7bd0335721ab9f5c733baac2fe4,doc typo fix in data structures tutorial (#3560),1,doc/_tutorial/data_structure.ipynb,infrastructure_only,seaborn/_core/scales.py,2,a3eff2928e60880e264b0ba75ece3b38ec62b4d9609588a9211f19046b52df5b,0,True,Descriptive local Git future-history mechanism inventory; not semantic causality or survival evidence.
mwaskom__seaborn-3190,mwaskom/seaborn,[LOCAL_DRIVE]/code\repos_lite_pro\mwaskom__seaborn,4a9e54962a29c12a8b103d75f838e0e795a6974d,mwaskom__seaborn-3190-d365,45a098fd254b6b7385e708b29a556017808ecd40,365,111,aa3da42a006e11a858ffc841a02b183b588730dc,Pass bootstrap option to boxplot stat computation  (#3562),1,seaborn/categorical.py,independent,seaborn/_core/scales.py,2,a3eff2928e60880e264b0ba75ece3b38ec62b4d9609588a9211f19046b52df5b,0,True,Descriptive local Git future-history mechanism inventory; not semantic causality or survival evidence.
mwaskom__seaborn-3190,mwaskom/seaborn,[LOCAL_DRIVE]/code\repos_lite_pro\mwaskom__seaborn,4a9e54962a29c12a8b103d75f838e0e795a6974d,mwaskom__seaborn-3190-d365,45a098fd254b6b7385e708b29a556017808ecd40,365,112,d4b8de81f74a153bb3c15af760d956d32aad980b,Update CONTRIBUTING.md,1,.github/CONTRIBUTING.md,infrastructure_only,seaborn/_core/scales.py,2,a3eff2928e60880e264b0ba75ece3b38ec62b4d9609588a9211f19046b52df5b,0,True,Descriptive local Git future-history mechanism inventory; not semantic causality or survival evidence.
mwaskom__seaborn-3190,mwaskom/seaborn,[LOCAL_DRIVE]/code\repos_lite_pro\mwaskom__seaborn,4a9e54962a29c12a8b103d75f838e0e795a6974d,mwaskom__seaborn-3190-d365,45a098fd254b6b7385e708b29a556017808ecd40,365,113,9a2196d42a53272e135809f1b042130d0875739a,[Fix issue][#3511]lineplot of empty dataframe with hue in seaborn 0.13.0 (#3569),2,seaborn/_base.py;tests/test_relational.py,independent,seaborn/_core/scales.py,2,a3eff2928e60880e264b0ba75ece3b38ec62b4d9609588a9211f19046b52df5b,0,True,Descriptive local Git future-history mechanism inventory; not semantic causality or survival evidence.
mwaskom__seaborn-3190,mwaskom/seaborn,[LOCAL_DRIVE]/code\repos_lite_pro\mwaskom__seaborn,4a9e54962a29c12a8b103d75f838e0e795a6974d,mwaskom__seaborn-3190-d365,45a098fd254b6b7385e708b29a556017808ecd40,365,114,7e3da70b6b332673aa5f74cc8e03658d0ff990b0,MAINT: remove obsolete matplotlib version compatibility (#3577),10,pyproject.toml;seaborn/_compat.py;seaborn/_core/plot.py;seaborn/_core/scales.py;seaborn/_core/subplots.py;seaborn/_marks/bar.py;tests/_core/test_plot.py;tests/_core/test_properties.py;tests/_core/test_scales.py;tests/test_regression.py,directly_overlapping,seaborn/_core/scales.py,2,a3eff2928e60880e264b0ba75ece3b38ec62b4d9609588a9211f19046b52df5b,0,True,Descriptive local Git future-history mechanism inventory; not semantic causality or survival evidence.
mwaskom__seaborn-3190,mwaskom/seaborn,[LOCAL_DRIVE]/code\repos_lite_pro\mwaskom__seaborn,4a9e54962a29c12a8b103d75f838e0e795a6974d,mwaskom__seaborn-3190-d365,45a098fd254b6b7385e708b29a556017808ecd40,365,115,e9b5baa9e7e09665207efaf24405f0d417ef5649,Fix typo 'varaible' to 'variable' (#3574),1,doc/_docstrings/barplot.ipynb,infrastructure_only,seaborn/_core/scales.py,2,a3eff2928e60880e264b0ba75ece3b38ec62b4d9609588a9211f19046b52df5b,0,True,Descriptive local Git future-history mechanism inventory; not semantic causality or survival evidence.
mwaskom__seaborn-3190,mwaskom/seaborn,[LOCAL_DRIVE]/code\repos_lite_pro\mwaskom__seaborn,4a9e54962a29c12a8b103d75f838e0e795a6974d,mwaskom__seaborn-3190-d365,45a098fd254b6b7385e708b29a556017808ecd40,365,116,908ca95137c0e73bb6ac9ce9a8051577b6453138,Fix typo (#3578),1,doc/_docstrings/histplot.ipynb,infrastructure_only,seaborn/_core/scales.py,2,a3eff2928e60880e264b0ba75ece3b38ec62b4d9609588a9211f19046b52df5b,0,True,Descriptive local Git future-history mechanism inventory; not semantic causality or survival evidence.
mwaskom__seaborn-3190,mwaskom/seaborn,[LOCAL_DRIVE]/code\repos_lite_pro\mwaskom__seaborn,4a9e54962a29c12a8b103d75f838e0e795a6974d,mwaskom__seaborn-3190-d365,45a098fd254b6b7385e708b29a556017808ecd40,365,117,f0136337211854b2e63e5d26bee8b12ab60e0f42,Update README.md (#3582),1,README.md,infrastructure_only,seaborn/_core/scales.py,2,a3eff2928e60880e264b0ba75ece3b38ec62b4d9609588a9211f19046b52df5b,0,True,Descriptive local Git future-history mechanism inventory; not semantic causality or survival evidence.
mwaskom__seaborn-3190,mwaskom/seaborn,[LOCAL_DRIVE]/code\repos_lite_pro\mwaskom__seaborn,4a9e54962a29c12a8b103d75f838e0e795a6974d,mwaskom__seaborn-3190-d365,45a098fd254b6b7385e708b29a556017808ecd40,365,118,2bb945c01ad0c18f4c9faa516f0a75e7b89043ec,Add support for weights in objects.Est (#3580),5,doc/_docstrings/objects.Est.ipynb;seaborn/_statistics.py;seaborn/_stats/aggregation.py;tests/_stats/test_aggregation.py;tests/test_statistics.py,independent,seaborn/_core/scales.py,2,a3eff2928e60880e264b0ba75ece3b38ec62b4d9609588a9211f19046b52df5b,0,True,Descriptive local Git future-history mechanism inventory; not semantic causality or survival evidence.
mwaskom__seaborn-3190,mwaskom/seaborn,[LOCAL_DRIVE]/code\repos_lite_pro\mwaskom__seaborn,4a9e54962a29c12a8b103d75f838e0e795a6974d,mwaskom__seaborn-3190-d365,45a098fd254b6b7385e708b29a556017808ecd40,365,119,03d703b80f0fcc20a037d476af0d1fb25b5f3870,Add weighted estimation in function interface (#3586),7,seaborn/_statistics.py;seaborn/_stats/aggregation.py;seaborn/categorical.py;seaborn/relational.py;tests/test_categorical.py;tests/test_relational.py;tests/test_statistics.py,independent,seaborn/_core/scales.py,2,a3eff2928e60880e264b0ba75ece3b38ec62b4d9609588a9211f19046b52df5b,0,True,Descriptive local Git future-history mechanism inventory; not semantic causality or survival evidence.
mwaskom__seaborn-3190,mwaskom/seaborn,[LOCAL_DRIVE]/code\repos_lite_pro\mwaskom__seaborn,4a9e54962a29c12a8b103d75f838e0e795a6974d,mwaskom__seaborn-3190-d365,45a098fd254b6b7385e708b29a556017808ecd40,365,120,056413d7393e3daec597d430c076e45938d53376,Add extent to Plot.layout configuration (#3552),5,doc/_docstrings/objects.Plot.layout.ipynb;seaborn/_compat.py;seaborn/_core/plot.py;seaborn/_core/subplots.py;tests/_core/test_plot.py,related_same_subtree,seaborn/_core/scales.py,2,a3eff2928e60880e264b0ba75ece3b38ec62b4d9609588a9211f19046b52df5b,0,True,Descriptive local Git future-history mechanism inventory; not semantic causality or survival evidence.
mwaskom__seaborn-3190,mwaskom/seaborn,[LOCAL_DRIVE]/code\repos_lite_pro\mwaskom__seaborn,4a9e54962a29c12a8b103d75f838e0e795a6974d,mwaskom__seaborn-3190-d365,45a098fd254b6b7385e708b29a556017808ecd40,365,121,865618d4f786d02eeedfef578ab2cd96e7351c30,Update LICENSE.md,1,LICENSE.md,independent,seaborn/_core/scales.py,2,a3eff2928e60880e264b0ba75ece3b38ec62b4d9609588a9211f19046b52df5b,0,True,Descriptive local Git future-history mechanism inventory; not semantic causality or survival evidence.
mwaskom__seaborn-3190,mwaskom/seaborn,[LOCAL_DRIVE]/code\repos_lite_pro\mwaskom__seaborn,4a9e54962a29c12a8b103d75f838e0e795a6974d,mwaskom__seaborn-3190-d365,45a098fd254b6b7385e708b29a556017808ecd40,365,122,d8476676a066c137ac43d50ad49b3ee586ea580f,Link to error bar tutorial from parameter documentation (#3595),2,seaborn/_statistics.py;seaborn/categorical.py,independent,seaborn/_core/scales.py,2,a3eff2928e60880e264b0ba75ece3b38ec62b4d9609588a9211f19046b52df5b,0,True,Descriptive local Git future-history mechanism inventory; not semantic causality or survival evidence.
mwaskom__seaborn-3190,mwaskom/seaborn,[LOCAL_DRIVE]/code\repos_lite_pro\mwaskom__seaborn,4a9e54962a29c12a8b103d75f838e0e795a6974d,mwaskom__seaborn-3190-d365,45a098fd254b6b7385e708b29a556017808ecd40,365,123,bd784ca5cfb144610626f9c3ada2c7565fbee7dd,Fix typo in docs,1,doc/installing.rst,infrastructure_only,seaborn/_core/scales.py,2,a3eff2928e60880e264b0ba75ece3b38ec62b4d9609588a9211f19046b52df5b,0,True,Descriptive local Git future-history mechanism inventory; not semantic causality or survival evidence.
mwaskom__seaborn-3190,mwaskom/seaborn,[LOCAL_DRIVE]/code\repos_lite_pro\mwaskom__seaborn,4a9e54962a29c12a8b103d75f838e0e795a6974d,mwaskom__seaborn-3190-d365,45a098fd254b6b7385e708b29a556017808ecd40,365,124,b49e595360ae8c065410691f9f507b7464157ad5,Bump actions/setup-python from 4.7.1 to 5.0.0 (#3590),1,.github/workflows/ci.yaml,infrastructure_only,seaborn/_core/scales.py,2,a3eff2928e60880e264b0ba75ece3b38ec62b4d9609588a9211f19046b52df5b,0,True,Descriptive local Git future-history mechanism inventory; not semantic causality or survival evidence.
mwaskom__seaborn-3190,mwaskom/seaborn,[LOCAL_DRIVE]/code\repos_lite_pro\mwaskom__seaborn,4a9e54962a29c12a8b103d75f838e0e795a6974d,mwaskom__seaborn-3190-d365,45a098fd254b6b7385e708b29a556017808ecd40,365,125,5051ede2ee9715f41fbbf04323b900eb74ced41c,Crosslink to aesthetics tutorial from set_context/plotting_context (#3599),1,seaborn/rcmod.py,independent,seaborn/_core/scales.py,2,a3eff2928e60880e264b0ba75ece3b38ec62b4d9609588a9211f19046b52df5b,0,True,Descriptive local Git future-history mechanism inventory; not semantic causality or survival evidence.
mwaskom__seaborn-3190,mwaskom/seaborn,[LOCAL_DRIVE]/code\repos_lite_pro\mwaskom__seaborn,4a9e54962a29c12a8b103d75f838e0e795a6974d,mwaskom__seaborn-3190-d365,45a098fd254b6b7385e708b29a556017808ecd40,365,126,cfa74b4c1ab0e17b074c21604073d3152a4a0018,Add a missing raise in kdeplot and slightly improve lmplot signature (#3602),3,seaborn/distributions.py;seaborn/regression.py;tests/test_distributions.py,independent,seaborn/_core/scales.py,2,a3eff2928e60880e264b0ba75ece3b38ec62b4d9609588a9211f19046b52df5b,0,True,Descriptive local Git future-history mechanism inventory; not semantic causality or survival evidence.
mwaskom__seaborn-3190,mwaskom/seaborn,[LOCAL_DRIVE]/code\repos_lite_pro\mwaskom__seaborn,4a9e54962a29c12a8b103d75f838e0e795a6974d,mwaskom__seaborn-3190-d365,45a098fd254b6b7385e708b29a556017808ecd40,365,127,9a0842d3a8449bc4d034792789495bd16a0f1615,Change how pandoc gets installed in CI (#3604),1,.github/workflows/ci.yaml,infrastructure_only,seaborn/_core/scales.py,2,a3eff2928e60880e264b0ba75ece3b38ec62b4d9609588a9211f19046b52df5b,0,True,Descriptive local Git future-history mechanism inventory; not semantic causality or survival evidence.
mwaskom__seaborn-3190,mwaskom/seaborn,[LOCAL_DRIVE]/code\repos_lite_pro\mwaskom__seaborn,4a9e54962a29c12a8b103d75f838e0e795a6974d,mwaskom__seaborn-3190-d365,45a098fd254b6b7385e708b29a556017808ecd40,365,128,1617be03dc8f6c2977dbb31714e3ea9029ea3c9a,Add v0.13.1 release notes,1,doc/whatsnew/v0.13.1.rst,infrastructure_only,seaborn/_core/scales.py,2,a3eff2928e60880e264b0ba75ece3b38ec62b4d9609588a9211f19046b52df5b,0,True,Descriptive local Git future-history mechanism inventory; not semantic causality or survival evidence.
mwaskom__seaborn-3190,mwaskom/seaborn,[LOCAL_DRIVE]/code\repos_lite_pro\mwaskom__seaborn,4a9e54962a29c12a8b103d75f838e0e795a6974d,mwaskom__seaborn-3190-d365,45a098fd254b6b7385e708b29a556017808ecd40,365,129,2c115ed7626a236c772ee8a4eacdfa300c570e68,"Avoid error when dodge=True, hue=None (#3605)",2,seaborn/categorical.py;tests/test_categorical.py,independent,seaborn/_core/scales.py,2,a3eff2928e60880e264b0ba75ece3b38ec62b4d9609588a9211f19046b52df5b,0,True,Descriptive local Git future-history mechanism inventory; not semantic causality or survival evidence.
mwaskom__seaborn-3190,mwaskom/seaborn,[LOCAL_DRIVE]/code\repos_lite_pro\mwaskom__seaborn,4a9e54962a29c12a8b103d75f838e0e795a6974d,mwaskom__seaborn-3190-d365,45a098fd254b6b7385e708b29a556017808ecd40,365,130,45a098fd254b6b7385e708b29a556017808ecd40,FIX: Enable xticklabels for all bottom axes (#3600),2,seaborn/_core/plot.py;tests/_core/test_plot.py,related_same_subtree,seaborn/_core/scales.py,2,a3eff2928e60880e264b0ba75ece3b38ec62b4d9609588a9211f19046b52df5b,0,True,Descriptive local Git future-history mechanism inventory; not semantic causality or survival evidence.
