task_id,task_family,repository,language,base_commit,agent_or_human,model_snapshot,agent_commit,seed,checkpoint_id,checkpoint_date,commits_after_t0,days_after_t0,replay_status,build_success,future_test_pass_ratio,behavioral_divergence,textual_conflict,semantic_conflict,adaptation_loc,corrective_commit_count,failure_mechanism,source_commit,evaluator_version,evidence_hash,human_fix_exclusion_applied,human_fix_commit,human_fix_verification,evaluator_scope,failure_detail,claim_boundary
astropy__astropy-12907,issue_resolution,astropy/astropy,python,d16bfe05a744909de4b27f5875fe0d4ed41ce607,human,NA,NA,NA,astropy__astropy-12907-d7,NA,NA,7,future_textual_conflict,NA,NA,NA,True,NA,NA,NA,evolution_incompatibility,97be610d13cf314b28ffe8eddc20f9affa8a05ca,SWE-bench Lite local record; F2P-only pilot,0f3e44432ed8540e9526edff4f83793948a2f139fc3971b67c30043c1eb7964a,False,738068e5d397490e4b1565b026a95301dc1cddec,exact_changed_line_match,NA,"98368901863b906b4cd5c1c7173d971961a16e1b: error: docs/changes/modeling/12907.bugfix.rst: No such file or directory
","Provider-free 30-task five-checkpoint replay frame. Rows combine the d7 feasibility frame with 30/90/180/365-day human and OrcaLoca replays. The evaluator is F2P-only and fixed-method; no survival, semantic, behavioral, adaptation, or causal estimate is promoted."
astropy__astropy-12907,issue_resolution,astropy/astropy,python,d16bfe05a744909de4b27f5875fe0d4ed41ce607,OrcaLoca,NA,NA,NA,astropy__astropy-12907-d7,NA,NA,7,future_textual_conflict,NA,NA,NA,True,NA,NA,NA,evolution_incompatibility,97be610d13cf314b28ffe8eddc20f9affa8a05ca,SWE-bench Lite local record; F2P-only pilot,9ad64b2d5711f3da10ac19251857e6825ebc29d53d5fd296079b13d7c25dbc6f,True,738068e5d397490e4b1565b026a95301dc1cddec,exact_changed_line_match,NA,"98368901863b906b4cd5c1c7173d971961a16e1b: error: docs/changes/modeling/12907.bugfix.rst: No such file or directory
","Provider-free 30-task five-checkpoint replay frame. Rows combine the d7 feasibility frame with 30/90/180/365-day human and OrcaLoca replays. The evaluator is F2P-only and fixed-method; no survival, semantic, behavioral, adaptation, or causal estimate is promoted."
astropy__astropy-14182,issue_resolution,astropy/astropy,python,a5917978be39d13cd90b517e1de4e7a539ffaa48,human,NA,NA,NA,astropy__astropy-14182-d7,NA,NA,7,checkpoint_replay_completed,True,0.0,NA,NA,NA,NA,NA,build_or_future_test_failure,a5ccc9522ca139df7a7cf4e2e506ffd288e55620,SWE-bench Lite local record; F2P-only pilot,1c80b57d515ed4da42842dff56cfec5b5c72fee6a469c9bb33f2f6b59dba0f3c,False,7524bd185df2cc931fe2e374742a41cb768efbbf,exact_changed_line_match,"future repository FAIL_TO_PASS node IDs only; no test patch injection, PASS_TO_PASS, augmented, or behavioral check","{""build"": {""returncode"": 0, ""timed_out"": false, ""duration_seconds"": 11.166, ""stdout_sha256"": ""e3b0c44298fc1c149afbf4c8996fb92427ae41e4649b934ca495991b7852b855"", ""stderr_sha256"": ""e3b0c44298fc1c149afbf4c8996fb92427ae41e4649b934ca495991b7852b855"", ""stdout_head"": """", ""stderr_head"": """", ""stdout_tail"": """", ""stderr_tail"": """"}, ""future_test"": {""returncode"": 4, ""timed_out"": false, ""duration_seconds"": 1.171, ""stdout_sha256"": ""e3b0c44298fc1c149afbf4c8996fb92427ae41e4649b934ca495991b7852b855"", ""stderr_sha256"": ""ac1f8137369aa8cef4fa294664d2f592d3e9b8004033ae561b6374cf39951603"", ""stdout_head"": """", ""stderr_head"": ""ImportError while loading conftest '[LOCAL_DRIVE]/lossoracc\\analysis_outputs\\work2_30_task_first_checkpoint_replay_20260901_isolated\\scratch\\task_y98nsxub\\branch_human\\conftest.py'.\r\nconftest.py:9: in <module>\r\n    import hypothesis\r\nE   ModuleNotFoundError: No module named 'hypothesis'\r\n"", ""stdout_tail"": """", ""stderr_tail"": ""ImportError while loading conftest '[LOCAL_DRIVE]/lossoracc\\analysis_outputs\\work2_30_task_first_checkpoint_replay_20260901_isolated\\scratch\\task_y98nsxub\\branch_human\\conftest.py'.\r\nconftest.py:9: in <module>\r\n    import hypothesis\r\nE   ModuleNotFoundError: No module named 'hypothesis'\r\n""}}","Provider-free 30-task five-checkpoint replay frame. Rows combine the d7 feasibility frame with 30/90/180/365-day human and OrcaLoca replays. The evaluator is F2P-only and fixed-method; no survival, semantic, behavioral, adaptation, or causal estimate is promoted."
astropy__astropy-14182,issue_resolution,astropy/astropy,python,a5917978be39d13cd90b517e1de4e7a539ffaa48,OrcaLoca,NA,NA,NA,astropy__astropy-14182-d7,NA,NA,7,checkpoint_replay_completed,True,0.0,NA,NA,NA,NA,NA,build_or_future_test_failure,a5ccc9522ca139df7a7cf4e2e506ffd288e55620,SWE-bench Lite local record; F2P-only pilot,436d728fe211fb292872f83c7d33c3ca8e5da7e8ef08352b0ddeef66eee14297,True,7524bd185df2cc931fe2e374742a41cb768efbbf,exact_changed_line_match,"future repository FAIL_TO_PASS node IDs only; no test patch injection, PASS_TO_PASS, augmented, or behavioral check","{""build"": {""returncode"": 0, ""timed_out"": false, ""duration_seconds"": 7.336, ""stdout_sha256"": ""e3b0c44298fc1c149afbf4c8996fb92427ae41e4649b934ca495991b7852b855"", ""stderr_sha256"": ""e3b0c44298fc1c149afbf4c8996fb92427ae41e4649b934ca495991b7852b855"", ""stdout_head"": """", ""stderr_head"": """", ""stdout_tail"": """", ""stderr_tail"": """"}, ""future_test"": {""returncode"": 4, ""timed_out"": false, ""duration_seconds"": 0.353, ""stdout_sha256"": ""e3b0c44298fc1c149afbf4c8996fb92427ae41e4649b934ca495991b7852b855"", ""stderr_sha256"": ""feefde9032e81ed1499aed2ffa45ae55d9d2c03f123574e5ae37cdd379299a21"", ""stdout_head"": """", ""stderr_head"": ""ImportError while loading conftest '[LOCAL_DRIVE]/lossoracc\\analysis_outputs\\work2_30_task_first_checkpoint_replay_20260901_isolated\\scratch\\task_y98nsxub\\branch_OrcaLoca\\conftest.py'.\r\nconftest.py:9: in <module>\r\n    import hypothesis\r\nE   ModuleNotFoundError: No module named 'hypothesis'\r\n"", ""stdout_tail"": """", ""stderr_tail"": ""ImportError while loading conftest '[LOCAL_DRIVE]/lossoracc\\analysis_outputs\\work2_30_task_first_checkpoint_replay_20260901_isolated\\scratch\\task_y98nsxub\\branch_OrcaLoca\\conftest.py'.\r\nconftest.py:9: in <module>\r\n    import hypothesis\r\nE   ModuleNotFoundError: No module named 'hypothesis'\r\n""}}","Provider-free 30-task five-checkpoint replay frame. Rows combine the d7 feasibility frame with 30/90/180/365-day human and OrcaLoca replays. The evaluator is F2P-only and fixed-method; no survival, semantic, behavioral, adaptation, or causal estimate is promoted."
astropy__astropy-14365,issue_resolution,astropy/astropy,python,7269fa3e33e8d02485a647da91a5a2a60a06af61,human,NA,NA,NA,astropy__astropy-14365-d7,NA,NA,7,checkpoint_replay_completed,True,0.0,NA,NA,NA,NA,NA,build_or_future_test_failure,5ac136ec0889b2829a7fb7e2065717c1b714a474,SWE-bench Lite local record; F2P-only pilot,42420ff7003feddd01ddde186a66486ab686dc91af2a3155970dea6ca4df63c3,False,1577be912ae5570f8867b1ad4eb921172e09f6c0,exact_changed_line_match,"future repository FAIL_TO_PASS node IDs only; no test patch injection, PASS_TO_PASS, augmented, or behavioral check","{""build"": {""returncode"": 0, ""timed_out"": false, ""duration_seconds"": 10.54, ""stdout_sha256"": ""e3b0c44298fc1c149afbf4c8996fb92427ae41e4649b934ca495991b7852b855"", ""stderr_sha256"": ""e3b0c44298fc1c149afbf4c8996fb92427ae41e4649b934ca495991b7852b855"", ""stdout_head"": """", ""stderr_head"": """", ""stdout_tail"": """", ""stderr_tail"": """"}, ""future_test"": {""returncode"": 4, ""timed_out"": false, ""duration_seconds"": 0.482, ""stdout_sha256"": ""e3b0c44298fc1c149afbf4c8996fb92427ae41e4649b934ca495991b7852b855"", ""stderr_sha256"": ""465624d96eb2c080de4ec333165c6a78108c52dc8a992ac1e684d2c6771489dc"", ""stdout_head"": """", ""stderr_head"": ""ImportError while loading conftest '[LOCAL_DRIVE]/lossoracc\\analysis_outputs\\work2_30_task_first_checkpoint_replay_20260901_isolated\\scratch\\task_ou_6hisl\\branch_human\\conftest.py'.\r\nconftest.py:9: in <module>\r\n    import hypothesis\r\nE   ModuleNotFoundError: No module named 'hypothesis'\r\n"", ""stdout_tail"": """", ""stderr_tail"": ""ImportError while loading conftest '[LOCAL_DRIVE]/lossoracc\\analysis_outputs\\work2_30_task_first_checkpoint_replay_20260901_isolated\\scratch\\task_ou_6hisl\\branch_human\\conftest.py'.\r\nconftest.py:9: in <module>\r\n    import hypothesis\r\nE   ModuleNotFoundError: No module named 'hypothesis'\r\n""}}","Provider-free 30-task five-checkpoint replay frame. Rows combine the d7 feasibility frame with 30/90/180/365-day human and OrcaLoca replays. The evaluator is F2P-only and fixed-method; no survival, semantic, behavioral, adaptation, or causal estimate is promoted."
astropy__astropy-14365,issue_resolution,astropy/astropy,python,7269fa3e33e8d02485a647da91a5a2a60a06af61,OrcaLoca,NA,NA,NA,astropy__astropy-14365-d7,NA,NA,7,checkpoint_replay_completed,True,0.0,NA,NA,NA,NA,NA,build_or_future_test_failure,5ac136ec0889b2829a7fb7e2065717c1b714a474,SWE-bench Lite local record; F2P-only pilot,765f1a0d453527d020e3002e62fdc569cb35b46016a4355d3e96891b79c810b6,True,1577be912ae5570f8867b1ad4eb921172e09f6c0,exact_changed_line_match,"future repository FAIL_TO_PASS node IDs only; no test patch injection, PASS_TO_PASS, augmented, or behavioral check","{""build"": {""returncode"": 0, ""timed_out"": false, ""duration_seconds"": 10.708, ""stdout_sha256"": ""e3b0c44298fc1c149afbf4c8996fb92427ae41e4649b934ca495991b7852b855"", ""stderr_sha256"": ""e3b0c44298fc1c149afbf4c8996fb92427ae41e4649b934ca495991b7852b855"", ""stdout_head"": """", ""stderr_head"": """", ""stdout_tail"": """", ""stderr_tail"": """"}, ""future_test"": {""returncode"": 4, ""timed_out"": false, ""duration_seconds"": 0.705, ""stdout_sha256"": ""e3b0c44298fc1c149afbf4c8996fb92427ae41e4649b934ca495991b7852b855"", ""stderr_sha256"": ""fdab7916dc960b5f234b61d5115e12454f32faccc7679a51efd3a544080ec0ba"", ""stdout_head"": """", ""stderr_head"": ""ImportError while loading conftest '[LOCAL_DRIVE]/lossoracc\\analysis_outputs\\work2_30_task_first_checkpoint_replay_20260901_isolated\\scratch\\task_ou_6hisl\\branch_OrcaLoca\\conftest.py'.\r\nconftest.py:9: in <module>\r\n    import hypothesis\r\nE   ModuleNotFoundError: No module named 'hypothesis'\r\n"", ""stdout_tail"": """", ""stderr_tail"": ""ImportError while loading conftest '[LOCAL_DRIVE]/lossoracc\\analysis_outputs\\work2_30_task_first_checkpoint_replay_20260901_isolated\\scratch\\task_ou_6hisl\\branch_OrcaLoca\\conftest.py'.\r\nconftest.py:9: in <module>\r\n    import hypothesis\r\nE   ModuleNotFoundError: No module named 'hypothesis'\r\n""}}","Provider-free 30-task five-checkpoint replay frame. Rows combine the d7 feasibility frame with 30/90/180/365-day human and OrcaLoca replays. The evaluator is F2P-only and fixed-method; no survival, semantic, behavioral, adaptation, or causal estimate is promoted."
matplotlib__matplotlib-22711,issue_resolution,matplotlib/matplotlib,python,f670fe78795b18eb1118707721852209cd77ad51,human,NA,NA,NA,matplotlib__matplotlib-22711-d7,NA,NA,7,checkpoint_replay_completed,True,0.0,NA,NA,NA,NA,NA,build_or_future_test_failure,33b301589f2a164110df15f6187853692fb0135b,SWE-bench Lite local record; F2P-only pilot,ce5c888976765166d051a0bc8d0916683610e8e2380ac37ea85e08cb3a61ee4a,False,d7a475108b5eec08a35ab0c744abcb4174cda93e,exact_changed_line_match,"future repository FAIL_TO_PASS node IDs only; no test patch injection, PASS_TO_PASS, augmented, or behavioral check","{""build"": {""returncode"": 0, ""timed_out"": false, ""duration_seconds"": 7.37, ""stdout_sha256"": ""e3b0c44298fc1c149afbf4c8996fb92427ae41e4649b934ca495991b7852b855"", ""stderr_sha256"": ""e3b0c44298fc1c149afbf4c8996fb92427ae41e4649b934ca495991b7852b855"", ""stdout_head"": """", ""stderr_head"": """", ""stdout_tail"": """", ""stderr_tail"": """"}, ""future_test"": {""returncode"": 4, ""timed_out"": false, ""duration_seconds"": 0.698, ""stdout_sha256"": ""e3b0c44298fc1c149afbf4c8996fb92427ae41e4649b934ca495991b7852b855"", ""stderr_sha256"": ""8618510af70f3e025bfdd56bff8088810b845382fcab03a00bd9a3c30f98cef8"", ""stdout_head"": """", ""stderr_head"": ""ImportError while loading conftest '[LOCAL_DRIVE]/lossoracc\\analysis_outputs\\work2_30_task_first_checkpoint_replay_20260901_isolated\\scratch\\task_qf2ltu6r\\branch_human\\lib\\matplotlib\\tests\\conftest.py'.\r\nlib\\matplotlib\\__init__.py:109: in <module>\r\n    from . import _api, _version, cbook, _docstring, rcsetup\r\nlib\\matplotlib\\cbook\\__init__.py:31: in <module>\r\n    from matplotlib import _api, _c_internal_utils\r\nE   ImportError: cannot import name '_c_internal_utils' from partially initialized module 'matplotlib' (most likely due to a circular import) ([LOCAL_DRIVE]/lossoracc\\analysis_outputs\\work2_30_task_first_checkpoint_replay_20260901_isolated\\scratch\\task_qf2ltu6r\\branch_human\\lib\\matplotlib\\__init__.py)\r\n"", ""stdout_tail"": """", ""stderr_tail"": ""ImportError while loading conftest '[LOCAL_DRIVE]/lossoracc\\analysis_outputs\\work2_30_task_first_checkpoint_replay_20260901_isolated\\scratch\\task_qf2ltu6r\\branch_human\\lib\\matplotlib\\tests\\conftest.py'.\r\nlib\\matplotlib\\__init__.py:109: in <module>\r\n    from . import _api, _version, cbook, _docstring, rcsetup\r\nlib\\matplotlib\\cbook\\__init__.py:31: in <module>\r\n    from matplotlib import _api, _c_internal_utils\r\nE   ImportError: cannot import name '_c_internal_utils' from partially initialized module 'matplotlib' (most likely due to a circular import) ([LOCAL_DRIVE]/lossoracc\\analysis_outputs\\work2_30_task_first_checkpoint_replay_20260901_isolated\\scratch\\task_qf2ltu6r\\branch_human\\lib\\matplotlib\\__init__.py)\r\n""}}","Provider-free 30-task five-checkpoint replay frame. Rows combine the d7 feasibility frame with 30/90/180/365-day human and OrcaLoca replays. The evaluator is F2P-only and fixed-method; no survival, semantic, behavioral, adaptation, or causal estimate is promoted."
matplotlib__matplotlib-22711,issue_resolution,matplotlib/matplotlib,python,f670fe78795b18eb1118707721852209cd77ad51,OrcaLoca,NA,NA,NA,matplotlib__matplotlib-22711-d7,NA,NA,7,checkpoint_replay_completed,True,0.0,NA,NA,NA,NA,NA,build_or_future_test_failure,33b301589f2a164110df15f6187853692fb0135b,SWE-bench Lite local record; F2P-only pilot,e6175179a125f5d2786310ed098deca74a434ed77258b5dd26a00cad34ff43c5,True,d7a475108b5eec08a35ab0c744abcb4174cda93e,exact_changed_line_match,"future repository FAIL_TO_PASS node IDs only; no test patch injection, PASS_TO_PASS, augmented, or behavioral check","{""build"": {""returncode"": 0, ""timed_out"": false, ""duration_seconds"": 10.318, ""stdout_sha256"": ""e3b0c44298fc1c149afbf4c8996fb92427ae41e4649b934ca495991b7852b855"", ""stderr_sha256"": ""e3b0c44298fc1c149afbf4c8996fb92427ae41e4649b934ca495991b7852b855"", ""stdout_head"": """", ""stderr_head"": """", ""stdout_tail"": """", ""stderr_tail"": """"}, ""future_test"": {""returncode"": 4, ""timed_out"": false, ""duration_seconds"": 0.838, ""stdout_sha256"": ""e3b0c44298fc1c149afbf4c8996fb92427ae41e4649b934ca495991b7852b855"", ""stderr_sha256"": ""66b97e1b835d2acc4c9fd2cbfcbc6daa418c0ba0b6c695592a2c447c3ccf6166"", ""stdout_head"": """", ""stderr_head"": ""ImportError while loading conftest '[LOCAL_DRIVE]/lossoracc\\analysis_outputs\\work2_30_task_first_checkpoint_replay_20260901_isolated\\scratch\\task_qf2ltu6r\\branch_OrcaLoca\\lib\\matplotlib\\tests\\conftest.py'.\r\nlib\\matplotlib\\__init__.py:109: in <module>\r\n    from . import _api, _version, cbook, _docstring, rcsetup\r\nlib\\matplotlib\\cbook\\__init__.py:31: in <module>\r\n    from matplotlib import _api, _c_internal_utils\r\nE   ImportError: cannot import name '_c_internal_utils' from partially initialized module 'matplotlib' (most likely due to a circular import) ([LOCAL_DRIVE]/lossoracc\\analysis_outputs\\work2_30_task_first_checkpoint_replay_20260901_isolated\\scratch\\task_qf2ltu6r\\branch_OrcaLoca\\lib\\matplotlib\\__init__.py)\r\n"", ""stdout_tail"": """", ""stderr_tail"": ""ImportError while loading conftest '[LOCAL_DRIVE]/lossoracc\\analysis_outputs\\work2_30_task_first_checkpoint_replay_20260901_isolated\\scratch\\task_qf2ltu6r\\branch_OrcaLoca\\lib\\matplotlib\\tests\\conftest.py'.\r\nlib\\matplotlib\\__init__.py:109: in <module>\r\n    from . import _api, _version, cbook, _docstring, rcsetup\r\nlib\\matplotlib\\cbook\\__init__.py:31: in <module>\r\n    from matplotlib import _api, _c_internal_utils\r\nE   ImportError: cannot import name '_c_internal_utils' from partially initialized module 'matplotlib' (most likely due to a circular import) ([LOCAL_DRIVE]/lossoracc\\analysis_outputs\\work2_30_task_first_checkpoint_replay_20260901_isolated\\scratch\\task_qf2ltu6r\\branch_OrcaLoca\\lib\\matplotlib\\__init__.py)\r\n""}}","Provider-free 30-task five-checkpoint replay frame. Rows combine the d7 feasibility frame with 30/90/180/365-day human and OrcaLoca replays. The evaluator is F2P-only and fixed-method; no survival, semantic, behavioral, adaptation, or causal estimate is promoted."
matplotlib__matplotlib-23299,issue_resolution,matplotlib/matplotlib,python,3eadeacc06c9f2ddcdac6ae39819faa9fbee9e39,human,NA,NA,NA,matplotlib__matplotlib-23299-d7,NA,NA,7,checkpoint_replay_completed,True,0.0,NA,NA,NA,NA,NA,build_or_future_test_failure,cd9d371cd473b286310845ada9e5a3e786630e1a,SWE-bench Lite local record; F2P-only pilot,b15079ba0b887c4386893f5beb03cc077d9ff65b167d1910de6bfbc8151cfb2e,False,11a4071026e4a44e30b1f23dab9c182da5d6932a,exact_changed_line_match,"future repository FAIL_TO_PASS node IDs only; no test patch injection, PASS_TO_PASS, augmented, or behavioral check","{""build"": {""returncode"": 0, ""timed_out"": false, ""duration_seconds"": 13.561, ""stdout_sha256"": ""e3b0c44298fc1c149afbf4c8996fb92427ae41e4649b934ca495991b7852b855"", ""stderr_sha256"": ""e3b0c44298fc1c149afbf4c8996fb92427ae41e4649b934ca495991b7852b855"", ""stdout_head"": """", ""stderr_head"": """", ""stdout_tail"": """", ""stderr_tail"": """"}, ""future_test"": {""returncode"": 4, ""timed_out"": false, ""duration_seconds"": 0.907, ""stdout_sha256"": ""e3b0c44298fc1c149afbf4c8996fb92427ae41e4649b934ca495991b7852b855"", ""stderr_sha256"": ""a58c377fcb8dc387c3ee631306da57cf1876bfed2270ac2d14fcf3dc83f3b580"", ""stdout_head"": """", ""stderr_head"": ""ImportError while loading conftest '[LOCAL_DRIVE]/lossoracc\\analysis_outputs\\work2_30_task_first_checkpoint_replay_20260901_isolated\\scratch\\task_krya92s7\\branch_human\\lib\\matplotlib\\tests\\conftest.py'.\r\nlib\\matplotlib\\__init__.py:113: in <module>\r\n    from . import _api, _version, cbook, _docstring, rcsetup\r\nlib\\matplotlib\\cbook\\__init__.py:31: in <module>\r\n    from matplotlib import _api, _c_internal_utils\r\nE   ImportError: cannot import name '_c_internal_utils' from partially initialized module 'matplotlib' (most likely due to a circular import) ([LOCAL_DRIVE]/lossoracc\\analysis_outputs\\work2_30_task_first_checkpoint_replay_20260901_isolated\\scratch\\task_krya92s7\\branch_human\\lib\\matplotlib\\__init__.py)\r\n"", ""stdout_tail"": """", ""stderr_tail"": ""ImportError while loading conftest '[LOCAL_DRIVE]/lossoracc\\analysis_outputs\\work2_30_task_first_checkpoint_replay_20260901_isolated\\scratch\\task_krya92s7\\branch_human\\lib\\matplotlib\\tests\\conftest.py'.\r\nlib\\matplotlib\\__init__.py:113: in <module>\r\n    from . import _api, _version, cbook, _docstring, rcsetup\r\nlib\\matplotlib\\cbook\\__init__.py:31: in <module>\r\n    from matplotlib import _api, _c_internal_utils\r\nE   ImportError: cannot import name '_c_internal_utils' from partially initialized module 'matplotlib' (most likely due to a circular import) ([LOCAL_DRIVE]/lossoracc\\analysis_outputs\\work2_30_task_first_checkpoint_replay_20260901_isolated\\scratch\\task_krya92s7\\branch_human\\lib\\matplotlib\\__init__.py)\r\n""}}","Provider-free 30-task five-checkpoint replay frame. Rows combine the d7 feasibility frame with 30/90/180/365-day human and OrcaLoca replays. The evaluator is F2P-only and fixed-method; no survival, semantic, behavioral, adaptation, or causal estimate is promoted."
matplotlib__matplotlib-23299,issue_resolution,matplotlib/matplotlib,python,3eadeacc06c9f2ddcdac6ae39819faa9fbee9e39,OrcaLoca,NA,NA,NA,matplotlib__matplotlib-23299-d7,NA,NA,7,checkpoint_replay_completed,True,0.0,NA,NA,NA,NA,NA,build_or_future_test_failure,cd9d371cd473b286310845ada9e5a3e786630e1a,SWE-bench Lite local record; F2P-only pilot,7baf90c72e78a8d69d2e0fe5d65d51d8f876344f448ffc481b99ad6801209d43,True,11a4071026e4a44e30b1f23dab9c182da5d6932a,exact_changed_line_match,"future repository FAIL_TO_PASS node IDs only; no test patch injection, PASS_TO_PASS, augmented, or behavioral check","{""build"": {""returncode"": 0, ""timed_out"": false, ""duration_seconds"": 14.079, ""stdout_sha256"": ""e3b0c44298fc1c149afbf4c8996fb92427ae41e4649b934ca495991b7852b855"", ""stderr_sha256"": ""e3b0c44298fc1c149afbf4c8996fb92427ae41e4649b934ca495991b7852b855"", ""stdout_head"": """", ""stderr_head"": """", ""stdout_tail"": """", ""stderr_tail"": """"}, ""future_test"": {""returncode"": 4, ""timed_out"": false, ""duration_seconds"": 0.995, ""stdout_sha256"": ""e3b0c44298fc1c149afbf4c8996fb92427ae41e4649b934ca495991b7852b855"", ""stderr_sha256"": ""6b568589ca8d10e827e12e2bae016b13e284b7149d8213b1f7f33640fc4c38e6"", ""stdout_head"": """", ""stderr_head"": ""ImportError while loading conftest '[LOCAL_DRIVE]/lossoracc\\analysis_outputs\\work2_30_task_first_checkpoint_replay_20260901_isolated\\scratch\\task_krya92s7\\branch_OrcaLoca\\lib\\matplotlib\\tests\\conftest.py'.\r\nlib\\matplotlib\\__init__.py:113: in <module>\r\n    from . import _api, _version, cbook, _docstring, rcsetup\r\nlib\\matplotlib\\cbook\\__init__.py:31: in <module>\r\n    from matplotlib import _api, _c_internal_utils\r\nE   ImportError: cannot import name '_c_internal_utils' from partially initialized module 'matplotlib' (most likely due to a circular import) ([LOCAL_DRIVE]/lossoracc\\analysis_outputs\\work2_30_task_first_checkpoint_replay_20260901_isolated\\scratch\\task_krya92s7\\branch_OrcaLoca\\lib\\matplotlib\\__init__.py)\r\n"", ""stdout_tail"": """", ""stderr_tail"": ""ImportError while loading conftest '[LOCAL_DRIVE]/lossoracc\\analysis_outputs\\work2_30_task_first_checkpoint_replay_20260901_isolated\\scratch\\task_krya92s7\\branch_OrcaLoca\\lib\\matplotlib\\tests\\conftest.py'.\r\nlib\\matplotlib\\__init__.py:113: in <module>\r\n    from . import _api, _version, cbook, _docstring, rcsetup\r\nlib\\matplotlib\\cbook\\__init__.py:31: in <module>\r\n    from matplotlib import _api, _c_internal_utils\r\nE   ImportError: cannot import name '_c_internal_utils' from partially initialized module 'matplotlib' (most likely due to a circular import) ([LOCAL_DRIVE]/lossoracc\\analysis_outputs\\work2_30_task_first_checkpoint_replay_20260901_isolated\\scratch\\task_krya92s7\\branch_OrcaLoca\\lib\\matplotlib\\__init__.py)\r\n""}}","Provider-free 30-task five-checkpoint replay frame. Rows combine the d7 feasibility frame with 30/90/180/365-day human and OrcaLoca replays. The evaluator is F2P-only and fixed-method; no survival, semantic, behavioral, adaptation, or causal estimate is promoted."
matplotlib__matplotlib-23314,issue_resolution,matplotlib/matplotlib,python,97fc1154992f64cfb2f86321155a7404efeb2d8a,human,NA,NA,NA,matplotlib__matplotlib-23314-d7,NA,NA,7,checkpoint_replay_completed,True,0.0,NA,NA,NA,NA,NA,build_or_future_test_failure,b02334b6e207bf155c1fa92e50a6607abdf4633a,SWE-bench Lite local record; F2P-only pilot,b6d8952d0d9b8851d9ddd2a7f97980a3cee631902f1b92f9965ac62159d58fc4,False,9d5953f3561250005d0e1786cc9140ac45207857,exact_changed_line_match,"future repository FAIL_TO_PASS node IDs only; no test patch injection, PASS_TO_PASS, augmented, or behavioral check","{""build"": {""returncode"": 0, ""timed_out"": false, ""duration_seconds"": 13.484, ""stdout_sha256"": ""e3b0c44298fc1c149afbf4c8996fb92427ae41e4649b934ca495991b7852b855"", ""stderr_sha256"": ""e3b0c44298fc1c149afbf4c8996fb92427ae41e4649b934ca495991b7852b855"", ""stdout_head"": """", ""stderr_head"": """", ""stdout_tail"": """", ""stderr_tail"": """"}, ""future_test"": {""returncode"": 4, ""timed_out"": false, ""duration_seconds"": 1.243, ""stdout_sha256"": ""e3b0c44298fc1c149afbf4c8996fb92427ae41e4649b934ca495991b7852b855"", ""stderr_sha256"": ""655494e9f7a327895de93f0e91e8ece42b545edd40bfa5e42e364f52133692eb"", ""stdout_head"": """", ""stderr_head"": ""ImportError while loading conftest '[LOCAL_DRIVE]/lossoracc\\analysis_outputs\\work2_30_task_first_checkpoint_replay_20260901_isolated\\scratch\\task_up7exzb7\\branch_human\\lib\\mpl_toolkits\\tests\\conftest.py'.\r\nlib\\mpl_toolkits\\tests\\conftest.py:1: in <module>\r\n    from matplotlib.testing.conftest import (mpl_test_settings,\r\nlib\\matplotlib\\__init__.py:113: in <module>\r\n    from . import _api, _version, cbook, _docstring, rcsetup\r\nlib\\matplotlib\\cbook\\__init__.py:31: in <module>\r\n    from matplotlib import _api, _c_internal_utils\r\nE   ImportError: cannot import name '_c_internal_utils' from partially initialized module 'matplotlib' (most likely due to a circular import) ([LOCAL_DRIVE]/lossoracc\\analysis_outputs\\work2_30_task_first_checkpoint_replay_20260901_isolated\\scratch\\task_up7exzb7\\branch_human\\lib\\matplotlib\\__init__.py)\r\n"", ""stdout_tail"": """", ""stderr_tail"": ""ImportError while loading conftest '[LOCAL_DRIVE]/lossoracc\\analysis_outputs\\work2_30_task_first_checkpoint_replay_20260901_isolated\\scratch\\task_up7exzb7\\branch_human\\lib\\mpl_toolkits\\tests\\conftest.py'.\r\nlib\\mpl_toolkits\\tests\\conftest.py:1: in <module>\r\n    from matplotlib.testing.conftest import (mpl_test_settings,\r\nlib\\matplotlib\\__init__.py:113: in <module>\r\n    from . import _api, _version, cbook, _docstring, rcsetup\r\nlib\\matplotlib\\cbook\\__init__.py:31: in <module>\r\n    from matplotlib import _api, _c_internal_utils\r\nE   ImportError: cannot import name '_c_internal_utils' from partially initialized module 'matplotlib' (most likely due to a circular import) ([LOCAL_DRIVE]/lossoracc\\analysis_outputs\\work2_30_task_first_checkpoint_replay_20260901_isolated\\scratch\\task_up7exzb7\\branch_human\\lib\\matplotlib\\__init__.py)\r\n""}}","Provider-free 30-task five-checkpoint replay frame. Rows combine the d7 feasibility frame with 30/90/180/365-day human and OrcaLoca replays. The evaluator is F2P-only and fixed-method; no survival, semantic, behavioral, adaptation, or causal estimate is promoted."
matplotlib__matplotlib-23314,issue_resolution,matplotlib/matplotlib,python,97fc1154992f64cfb2f86321155a7404efeb2d8a,OrcaLoca,NA,NA,NA,matplotlib__matplotlib-23314-d7,NA,NA,7,checkpoint_replay_completed,True,0.0,NA,NA,NA,NA,NA,build_or_future_test_failure,b02334b6e207bf155c1fa92e50a6607abdf4633a,SWE-bench Lite local record; F2P-only pilot,d84de209e0805bb299b368a5f58949f0752d8bd80e9a38dfa4d4562b3642282c,True,9d5953f3561250005d0e1786cc9140ac45207857,exact_changed_line_match,"future repository FAIL_TO_PASS node IDs only; no test patch injection, PASS_TO_PASS, augmented, or behavioral check","{""build"": {""returncode"": 0, ""timed_out"": false, ""duration_seconds"": 13.384, ""stdout_sha256"": ""e3b0c44298fc1c149afbf4c8996fb92427ae41e4649b934ca495991b7852b855"", ""stderr_sha256"": ""e3b0c44298fc1c149afbf4c8996fb92427ae41e4649b934ca495991b7852b855"", ""stdout_head"": """", ""stderr_head"": """", ""stdout_tail"": """", ""stderr_tail"": """"}, ""future_test"": {""returncode"": 4, ""timed_out"": false, ""duration_seconds"": 1.046, ""stdout_sha256"": ""e3b0c44298fc1c149afbf4c8996fb92427ae41e4649b934ca495991b7852b855"", ""stderr_sha256"": ""de7b18c521b41efe1a31c3004d071d81fc87c4dd28732a600fed005149069208"", ""stdout_head"": """", ""stderr_head"": ""ImportError while loading conftest '[LOCAL_DRIVE]/lossoracc\\analysis_outputs\\work2_30_task_first_checkpoint_replay_20260901_isolated\\scratch\\task_up7exzb7\\branch_OrcaLoca\\lib\\mpl_toolkits\\tests\\conftest.py'.\r\nlib\\mpl_toolkits\\tests\\conftest.py:1: in <module>\r\n    from matplotlib.testing.conftest import (mpl_test_settings,\r\nlib\\matplotlib\\__init__.py:113: in <module>\r\n    from . import _api, _version, cbook, _docstring, rcsetup\r\nlib\\matplotlib\\cbook\\__init__.py:31: in <module>\r\n    from matplotlib import _api, _c_internal_utils\r\nE   ImportError: cannot import name '_c_internal_utils' from partially initialized module 'matplotlib' (most likely due to a circular import) ([LOCAL_DRIVE]/lossoracc\\analysis_outputs\\work2_30_task_first_checkpoint_replay_20260901_isolated\\scratch\\task_up7exzb7\\branch_OrcaLoca\\lib\\matplotlib\\__init__.py)\r\n"", ""stdout_tail"": """", ""stderr_tail"": ""ImportError while loading conftest '[LOCAL_DRIVE]/lossoracc\\analysis_outputs\\work2_30_task_first_checkpoint_replay_20260901_isolated\\scratch\\task_up7exzb7\\branch_OrcaLoca\\lib\\mpl_toolkits\\tests\\conftest.py'.\r\nlib\\mpl_toolkits\\tests\\conftest.py:1: in <module>\r\n    from matplotlib.testing.conftest import (mpl_test_settings,\r\nlib\\matplotlib\\__init__.py:113: in <module>\r\n    from . import _api, _version, cbook, _docstring, rcsetup\r\nlib\\matplotlib\\cbook\\__init__.py:31: in <module>\r\n    from matplotlib import _api, _c_internal_utils\r\nE   ImportError: cannot import name '_c_internal_utils' from partially initialized module 'matplotlib' (most likely due to a circular import) ([LOCAL_DRIVE]/lossoracc\\analysis_outputs\\work2_30_task_first_checkpoint_replay_20260901_isolated\\scratch\\task_up7exzb7\\branch_OrcaLoca\\lib\\matplotlib\\__init__.py)\r\n""}}","Provider-free 30-task five-checkpoint replay frame. Rows combine the d7 feasibility frame with 30/90/180/365-day human and OrcaLoca replays. The evaluator is F2P-only and fixed-method; no survival, semantic, behavioral, adaptation, or causal estimate is promoted."
mwaskom__seaborn-2848,issue_resolution,mwaskom/seaborn,python,94621cef29f80282436d73e8d2c0aa76dab81273,human,NA,NA,NA,mwaskom__seaborn-2848-d7,NA,NA,7,future_textual_conflict,NA,NA,NA,True,NA,NA,NA,evolution_incompatibility,5ccd131e2b9abf7ebe335d429fba86fea9ca28d6,SWE-bench Lite local record; F2P-only pilot,c57a9e1c3469d1fa115576ec277fa828a7a5e4b32c41e3975bc5b426cf33048d,False,7b3e4dfd211190113d6d4e64d46882e1b2402ab6,exact_changed_line_match,NA,"1a27ce304d947bfdf77383ab452bd2ded812d057: error: patch failed: doc/releases/v0.12.0.txt:63
error: doc/releases/v0.12.0.txt: patch does not apply
","Provider-free 30-task five-checkpoint replay frame. Rows combine the d7 feasibility frame with 30/90/180/365-day human and OrcaLoca replays. The evaluator is F2P-only and fixed-method; no survival, semantic, behavioral, adaptation, or causal estimate is promoted."
mwaskom__seaborn-2848,issue_resolution,mwaskom/seaborn,python,94621cef29f80282436d73e8d2c0aa76dab81273,OrcaLoca,NA,NA,NA,mwaskom__seaborn-2848-d7,NA,NA,7,future_textual_conflict,NA,NA,NA,True,NA,NA,NA,evolution_incompatibility,5ccd131e2b9abf7ebe335d429fba86fea9ca28d6,SWE-bench Lite local record; F2P-only pilot,f8640d8c6e03491a1a9b21b198b6b055c6dce8472351edecae7b3e49c467b5a5,True,7b3e4dfd211190113d6d4e64d46882e1b2402ab6,exact_changed_line_match,NA,"1a27ce304d947bfdf77383ab452bd2ded812d057: error: patch failed: doc/releases/v0.12.0.txt:63
error: doc/releases/v0.12.0.txt: patch does not apply
","Provider-free 30-task five-checkpoint replay frame. Rows combine the d7 feasibility frame with 30/90/180/365-day human and OrcaLoca replays. The evaluator is F2P-only and fixed-method; no survival, semantic, behavioral, adaptation, or causal estimate is promoted."
mwaskom__seaborn-3010,issue_resolution,mwaskom/seaborn,python,0f5a013e2cf43562deec3b879458e59a73853813,human,NA,NA,NA,mwaskom__seaborn-3010-d7,NA,NA,7,checkpoint_replay_completed,True,0.0,NA,NA,NA,NA,NA,build_or_future_test_failure,1d4bec6bfdb52a39ed465916ac93e0b5ad828cd2,SWE-bench Lite local record; F2P-only pilot,2d282a78db2b88dc42330fea5dc78b0551629b7d15c6d5b22f20c57a2ee3d1d7,False,c5c5f4a4377f9dd91cc07c5c3e965d7d0d1edd20,exact_changed_line_match,"future repository FAIL_TO_PASS node IDs only; no test patch injection, PASS_TO_PASS, augmented, or behavioral check","{""build"": {""returncode"": 0, ""timed_out"": false, ""duration_seconds"": 2.254, ""stdout_sha256"": ""e3b0c44298fc1c149afbf4c8996fb92427ae41e4649b934ca495991b7852b855"", ""stderr_sha256"": ""9fba11ff97e771248f80b155196722b30e5ad83f0c1118d40d00203bba35f1e4"", ""stdout_head"": """", ""stderr_head"": "".\\doc\\conf.py:99: SyntaxWarning: invalid escape sequence '\\s'\r\n  .. |API| replace:: :raw-html:`<span class=\""badge badge-api\"">API</span>` :raw-latex:`{\\small\\sc [API]}`\r\n"", ""stdout_tail"": """", ""stderr_tail"": "".\\doc\\conf.py:99: SyntaxWarning: invalid escape sequence '\\s'\r\n  .. |API| replace:: :raw-html:`<span class=\""badge badge-api\"">API</span>` :raw-latex:`{\\small\\sc [API]}`\r\n""}, ""future_test"": {""returncode"": 4, ""timed_out"": false, ""duration_seconds"": 3.085, ""stdout_sha256"": ""e3b0c44298fc1c149afbf4c8996fb92427ae41e4649b934ca495991b7852b855"", ""stderr_sha256"": ""45883226da8ec5e85072b5abf31969c3f44ff80d10c13d15fc71d2038a9d6abb"", ""stdout_head"": """", ""stderr_head"": ""ImportError while loading conftest '[LOCAL_DRIVE]/lossoracc\\analysis_outputs\\work2_30_task_first_checkpoint_replay_20260901_isolated\\scratch\\task_msopdu_0\\branch_human\\tests\\conftest.py'.\r\ntests\\conftest.py:4: in <module>\r\n    import matplotlib as mpl\r\nE   ModuleNotFoundError: No module named 'matplotlib'\r\n"", ""stdout_tail"": """", ""stderr_tail"": ""ImportError while loading conftest '[LOCAL_DRIVE]/lossoracc\\analysis_outputs\\work2_30_task_first_checkpoint_replay_20260901_isolated\\scratch\\task_msopdu_0\\branch_human\\tests\\conftest.py'.\r\ntests\\conftest.py:4: in <module>\r\n    import matplotlib as mpl\r\nE   ModuleNotFoundError: No module named 'matplotlib'\r\n""}}","Provider-free 30-task five-checkpoint replay frame. Rows combine the d7 feasibility frame with 30/90/180/365-day human and OrcaLoca replays. The evaluator is F2P-only and fixed-method; no survival, semantic, behavioral, adaptation, or causal estimate is promoted."
mwaskom__seaborn-3010,issue_resolution,mwaskom/seaborn,python,0f5a013e2cf43562deec3b879458e59a73853813,OrcaLoca,NA,NA,NA,mwaskom__seaborn-3010-d7,NA,NA,7,checkpoint_replay_completed,True,0.0,NA,NA,NA,NA,NA,build_or_future_test_failure,1d4bec6bfdb52a39ed465916ac93e0b5ad828cd2,SWE-bench Lite local record; F2P-only pilot,9f81b90b769ad369c59f8236878432f058d570e13bca625b02e4bb1966aaee08,True,c5c5f4a4377f9dd91cc07c5c3e965d7d0d1edd20,exact_changed_line_match,"future repository FAIL_TO_PASS node IDs only; no test patch injection, PASS_TO_PASS, augmented, or behavioral check","{""build"": {""returncode"": 0, ""timed_out"": false, ""duration_seconds"": 1.825, ""stdout_sha256"": ""e3b0c44298fc1c149afbf4c8996fb92427ae41e4649b934ca495991b7852b855"", ""stderr_sha256"": ""9fba11ff97e771248f80b155196722b30e5ad83f0c1118d40d00203bba35f1e4"", ""stdout_head"": """", ""stderr_head"": "".\\doc\\conf.py:99: SyntaxWarning: invalid escape sequence '\\s'\r\n  .. |API| replace:: :raw-html:`<span class=\""badge badge-api\"">API</span>` :raw-latex:`{\\small\\sc [API]}`\r\n"", ""stdout_tail"": """", ""stderr_tail"": "".\\doc\\conf.py:99: SyntaxWarning: invalid escape sequence '\\s'\r\n  .. |API| replace:: :raw-html:`<span class=\""badge badge-api\"">API</span>` :raw-latex:`{\\small\\sc [API]}`\r\n""}, ""future_test"": {""returncode"": 4, ""timed_out"": false, ""duration_seconds"": 1.579, ""stdout_sha256"": ""e3b0c44298fc1c149afbf4c8996fb92427ae41e4649b934ca495991b7852b855"", ""stderr_sha256"": ""3ecd750244061fcd1b41a251a71d3718ca5cd99d66b638e573162d625facf961"", ""stdout_head"": """", ""stderr_head"": ""ImportError while loading conftest '[LOCAL_DRIVE]/lossoracc\\analysis_outputs\\work2_30_task_first_checkpoint_replay_20260901_isolated\\scratch\\task_msopdu_0\\branch_OrcaLoca\\tests\\conftest.py'.\r\ntests\\conftest.py:4: in <module>\r\n    import matplotlib as mpl\r\nE   ModuleNotFoundError: No module named 'matplotlib'\r\n"", ""stdout_tail"": """", ""stderr_tail"": ""ImportError while loading conftest '[LOCAL_DRIVE]/lossoracc\\analysis_outputs\\work2_30_task_first_checkpoint_replay_20260901_isolated\\scratch\\task_msopdu_0\\branch_OrcaLoca\\tests\\conftest.py'.\r\ntests\\conftest.py:4: in <module>\r\n    import matplotlib as mpl\r\nE   ModuleNotFoundError: No module named 'matplotlib'\r\n""}}","Provider-free 30-task five-checkpoint replay frame. Rows combine the d7 feasibility frame with 30/90/180/365-day human and OrcaLoca replays. The evaluator is F2P-only and fixed-method; no survival, semantic, behavioral, adaptation, or causal estimate is promoted."
mwaskom__seaborn-3190,issue_resolution,mwaskom/seaborn,python,4a9e54962a29c12a8b103d75f838e0e795a6974d,human,NA,NA,NA,mwaskom__seaborn-3190-d7,NA,NA,7,future_textual_conflict,NA,NA,NA,True,NA,NA,NA,evolution_incompatibility,9b0baf65c879889489a4cce92aef552536e571eb,SWE-bench Lite local record; F2P-only pilot,e014761e43e1a1d3eb8879a4ac67aadc810db3aab87701a8f499ba7c4571fe77,False,72710354ecc8470683e15f452ba0af841464e84a,exact_changed_line_match,NA,"10c3ed87a42bcaed74b115252eeb4b88ebc1597f: error: patch failed: doc/whatsnew/v0.12.2.rst:1
error: doc/whatsnew/v0.12.2.rst: patch does not apply
","Provider-free 30-task five-checkpoint replay frame. Rows combine the d7 feasibility frame with 30/90/180/365-day human and OrcaLoca replays. The evaluator is F2P-only and fixed-method; no survival, semantic, behavioral, adaptation, or causal estimate is promoted."
mwaskom__seaborn-3190,issue_resolution,mwaskom/seaborn,python,4a9e54962a29c12a8b103d75f838e0e795a6974d,OrcaLoca,NA,NA,NA,mwaskom__seaborn-3190-d7,NA,NA,7,future_textual_conflict,NA,NA,NA,True,NA,NA,NA,evolution_incompatibility,9b0baf65c879889489a4cce92aef552536e571eb,SWE-bench Lite local record; F2P-only pilot,828414df06e182d0810475018cdf07b36068d3cee8456764948fbecf3969ba61,True,72710354ecc8470683e15f452ba0af841464e84a,exact_changed_line_match,NA,"10c3ed87a42bcaed74b115252eeb4b88ebc1597f: error: patch failed: doc/whatsnew/v0.12.2.rst:1
error: doc/whatsnew/v0.12.2.rst: patch does not apply
","Provider-free 30-task five-checkpoint replay frame. Rows combine the d7 feasibility frame with 30/90/180/365-day human and OrcaLoca replays. The evaluator is F2P-only and fixed-method; no survival, semantic, behavioral, adaptation, or causal estimate is promoted."
pallets__flask-4045,issue_resolution,pallets/flask,python,d8c37f43724cd9fb0870f77877b7c4c7e38a19e0,human,NA,NA,NA,pallets__flask-4045-d7,NA,NA,7,future_textual_conflict,NA,NA,NA,True,NA,NA,NA,evolution_incompatibility,83f7efa04708a22c9701488f0f29b59c2b756bef,SWE-bench Lite local record; F2P-only pilot,6c4055e1cb35cf9c5d50bbba639af1787d6f5d5146f9539cedc364a43d01c687,False,08e459e823235eecd86c635653f4bd6d6003c2b3,exact_changed_line_match,NA,"2846abaefed01f1da0d58ca3a83a2a09bea71e9c: error: patch failed: src/flask/__init__.py:43
error: src/flask/__init__.py: patch does not apply
","Provider-free 30-task five-checkpoint replay frame. Rows combine the d7 feasibility frame with 30/90/180/365-day human and OrcaLoca replays. The evaluator is F2P-only and fixed-method; no survival, semantic, behavioral, adaptation, or causal estimate is promoted."
pallets__flask-4045,issue_resolution,pallets/flask,python,d8c37f43724cd9fb0870f77877b7c4c7e38a19e0,OrcaLoca,NA,NA,NA,pallets__flask-4045-d7,NA,NA,7,future_textual_conflict,NA,NA,NA,True,NA,NA,NA,evolution_incompatibility,83f7efa04708a22c9701488f0f29b59c2b756bef,SWE-bench Lite local record; F2P-only pilot,a4c6fe2be97d5432bb1390e952537318d3735ba2874f760c30f728ed5c1e1377,True,08e459e823235eecd86c635653f4bd6d6003c2b3,exact_changed_line_match,NA,"2846abaefed01f1da0d58ca3a83a2a09bea71e9c: error: patch failed: src/flask/__init__.py:43
error: src/flask/__init__.py: patch does not apply
","Provider-free 30-task five-checkpoint replay frame. Rows combine the d7 feasibility frame with 30/90/180/365-day human and OrcaLoca replays. The evaluator is F2P-only and fixed-method; no survival, semantic, behavioral, adaptation, or causal estimate is promoted."
pallets__flask-5063,issue_resolution,pallets/flask,python,182ce3dd15dfa3537391c3efaf9c3ff407d134d4,human,NA,NA,NA,pallets__flask-5063-d7,NA,NA,7,future_textual_conflict,NA,NA,NA,True,NA,NA,NA,evolution_incompatibility,9659b11a45281662c6aa1194dc95b46b1f566ba6,SWE-bench Lite local record; F2P-only pilot,f9c1ef426acac91e34d551f80f34dfe27fc124ac316af71d70eec1764b4a6497,False,6931b252935188744415b301ab2e3d3bd5ee5498,exact_changed_line_match,NA,"a4ea5df5d565128118b6ceaaf372233eef23e238: error: patch failed: CHANGES.rst:46
error: CHANGES.rst: patch does not apply
","Provider-free 30-task five-checkpoint replay frame. Rows combine the d7 feasibility frame with 30/90/180/365-day human and OrcaLoca replays. The evaluator is F2P-only and fixed-method; no survival, semantic, behavioral, adaptation, or causal estimate is promoted."
pallets__flask-5063,issue_resolution,pallets/flask,python,182ce3dd15dfa3537391c3efaf9c3ff407d134d4,OrcaLoca,NA,NA,NA,pallets__flask-5063-d7,NA,NA,7,future_textual_conflict,NA,NA,NA,True,NA,NA,NA,evolution_incompatibility,9659b11a45281662c6aa1194dc95b46b1f566ba6,SWE-bench Lite local record; F2P-only pilot,6ed719799e679a461b29df8bf1916ee615a1fd487add99ddc733f33beb74002c,True,6931b252935188744415b301ab2e3d3bd5ee5498,exact_changed_line_match,NA,"a4ea5df5d565128118b6ceaaf372233eef23e238: error: patch failed: CHANGES.rst:46
error: CHANGES.rst: patch does not apply
","Provider-free 30-task five-checkpoint replay frame. Rows combine the d7 feasibility frame with 30/90/180/365-day human and OrcaLoca replays. The evaluator is F2P-only and fixed-method; no survival, semantic, behavioral, adaptation, or causal estimate is promoted."
pylint-dev__pylint-6506,issue_resolution,pylint-dev/pylint,python,0a4204fd7555cfedd43f43017c94d24ef48244a5,human,NA,NA,NA,pylint-dev__pylint-6506-d7,NA,NA,7,task_setup_failure,NA,NA,NA,NA,NA,NA,NA,tool_or_script_failure,f4d42c8f1d727d0f0ecada358ff3bf3abeb89fd3,SWE-bench local record 4.3; F2P-only pilot,NA,False,12648fde32b7ed976666e5ff5b35171c0bd50150,exact_changed_line_match,NA,"Traceback (most recent call last):
  File ""[LOCAL_DRIVE]/lossoracc\run_work2_30_task_first_checkpoint_replay_worker_20260901.py"", line 81, in run_task
    raise RuntimeError(json.dumps(archive_status, ensure_ascii=False))
RuntimeError: {""status"": ""base_archive_failed"", ""returncode"": 128, ""stderr"": ""warning: lazy fetching disabled; some objects may not be available\nfatal: could not fetch 98d71e9627f0c4ee5701c1b8a599d9b5fb6fc749 from promisor remote\n""}
","Provider-free 30-task five-checkpoint replay frame. Rows combine the d7 feasibility frame with 30/90/180/365-day human and OrcaLoca replays. The evaluator is F2P-only and fixed-method; no survival, semantic, behavioral, adaptation, or causal estimate is promoted."
pylint-dev__pylint-6506,issue_resolution,pylint-dev/pylint,python,0a4204fd7555cfedd43f43017c94d24ef48244a5,OrcaLoca,NA,NA,NA,pylint-dev__pylint-6506-d7,NA,NA,7,task_setup_failure,NA,NA,NA,NA,NA,NA,NA,tool_or_script_failure,f4d42c8f1d727d0f0ecada358ff3bf3abeb89fd3,SWE-bench local record 4.3; F2P-only pilot,NA,True,12648fde32b7ed976666e5ff5b35171c0bd50150,exact_changed_line_match,NA,"Traceback (most recent call last):
  File ""[LOCAL_DRIVE]/lossoracc\run_work2_30_task_first_checkpoint_replay_worker_20260901.py"", line 81, in run_task
    raise RuntimeError(json.dumps(archive_status, ensure_ascii=False))
RuntimeError: {""status"": ""base_archive_failed"", ""returncode"": 128, ""stderr"": ""warning: lazy fetching disabled; some objects may not be available\nfatal: could not fetch 98d71e9627f0c4ee5701c1b8a599d9b5fb6fc749 from promisor remote\n""}
","Provider-free 30-task five-checkpoint replay frame. Rows combine the d7 feasibility frame with 30/90/180/365-day human and OrcaLoca replays. The evaluator is F2P-only and fixed-method; no survival, semantic, behavioral, adaptation, or causal estimate is promoted."
pylint-dev__pylint-7080,issue_resolution,pylint-dev/pylint,python,3c5eca2ded3dd2b59ebaf23eb289453b5d2930f0,human,NA,NA,NA,pylint-dev__pylint-7080-d7,NA,NA,7,task_setup_failure,NA,NA,NA,NA,NA,NA,NA,tool_or_script_failure,c1ffa59508841c87e4720c72b2d40fc0ae795622,SWE-bench local record 4.3; F2P-only pilot,NA,False,c74493bdb969c40b0b9bc503b239c572ee31641b,exact_changed_line_match,NA,"Traceback (most recent call last):
  File ""[LOCAL_DRIVE]/lossoracc\run_work2_30_task_first_checkpoint_replay_worker_20260901.py"", line 81, in run_task
    raise RuntimeError(json.dumps(archive_status, ensure_ascii=False))
RuntimeError: {""status"": ""base_archive_failed"", ""returncode"": 128, ""stderr"": ""warning: lazy fetching disabled; some objects may not be available\nfatal: could not fetch 90a6b12c3afaac2d999c8a1e047cf0a55450d1c5 from promisor remote\n""}
","Provider-free 30-task five-checkpoint replay frame. Rows combine the d7 feasibility frame with 30/90/180/365-day human and OrcaLoca replays. The evaluator is F2P-only and fixed-method; no survival, semantic, behavioral, adaptation, or causal estimate is promoted."
pylint-dev__pylint-7080,issue_resolution,pylint-dev/pylint,python,3c5eca2ded3dd2b59ebaf23eb289453b5d2930f0,OrcaLoca,NA,NA,NA,pylint-dev__pylint-7080-d7,NA,NA,7,task_setup_failure,NA,NA,NA,NA,NA,NA,NA,tool_or_script_failure,c1ffa59508841c87e4720c72b2d40fc0ae795622,SWE-bench local record 4.3; F2P-only pilot,NA,True,c74493bdb969c40b0b9bc503b239c572ee31641b,exact_changed_line_match,NA,"Traceback (most recent call last):
  File ""[LOCAL_DRIVE]/lossoracc\run_work2_30_task_first_checkpoint_replay_worker_20260901.py"", line 81, in run_task
    raise RuntimeError(json.dumps(archive_status, ensure_ascii=False))
RuntimeError: {""status"": ""base_archive_failed"", ""returncode"": 128, ""stderr"": ""warning: lazy fetching disabled; some objects may not be available\nfatal: could not fetch 90a6b12c3afaac2d999c8a1e047cf0a55450d1c5 from promisor remote\n""}
","Provider-free 30-task five-checkpoint replay frame. Rows combine the d7 feasibility frame with 30/90/180/365-day human and OrcaLoca replays. The evaluator is F2P-only and fixed-method; no survival, semantic, behavioral, adaptation, or causal estimate is promoted."
pylint-dev__pylint-7228,issue_resolution,pylint-dev/pylint,python,d597f252915ddcaaa15ccdfcb35670152cb83587,human,NA,NA,NA,pylint-dev__pylint-7228-d7,NA,NA,7,source_unavailable_during_replay,NA,NA,NA,NA,NA,NA,NA,source_or_environment_failure,e0ecc35e93c4dc32b691cfb8a3ad526ebfafb086,SWE-bench Lite local record; F2P-only pilot,8b6796ff816cae34a8ba96c465e367f321f95931a64b9dff5932f0f9ab701d1b,False,ebd54021ee3a779ee66dfe97e8dbf2a5966f614e,exact_changed_line_match,NA,"c7afe9940c2b80738cfc0c99bff479a2dfc50fbe: warning: lazy fetching disabled; some objects may not be available
fatal: could not fetch 8f409a5c4f2fe371df7b12ca174c590543f904ea from promisor remote
","Provider-free 30-task five-checkpoint replay frame. Rows combine the d7 feasibility frame with 30/90/180/365-day human and OrcaLoca replays. The evaluator is F2P-only and fixed-method; no survival, semantic, behavioral, adaptation, or causal estimate is promoted."
pylint-dev__pylint-7228,issue_resolution,pylint-dev/pylint,python,d597f252915ddcaaa15ccdfcb35670152cb83587,OrcaLoca,NA,NA,NA,pylint-dev__pylint-7228-d7,NA,NA,7,source_unavailable_during_replay,NA,NA,NA,NA,NA,NA,NA,source_or_environment_failure,e0ecc35e93c4dc32b691cfb8a3ad526ebfafb086,SWE-bench Lite local record; F2P-only pilot,719f9a10d0b1d37e263a449ceab7878360459827601703aacfa1392e73a35fc3,True,ebd54021ee3a779ee66dfe97e8dbf2a5966f614e,exact_changed_line_match,NA,"c7afe9940c2b80738cfc0c99bff479a2dfc50fbe: warning: lazy fetching disabled; some objects may not be available
fatal: could not fetch 8f409a5c4f2fe371df7b12ca174c590543f904ea from promisor remote
","Provider-free 30-task five-checkpoint replay frame. Rows combine the d7 feasibility frame with 30/90/180/365-day human and OrcaLoca replays. The evaluator is F2P-only and fixed-method; no survival, semantic, behavioral, adaptation, or causal estimate is promoted."
pytest-dev__pytest-5221,issue_resolution,pytest-dev/pytest,python,4a2fdce62b73944030cff9b3e52862868ca9584d,human,NA,NA,NA,pytest-dev__pytest-5221-d7,NA,NA,7,source_unavailable_during_replay,NA,NA,NA,NA,NA,NA,NA,source_or_environment_failure,58e6a09db49f34886ff13f3b7520dd0bcd7063cd,SWE-bench Lite local record; F2P-only pilot,be5549ceff2ee5643ad3743e8919241e16ebf9549c79c68cd56a0ee3aaaf666b,False,2051e30b9b596e944524ccb787ed20f9f5be93e3,exact_changed_line_match,NA,"7f7f84757d2b34c8e9e3ef2bab76a67771d57dd4: warning: lazy fetching disabled; some objects may not be available
fatal: could not fetch ecbba1255865a738c4a8f900d3c5c9e5ff5812e0 from promisor remote
","Provider-free 30-task five-checkpoint replay frame. Rows combine the d7 feasibility frame with 30/90/180/365-day human and OrcaLoca replays. The evaluator is F2P-only and fixed-method; no survival, semantic, behavioral, adaptation, or causal estimate is promoted."
pytest-dev__pytest-5221,issue_resolution,pytest-dev/pytest,python,4a2fdce62b73944030cff9b3e52862868ca9584d,OrcaLoca,NA,NA,NA,pytest-dev__pytest-5221-d7,NA,NA,7,source_unavailable_during_replay,NA,NA,NA,NA,NA,NA,NA,source_or_environment_failure,58e6a09db49f34886ff13f3b7520dd0bcd7063cd,SWE-bench Lite local record; F2P-only pilot,4125ea2ac0a60ededa317c455120b5f44d91a444df879edc1e264a7c8bdfe483,True,2051e30b9b596e944524ccb787ed20f9f5be93e3,exact_changed_line_match,NA,"7f7f84757d2b34c8e9e3ef2bab76a67771d57dd4: warning: lazy fetching disabled; some objects may not be available
fatal: could not fetch ecbba1255865a738c4a8f900d3c5c9e5ff5812e0 from promisor remote
","Provider-free 30-task five-checkpoint replay frame. Rows combine the d7 feasibility frame with 30/90/180/365-day human and OrcaLoca replays. The evaluator is F2P-only and fixed-method; no survival, semantic, behavioral, adaptation, or causal estimate is promoted."
pytest-dev__pytest-5227,issue_resolution,pytest-dev/pytest,python,2051e30b9b596e944524ccb787ed20f9f5be93e3,human,NA,NA,NA,pytest-dev__pytest-5227-d7,NA,NA,7,source_unavailable_during_replay,NA,NA,NA,NA,NA,NA,NA,source_or_environment_failure,494ac28a320f9095d0a60d7d9a0158a04d1a09ed,SWE-bench Lite local record; F2P-only pilot,e8193ea0dee0989323f0f7756f492d73cdc2e584b61f9142b8695d9ed2737893,False,ed2b715f4c92194b89be07974b2d84e50d7d03bd,exact_changed_line_match,NA,"7f7f84757d2b34c8e9e3ef2bab76a67771d57dd4: warning: lazy fetching disabled; some objects may not be available
fatal: could not fetch ecbba1255865a738c4a8f900d3c5c9e5ff5812e0 from promisor remote
","Provider-free 30-task five-checkpoint replay frame. Rows combine the d7 feasibility frame with 30/90/180/365-day human and OrcaLoca replays. The evaluator is F2P-only and fixed-method; no survival, semantic, behavioral, adaptation, or causal estimate is promoted."
pytest-dev__pytest-5227,issue_resolution,pytest-dev/pytest,python,2051e30b9b596e944524ccb787ed20f9f5be93e3,OrcaLoca,NA,NA,NA,pytest-dev__pytest-5227-d7,NA,NA,7,source_unavailable_during_replay,NA,NA,NA,NA,NA,NA,NA,source_or_environment_failure,494ac28a320f9095d0a60d7d9a0158a04d1a09ed,SWE-bench Lite local record; F2P-only pilot,2eb1ac3fd8b4d7b36f6fc008d8353269f0e229be3849884da2b171830a858bfa,True,ed2b715f4c92194b89be07974b2d84e50d7d03bd,exact_changed_line_match,NA,"7f7f84757d2b34c8e9e3ef2bab76a67771d57dd4: warning: lazy fetching disabled; some objects may not be available
fatal: could not fetch ecbba1255865a738c4a8f900d3c5c9e5ff5812e0 from promisor remote
","Provider-free 30-task five-checkpoint replay frame. Rows combine the d7 feasibility frame with 30/90/180/365-day human and OrcaLoca replays. The evaluator is F2P-only and fixed-method; no survival, semantic, behavioral, adaptation, or causal estimate is promoted."
scikit-learn__scikit-learn-10297,issue_resolution,scikit-learn/scikit-learn,python,b90661d6a46aa3619d3eec94d5281f5888add501,human,NA,NA,NA,scikit-learn__scikit-learn-10297-d7,NA,NA,7,checkpoint_replay_completed,True,0.0,NA,NA,NA,NA,NA,build_or_future_test_failure,3bcfd07a5f65c4a218533f79048d7f6ee16e606c,SWE-bench Lite local record; F2P-only pilot,36db36590ab75976c976fa4aef8b12d64caf9a65f849e7147b56fb67c4e2aa09,False,eb1a3c4765948cd1d0cdc7ba2e040aa6a3671c07,exact_changed_line_match,"future repository FAIL_TO_PASS node IDs only; no test patch injection, PASS_TO_PASS, augmented, or behavioral check","{""build"": {""returncode"": 0, ""timed_out"": false, ""duration_seconds"": 6.523, ""stdout_sha256"": ""e3b0c44298fc1c149afbf4c8996fb92427ae41e4649b934ca495991b7852b855"", ""stderr_sha256"": ""c726aad25aa291e96a04ae8bef197ebede1008c423f0bdb028cc724e7394c5b6"", ""stdout_head"": """", ""stderr_head"": "".\\benchmarks\\bench_plot_randomized_svd.py:242: SyntaxWarning: \""is not\"" with 'str' literal. Did you mean \""!=\""?\r\n  if method is not 'fbpca':\r\n.\\examples\\applications\\svm_gui.py:171: SyntaxWarning: invalid escape sequence '\\e'\r\n  self.ax.text(-20, -60, \""RBF: $\\exp (-\\gamma \\| u-v \\|^2)$\"")\r\n.\\examples\\applications\\svm_gui.py:172: SyntaxWarning: invalid escape sequence '\\g'\r\n  self.ax.text(10, -60, \""Poly: $(\\gamma \\, u^T v + r)^d$\"")\r\n.\\examples\\decomposition\\plot_kernel_pca.py:67: SyntaxWarning: invalid escape sequence '\\p'\r\n  plt.xlabel(\""1st principal component in space induced by $\\phi$\"")\r\n.\\examples\\ensemble\\plot_adaboost_multiclass.py:11: SyntaxWarning: invalid escape sequence '\\c'\r\n  of the :math:`\\chi^2` distribution).\r\n.\\examples\\ensemble\\plot_bias_variance.py:164: SyntaxWarning: invalid escape sequence '\\^'\r\n  plt.plot(X_test, y_predict[:, i], \""r\"", label=\""$\\^y(x)$\"")\r\n.\\examples\\ensemble\\plot_bias_variance.py:169: SyntaxWarning: invalid escape sequence '\\m'\r\n  label=\""$\\mathbb{E}_{LS} \\^y(x)$\"")\r\n.\\examples\\ensemble\\plot_gradient_boosting_quantile.py:67: SyntaxWarning: invalid escape sequence '\\,'\r\n  plt.plot(xx, f(xx), 'g:', label=u'$f(x) = x\\,\\sin(x)$')\r\n.\\examples\\gaussian_process\\plot_gpc_isoprobability.py:81: SyntaxWarning: invalid escape sequence '\\m'\r\n  cb.set_label('${\\\\rm \\mathbb{P}}\\left[\\widehat{G}(\\mathbf{x}) \\leq 0\\\\right]$')\r\n.\\examples\\gaussian_process\\plot_gpr_noisy_targets.py:65: SyntaxWarning: invalid escape sequence '\\,'\r\n  plt.plot(x, f(x), 'r:', label=u'$f(x) = x\\,\\sin(x)$')\r\n.\\examples\\gaussian_process\\plot_gpr_noisy_targets.py:101: SyntaxWarning: invalid escape sequence '\\,'\r\n  plt.plot(x, f(x), 'r:', label=u'$f(x) = x\\,\\sin(x)$')\r\n.\\examples\\model_selection\\plot_learning_curve.py:109: SyntaxWarning: invalid escape sequence '\\g'\r\n  title = \""Learning Curves (SVM, RBF kernel, $\\gamma=0.001$)\""\r\n.\\examples\\model_selection\\plot_validation_curve.py:36: SyntaxWarning: invalid escape sequence '\\g'\r\n  plt.xlabel(\""$\\gamma$\"")\r\n.\\examples\\preprocessing\\plot_power_transformer.py:103: SyntaxWarning: invalid escape sequence '\\l'\r\n  ax_trans.set_title('{} after Box-Cox, $\\lambda$ = {}'.format(name, lmbda),\r\n.\\examples\\svm\\plot_svm_scale_c.py:15: SyntaxWarning: invalid escape sequence '\\s'\r\n  C \\sum_{i=1, n} \\mathcal{L} (f(x_i), y_i) + \\Omega (w)\r\n.\\sklearn\\cluster\\tests\\test_k_means.py:874: SyntaxWarning: invalid escape sequence '\\('\r\n  msg = \""The shape of the initial centers \\(\\(4L?, 4L?\\)\\) \"" \\\r\n.\\sklearn\\datasets\\lfw.py:174: SyntaxWarning: \""is\"" w"", ""stdout_tail"": """", ""stderr_tail"": ""r_transformer.py:103: SyntaxWarning: invalid escape sequence '\\l'\r\n  ax_trans.set_title('{} after Box-Cox, $\\lambda$ = {}'.format(name, lmbda),\r\n.\\examples\\svm\\plot_svm_scale_c.py:15: SyntaxWarning: invalid escape sequence '\\s'\r\n  C \\sum_{i=1, n} \\mathcal{L} (f(x_i), y_i) + \\Omega (w)\r\n.\\sklearn\\cluster\\tests\\test_k_means.py:874: SyntaxWarning: invalid escape sequence '\\('\r\n  msg = \""The shape of the initial centers \\(\\(4L?, 4L?\\)\\) \"" \\\r\n.\\sklearn\\datasets\\lfw.py:174: SyntaxWarning: \""is\"" with 'int' literal. Did you mean \""==\""?\r\n  if img.ndim is 0:\r\n.\\sklearn\\model_selection\\tests\\test_search.py:838: SyntaxWarning: \""is not\"" with 'str' literal. Did you mean \""!=\""?\r\n  if k is not 'rank_test_score')\r\n.\\sklearn\\model_selection\\tests\\test_search.py:841: SyntaxWarning: \""is not\"" with 'str' literal. Did you mean \""!=\""?\r\n  k is not 'rank_test_score')\r\n.\\sklearn\\model_selection\\tests\\test_validation.py:1333: SyntaxWarning: \""is\"" with 'str' literal. Did you mean \""==\""?\r\n  if method is 'predict_proba':\r\n""}, ""future_test"": {""returncode"": 4, ""timed_out"": false, ""duration_seconds"": 0.64, ""stdout_sha256"": ""e1f89069eef12b48202345c0a0eea4cab064829351a6dcbcb8065eb5b405a73f"", ""stderr_sha256"": ""12a8043fdf237fa6cb6557f400c2cdd2f53ebbc67babafccebc27871ab3a7a8d"", ""stdout_head"": ""\r\n=================================== ERRORS ====================================\r\n__________ ERROR collecting sklearn/linear_model/tests/test_ridge.py __________\r\nImportError while importing test module '[LOCAL_DRIVE]/lossoracc\\analysis_outputs\\work2_30_task_first_checkpoint_replay_20260901_isolated\\scratch\\task_uqqdchv1\\branch_human\\sklearn\\linear_model\\tests\\test_ridge.py'.\r\nHint: make sure your test modules/packages have valid Python names.\r\nTraceback:\r\nsklearn\\__check_build\\__init__.py:44: in <module>\r\n    from ._check_build import check_build  # noqa\r\n    ^^^^^^^^^^^^^^^^^^^^^^^^^^^^^^^^^^^^^\r\nE   ModuleNotFoundError: No module named 'sklearn.__check_build._check_build'\r\n\r\nDuring handling of the above exception, another exception occurred:\r\nD:\\python13\\Lib\\importlib\\__init__.py:88: in import_module\r\n    return _bootstrap._gcd_import(name[level:], package, level)\r\n           ^^^^^^^^^^^^^^^^^^^^^^^^^^^^^^^^^^^^^^^^^^^^^^^^^^^^\r\nsklearn\\__init__.py:63: in <module>\r\n    from . import __check_build\r\nsklearn\\__check_build\\__init__.py:46: in <module>\r\n    raise_build_error(e)\r\nsklearn\\__check_build\\__init__.py:31: in raise_build_error\r\n    raise ImportError(\""\""\""%s\r\nE   ImportError: No module named 'sklearn.__check_build._check_build'\r\nE   ___________________________________________________________________________\r\nE   Contents of [LOCAL_DRIVE]/lossoracc\\analysis_outputs\\work2_30_task_first_checkpoint_replay_20260901_isolated\\scratch\\task_uqqdchv1\\branch_human\\sklearn\\__check_build:\r\nE   setup.py                  _check_build.pyx          __init__.py\r\nE   __pycache__\r\nE   ___________________________________________________________________________\r\nE   It seems that scikit-learn has not been built correctly.\r\nE   \r\nE   If you have installed scikit-learn from source, please do not forget\r\nE   to build the package before using it: run `python setup.py install` or\r\nE   `make` in the source directory.\r\nE   \r\nE   If you have used an installer, please check that it is suited for your\r\nE   Python version, your operating system and your platform.\r\n=========================== short test summary info ===========================\r\nERROR sklearn/linear_model/tests/test_ridge.py\r\n1 error in 0.07s\r\n"", ""stderr_head"": ""ERROR: found no collectors for [LOCAL_DRIVE]/lossoracc\\analysis_outputs\\work2_30_task_first_checkpoint_replay_20260901_isolated\\scratch\\task_uqqdchv1\\branch_human\\sklearn\\linear_model\\tests\\test_ridge.py::test_ridge_classifier_cv_store_cv_values\r\n\r\n"", ""stdout_tail"": "" named 'sklearn.__check_build._check_build'\r\nE   ___________________________________________________________________________\r\nE   Contents of [LOCAL_DRIVE]/lossoracc\\analysis_outputs\\work2_30_task_first_checkpoint_replay_20260901_isolated\\scratch\\task_uqqdchv1\\branch_human\\sklearn\\__check_build:\r\nE   setup.py                  _check_build.pyx          __init__.py\r\nE   __pycache__\r\nE   ___________________________________________________________________________\r\nE   It seems that scikit-learn has not been built correctly.\r\nE   \r\nE   If you have installed scikit-learn from source, please do not forget\r\nE   to build the package before using it: run `python setup.py install` or\r\nE   `make` in the source directory.\r\nE   \r\nE   If you have used an installer, please check that it is suited for your\r\nE   Python version, your operating system and your platform.\r\n=========================== short test summary info ===========================\r\nERROR sklearn/linear_model/tests/test_ridge.py\r\n1 error in 0.07s\r\n"", ""stderr_tail"": ""ERROR: found no collectors for [LOCAL_DRIVE]/lossoracc\\analysis_outputs\\work2_30_task_first_checkpoint_replay_20260901_isolated\\scratch\\task_uqqdchv1\\branch_human\\sklearn\\linear_model\\tests\\test_ridge.py::test_ridge_classifier_cv_store_cv_values\r\n\r\n""}}","Provider-free 30-task five-checkpoint replay frame. Rows combine the d7 feasibility frame with 30/90/180/365-day human and OrcaLoca replays. The evaluator is F2P-only and fixed-method; no survival, semantic, behavioral, adaptation, or causal estimate is promoted."
scikit-learn__scikit-learn-10297,issue_resolution,scikit-learn/scikit-learn,python,b90661d6a46aa3619d3eec94d5281f5888add501,OrcaLoca,NA,NA,NA,scikit-learn__scikit-learn-10297-d7,NA,NA,7,checkpoint_replay_completed,True,0.0,NA,NA,NA,NA,NA,build_or_future_test_failure,3bcfd07a5f65c4a218533f79048d7f6ee16e606c,SWE-bench Lite local record; F2P-only pilot,b64462c0c7dc0426b6144f207da03fb71d5e961fa778bd4617607878b402d6eb,True,eb1a3c4765948cd1d0cdc7ba2e040aa6a3671c07,exact_changed_line_match,"future repository FAIL_TO_PASS node IDs only; no test patch injection, PASS_TO_PASS, augmented, or behavioral check","{""build"": {""returncode"": 0, ""timed_out"": false, ""duration_seconds"": 5.004, ""stdout_sha256"": ""e3b0c44298fc1c149afbf4c8996fb92427ae41e4649b934ca495991b7852b855"", ""stderr_sha256"": ""c726aad25aa291e96a04ae8bef197ebede1008c423f0bdb028cc724e7394c5b6"", ""stdout_head"": """", ""stderr_head"": "".\\benchmarks\\bench_plot_randomized_svd.py:242: SyntaxWarning: \""is not\"" with 'str' literal. Did you mean \""!=\""?\r\n  if method is not 'fbpca':\r\n.\\examples\\applications\\svm_gui.py:171: SyntaxWarning: invalid escape sequence '\\e'\r\n  self.ax.text(-20, -60, \""RBF: $\\exp (-\\gamma \\| u-v \\|^2)$\"")\r\n.\\examples\\applications\\svm_gui.py:172: SyntaxWarning: invalid escape sequence '\\g'\r\n  self.ax.text(10, -60, \""Poly: $(\\gamma \\, u^T v + r)^d$\"")\r\n.\\examples\\decomposition\\plot_kernel_pca.py:67: SyntaxWarning: invalid escape sequence '\\p'\r\n  plt.xlabel(\""1st principal component in space induced by $\\phi$\"")\r\n.\\examples\\ensemble\\plot_adaboost_multiclass.py:11: SyntaxWarning: invalid escape sequence '\\c'\r\n  of the :math:`\\chi^2` distribution).\r\n.\\examples\\ensemble\\plot_bias_variance.py:164: SyntaxWarning: invalid escape sequence '\\^'\r\n  plt.plot(X_test, y_predict[:, i], \""r\"", label=\""$\\^y(x)$\"")\r\n.\\examples\\ensemble\\plot_bias_variance.py:169: SyntaxWarning: invalid escape sequence '\\m'\r\n  label=\""$\\mathbb{E}_{LS} \\^y(x)$\"")\r\n.\\examples\\ensemble\\plot_gradient_boosting_quantile.py:67: SyntaxWarning: invalid escape sequence '\\,'\r\n  plt.plot(xx, f(xx), 'g:', label=u'$f(x) = x\\,\\sin(x)$')\r\n.\\examples\\gaussian_process\\plot_gpc_isoprobability.py:81: SyntaxWarning: invalid escape sequence '\\m'\r\n  cb.set_label('${\\\\rm \\mathbb{P}}\\left[\\widehat{G}(\\mathbf{x}) \\leq 0\\\\right]$')\r\n.\\examples\\gaussian_process\\plot_gpr_noisy_targets.py:65: SyntaxWarning: invalid escape sequence '\\,'\r\n  plt.plot(x, f(x), 'r:', label=u'$f(x) = x\\,\\sin(x)$')\r\n.\\examples\\gaussian_process\\plot_gpr_noisy_targets.py:101: SyntaxWarning: invalid escape sequence '\\,'\r\n  plt.plot(x, f(x), 'r:', label=u'$f(x) = x\\,\\sin(x)$')\r\n.\\examples\\model_selection\\plot_learning_curve.py:109: SyntaxWarning: invalid escape sequence '\\g'\r\n  title = \""Learning Curves (SVM, RBF kernel, $\\gamma=0.001$)\""\r\n.\\examples\\model_selection\\plot_validation_curve.py:36: SyntaxWarning: invalid escape sequence '\\g'\r\n  plt.xlabel(\""$\\gamma$\"")\r\n.\\examples\\preprocessing\\plot_power_transformer.py:103: SyntaxWarning: invalid escape sequence '\\l'\r\n  ax_trans.set_title('{} after Box-Cox, $\\lambda$ = {}'.format(name, lmbda),\r\n.\\examples\\svm\\plot_svm_scale_c.py:15: SyntaxWarning: invalid escape sequence '\\s'\r\n  C \\sum_{i=1, n} \\mathcal{L} (f(x_i), y_i) + \\Omega (w)\r\n.\\sklearn\\cluster\\tests\\test_k_means.py:874: SyntaxWarning: invalid escape sequence '\\('\r\n  msg = \""The shape of the initial centers \\(\\(4L?, 4L?\\)\\) \"" \\\r\n.\\sklearn\\datasets\\lfw.py:174: SyntaxWarning: \""is\"" w"", ""stdout_tail"": """", ""stderr_tail"": ""r_transformer.py:103: SyntaxWarning: invalid escape sequence '\\l'\r\n  ax_trans.set_title('{} after Box-Cox, $\\lambda$ = {}'.format(name, lmbda),\r\n.\\examples\\svm\\plot_svm_scale_c.py:15: SyntaxWarning: invalid escape sequence '\\s'\r\n  C \\sum_{i=1, n} \\mathcal{L} (f(x_i), y_i) + \\Omega (w)\r\n.\\sklearn\\cluster\\tests\\test_k_means.py:874: SyntaxWarning: invalid escape sequence '\\('\r\n  msg = \""The shape of the initial centers \\(\\(4L?, 4L?\\)\\) \"" \\\r\n.\\sklearn\\datasets\\lfw.py:174: SyntaxWarning: \""is\"" with 'int' literal. Did you mean \""==\""?\r\n  if img.ndim is 0:\r\n.\\sklearn\\model_selection\\tests\\test_search.py:838: SyntaxWarning: \""is not\"" with 'str' literal. Did you mean \""!=\""?\r\n  if k is not 'rank_test_score')\r\n.\\sklearn\\model_selection\\tests\\test_search.py:841: SyntaxWarning: \""is not\"" with 'str' literal. Did you mean \""!=\""?\r\n  k is not 'rank_test_score')\r\n.\\sklearn\\model_selection\\tests\\test_validation.py:1333: SyntaxWarning: \""is\"" with 'str' literal. Did you mean \""==\""?\r\n  if method is 'predict_proba':\r\n""}, ""future_test"": {""returncode"": 4, ""timed_out"": false, ""duration_seconds"": 0.535, ""stdout_sha256"": ""d993d1e4915dcc3a1ace3b01d927f51a3be919d09615fa5c1c779dd8a692fb9a"", ""stderr_sha256"": ""f29d026ae04c2274f55d4a8309d41d0f4df92d246eca97b903132cff04114576"", ""stdout_head"": ""\r\n=================================== ERRORS ====================================\r\n__________ ERROR collecting sklearn/linear_model/tests/test_ridge.py __________\r\nImportError while importing test module '[LOCAL_DRIVE]/lossoracc\\analysis_outputs\\work2_30_task_first_checkpoint_replay_20260901_isolated\\scratch\\task_uqqdchv1\\branch_OrcaLoca\\sklearn\\linear_model\\tests\\test_ridge.py'.\r\nHint: make sure your test modules/packages have valid Python names.\r\nTraceback:\r\nsklearn\\__check_build\\__init__.py:44: in <module>\r\n    from ._check_build import check_build  # noqa\r\n    ^^^^^^^^^^^^^^^^^^^^^^^^^^^^^^^^^^^^^\r\nE   ModuleNotFoundError: No module named 'sklearn.__check_build._check_build'\r\n\r\nDuring handling of the above exception, another exception occurred:\r\nD:\\python13\\Lib\\importlib\\__init__.py:88: in import_module\r\n    return _bootstrap._gcd_import(name[level:], package, level)\r\n           ^^^^^^^^^^^^^^^^^^^^^^^^^^^^^^^^^^^^^^^^^^^^^^^^^^^^\r\nsklearn\\__init__.py:63: in <module>\r\n    from . import __check_build\r\nsklearn\\__check_build\\__init__.py:46: in <module>\r\n    raise_build_error(e)\r\nsklearn\\__check_build\\__init__.py:31: in raise_build_error\r\n    raise ImportError(\""\""\""%s\r\nE   ImportError: No module named 'sklearn.__check_build._check_build'\r\nE   ___________________________________________________________________________\r\nE   Contents of [LOCAL_DRIVE]/lossoracc\\analysis_outputs\\work2_30_task_first_checkpoint_replay_20260901_isolated\\scratch\\task_uqqdchv1\\branch_OrcaLoca\\sklearn\\__check_build:\r\nE   setup.py                  _check_build.pyx          __init__.py\r\nE   __pycache__\r\nE   ___________________________________________________________________________\r\nE   It seems that scikit-learn has not been built correctly.\r\nE   \r\nE   If you have installed scikit-learn from source, please do not forget\r\nE   to build the package before using it: run `python setup.py install` or\r\nE   `make` in the source directory.\r\nE   \r\nE   If you have used an installer, please check that it is suited for your\r\nE   Python version, your operating system and your platform.\r\n=========================== short test summary info ===========================\r\nERROR sklearn/linear_model/tests/test_ridge.py\r\n1 error in 0.06s\r\n"", ""stderr_head"": ""ERROR: found no collectors for [LOCAL_DRIVE]/lossoracc\\analysis_outputs\\work2_30_task_first_checkpoint_replay_20260901_isolated\\scratch\\task_uqqdchv1\\branch_OrcaLoca\\sklearn\\linear_model\\tests\\test_ridge.py::test_ridge_classifier_cv_store_cv_values\r\n\r\n"", ""stdout_tail"": ""med 'sklearn.__check_build._check_build'\r\nE   ___________________________________________________________________________\r\nE   Contents of [LOCAL_DRIVE]/lossoracc\\analysis_outputs\\work2_30_task_first_checkpoint_replay_20260901_isolated\\scratch\\task_uqqdchv1\\branch_OrcaLoca\\sklearn\\__check_build:\r\nE   setup.py                  _check_build.pyx          __init__.py\r\nE   __pycache__\r\nE   ___________________________________________________________________________\r\nE   It seems that scikit-learn has not been built correctly.\r\nE   \r\nE   If you have installed scikit-learn from source, please do not forget\r\nE   to build the package before using it: run `python setup.py install` or\r\nE   `make` in the source directory.\r\nE   \r\nE   If you have used an installer, please check that it is suited for your\r\nE   Python version, your operating system and your platform.\r\n=========================== short test summary info ===========================\r\nERROR sklearn/linear_model/tests/test_ridge.py\r\n1 error in 0.06s\r\n"", ""stderr_tail"": ""ERROR: found no collectors for [LOCAL_DRIVE]/lossoracc\\analysis_outputs\\work2_30_task_first_checkpoint_replay_20260901_isolated\\scratch\\task_uqqdchv1\\branch_OrcaLoca\\sklearn\\linear_model\\tests\\test_ridge.py::test_ridge_classifier_cv_store_cv_values\r\n\r\n""}}","Provider-free 30-task five-checkpoint replay frame. Rows combine the d7 feasibility frame with 30/90/180/365-day human and OrcaLoca replays. The evaluator is F2P-only and fixed-method; no survival, semantic, behavioral, adaptation, or causal estimate is promoted."
scikit-learn__scikit-learn-10508,issue_resolution,scikit-learn/scikit-learn,python,c753b77ac49e72ebc0fe5e3c2369fe628f975017,human,NA,NA,NA,scikit-learn__scikit-learn-10508-d7,NA,NA,7,checkpoint_replay_completed,True,0.0,NA,NA,NA,NA,NA,build_or_future_test_failure,ad230bce1a418232ed3ee4141199b80eec9b214f,SWE-bench Lite local record; F2P-only pilot,7664039eb8b692bddab2bcf1ad5e20b59cd319827a8b2b792818b0769d5d6065,False,87d96a2c2af9e02f3ff34221e7b98904e4216c60,exact_changed_line_match,"future repository FAIL_TO_PASS node IDs only; no test patch injection, PASS_TO_PASS, augmented, or behavioral check","{""build"": {""returncode"": 0, ""timed_out"": false, ""duration_seconds"": 4.659, ""stdout_sha256"": ""e3b0c44298fc1c149afbf4c8996fb92427ae41e4649b934ca495991b7852b855"", ""stderr_sha256"": ""aa55c6f92dae19e9cae4c692b9eb140307ebde302d10b9c52343f661052d2b24"", ""stdout_head"": """", ""stderr_head"": "".\\benchmarks\\bench_plot_randomized_svd.py:242: SyntaxWarning: \""is not\"" with 'str' literal. Did you mean \""!=\""?\r\n  if method is not 'fbpca':\r\n.\\examples\\applications\\svm_gui.py:171: SyntaxWarning: invalid escape sequence '\\e'\r\n  self.ax.text(-20, -60, \""RBF: $\\exp (-\\gamma \\| u-v \\|^2)$\"")\r\n.\\examples\\applications\\svm_gui.py:172: SyntaxWarning: invalid escape sequence '\\g'\r\n  self.ax.text(10, -60, \""Poly: $(\\gamma \\, u^T v + r)^d$\"")\r\n.\\examples\\decomposition\\plot_kernel_pca.py:67: SyntaxWarning: invalid escape sequence '\\p'\r\n  plt.xlabel(\""1st principal component in space induced by $\\phi$\"")\r\n.\\examples\\ensemble\\plot_adaboost_multiclass.py:11: SyntaxWarning: invalid escape sequence '\\c'\r\n  of the :math:`\\chi^2` distribution).\r\n.\\examples\\ensemble\\plot_bias_variance.py:164: SyntaxWarning: invalid escape sequence '\\^'\r\n  plt.plot(X_test, y_predict[:, i], \""r\"", label=\""$\\^y(x)$\"")\r\n.\\examples\\ensemble\\plot_bias_variance.py:169: SyntaxWarning: invalid escape sequence '\\m'\r\n  label=\""$\\mathbb{E}_{LS} \\^y(x)$\"")\r\n.\\examples\\ensemble\\plot_gradient_boosting_quantile.py:67: SyntaxWarning: invalid escape sequence '\\,'\r\n  plt.plot(xx, f(xx), 'g:', label=u'$f(x) = x\\,\\sin(x)$')\r\n.\\examples\\gaussian_process\\plot_gpc_isoprobability.py:81: SyntaxWarning: invalid escape sequence '\\m'\r\n  cb.set_label('${\\\\rm \\mathbb{P}}\\left[\\widehat{G}(\\mathbf{x}) \\leq 0\\\\right]$')\r\n.\\examples\\gaussian_process\\plot_gpr_noisy_targets.py:65: SyntaxWarning: invalid escape sequence '\\,'\r\n  plt.plot(x, f(x), 'r:', label=u'$f(x) = x\\,\\sin(x)$')\r\n.\\examples\\gaussian_process\\plot_gpr_noisy_targets.py:101: SyntaxWarning: invalid escape sequence '\\,'\r\n  plt.plot(x, f(x), 'r:', label=u'$f(x) = x\\,\\sin(x)$')\r\n.\\examples\\model_selection\\plot_learning_curve.py:109: SyntaxWarning: invalid escape sequence '\\g'\r\n  title = \""Learning Curves (SVM, RBF kernel, $\\gamma=0.001$)\""\r\n.\\examples\\model_selection\\plot_validation_curve.py:36: SyntaxWarning: invalid escape sequence '\\g'\r\n  plt.xlabel(\""$\\gamma$\"")\r\n.\\examples\\preprocessing\\plot_power_transformer.py:103: SyntaxWarning: invalid escape sequence '\\l'\r\n  ax_trans.set_title('{} after Box-Cox, $\\lambda$ = {}'.format(name, lmbda),\r\n.\\examples\\svm\\plot_svm_scale_c.py:15: SyntaxWarning: invalid escape sequence '\\s'\r\n  C \\sum_{i=1, n} \\mathcal{L} (f(x_i), y_i) + \\Omega (w)\r\n.\\sklearn\\cluster\\tests\\test_k_means.py:868: SyntaxWarning: invalid escape sequence '\\('\r\n  msg = \""The shape of the initial centers \\(\\(4L?, 4L?\\)\\) \"" \\\r\n.\\sklearn\\datasets\\lfw.py:174: SyntaxWarning: \""is\"" w"", ""stdout_tail"": """", ""stderr_tail"": ""sequence '\\('\r\n  msg = (\""0 feature\\(s\\) \\(shape=\\(3, 0\\)\\) while a minimum of \\d* \""\r\n.\\sklearn\\utils\\tests\\test_estimator_checks.py:198: SyntaxWarning: invalid escape sequence '\\('\r\n  msg = ('Estimator adds public attribute\\(s\\) during the fit method.'\r\n.\\sklearn\\utils\\tests\\test_estimator_checks.py:289: SyntaxWarning: invalid escape sequence '\\['\r\n  \"" Found attributes \\[\\'you_should_not_set_this_\\'\\].\"",\r\n.\\sklearn\\utils\\tests\\test_estimator_checks.py:297: SyntaxWarning: invalid escape sequence '\\['\r\n  \""\\[\\'you_should_set_this_\\'\\].\"",\r\n.\\sklearn\\utils\\tests\\test_multiclass.py:290: SyntaxWarning: invalid escape sequence '\\('\r\n  msg_regex = 'Expected array-like \\(array or non-string sequence\\).*'\r\n.\\sklearn\\utils\\tests\\test_validation.py:598: SyntaxWarning: invalid escape sequence '\\w'\r\n  assert_raises_regex(TypeError, 'got <\\w+ \\'int\\'>',\r\n.\\sklearn\\utils\\tests\\test_validation.py:600: SyntaxWarning: invalid escape sequence '\\w'\r\n  assert_raises_regex(TypeError, 'got <\\w+ \\'object\\'>',\r\n""}, ""future_test"": {""returncode"": 4, ""timed_out"": false, ""duration_seconds"": 0.587, ""stdout_sha256"": ""382a0a1cfcf827f39e15c38c254d3f3143b126831701b4323901948d6b2fb5ff"", ""stderr_sha256"": ""955d7d04e850743709e405b9e862954bea58909faadc3f10767f8d529db18b89"", ""stdout_head"": ""\r\n=================================== ERRORS ====================================\r\n_________ ERROR collecting sklearn/preprocessing/tests/test_label.py __________\r\nImportError while importing test module '[LOCAL_DRIVE]/lossoracc\\analysis_outputs\\work2_30_task_first_checkpoint_replay_20260901_isolated\\scratch\\task_pikenelh\\branch_human\\sklearn\\preprocessing\\tests\\test_label.py'.\r\nHint: make sure your test modules/packages have valid Python names.\r\nTraceback:\r\nsklearn\\__check_build\\__init__.py:44: in <module>\r\n    from ._check_build import check_build  # noqa\r\n    ^^^^^^^^^^^^^^^^^^^^^^^^^^^^^^^^^^^^^\r\nE   ModuleNotFoundError: No module named 'sklearn.__check_build._check_build'\r\n\r\nDuring handling of the above exception, another exception occurred:\r\nD:\\python13\\Lib\\importlib\\__init__.py:88: in import_module\r\n    return _bootstrap._gcd_import(name[level:], package, level)\r\n           ^^^^^^^^^^^^^^^^^^^^^^^^^^^^^^^^^^^^^^^^^^^^^^^^^^^^\r\nsklearn\\__init__.py:133: in <module>\r\n    from . import __check_build\r\nsklearn\\__check_build\\__init__.py:46: in <module>\r\n    raise_build_error(e)\r\nsklearn\\__check_build\\__init__.py:31: in raise_build_error\r\n    raise ImportError(\""\""\""%s\r\nE   ImportError: No module named 'sklearn.__check_build._check_build'\r\nE   ___________________________________________________________________________\r\nE   Contents of [LOCAL_DRIVE]/lossoracc\\analysis_outputs\\work2_30_task_first_checkpoint_replay_20260901_isolated\\scratch\\task_pikenelh\\branch_human\\sklearn\\__check_build:\r\nE   setup.py                  _check_build.pyx          __init__.py\r\nE   __pycache__\r\nE   ___________________________________________________________________________\r\nE   It seems that scikit-learn has not been built correctly.\r\nE   \r\nE   If you have installed scikit-learn from source, please do not forget\r\nE   to build the package before using it: run `python setup.py install` or\r\nE   `make` in the source directory.\r\nE   \r\nE   If you have used an installer, please check that it is suited for your\r\nE   Python version, your operating system and your platform.\r\n=========================== short test summary info ===========================\r\nERROR sklearn/preprocessing/tests/test_label.py\r\n1 error in 0.06s\r\n"", ""stderr_head"": ""ERROR: found no collectors for [LOCAL_DRIVE]/lossoracc\\analysis_outputs\\work2_30_task_first_checkpoint_replay_20260901_isolated\\scratch\\task_pikenelh\\branch_human\\sklearn\\preprocessing\\tests\\test_label.py::test_label_encoder_errors\r\n\r\nERROR: found no collectors for [LOCAL_DRIVE]/lossoracc\\analysis_outputs\\work2_30_task_first_checkpoint_replay_20260901_isolated\\scratch\\task_pikenelh\\branch_human\\sklearn\\preprocessing\\tests\\test_label.py::test_label_encoder_empty_array\r\n\r\n"", ""stdout_tail"": ""named 'sklearn.__check_build._check_build'\r\nE   ___________________________________________________________________________\r\nE   Contents of [LOCAL_DRIVE]/lossoracc\\analysis_outputs\\work2_30_task_first_checkpoint_replay_20260901_isolated\\scratch\\task_pikenelh\\branch_human\\sklearn\\__check_build:\r\nE   setup.py                  _check_build.pyx          __init__.py\r\nE   __pycache__\r\nE   ___________________________________________________________________________\r\nE   It seems that scikit-learn has not been built correctly.\r\nE   \r\nE   If you have installed scikit-learn from source, please do not forget\r\nE   to build the package before using it: run `python setup.py install` or\r\nE   `make` in the source directory.\r\nE   \r\nE   If you have used an installer, please check that it is suited for your\r\nE   Python version, your operating system and your platform.\r\n=========================== short test summary info ===========================\r\nERROR sklearn/preprocessing/tests/test_label.py\r\n1 error in 0.06s\r\n"", ""stderr_tail"": ""ERROR: found no collectors for [LOCAL_DRIVE]/lossoracc\\analysis_outputs\\work2_30_task_first_checkpoint_replay_20260901_isolated\\scratch\\task_pikenelh\\branch_human\\sklearn\\preprocessing\\tests\\test_label.py::test_label_encoder_errors\r\n\r\nERROR: found no collectors for [LOCAL_DRIVE]/lossoracc\\analysis_outputs\\work2_30_task_first_checkpoint_replay_20260901_isolated\\scratch\\task_pikenelh\\branch_human\\sklearn\\preprocessing\\tests\\test_label.py::test_label_encoder_empty_array\r\n\r\n""}}","Provider-free 30-task five-checkpoint replay frame. Rows combine the d7 feasibility frame with 30/90/180/365-day human and OrcaLoca replays. The evaluator is F2P-only and fixed-method; no survival, semantic, behavioral, adaptation, or causal estimate is promoted."
scikit-learn__scikit-learn-10508,issue_resolution,scikit-learn/scikit-learn,python,c753b77ac49e72ebc0fe5e3c2369fe628f975017,OrcaLoca,NA,NA,NA,scikit-learn__scikit-learn-10508-d7,NA,NA,7,checkpoint_replay_completed,True,0.0,NA,NA,NA,NA,NA,build_or_future_test_failure,ad230bce1a418232ed3ee4141199b80eec9b214f,SWE-bench Lite local record; F2P-only pilot,af823916c3c9ab835f49621c8abf08fe2c1eec078d394b64756c7fb198c3c985,True,87d96a2c2af9e02f3ff34221e7b98904e4216c60,exact_changed_line_match,"future repository FAIL_TO_PASS node IDs only; no test patch injection, PASS_TO_PASS, augmented, or behavioral check","{""build"": {""returncode"": 0, ""timed_out"": false, ""duration_seconds"": 5.111, ""stdout_sha256"": ""e3b0c44298fc1c149afbf4c8996fb92427ae41e4649b934ca495991b7852b855"", ""stderr_sha256"": ""aa55c6f92dae19e9cae4c692b9eb140307ebde302d10b9c52343f661052d2b24"", ""stdout_head"": """", ""stderr_head"": "".\\benchmarks\\bench_plot_randomized_svd.py:242: SyntaxWarning: \""is not\"" with 'str' literal. Did you mean \""!=\""?\r\n  if method is not 'fbpca':\r\n.\\examples\\applications\\svm_gui.py:171: SyntaxWarning: invalid escape sequence '\\e'\r\n  self.ax.text(-20, -60, \""RBF: $\\exp (-\\gamma \\| u-v \\|^2)$\"")\r\n.\\examples\\applications\\svm_gui.py:172: SyntaxWarning: invalid escape sequence '\\g'\r\n  self.ax.text(10, -60, \""Poly: $(\\gamma \\, u^T v + r)^d$\"")\r\n.\\examples\\decomposition\\plot_kernel_pca.py:67: SyntaxWarning: invalid escape sequence '\\p'\r\n  plt.xlabel(\""1st principal component in space induced by $\\phi$\"")\r\n.\\examples\\ensemble\\plot_adaboost_multiclass.py:11: SyntaxWarning: invalid escape sequence '\\c'\r\n  of the :math:`\\chi^2` distribution).\r\n.\\examples\\ensemble\\plot_bias_variance.py:164: SyntaxWarning: invalid escape sequence '\\^'\r\n  plt.plot(X_test, y_predict[:, i], \""r\"", label=\""$\\^y(x)$\"")\r\n.\\examples\\ensemble\\plot_bias_variance.py:169: SyntaxWarning: invalid escape sequence '\\m'\r\n  label=\""$\\mathbb{E}_{LS} \\^y(x)$\"")\r\n.\\examples\\ensemble\\plot_gradient_boosting_quantile.py:67: SyntaxWarning: invalid escape sequence '\\,'\r\n  plt.plot(xx, f(xx), 'g:', label=u'$f(x) = x\\,\\sin(x)$')\r\n.\\examples\\gaussian_process\\plot_gpc_isoprobability.py:81: SyntaxWarning: invalid escape sequence '\\m'\r\n  cb.set_label('${\\\\rm \\mathbb{P}}\\left[\\widehat{G}(\\mathbf{x}) \\leq 0\\\\right]$')\r\n.\\examples\\gaussian_process\\plot_gpr_noisy_targets.py:65: SyntaxWarning: invalid escape sequence '\\,'\r\n  plt.plot(x, f(x), 'r:', label=u'$f(x) = x\\,\\sin(x)$')\r\n.\\examples\\gaussian_process\\plot_gpr_noisy_targets.py:101: SyntaxWarning: invalid escape sequence '\\,'\r\n  plt.plot(x, f(x), 'r:', label=u'$f(x) = x\\,\\sin(x)$')\r\n.\\examples\\model_selection\\plot_learning_curve.py:109: SyntaxWarning: invalid escape sequence '\\g'\r\n  title = \""Learning Curves (SVM, RBF kernel, $\\gamma=0.001$)\""\r\n.\\examples\\model_selection\\plot_validation_curve.py:36: SyntaxWarning: invalid escape sequence '\\g'\r\n  plt.xlabel(\""$\\gamma$\"")\r\n.\\examples\\preprocessing\\plot_power_transformer.py:103: SyntaxWarning: invalid escape sequence '\\l'\r\n  ax_trans.set_title('{} after Box-Cox, $\\lambda$ = {}'.format(name, lmbda),\r\n.\\examples\\svm\\plot_svm_scale_c.py:15: SyntaxWarning: invalid escape sequence '\\s'\r\n  C \\sum_{i=1, n} \\mathcal{L} (f(x_i), y_i) + \\Omega (w)\r\n.\\sklearn\\cluster\\tests\\test_k_means.py:868: SyntaxWarning: invalid escape sequence '\\('\r\n  msg = \""The shape of the initial centers \\(\\(4L?, 4L?\\)\\) \"" \\\r\n.\\sklearn\\datasets\\lfw.py:174: SyntaxWarning: \""is\"" w"", ""stdout_tail"": """", ""stderr_tail"": ""sequence '\\('\r\n  msg = (\""0 feature\\(s\\) \\(shape=\\(3, 0\\)\\) while a minimum of \\d* \""\r\n.\\sklearn\\utils\\tests\\test_estimator_checks.py:198: SyntaxWarning: invalid escape sequence '\\('\r\n  msg = ('Estimator adds public attribute\\(s\\) during the fit method.'\r\n.\\sklearn\\utils\\tests\\test_estimator_checks.py:289: SyntaxWarning: invalid escape sequence '\\['\r\n  \"" Found attributes \\[\\'you_should_not_set_this_\\'\\].\"",\r\n.\\sklearn\\utils\\tests\\test_estimator_checks.py:297: SyntaxWarning: invalid escape sequence '\\['\r\n  \""\\[\\'you_should_set_this_\\'\\].\"",\r\n.\\sklearn\\utils\\tests\\test_multiclass.py:290: SyntaxWarning: invalid escape sequence '\\('\r\n  msg_regex = 'Expected array-like \\(array or non-string sequence\\).*'\r\n.\\sklearn\\utils\\tests\\test_validation.py:598: SyntaxWarning: invalid escape sequence '\\w'\r\n  assert_raises_regex(TypeError, 'got <\\w+ \\'int\\'>',\r\n.\\sklearn\\utils\\tests\\test_validation.py:600: SyntaxWarning: invalid escape sequence '\\w'\r\n  assert_raises_regex(TypeError, 'got <\\w+ \\'object\\'>',\r\n""}, ""future_test"": {""returncode"": 4, ""timed_out"": false, ""duration_seconds"": 0.555, ""stdout_sha256"": ""23bf548b004c191b548e612e84e5f0e4ce373f40f1560c715b8f4d30da52d83c"", ""stderr_sha256"": ""90f6257f16553f5ad853107382d2552ef73abeae4d0fb8f46f299dfa6343f5e6"", ""stdout_head"": ""\r\n=================================== ERRORS ====================================\r\n_________ ERROR collecting sklearn/preprocessing/tests/test_label.py __________\r\nImportError while importing test module '[LOCAL_DRIVE]/lossoracc\\analysis_outputs\\work2_30_task_first_checkpoint_replay_20260901_isolated\\scratch\\task_pikenelh\\branch_OrcaLoca\\sklearn\\preprocessing\\tests\\test_label.py'.\r\nHint: make sure your test modules/packages have valid Python names.\r\nTraceback:\r\nsklearn\\__check_build\\__init__.py:44: in <module>\r\n    from ._check_build import check_build  # noqa\r\n    ^^^^^^^^^^^^^^^^^^^^^^^^^^^^^^^^^^^^^\r\nE   ModuleNotFoundError: No module named 'sklearn.__check_build._check_build'\r\n\r\nDuring handling of the above exception, another exception occurred:\r\nD:\\python13\\Lib\\importlib\\__init__.py:88: in import_module\r\n    return _bootstrap._gcd_import(name[level:], package, level)\r\n           ^^^^^^^^^^^^^^^^^^^^^^^^^^^^^^^^^^^^^^^^^^^^^^^^^^^^\r\nsklearn\\__init__.py:133: in <module>\r\n    from . import __check_build\r\nsklearn\\__check_build\\__init__.py:46: in <module>\r\n    raise_build_error(e)\r\nsklearn\\__check_build\\__init__.py:31: in raise_build_error\r\n    raise ImportError(\""\""\""%s\r\nE   ImportError: No module named 'sklearn.__check_build._check_build'\r\nE   ___________________________________________________________________________\r\nE   Contents of [LOCAL_DRIVE]/lossoracc\\analysis_outputs\\work2_30_task_first_checkpoint_replay_20260901_isolated\\scratch\\task_pikenelh\\branch_OrcaLoca\\sklearn\\__check_build:\r\nE   setup.py                  _check_build.pyx          __init__.py\r\nE   __pycache__\r\nE   ___________________________________________________________________________\r\nE   It seems that scikit-learn has not been built correctly.\r\nE   \r\nE   If you have installed scikit-learn from source, please do not forget\r\nE   to build the package before using it: run `python setup.py install` or\r\nE   `make` in the source directory.\r\nE   \r\nE   If you have used an installer, please check that it is suited for your\r\nE   Python version, your operating system and your platform.\r\n=========================== short test summary info ===========================\r\nERROR sklearn/preprocessing/tests/test_label.py\r\n1 error in 0.06s\r\n"", ""stderr_head"": ""ERROR: found no collectors for [LOCAL_DRIVE]/lossoracc\\analysis_outputs\\work2_30_task_first_checkpoint_replay_20260901_isolated\\scratch\\task_pikenelh\\branch_OrcaLoca\\sklearn\\preprocessing\\tests\\test_label.py::test_label_encoder_errors\r\n\r\nERROR: found no collectors for [LOCAL_DRIVE]/lossoracc\\analysis_outputs\\work2_30_task_first_checkpoint_replay_20260901_isolated\\scratch\\task_pikenelh\\branch_OrcaLoca\\sklearn\\preprocessing\\tests\\test_label.py::test_label_encoder_empty_array\r\n\r\n"", ""stdout_tail"": ""ed 'sklearn.__check_build._check_build'\r\nE   ___________________________________________________________________________\r\nE   Contents of [LOCAL_DRIVE]/lossoracc\\analysis_outputs\\work2_30_task_first_checkpoint_replay_20260901_isolated\\scratch\\task_pikenelh\\branch_OrcaLoca\\sklearn\\__check_build:\r\nE   setup.py                  _check_build.pyx          __init__.py\r\nE   __pycache__\r\nE   ___________________________________________________________________________\r\nE   It seems that scikit-learn has not been built correctly.\r\nE   \r\nE   If you have installed scikit-learn from source, please do not forget\r\nE   to build the package before using it: run `python setup.py install` or\r\nE   `make` in the source directory.\r\nE   \r\nE   If you have used an installer, please check that it is suited for your\r\nE   Python version, your operating system and your platform.\r\n=========================== short test summary info ===========================\r\nERROR sklearn/preprocessing/tests/test_label.py\r\n1 error in 0.06s\r\n"", ""stderr_tail"": ""ERROR: found no collectors for [LOCAL_DRIVE]/lossoracc\\analysis_outputs\\work2_30_task_first_checkpoint_replay_20260901_isolated\\scratch\\task_pikenelh\\branch_OrcaLoca\\sklearn\\preprocessing\\tests\\test_label.py::test_label_encoder_errors\r\n\r\nERROR: found no collectors for [LOCAL_DRIVE]/lossoracc\\analysis_outputs\\work2_30_task_first_checkpoint_replay_20260901_isolated\\scratch\\task_pikenelh\\branch_OrcaLoca\\sklearn\\preprocessing\\tests\\test_label.py::test_label_encoder_empty_array\r\n\r\n""}}","Provider-free 30-task five-checkpoint replay frame. Rows combine the d7 feasibility frame with 30/90/180/365-day human and OrcaLoca replays. The evaluator is F2P-only and fixed-method; no survival, semantic, behavioral, adaptation, or causal estimate is promoted."
scikit-learn__scikit-learn-10949,issue_resolution,scikit-learn/scikit-learn,python,3b5abf76597ce6aff76192869f92647c1b5259e7,human,NA,NA,NA,scikit-learn__scikit-learn-10949-d7,NA,NA,7,checkpoint_replay_completed,True,0.0,NA,NA,NA,NA,NA,build_or_future_test_failure,ea05295a1c5617157a8a53019d84f6061b98a53b,SWE-bench Lite local record; F2P-only pilot,aa168cdbc5873f2b6658f12c884eacb82802b44ab74259f7266aa5d9d8f8f913,False,42e6d4e199b9e8a04f875b11405dbfa5ca39b38a,exact_changed_line_match,"future repository FAIL_TO_PASS node IDs only; no test patch injection, PASS_TO_PASS, augmented, or behavioral check","{""build"": {""returncode"": 0, ""timed_out"": false, ""duration_seconds"": 6.143, ""stdout_sha256"": ""e3b0c44298fc1c149afbf4c8996fb92427ae41e4649b934ca495991b7852b855"", ""stderr_sha256"": ""1dee637bab47d2e64066d50238e4032561fbfa058113d0e050d5beb7e7bca311"", ""stdout_head"": """", ""stderr_head"": "".\\benchmarks\\bench_plot_randomized_svd.py:242: SyntaxWarning: \""is not\"" with 'str' literal. Did you mean \""!=\""?\r\n  if method is not 'fbpca':\r\n.\\examples\\applications\\svm_gui.py:171: SyntaxWarning: invalid escape sequence '\\e'\r\n  self.ax.text(-20, -60, \""RBF: $\\exp (-\\gamma \\| u-v \\|^2)$\"")\r\n.\\examples\\applications\\svm_gui.py:172: SyntaxWarning: invalid escape sequence '\\g'\r\n  self.ax.text(10, -60, \""Poly: $(\\gamma \\, u^T v + r)^d$\"")\r\n.\\examples\\decomposition\\plot_kernel_pca.py:67: SyntaxWarning: invalid escape sequence '\\p'\r\n  plt.xlabel(\""1st principal component in space induced by $\\phi$\"")\r\n.\\examples\\ensemble\\plot_adaboost_multiclass.py:11: SyntaxWarning: invalid escape sequence '\\c'\r\n  of the :math:`\\chi^2` distribution).\r\n.\\examples\\ensemble\\plot_bias_variance.py:164: SyntaxWarning: invalid escape sequence '\\^'\r\n  plt.plot(X_test, y_predict[:, i], \""r\"", label=\""$\\^y(x)$\"")\r\n.\\examples\\ensemble\\plot_bias_variance.py:169: SyntaxWarning: invalid escape sequence '\\m'\r\n  label=\""$\\mathbb{E}_{LS} \\^y(x)$\"")\r\n.\\examples\\ensemble\\plot_gradient_boosting_quantile.py:67: SyntaxWarning: invalid escape sequence '\\,'\r\n  plt.plot(xx, f(xx), 'g:', label=u'$f(x) = x\\,\\sin(x)$')\r\n.\\examples\\gaussian_process\\plot_gpc_isoprobability.py:81: SyntaxWarning: invalid escape sequence '\\m'\r\n  cb.set_label('${\\\\rm \\mathbb{P}}\\left[\\widehat{G}(\\mathbf{x}) \\leq 0\\\\right]$')\r\n.\\examples\\gaussian_process\\plot_gpr_noisy_targets.py:65: SyntaxWarning: invalid escape sequence '\\,'\r\n  plt.plot(x, f(x), 'r:', label=u'$f(x) = x\\,\\sin(x)$')\r\n.\\examples\\gaussian_process\\plot_gpr_noisy_targets.py:101: SyntaxWarning: invalid escape sequence '\\,'\r\n  plt.plot(x, f(x), 'r:', label=u'$f(x) = x\\,\\sin(x)$')\r\n.\\examples\\model_selection\\plot_learning_curve.py:119: SyntaxWarning: invalid escape sequence '\\g'\r\n  title = \""Learning Curves (SVM, RBF kernel, $\\gamma=0.001$)\""\r\n.\\examples\\model_selection\\plot_validation_curve.py:36: SyntaxWarning: invalid escape sequence '\\g'\r\n  plt.xlabel(\""$\\gamma$\"")\r\n.\\examples\\preprocessing\\plot_power_transformer.py:103: SyntaxWarning: invalid escape sequence '\\l'\r\n  ax_trans.set_title('{} after Box-Cox, $\\lambda$ = {}'.format(name, lmbda),\r\n.\\examples\\svm\\plot_svm_scale_c.py:15: SyntaxWarning: invalid escape sequence '\\s'\r\n  C \\sum_{i=1, n} \\mathcal{L} (f(x_i), y_i) + \\Omega (w)\r\n.\\sklearn\\cluster\\tests\\test_k_means.py:888: SyntaxWarning: invalid escape sequence '\\('\r\n  msg = \""The shape of the initial centers \\(\\(4L?, 4L?\\)\\) \"" \\\r\n.\\sklearn\\cluster\\tests\\test_k_means.py:971: SyntaxW"", ""stdout_tail"": """", ""stderr_tail"": ""y_i) + \\Omega (w)\r\n.\\sklearn\\cluster\\tests\\test_k_means.py:888: SyntaxWarning: invalid escape sequence '\\('\r\n  msg = \""The shape of the initial centers \\(\\(4L?, 4L?\\)\\) \"" \\\r\n.\\sklearn\\cluster\\tests\\test_k_means.py:971: SyntaxWarning: invalid escape sequence '\\('\r\n  assert_raises_regex(ValueError, 'len\\(sample_weight\\)', km.fit, X,\r\n.\\sklearn\\datasets\\lfw.py:174: SyntaxWarning: \""is\"" with 'int' literal. Did you mean \""==\""?\r\n  if img.ndim is 0:\r\n.\\sklearn\\datasets\\mlcomp.py:38: SyntaxWarning: invalid escape sequence '\\_'\r\n  set\\_ : str, default='raw'\r\n.\\sklearn\\model_selection\\tests\\test_search.py:832: SyntaxWarning: \""is not\"" with 'str' literal. Did you mean \""!=\""?\r\n  if k is not 'rank_test_score')\r\n.\\sklearn\\model_selection\\tests\\test_search.py:835: SyntaxWarning: \""is not\"" with 'str' literal. Did you mean \""!=\""?\r\n  k is not 'rank_test_score')\r\n.\\sklearn\\model_selection\\tests\\test_validation.py:1345: SyntaxWarning: \""is\"" with 'str' literal. Did you mean \""==\""?\r\n  if method is 'predict_proba':\r\n""}, ""future_test"": {""returncode"": 4, ""timed_out"": false, ""duration_seconds"": 0.675, ""stdout_sha256"": ""9e24561b54222dfa4b212e37af332084ad371e6fdb691f3a7d531d8ece3b8195"", ""stderr_sha256"": ""d642446d073a1fd17daf9751875302c61ef2d706a7162b03b4c39c2db1368815"", ""stdout_head"": ""\r\n=================================== ERRORS ====================================\r\n___________ ERROR collecting sklearn/utils/tests/test_validation.py ___________\r\nImportError while importing test module '[LOCAL_DRIVE]/lossoracc\\analysis_outputs\\work2_30_task_first_checkpoint_replay_20260901_isolated\\scratch\\task_hrgrhkdr\\branch_human\\sklearn\\utils\\tests\\test_validation.py'.\r\nHint: make sure your test modules/packages have valid Python names.\r\nTraceback:\r\nsklearn\\__check_build\\__init__.py:44: in <module>\r\n    from ._check_build import check_build  # noqa\r\n    ^^^^^^^^^^^^^^^^^^^^^^^^^^^^^^^^^^^^^\r\nE   ModuleNotFoundError: No module named 'sklearn.__check_build._check_build'\r\n\r\nDuring handling of the above exception, another exception occurred:\r\nD:\\python13\\Lib\\importlib\\__init__.py:88: in import_module\r\n    return _bootstrap._gcd_import(name[level:], package, level)\r\n           ^^^^^^^^^^^^^^^^^^^^^^^^^^^^^^^^^^^^^^^^^^^^^^^^^^^^\r\nsklearn\\__init__.py:63: in <module>\r\n    from . import __check_build\r\nsklearn\\__check_build\\__init__.py:46: in <module>\r\n    raise_build_error(e)\r\nsklearn\\__check_build\\__init__.py:31: in raise_build_error\r\n    raise ImportError(\""\""\""%s\r\nE   ImportError: No module named 'sklearn.__check_build._check_build'\r\nE   ___________________________________________________________________________\r\nE   Contents of [LOCAL_DRIVE]/lossoracc\\analysis_outputs\\work2_30_task_first_checkpoint_replay_20260901_isolated\\scratch\\task_hrgrhkdr\\branch_human\\sklearn\\__check_build:\r\nE   setup.py                  _check_build.pyx          __init__.py\r\nE   __pycache__\r\nE   ___________________________________________________________________________\r\nE   It seems that scikit-learn has not been built correctly.\r\nE   \r\nE   If you have installed scikit-learn from source, please do not forget\r\nE   to build the package before using it: run `python setup.py install` or\r\nE   `make` in the source directory.\r\nE   \r\nE   If you have used an installer, please check that it is suited for your\r\nE   Python version, your operating system and your platform.\r\n=========================== short test summary info ===========================\r\nERROR sklearn/utils/tests/test_validation.py\r\n1 error in 0.06s\r\n"", ""stderr_head"": ""ERROR: found no collectors for [LOCAL_DRIVE]/lossoracc\\analysis_outputs\\work2_30_task_first_checkpoint_replay_20260901_isolated\\scratch\\task_hrgrhkdr\\branch_human\\sklearn\\utils\\tests\\test_validation.py::test_check_dataframe_warns_on_dtype\r\n\r\n"", ""stdout_tail"": ""le named 'sklearn.__check_build._check_build'\r\nE   ___________________________________________________________________________\r\nE   Contents of [LOCAL_DRIVE]/lossoracc\\analysis_outputs\\work2_30_task_first_checkpoint_replay_20260901_isolated\\scratch\\task_hrgrhkdr\\branch_human\\sklearn\\__check_build:\r\nE   setup.py                  _check_build.pyx          __init__.py\r\nE   __pycache__\r\nE   ___________________________________________________________________________\r\nE   It seems that scikit-learn has not been built correctly.\r\nE   \r\nE   If you have installed scikit-learn from source, please do not forget\r\nE   to build the package before using it: run `python setup.py install` or\r\nE   `make` in the source directory.\r\nE   \r\nE   If you have used an installer, please check that it is suited for your\r\nE   Python version, your operating system and your platform.\r\n=========================== short test summary info ===========================\r\nERROR sklearn/utils/tests/test_validation.py\r\n1 error in 0.06s\r\n"", ""stderr_tail"": ""ERROR: found no collectors for [LOCAL_DRIVE]/lossoracc\\analysis_outputs\\work2_30_task_first_checkpoint_replay_20260901_isolated\\scratch\\task_hrgrhkdr\\branch_human\\sklearn\\utils\\tests\\test_validation.py::test_check_dataframe_warns_on_dtype\r\n\r\n""}}","Provider-free 30-task five-checkpoint replay frame. Rows combine the d7 feasibility frame with 30/90/180/365-day human and OrcaLoca replays. The evaluator is F2P-only and fixed-method; no survival, semantic, behavioral, adaptation, or causal estimate is promoted."
scikit-learn__scikit-learn-10949,issue_resolution,scikit-learn/scikit-learn,python,3b5abf76597ce6aff76192869f92647c1b5259e7,OrcaLoca,NA,NA,NA,scikit-learn__scikit-learn-10949-d7,NA,NA,7,checkpoint_replay_completed,True,0.0,NA,NA,NA,NA,NA,build_or_future_test_failure,ea05295a1c5617157a8a53019d84f6061b98a53b,SWE-bench Lite local record; F2P-only pilot,ca51a864ffdeba86771a9642e58e03ac00a5de2b261af42305073a6643ffc046,True,42e6d4e199b9e8a04f875b11405dbfa5ca39b38a,exact_changed_line_match,"future repository FAIL_TO_PASS node IDs only; no test patch injection, PASS_TO_PASS, augmented, or behavioral check","{""build"": {""returncode"": 0, ""timed_out"": false, ""duration_seconds"": 6.039, ""stdout_sha256"": ""e3b0c44298fc1c149afbf4c8996fb92427ae41e4649b934ca495991b7852b855"", ""stderr_sha256"": ""1dee637bab47d2e64066d50238e4032561fbfa058113d0e050d5beb7e7bca311"", ""stdout_head"": """", ""stderr_head"": "".\\benchmarks\\bench_plot_randomized_svd.py:242: SyntaxWarning: \""is not\"" with 'str' literal. Did you mean \""!=\""?\r\n  if method is not 'fbpca':\r\n.\\examples\\applications\\svm_gui.py:171: SyntaxWarning: invalid escape sequence '\\e'\r\n  self.ax.text(-20, -60, \""RBF: $\\exp (-\\gamma \\| u-v \\|^2)$\"")\r\n.\\examples\\applications\\svm_gui.py:172: SyntaxWarning: invalid escape sequence '\\g'\r\n  self.ax.text(10, -60, \""Poly: $(\\gamma \\, u^T v + r)^d$\"")\r\n.\\examples\\decomposition\\plot_kernel_pca.py:67: SyntaxWarning: invalid escape sequence '\\p'\r\n  plt.xlabel(\""1st principal component in space induced by $\\phi$\"")\r\n.\\examples\\ensemble\\plot_adaboost_multiclass.py:11: SyntaxWarning: invalid escape sequence '\\c'\r\n  of the :math:`\\chi^2` distribution).\r\n.\\examples\\ensemble\\plot_bias_variance.py:164: SyntaxWarning: invalid escape sequence '\\^'\r\n  plt.plot(X_test, y_predict[:, i], \""r\"", label=\""$\\^y(x)$\"")\r\n.\\examples\\ensemble\\plot_bias_variance.py:169: SyntaxWarning: invalid escape sequence '\\m'\r\n  label=\""$\\mathbb{E}_{LS} \\^y(x)$\"")\r\n.\\examples\\ensemble\\plot_gradient_boosting_quantile.py:67: SyntaxWarning: invalid escape sequence '\\,'\r\n  plt.plot(xx, f(xx), 'g:', label=u'$f(x) = x\\,\\sin(x)$')\r\n.\\examples\\gaussian_process\\plot_gpc_isoprobability.py:81: SyntaxWarning: invalid escape sequence '\\m'\r\n  cb.set_label('${\\\\rm \\mathbb{P}}\\left[\\widehat{G}(\\mathbf{x}) \\leq 0\\\\right]$')\r\n.\\examples\\gaussian_process\\plot_gpr_noisy_targets.py:65: SyntaxWarning: invalid escape sequence '\\,'\r\n  plt.plot(x, f(x), 'r:', label=u'$f(x) = x\\,\\sin(x)$')\r\n.\\examples\\gaussian_process\\plot_gpr_noisy_targets.py:101: SyntaxWarning: invalid escape sequence '\\,'\r\n  plt.plot(x, f(x), 'r:', label=u'$f(x) = x\\,\\sin(x)$')\r\n.\\examples\\model_selection\\plot_learning_curve.py:119: SyntaxWarning: invalid escape sequence '\\g'\r\n  title = \""Learning Curves (SVM, RBF kernel, $\\gamma=0.001$)\""\r\n.\\examples\\model_selection\\plot_validation_curve.py:36: SyntaxWarning: invalid escape sequence '\\g'\r\n  plt.xlabel(\""$\\gamma$\"")\r\n.\\examples\\preprocessing\\plot_power_transformer.py:103: SyntaxWarning: invalid escape sequence '\\l'\r\n  ax_trans.set_title('{} after Box-Cox, $\\lambda$ = {}'.format(name, lmbda),\r\n.\\examples\\svm\\plot_svm_scale_c.py:15: SyntaxWarning: invalid escape sequence '\\s'\r\n  C \\sum_{i=1, n} \\mathcal{L} (f(x_i), y_i) + \\Omega (w)\r\n.\\sklearn\\cluster\\tests\\test_k_means.py:888: SyntaxWarning: invalid escape sequence '\\('\r\n  msg = \""The shape of the initial centers \\(\\(4L?, 4L?\\)\\) \"" \\\r\n.\\sklearn\\cluster\\tests\\test_k_means.py:971: SyntaxW"", ""stdout_tail"": """", ""stderr_tail"": ""y_i) + \\Omega (w)\r\n.\\sklearn\\cluster\\tests\\test_k_means.py:888: SyntaxWarning: invalid escape sequence '\\('\r\n  msg = \""The shape of the initial centers \\(\\(4L?, 4L?\\)\\) \"" \\\r\n.\\sklearn\\cluster\\tests\\test_k_means.py:971: SyntaxWarning: invalid escape sequence '\\('\r\n  assert_raises_regex(ValueError, 'len\\(sample_weight\\)', km.fit, X,\r\n.\\sklearn\\datasets\\lfw.py:174: SyntaxWarning: \""is\"" with 'int' literal. Did you mean \""==\""?\r\n  if img.ndim is 0:\r\n.\\sklearn\\datasets\\mlcomp.py:38: SyntaxWarning: invalid escape sequence '\\_'\r\n  set\\_ : str, default='raw'\r\n.\\sklearn\\model_selection\\tests\\test_search.py:832: SyntaxWarning: \""is not\"" with 'str' literal. Did you mean \""!=\""?\r\n  if k is not 'rank_test_score')\r\n.\\sklearn\\model_selection\\tests\\test_search.py:835: SyntaxWarning: \""is not\"" with 'str' literal. Did you mean \""!=\""?\r\n  k is not 'rank_test_score')\r\n.\\sklearn\\model_selection\\tests\\test_validation.py:1345: SyntaxWarning: \""is\"" with 'str' literal. Did you mean \""==\""?\r\n  if method is 'predict_proba':\r\n""}, ""future_test"": {""returncode"": 4, ""timed_out"": false, ""duration_seconds"": 0.601, ""stdout_sha256"": ""b5e13c85f4655567b9e57240a5030b9abf616350a4eb0fce8b62ed341b8505ec"", ""stderr_sha256"": ""a00b1c03a2f0ce70c97748c5e5169c702ba7ddb2e784552cbab575260c9bdfb7"", ""stdout_head"": ""\r\n=================================== ERRORS ====================================\r\n___________ ERROR collecting sklearn/utils/tests/test_validation.py ___________\r\nImportError while importing test module '[LOCAL_DRIVE]/lossoracc\\analysis_outputs\\work2_30_task_first_checkpoint_replay_20260901_isolated\\scratch\\task_hrgrhkdr\\branch_OrcaLoca\\sklearn\\utils\\tests\\test_validation.py'.\r\nHint: make sure your test modules/packages have valid Python names.\r\nTraceback:\r\nsklearn\\__check_build\\__init__.py:44: in <module>\r\n    from ._check_build import check_build  # noqa\r\n    ^^^^^^^^^^^^^^^^^^^^^^^^^^^^^^^^^^^^^\r\nE   ModuleNotFoundError: No module named 'sklearn.__check_build._check_build'\r\n\r\nDuring handling of the above exception, another exception occurred:\r\nD:\\python13\\Lib\\importlib\\__init__.py:88: in import_module\r\n    return _bootstrap._gcd_import(name[level:], package, level)\r\n           ^^^^^^^^^^^^^^^^^^^^^^^^^^^^^^^^^^^^^^^^^^^^^^^^^^^^\r\nsklearn\\__init__.py:63: in <module>\r\n    from . import __check_build\r\nsklearn\\__check_build\\__init__.py:46: in <module>\r\n    raise_build_error(e)\r\nsklearn\\__check_build\\__init__.py:31: in raise_build_error\r\n    raise ImportError(\""\""\""%s\r\nE   ImportError: No module named 'sklearn.__check_build._check_build'\r\nE   ___________________________________________________________________________\r\nE   Contents of [LOCAL_DRIVE]/lossoracc\\analysis_outputs\\work2_30_task_first_checkpoint_replay_20260901_isolated\\scratch\\task_hrgrhkdr\\branch_OrcaLoca\\sklearn\\__check_build:\r\nE   setup.py                  _check_build.pyx          __init__.py\r\nE   __pycache__\r\nE   ___________________________________________________________________________\r\nE   It seems that scikit-learn has not been built correctly.\r\nE   \r\nE   If you have installed scikit-learn from source, please do not forget\r\nE   to build the package before using it: run `python setup.py install` or\r\nE   `make` in the source directory.\r\nE   \r\nE   If you have used an installer, please check that it is suited for your\r\nE   Python version, your operating system and your platform.\r\n=========================== short test summary info ===========================\r\nERROR sklearn/utils/tests/test_validation.py\r\n1 error in 0.07s\r\n"", ""stderr_head"": ""ERROR: found no collectors for [LOCAL_DRIVE]/lossoracc\\analysis_outputs\\work2_30_task_first_checkpoint_replay_20260901_isolated\\scratch\\task_hrgrhkdr\\branch_OrcaLoca\\sklearn\\utils\\tests\\test_validation.py::test_check_dataframe_warns_on_dtype\r\n\r\n"", ""stdout_tail"": ""named 'sklearn.__check_build._check_build'\r\nE   ___________________________________________________________________________\r\nE   Contents of [LOCAL_DRIVE]/lossoracc\\analysis_outputs\\work2_30_task_first_checkpoint_replay_20260901_isolated\\scratch\\task_hrgrhkdr\\branch_OrcaLoca\\sklearn\\__check_build:\r\nE   setup.py                  _check_build.pyx          __init__.py\r\nE   __pycache__\r\nE   ___________________________________________________________________________\r\nE   It seems that scikit-learn has not been built correctly.\r\nE   \r\nE   If you have installed scikit-learn from source, please do not forget\r\nE   to build the package before using it: run `python setup.py install` or\r\nE   `make` in the source directory.\r\nE   \r\nE   If you have used an installer, please check that it is suited for your\r\nE   Python version, your operating system and your platform.\r\n=========================== short test summary info ===========================\r\nERROR sklearn/utils/tests/test_validation.py\r\n1 error in 0.07s\r\n"", ""stderr_tail"": ""ERROR: found no collectors for [LOCAL_DRIVE]/lossoracc\\analysis_outputs\\work2_30_task_first_checkpoint_replay_20260901_isolated\\scratch\\task_hrgrhkdr\\branch_OrcaLoca\\sklearn\\utils\\tests\\test_validation.py::test_check_dataframe_warns_on_dtype\r\n\r\n""}}","Provider-free 30-task five-checkpoint replay frame. Rows combine the d7 feasibility frame with 30/90/180/365-day human and OrcaLoca replays. The evaluator is F2P-only and fixed-method; no survival, semantic, behavioral, adaptation, or causal estimate is promoted."
sphinx-doc__sphinx-10325,issue_resolution,sphinx-doc/sphinx,python,7bdc11e87c7d86dcc2a087eccb7a7c129a473415,human,NA,NA,NA,sphinx-doc__sphinx-10325-d7,NA,NA,7,future_textual_conflict,NA,NA,NA,True,NA,NA,NA,evolution_incompatibility,babc6a7f8f4968c7328922d04b8b8bc0f2a65beb,SWE-bench Lite local record; F2P-only pilot,2108eab79d715181db3ba0eea8b9514403cbfe106e63bf1f335808adfa9f2651,False,80c75b3549f4eadde9a18365448db77a14c26d75,exact_changed_line_match,NA,"26a2e2935b3b18f197ca92aaa7a9808a5f567c21: error: patch failed: .github/workflows/transifex.yml:13
error: .github/workflows/transifex.yml: patch does not apply
error: patch failed: package-lock.json:2195
error: package-lock.json: patch does not apply
","Provider-free 30-task five-checkpoint replay frame. Rows combine the d7 feasibility frame with 30/90/180/365-day human and OrcaLoca replays. The evaluator is F2P-only and fixed-method; no survival, semantic, behavioral, adaptation, or causal estimate is promoted."
sphinx-doc__sphinx-10325,issue_resolution,sphinx-doc/sphinx,python,7bdc11e87c7d86dcc2a087eccb7a7c129a473415,OrcaLoca,NA,NA,NA,sphinx-doc__sphinx-10325-d7,NA,NA,7,future_textual_conflict,NA,NA,NA,True,NA,NA,NA,evolution_incompatibility,babc6a7f8f4968c7328922d04b8b8bc0f2a65beb,SWE-bench Lite local record; F2P-only pilot,03f4d74283a91488521496d32bce2c416341f5f9f0d12baf7e28715841f2ea62,True,80c75b3549f4eadde9a18365448db77a14c26d75,exact_changed_line_match,NA,"26a2e2935b3b18f197ca92aaa7a9808a5f567c21: error: patch failed: .github/workflows/transifex.yml:13
error: .github/workflows/transifex.yml: patch does not apply
error: patch failed: package-lock.json:2195
error: package-lock.json: patch does not apply
","Provider-free 30-task five-checkpoint replay frame. Rows combine the d7 feasibility frame with 30/90/180/365-day human and OrcaLoca replays. The evaluator is F2P-only and fixed-method; no survival, semantic, behavioral, adaptation, or causal estimate is promoted."
sphinx-doc__sphinx-11445,issue_resolution,sphinx-doc/sphinx,python,71db08c05197545944949d5aa76cd340e7143627,human,NA,NA,NA,sphinx-doc__sphinx-11445-d7,NA,NA,7,future_textual_conflict,NA,NA,NA,True,NA,NA,NA,evolution_incompatibility,a549c6761520d4dc952ce0ced0d46330d123370b,SWE-bench Lite local record; F2P-only pilot,951e9680cb0d3ba0ab4ebea2e6e4092167e5e7c273420e9aaecd8a8755585cde,False,12e7cff0b695dbc6974fc3a438439a2a86f2a258,exact_changed_line_match,NA,"e11bf76919f4c2ccf6420fd7b4d2ab42901badf8: error: patch failed: CHANGES:58
error: CHANGES: patch does not apply
","Provider-free 30-task five-checkpoint replay frame. Rows combine the d7 feasibility frame with 30/90/180/365-day human and OrcaLoca replays. The evaluator is F2P-only and fixed-method; no survival, semantic, behavioral, adaptation, or causal estimate is promoted."
sphinx-doc__sphinx-11445,issue_resolution,sphinx-doc/sphinx,python,71db08c05197545944949d5aa76cd340e7143627,OrcaLoca,NA,NA,NA,sphinx-doc__sphinx-11445-d7,NA,NA,7,future_textual_conflict,NA,NA,NA,True,NA,NA,NA,evolution_incompatibility,a549c6761520d4dc952ce0ced0d46330d123370b,SWE-bench Lite local record; F2P-only pilot,4716291cb07403562be6a66fae614b14c1d956de1fca95dbd5a32e8b6d12ae98,True,12e7cff0b695dbc6974fc3a438439a2a86f2a258,exact_changed_line_match,NA,"e11bf76919f4c2ccf6420fd7b4d2ab42901badf8: error: patch failed: CHANGES:58
error: CHANGES: patch does not apply
","Provider-free 30-task five-checkpoint replay frame. Rows combine the d7 feasibility frame with 30/90/180/365-day human and OrcaLoca replays. The evaluator is F2P-only and fixed-method; no survival, semantic, behavioral, adaptation, or causal estimate is promoted."
sphinx-doc__sphinx-7686,issue_resolution,sphinx-doc/sphinx,python,752d3285d250bbaf673cff25e83f03f247502021,human,NA,NA,NA,sphinx-doc__sphinx-7686-d7,NA,NA,7,future_textual_conflict,NA,NA,NA,True,NA,NA,NA,evolution_incompatibility,4ded1d5644b4d97e5bd7a82b102fb853fa1ceafa,SWE-bench Lite local record; F2P-only pilot,d3fff7eaa9d59034884ef053f33aa2a87898242d6ae00bb101800c9eefddd594,False,74351b2d43f264e66da3dce6e493188d0eebfae6,exact_changed_line_match,NA,"ca15aacd6c92f72713a2e3d3aaa508f5fa9b5a1b: error: patch failed: CHANGES:1
error: CHANGES: patch does not apply
error: patch failed: sphinx/__init__.py:32
error: sphinx/__init__.py: patch does not apply
","Provider-free 30-task five-checkpoint replay frame. Rows combine the d7 feasibility frame with 30/90/180/365-day human and OrcaLoca replays. The evaluator is F2P-only and fixed-method; no survival, semantic, behavioral, adaptation, or causal estimate is promoted."
sphinx-doc__sphinx-7686,issue_resolution,sphinx-doc/sphinx,python,752d3285d250bbaf673cff25e83f03f247502021,OrcaLoca,NA,NA,NA,sphinx-doc__sphinx-7686-d7,NA,NA,7,future_textual_conflict,NA,NA,NA,True,NA,NA,NA,evolution_incompatibility,4ded1d5644b4d97e5bd7a82b102fb853fa1ceafa,SWE-bench Lite local record; F2P-only pilot,73304dd3d601f2d06e57e97c65d7b544daabd81e3e8773cfd75d3f3e0ef542cc,True,74351b2d43f264e66da3dce6e493188d0eebfae6,exact_changed_line_match,NA,"ca15aacd6c92f72713a2e3d3aaa508f5fa9b5a1b: error: patch failed: CHANGES:1
error: CHANGES: patch does not apply
error: patch failed: sphinx/__init__.py:32
error: sphinx/__init__.py: patch does not apply
","Provider-free 30-task five-checkpoint replay frame. Rows combine the d7 feasibility frame with 30/90/180/365-day human and OrcaLoca replays. The evaluator is F2P-only and fixed-method; no survival, semantic, behavioral, adaptation, or causal estimate is promoted."
sympy__sympy-11400,issue_resolution,sympy/sympy,python,8dcb12a6cf500e8738d6729ab954a261758f49ca,human,NA,NA,NA,sympy__sympy-11400-d7,NA,NA,7,checkpoint_replay_completed,True,0.0,NA,NA,NA,NA,NA,build_or_future_test_failure,2befcc1014fe7ed8cd278f6f30edef98b33e3f2e,SWE-bench Lite local record; F2P-only pilot,7f79e0c6e6909a311c54215f3e858f057db77bb11248853e84095261195d6c1b,False,63215172cb3ec279411432f541d7d5dcf3bbb939,exact_changed_line_match,"future repository FAIL_TO_PASS node IDs only; no test patch injection, PASS_TO_PASS, augmented, or behavioral check","{""build"": {""returncode"": 0, ""timed_out"": false, ""duration_seconds"": 13.109, ""stdout_sha256"": ""e3b0c44298fc1c149afbf4c8996fb92427ae41e4649b934ca495991b7852b855"", ""stderr_sha256"": ""affcdbb2b85bb5181e83efedeb386550d4d1c95f416fa54e7948230ac476385f"", ""stdout_head"": """", ""stderr_head"": "".\\doc\\ext\\docscrape.py:287: SyntaxWarning: invalid escape sequence '\\w'\r\n  if re.compile('^([\\w., ]+=)?\\s*[\\w\\.]+\\(.*\\)$').match(summary_str):\r\n.\\doc\\ext\\docscrape.py:341: SyntaxWarning: invalid escape sequence '\\*'\r\n  return [self['Signature'].replace('*', '\\*')] + ['']\r\n.\\doc\\ext\\docscrape.py:469: SyntaxWarning: invalid escape sequence '\\*'\r\n  argspec = argspec.replace('*', '\\*')\r\n.\\doc\\ext\\docscrape.py:487: SyntaxWarning: invalid escape sequence '\\*'\r\n  signature = self['Signature'].replace('*', '\\*')\r\n.\\examples\\intermediate\\mplot2d.py:23: SyntaxWarning: invalid escape sequence '\\S'\r\n  warnings.filterwarnings(\""ignore\"", \""Could not match \\S\"")\r\n.\\examples\\intermediate\\mplot3d.py:22: SyntaxWarning: invalid escape sequence '\\S'\r\n  warnings.filterwarnings(\""ignore\"", \""Could not match \\S\"")\r\n.\\examples\\intermediate\\sample.py:4: SyntaxWarning: invalid escape sequence '\\m'\r\n  See examples\\mplot2d.py and examples\\mplot3d.py for usable 2d and 3d\r\n.\\examples\\intermediate\\sample.py:16: SyntaxWarning: invalid escape sequence '\\m'\r\n  syntax. See examples\\mplot2d.py.\r\n.\\examples\\intermediate\\sample.py:47: SyntaxWarning: invalid escape sequence '\\m'\r\n  syntax. See examples\\mplot3d.py.\r\n.\\examples\\intermediate\\vandermonde.py:121: SyntaxWarning: invalid escape sequence '\\s'\r\n  print(\""Computing the determinant and comparing to \\sum_{0<i<j<=3}(a_j - a_i)\"")\r\n.\\examples\\intermediate\\vandermonde.py:130: SyntaxWarning: invalid escape sequence '\\s'\r\n  \\sum   = %(sum)s\r\n.\\sympy\\calculus\\util.py:461: SyntaxWarning: invalid escape sequence '\\l'\r\n  `\\langle a, b\\rangle = \\{x \\in \\mathbb{R} \\mid a \\le x \\le b\\}`\r\n.\\sympy\\combinatorics\\fp_groups.py:523: SyntaxWarning: invalid escape sequence '\\O'\r\n  \""Standardize\"" reorders the elements of \\Omega such that, if we scan\r\n.\\sympy\\combinatorics\\perm_groups.py:1124: SyntaxWarning: invalid escape sequence '\\i'\r\n  by all commutators ``[g, h] = hgh^{-1}g^{-1}`` for ``g, h\\in G`` ; it is\r\n.\\sympy\\combinatorics\\perm_groups.py:1621: SyntaxWarning: invalid escape sequence '\\{'\r\n  minimal_block to search for blocks of the form ``\\{0, k\\}`` for ``k``\r\n.\\sympy\\combinatorics\\perm_groups.py:2836: SyntaxWarning: invalid escape sequence '\\{'\r\n  A generating set ``S = \\{g_1, g_2, ..., g_t\\}`` for a permutation group\r\n.\\sympy\\combinatorics\\perm_groups.py:3120: SyntaxWarning: invalid escape sequence '\\O'\r\n  A permutation group ``G`` acting on ``\\Omega = \\{0, 1, ..., n-1\\}`` is\r\n.\\sympy\\combinatorics\\util.py:124: SyntaxWarning: invalid escape sequence '\\i'\r\n  `"", ""stdout_tail"": """", ""stderr_tail"": ""'\r\n  >>> print(rawlines(s)) # the \\\\ appears as \\ when printed\r\n.\\sympy\\utilities\\runtests.py:531: SyntaxWarning: invalid escape sequence '\\*'\r\n  Runs doctests in all \\*.py files in the sympy directory which match\r\n.\\sympy\\utilities\\runtests.py:1318: SyntaxWarning: invalid escape sequence '\\*'\r\n  Returns the list of \\*.py files (default) from which docstrings\r\n.\\sympy\\utilities\\runtests.py:1564: SyntaxWarning: invalid escape sequence '\\d'\r\n  matches = re.findall(\""line \\d+\"", name)\r\n.\\sympy\\utilities\\runtests.py:1772: SyntaxWarning: invalid escape sequence '\\s'\r\n  want = re.sub('(?m)^%s\\s*?$' % re.escape(pdoctest.BLANKLINE_MARKER),\r\n.\\sympy\\utilities\\runtests.py:1776: SyntaxWarning: invalid escape sequence '\\s'\r\n  got = re.sub('(?m)^\\s*?$', '', got)\r\n.\\sympy\\vector\\dyadic.py:261: SyntaxWarning: invalid escape sequence '\\m'\r\n  _latex_form = '(\\mathbf{\\hat{0}}|\\mathbf{\\hat{0}})'\r\n.\\sympy\\vector\\vector.py:451: SyntaxWarning: invalid escape sequence '\\m'\r\n  _latex_form = '\\mathbf{\\hat{0}}'\r\n""}, ""future_test"": {""returncode"": 4, ""timed_out"": false, ""duration_seconds"": 0.641, ""stdout_sha256"": ""ba9e2444dc3c22074044f39b39e0c8c9d178a82c6f41baec35502b9c47eec178"", ""stderr_sha256"": ""396504903b51253778b5630cfcc1e1aeeedbd1ce4ac135d235e885339c68ed3f"", ""stdout_head"": ""\r\nno tests ran in 0.00s\r\n"", ""stderr_head"": ""ERROR: file or directory not found: test_ccode_Relational\r\n\r\n"", ""stdout_tail"": ""\r\nno tests ran in 0.00s\r\n"", ""stderr_tail"": ""ERROR: file or directory not found: test_ccode_Relational\r\n\r\n""}}","Provider-free 30-task five-checkpoint replay frame. Rows combine the d7 feasibility frame with 30/90/180/365-day human and OrcaLoca replays. The evaluator is F2P-only and fixed-method; no survival, semantic, behavioral, adaptation, or causal estimate is promoted."
sympy__sympy-11400,issue_resolution,sympy/sympy,python,8dcb12a6cf500e8738d6729ab954a261758f49ca,OrcaLoca,NA,NA,NA,sympy__sympy-11400-d7,NA,NA,7,checkpoint_replay_completed,True,0.0,NA,NA,NA,NA,NA,build_or_future_test_failure,2befcc1014fe7ed8cd278f6f30edef98b33e3f2e,SWE-bench Lite local record; F2P-only pilot,e453c23067e7eca7b35dafa18badfa3d132fc305687763abd11457e7efad31d6,True,63215172cb3ec279411432f541d7d5dcf3bbb939,exact_changed_line_match,"future repository FAIL_TO_PASS node IDs only; no test patch injection, PASS_TO_PASS, augmented, or behavioral check","{""build"": {""returncode"": 0, ""timed_out"": false, ""duration_seconds"": 13.238, ""stdout_sha256"": ""e3b0c44298fc1c149afbf4c8996fb92427ae41e4649b934ca495991b7852b855"", ""stderr_sha256"": ""affcdbb2b85bb5181e83efedeb386550d4d1c95f416fa54e7948230ac476385f"", ""stdout_head"": """", ""stderr_head"": "".\\doc\\ext\\docscrape.py:287: SyntaxWarning: invalid escape sequence '\\w'\r\n  if re.compile('^([\\w., ]+=)?\\s*[\\w\\.]+\\(.*\\)$').match(summary_str):\r\n.\\doc\\ext\\docscrape.py:341: SyntaxWarning: invalid escape sequence '\\*'\r\n  return [self['Signature'].replace('*', '\\*')] + ['']\r\n.\\doc\\ext\\docscrape.py:469: SyntaxWarning: invalid escape sequence '\\*'\r\n  argspec = argspec.replace('*', '\\*')\r\n.\\doc\\ext\\docscrape.py:487: SyntaxWarning: invalid escape sequence '\\*'\r\n  signature = self['Signature'].replace('*', '\\*')\r\n.\\examples\\intermediate\\mplot2d.py:23: SyntaxWarning: invalid escape sequence '\\S'\r\n  warnings.filterwarnings(\""ignore\"", \""Could not match \\S\"")\r\n.\\examples\\intermediate\\mplot3d.py:22: SyntaxWarning: invalid escape sequence '\\S'\r\n  warnings.filterwarnings(\""ignore\"", \""Could not match \\S\"")\r\n.\\examples\\intermediate\\sample.py:4: SyntaxWarning: invalid escape sequence '\\m'\r\n  See examples\\mplot2d.py and examples\\mplot3d.py for usable 2d and 3d\r\n.\\examples\\intermediate\\sample.py:16: SyntaxWarning: invalid escape sequence '\\m'\r\n  syntax. See examples\\mplot2d.py.\r\n.\\examples\\intermediate\\sample.py:47: SyntaxWarning: invalid escape sequence '\\m'\r\n  syntax. See examples\\mplot3d.py.\r\n.\\examples\\intermediate\\vandermonde.py:121: SyntaxWarning: invalid escape sequence '\\s'\r\n  print(\""Computing the determinant and comparing to \\sum_{0<i<j<=3}(a_j - a_i)\"")\r\n.\\examples\\intermediate\\vandermonde.py:130: SyntaxWarning: invalid escape sequence '\\s'\r\n  \\sum   = %(sum)s\r\n.\\sympy\\calculus\\util.py:461: SyntaxWarning: invalid escape sequence '\\l'\r\n  `\\langle a, b\\rangle = \\{x \\in \\mathbb{R} \\mid a \\le x \\le b\\}`\r\n.\\sympy\\combinatorics\\fp_groups.py:523: SyntaxWarning: invalid escape sequence '\\O'\r\n  \""Standardize\"" reorders the elements of \\Omega such that, if we scan\r\n.\\sympy\\combinatorics\\perm_groups.py:1124: SyntaxWarning: invalid escape sequence '\\i'\r\n  by all commutators ``[g, h] = hgh^{-1}g^{-1}`` for ``g, h\\in G`` ; it is\r\n.\\sympy\\combinatorics\\perm_groups.py:1621: SyntaxWarning: invalid escape sequence '\\{'\r\n  minimal_block to search for blocks of the form ``\\{0, k\\}`` for ``k``\r\n.\\sympy\\combinatorics\\perm_groups.py:2836: SyntaxWarning: invalid escape sequence '\\{'\r\n  A generating set ``S = \\{g_1, g_2, ..., g_t\\}`` for a permutation group\r\n.\\sympy\\combinatorics\\perm_groups.py:3120: SyntaxWarning: invalid escape sequence '\\O'\r\n  A permutation group ``G`` acting on ``\\Omega = \\{0, 1, ..., n-1\\}`` is\r\n.\\sympy\\combinatorics\\util.py:124: SyntaxWarning: invalid escape sequence '\\i'\r\n  `"", ""stdout_tail"": """", ""stderr_tail"": ""'\r\n  >>> print(rawlines(s)) # the \\\\ appears as \\ when printed\r\n.\\sympy\\utilities\\runtests.py:531: SyntaxWarning: invalid escape sequence '\\*'\r\n  Runs doctests in all \\*.py files in the sympy directory which match\r\n.\\sympy\\utilities\\runtests.py:1318: SyntaxWarning: invalid escape sequence '\\*'\r\n  Returns the list of \\*.py files (default) from which docstrings\r\n.\\sympy\\utilities\\runtests.py:1564: SyntaxWarning: invalid escape sequence '\\d'\r\n  matches = re.findall(\""line \\d+\"", name)\r\n.\\sympy\\utilities\\runtests.py:1772: SyntaxWarning: invalid escape sequence '\\s'\r\n  want = re.sub('(?m)^%s\\s*?$' % re.escape(pdoctest.BLANKLINE_MARKER),\r\n.\\sympy\\utilities\\runtests.py:1776: SyntaxWarning: invalid escape sequence '\\s'\r\n  got = re.sub('(?m)^\\s*?$', '', got)\r\n.\\sympy\\vector\\dyadic.py:261: SyntaxWarning: invalid escape sequence '\\m'\r\n  _latex_form = '(\\mathbf{\\hat{0}}|\\mathbf{\\hat{0}})'\r\n.\\sympy\\vector\\vector.py:451: SyntaxWarning: invalid escape sequence '\\m'\r\n  _latex_form = '\\mathbf{\\hat{0}}'\r\n""}, ""future_test"": {""returncode"": 4, ""timed_out"": false, ""duration_seconds"": 0.718, ""stdout_sha256"": ""ba9e2444dc3c22074044f39b39e0c8c9d178a82c6f41baec35502b9c47eec178"", ""stderr_sha256"": ""396504903b51253778b5630cfcc1e1aeeedbd1ce4ac135d235e885339c68ed3f"", ""stdout_head"": ""\r\nno tests ran in 0.00s\r\n"", ""stderr_head"": ""ERROR: file or directory not found: test_ccode_Relational\r\n\r\n"", ""stdout_tail"": ""\r\nno tests ran in 0.00s\r\n"", ""stderr_tail"": ""ERROR: file or directory not found: test_ccode_Relational\r\n\r\n""}}","Provider-free 30-task five-checkpoint replay frame. Rows combine the d7 feasibility frame with 30/90/180/365-day human and OrcaLoca replays. The evaluator is F2P-only and fixed-method; no survival, semantic, behavioral, adaptation, or causal estimate is promoted."
sympy__sympy-11870,issue_resolution,sympy/sympy,python,5c2e1f96a7ff562d4a778f4ca9ffc9c81557197e,human,NA,NA,NA,sympy__sympy-11870-d7,NA,NA,7,checkpoint_replay_completed,True,0.0,NA,NA,NA,NA,NA,build_or_future_test_failure,41e59dd7e92350a90c792944953a7203325a6c4a,SWE-bench Lite local record; F2P-only pilot,051c56fee9628243fb9c8fdcaae677f7cd82afcf8574e373b87dda95b11b57df,False,27b6c0a8d949725f2e5c3855fae727fc7febc3bc,exact_changed_line_match,"future repository FAIL_TO_PASS node IDs only; no test patch injection, PASS_TO_PASS, augmented, or behavioral check","{""build"": {""returncode"": 0, ""timed_out"": false, ""duration_seconds"": 18.141, ""stdout_sha256"": ""e3b0c44298fc1c149afbf4c8996fb92427ae41e4649b934ca495991b7852b855"", ""stderr_sha256"": ""597a2215f3339f88a412fe5f7e6a9260da9612c459446f7a0c9b410a860c5601"", ""stdout_head"": """", ""stderr_head"": "".\\doc\\ext\\docscrape.py:287: SyntaxWarning: invalid escape sequence '\\w'\r\n  if re.compile('^([\\w., ]+=)?\\s*[\\w\\.]+\\(.*\\)$').match(summary_str):\r\n.\\doc\\ext\\docscrape.py:341: SyntaxWarning: invalid escape sequence '\\*'\r\n  return [self['Signature'].replace('*', '\\*')] + ['']\r\n.\\doc\\ext\\docscrape.py:469: SyntaxWarning: invalid escape sequence '\\*'\r\n  argspec = argspec.replace('*', '\\*')\r\n.\\doc\\ext\\docscrape.py:487: SyntaxWarning: invalid escape sequence '\\*'\r\n  signature = self['Signature'].replace('*', '\\*')\r\n.\\examples\\intermediate\\mplot2d.py:23: SyntaxWarning: invalid escape sequence '\\S'\r\n  warnings.filterwarnings(\""ignore\"", \""Could not match \\S\"")\r\n.\\examples\\intermediate\\mplot3d.py:22: SyntaxWarning: invalid escape sequence '\\S'\r\n  warnings.filterwarnings(\""ignore\"", \""Could not match \\S\"")\r\n.\\examples\\intermediate\\sample.py:4: SyntaxWarning: invalid escape sequence '\\m'\r\n  See examples\\mplot2d.py and examples\\mplot3d.py for usable 2d and 3d\r\n.\\examples\\intermediate\\sample.py:16: SyntaxWarning: invalid escape sequence '\\m'\r\n  syntax. See examples\\mplot2d.py.\r\n.\\examples\\intermediate\\sample.py:47: SyntaxWarning: invalid escape sequence '\\m'\r\n  syntax. See examples\\mplot3d.py.\r\n.\\examples\\intermediate\\vandermonde.py:121: SyntaxWarning: invalid escape sequence '\\s'\r\n  print(\""Computing the determinant and comparing to \\sum_{0<i<j<=3}(a_j - a_i)\"")\r\n.\\examples\\intermediate\\vandermonde.py:130: SyntaxWarning: invalid escape sequence '\\s'\r\n  \\sum   = %(sum)s\r\n.\\sympy\\core\\tests\\test_containers.py:55: SyntaxWarning: \""is not\"" with 'tuple' literal. Did you mean \""!=\""?\r\n  assert Tuple(1, 2) is not (1, 2)\r\n.\\sympy\\geometry\\tests\\test_plane.py:184: SyntaxWarning: \""is\"" with 'int' literal. Did you mean \""==\""?\r\n  assert len(pl8.intersection(Ray3D(Point3D(0, 2, 3), Point3D(1, 0, 3)))) is 0\r\n.\\sympy\\integrals\\rubi\\tests\\test_1_4.py:60: SyntaxWarning: list indices must be integers or slices, not tuple; perhaps you missed a comma?\r\n  [(a + b*x)**m*(c + d*x)**n*(e + f*x)**p/(g + h*x), x, S(0), Integrate((a + b*x)**m*(c + d*x)**n*(e + f*x)**p/(g + h*x), x)]\r\n.\\sympy\\physics\\vector\\printing.py:150: SyntaxWarning: \""is not\"" with 'int' literal. Did you mean \""!=\""?\r\n  if len(base_split) is not 1:\r\n.\\sympy\\polys\\agca\\modules.py:351: SyntaxWarning: \""is\"" with 'int' literal. Did you mean \""==\""?\r\n  elif elem is 0:\r\n.\\sympy\\solvers\\diophantine.py:3188: SyntaxWarning: \""is\"" with 'int' literal. Did you mean \""==\""?\r\n  if feasible is 1:  # it's prime and k == 2\r\n.\\sympy\\vector\\coordsysrect.py:171: SyntaxWa"", ""stdout_tail"": """", ""stderr_tail"": ""rsection(Ray3D(Point3D(0, 2, 3), Point3D(1, 0, 3)))) is 0\r\n.\\sympy\\integrals\\rubi\\tests\\test_1_4.py:60: SyntaxWarning: list indices must be integers or slices, not tuple; perhaps you missed a comma?\r\n  [(a + b*x)**m*(c + d*x)**n*(e + f*x)**p/(g + h*x), x, S(0), Integrate((a + b*x)**m*(c + d*x)**n*(e + f*x)**p/(g + h*x), x)]\r\n.\\sympy\\physics\\vector\\printing.py:150: SyntaxWarning: \""is not\"" with 'int' literal. Did you mean \""!=\""?\r\n  if len(base_split) is not 1:\r\n.\\sympy\\polys\\agca\\modules.py:351: SyntaxWarning: \""is\"" with 'int' literal. Did you mean \""==\""?\r\n  elif elem is 0:\r\n.\\sympy\\solvers\\diophantine.py:3188: SyntaxWarning: \""is\"" with 'int' literal. Did you mean \""==\""?\r\n  if feasible is 1:  # it's prime and k == 2\r\n.\\sympy\\vector\\coordsysrect.py:171: SyntaxWarning: \""is\"" with 'str' literal. Did you mean \""==\""?\r\n  if transformation.name is 'spherical':\r\n.\\sympy\\vector\\coordsysrect.py:173: SyntaxWarning: \""is\"" with 'str' literal. Did you mean \""==\""?\r\n  elif transformation.name is 'cylindrical':\r\n""}, ""future_test"": {""returncode"": 4, ""timed_out"": false, ""duration_seconds"": 0.427, ""stdout_sha256"": ""ba9e2444dc3c22074044f39b39e0c8c9d178a82c6f41baec35502b9c47eec178"", ""stderr_sha256"": ""4c8ffe837f3572037e50f2f5765a88e4811cc2c3494c29adc9947ab5f0046e7e"", ""stdout_head"": ""\r\nno tests ran in 0.00s\r\n"", ""stderr_head"": ""ERROR: file or directory not found: test_sinc\r\n\r\n"", ""stdout_tail"": ""\r\nno tests ran in 0.00s\r\n"", ""stderr_tail"": ""ERROR: file or directory not found: test_sinc\r\n\r\n""}}","Provider-free 30-task five-checkpoint replay frame. Rows combine the d7 feasibility frame with 30/90/180/365-day human and OrcaLoca replays. The evaluator is F2P-only and fixed-method; no survival, semantic, behavioral, adaptation, or causal estimate is promoted."
sympy__sympy-11870,issue_resolution,sympy/sympy,python,5c2e1f96a7ff562d4a778f4ca9ffc9c81557197e,OrcaLoca,NA,NA,NA,sympy__sympy-11870-d7,NA,NA,7,checkpoint_replay_completed,True,0.0,NA,NA,NA,NA,NA,build_or_future_test_failure,41e59dd7e92350a90c792944953a7203325a6c4a,SWE-bench Lite local record; F2P-only pilot,3e43fbd361bacf5163f130a8c8c161caf8a83d24407dea31d4ef8d256555e03b,True,27b6c0a8d949725f2e5c3855fae727fc7febc3bc,exact_changed_line_match,"future repository FAIL_TO_PASS node IDs only; no test patch injection, PASS_TO_PASS, augmented, or behavioral check","{""build"": {""returncode"": 0, ""timed_out"": false, ""duration_seconds"": 18.506, ""stdout_sha256"": ""e3b0c44298fc1c149afbf4c8996fb92427ae41e4649b934ca495991b7852b855"", ""stderr_sha256"": ""597a2215f3339f88a412fe5f7e6a9260da9612c459446f7a0c9b410a860c5601"", ""stdout_head"": """", ""stderr_head"": "".\\doc\\ext\\docscrape.py:287: SyntaxWarning: invalid escape sequence '\\w'\r\n  if re.compile('^([\\w., ]+=)?\\s*[\\w\\.]+\\(.*\\)$').match(summary_str):\r\n.\\doc\\ext\\docscrape.py:341: SyntaxWarning: invalid escape sequence '\\*'\r\n  return [self['Signature'].replace('*', '\\*')] + ['']\r\n.\\doc\\ext\\docscrape.py:469: SyntaxWarning: invalid escape sequence '\\*'\r\n  argspec = argspec.replace('*', '\\*')\r\n.\\doc\\ext\\docscrape.py:487: SyntaxWarning: invalid escape sequence '\\*'\r\n  signature = self['Signature'].replace('*', '\\*')\r\n.\\examples\\intermediate\\mplot2d.py:23: SyntaxWarning: invalid escape sequence '\\S'\r\n  warnings.filterwarnings(\""ignore\"", \""Could not match \\S\"")\r\n.\\examples\\intermediate\\mplot3d.py:22: SyntaxWarning: invalid escape sequence '\\S'\r\n  warnings.filterwarnings(\""ignore\"", \""Could not match \\S\"")\r\n.\\examples\\intermediate\\sample.py:4: SyntaxWarning: invalid escape sequence '\\m'\r\n  See examples\\mplot2d.py and examples\\mplot3d.py for usable 2d and 3d\r\n.\\examples\\intermediate\\sample.py:16: SyntaxWarning: invalid escape sequence '\\m'\r\n  syntax. See examples\\mplot2d.py.\r\n.\\examples\\intermediate\\sample.py:47: SyntaxWarning: invalid escape sequence '\\m'\r\n  syntax. See examples\\mplot3d.py.\r\n.\\examples\\intermediate\\vandermonde.py:121: SyntaxWarning: invalid escape sequence '\\s'\r\n  print(\""Computing the determinant and comparing to \\sum_{0<i<j<=3}(a_j - a_i)\"")\r\n.\\examples\\intermediate\\vandermonde.py:130: SyntaxWarning: invalid escape sequence '\\s'\r\n  \\sum   = %(sum)s\r\n.\\sympy\\core\\tests\\test_containers.py:55: SyntaxWarning: \""is not\"" with 'tuple' literal. Did you mean \""!=\""?\r\n  assert Tuple(1, 2) is not (1, 2)\r\n.\\sympy\\geometry\\tests\\test_plane.py:184: SyntaxWarning: \""is\"" with 'int' literal. Did you mean \""==\""?\r\n  assert len(pl8.intersection(Ray3D(Point3D(0, 2, 3), Point3D(1, 0, 3)))) is 0\r\n.\\sympy\\integrals\\rubi\\tests\\test_1_4.py:60: SyntaxWarning: list indices must be integers or slices, not tuple; perhaps you missed a comma?\r\n  [(a + b*x)**m*(c + d*x)**n*(e + f*x)**p/(g + h*x), x, S(0), Integrate((a + b*x)**m*(c + d*x)**n*(e + f*x)**p/(g + h*x), x)]\r\n.\\sympy\\physics\\vector\\printing.py:150: SyntaxWarning: \""is not\"" with 'int' literal. Did you mean \""!=\""?\r\n  if len(base_split) is not 1:\r\n.\\sympy\\polys\\agca\\modules.py:351: SyntaxWarning: \""is\"" with 'int' literal. Did you mean \""==\""?\r\n  elif elem is 0:\r\n.\\sympy\\solvers\\diophantine.py:3188: SyntaxWarning: \""is\"" with 'int' literal. Did you mean \""==\""?\r\n  if feasible is 1:  # it's prime and k == 2\r\n.\\sympy\\vector\\coordsysrect.py:171: SyntaxWa"", ""stdout_tail"": """", ""stderr_tail"": ""rsection(Ray3D(Point3D(0, 2, 3), Point3D(1, 0, 3)))) is 0\r\n.\\sympy\\integrals\\rubi\\tests\\test_1_4.py:60: SyntaxWarning: list indices must be integers or slices, not tuple; perhaps you missed a comma?\r\n  [(a + b*x)**m*(c + d*x)**n*(e + f*x)**p/(g + h*x), x, S(0), Integrate((a + b*x)**m*(c + d*x)**n*(e + f*x)**p/(g + h*x), x)]\r\n.\\sympy\\physics\\vector\\printing.py:150: SyntaxWarning: \""is not\"" with 'int' literal. Did you mean \""!=\""?\r\n  if len(base_split) is not 1:\r\n.\\sympy\\polys\\agca\\modules.py:351: SyntaxWarning: \""is\"" with 'int' literal. Did you mean \""==\""?\r\n  elif elem is 0:\r\n.\\sympy\\solvers\\diophantine.py:3188: SyntaxWarning: \""is\"" with 'int' literal. Did you mean \""==\""?\r\n  if feasible is 1:  # it's prime and k == 2\r\n.\\sympy\\vector\\coordsysrect.py:171: SyntaxWarning: \""is\"" with 'str' literal. Did you mean \""==\""?\r\n  if transformation.name is 'spherical':\r\n.\\sympy\\vector\\coordsysrect.py:173: SyntaxWarning: \""is\"" with 'str' literal. Did you mean \""==\""?\r\n  elif transformation.name is 'cylindrical':\r\n""}, ""future_test"": {""returncode"": 4, ""timed_out"": false, ""duration_seconds"": 0.455, ""stdout_sha256"": ""ba9e2444dc3c22074044f39b39e0c8c9d178a82c6f41baec35502b9c47eec178"", ""stderr_sha256"": ""4c8ffe837f3572037e50f2f5765a88e4811cc2c3494c29adc9947ab5f0046e7e"", ""stdout_head"": ""\r\nno tests ran in 0.00s\r\n"", ""stderr_head"": ""ERROR: file or directory not found: test_sinc\r\n\r\n"", ""stdout_tail"": ""\r\nno tests ran in 0.00s\r\n"", ""stderr_tail"": ""ERROR: file or directory not found: test_sinc\r\n\r\n""}}","Provider-free 30-task five-checkpoint replay frame. Rows combine the d7 feasibility frame with 30/90/180/365-day human and OrcaLoca replays. The evaluator is F2P-only and fixed-method; no survival, semantic, behavioral, adaptation, or causal estimate is promoted."
sympy__sympy-12171,issue_resolution,sympy/sympy,python,ca6ef27272be31c9dc3753ede9232c39df9a75d8,human,NA,NA,NA,sympy__sympy-12171-d7,NA,NA,7,checkpoint_replay_completed,True,0.0,NA,NA,NA,NA,NA,build_or_future_test_failure,b0cd9815155815fff24563f8483762f58c5a0139,SWE-bench Lite local record; F2P-only pilot,44ff6d656d8ce81cf1010326235df148a0146a8e736aad4186d597e272f66243,False,278c050255dc4f5942338de97b986560cb6794b8,exact_changed_line_match,"future repository FAIL_TO_PASS node IDs only; no test patch injection, PASS_TO_PASS, augmented, or behavioral check","{""build"": {""returncode"": 0, ""timed_out"": false, ""duration_seconds"": 13.046, ""stdout_sha256"": ""e3b0c44298fc1c149afbf4c8996fb92427ae41e4649b934ca495991b7852b855"", ""stderr_sha256"": ""cdafa068024f63971cc0b761405c10e4d35e17e2f749dd8294aaa444563bc865"", ""stdout_head"": """", ""stderr_head"": "".\\doc\\ext\\docscrape.py:287: SyntaxWarning: invalid escape sequence '\\w'\r\n  if re.compile('^([\\w., ]+=)?\\s*[\\w\\.]+\\(.*\\)$').match(summary_str):\r\n.\\doc\\ext\\docscrape.py:341: SyntaxWarning: invalid escape sequence '\\*'\r\n  return [self['Signature'].replace('*', '\\*')] + ['']\r\n.\\doc\\ext\\docscrape.py:469: SyntaxWarning: invalid escape sequence '\\*'\r\n  argspec = argspec.replace('*', '\\*')\r\n.\\doc\\ext\\docscrape.py:487: SyntaxWarning: invalid escape sequence '\\*'\r\n  signature = self['Signature'].replace('*', '\\*')\r\n.\\examples\\intermediate\\mplot2d.py:23: SyntaxWarning: invalid escape sequence '\\S'\r\n  warnings.filterwarnings(\""ignore\"", \""Could not match \\S\"")\r\n.\\examples\\intermediate\\mplot3d.py:22: SyntaxWarning: invalid escape sequence '\\S'\r\n  warnings.filterwarnings(\""ignore\"", \""Could not match \\S\"")\r\n.\\examples\\intermediate\\sample.py:4: SyntaxWarning: invalid escape sequence '\\m'\r\n  See examples\\mplot2d.py and examples\\mplot3d.py for usable 2d and 3d\r\n.\\examples\\intermediate\\sample.py:16: SyntaxWarning: invalid escape sequence '\\m'\r\n  syntax. See examples\\mplot2d.py.\r\n.\\examples\\intermediate\\sample.py:47: SyntaxWarning: invalid escape sequence '\\m'\r\n  syntax. See examples\\mplot3d.py.\r\n.\\examples\\intermediate\\vandermonde.py:121: SyntaxWarning: invalid escape sequence '\\s'\r\n  print(\""Computing the determinant and comparing to \\sum_{0<i<j<=3}(a_j - a_i)\"")\r\n.\\examples\\intermediate\\vandermonde.py:130: SyntaxWarning: invalid escape sequence '\\s'\r\n  \\sum   = %(sum)s\r\n.\\sympy\\calculus\\finite_diff.py:425: SyntaxWarning: invalid escape sequence '\\*'\r\n  \\*symbols : differentiate with respect to symbols\r\n.\\sympy\\calculus\\util.py:469: SyntaxWarning: invalid escape sequence '\\l'\r\n  `\\langle a, b\\rangle = \\{x \\in \\mathbb{R} \\mid a \\le x \\le b\\}`\r\n.\\sympy\\combinatorics\\fp_groups.py:864: SyntaxWarning: invalid escape sequence '\\l'\r\n  `0, 1, , \\ldots, n`. \""Standardize\"" reorders the elements of `\\Omega`\r\n.\\sympy\\combinatorics\\perm_groups.py:1127: SyntaxWarning: invalid escape sequence '\\i'\r\n  by all commutators `[g, h] = hgh^{-1}g^{-1}` for `g, h\\in G` ; it is\r\n.\\sympy\\combinatorics\\perm_groups.py:1624: SyntaxWarning: invalid escape sequence '\\{'\r\n  minimal_block to search for blocks of the form `\\{0, k\\}` for ``k``\r\n.\\sympy\\combinatorics\\perm_groups.py:2840: SyntaxWarning: invalid escape sequence '\\{'\r\n  A generating set `S = \\{g_1, g_2, ..., g_t\\}` for a permutation group\r\n.\\sympy\\combinatorics\\perm_groups.py:3124: SyntaxWarning: invalid escape sequence '\\O'\r\n  A permutation group `G` act"", ""stdout_tail"": """", ""stderr_tail"": ""'\r\n  >>> print(rawlines(s)) # the \\\\ appears as \\ when printed\r\n.\\sympy\\utilities\\runtests.py:531: SyntaxWarning: invalid escape sequence '\\*'\r\n  Runs doctests in all \\*.py files in the sympy directory which match\r\n.\\sympy\\utilities\\runtests.py:1318: SyntaxWarning: invalid escape sequence '\\*'\r\n  Returns the list of \\*.py files (default) from which docstrings\r\n.\\sympy\\utilities\\runtests.py:1564: SyntaxWarning: invalid escape sequence '\\d'\r\n  matches = re.findall(\""line \\d+\"", name)\r\n.\\sympy\\utilities\\runtests.py:1772: SyntaxWarning: invalid escape sequence '\\s'\r\n  want = re.sub('(?m)^%s\\s*?$' % re.escape(pdoctest.BLANKLINE_MARKER),\r\n.\\sympy\\utilities\\runtests.py:1776: SyntaxWarning: invalid escape sequence '\\s'\r\n  got = re.sub('(?m)^\\s*?$', '', got)\r\n.\\sympy\\vector\\dyadic.py:260: SyntaxWarning: invalid escape sequence '\\m'\r\n  _latex_form = '(\\mathbf{\\hat{0}}|\\mathbf{\\hat{0}})'\r\n.\\sympy\\vector\\vector.py:453: SyntaxWarning: invalid escape sequence '\\m'\r\n  _latex_form = '\\mathbf{\\hat{0}}'\r\n""}, ""future_test"": {""returncode"": 4, ""timed_out"": false, ""duration_seconds"": 0.408, ""stdout_sha256"": ""ba9e2444dc3c22074044f39b39e0c8c9d178a82c6f41baec35502b9c47eec178"", ""stderr_sha256"": ""923e6a695c5a62e34c0e212e7c22e3e2132051c1e24b5fa6a13ec7bde3e48c31"", ""stdout_head"": ""\r\nno tests ran in 0.00s\r\n"", ""stderr_head"": ""ERROR: file or directory not found: test_Derivative\r\n\r\n"", ""stdout_tail"": ""\r\nno tests ran in 0.00s\r\n"", ""stderr_tail"": ""ERROR: file or directory not found: test_Derivative\r\n\r\n""}}","Provider-free 30-task five-checkpoint replay frame. Rows combine the d7 feasibility frame with 30/90/180/365-day human and OrcaLoca replays. The evaluator is F2P-only and fixed-method; no survival, semantic, behavioral, adaptation, or causal estimate is promoted."
sympy__sympy-12171,issue_resolution,sympy/sympy,python,ca6ef27272be31c9dc3753ede9232c39df9a75d8,OrcaLoca,NA,NA,NA,sympy__sympy-12171-d7,NA,NA,7,checkpoint_replay_completed,True,0.0,NA,NA,NA,NA,NA,build_or_future_test_failure,b0cd9815155815fff24563f8483762f58c5a0139,SWE-bench Lite local record; F2P-only pilot,5e519a2c639d495eea609be17f3d1da73ada64bf541cf8ef9fb6f4dfe7ecddf8,True,278c050255dc4f5942338de97b986560cb6794b8,exact_changed_line_match,"future repository FAIL_TO_PASS node IDs only; no test patch injection, PASS_TO_PASS, augmented, or behavioral check","{""build"": {""returncode"": 0, ""timed_out"": false, ""duration_seconds"": 11.645, ""stdout_sha256"": ""e3b0c44298fc1c149afbf4c8996fb92427ae41e4649b934ca495991b7852b855"", ""stderr_sha256"": ""cdafa068024f63971cc0b761405c10e4d35e17e2f749dd8294aaa444563bc865"", ""stdout_head"": """", ""stderr_head"": "".\\doc\\ext\\docscrape.py:287: SyntaxWarning: invalid escape sequence '\\w'\r\n  if re.compile('^([\\w., ]+=)?\\s*[\\w\\.]+\\(.*\\)$').match(summary_str):\r\n.\\doc\\ext\\docscrape.py:341: SyntaxWarning: invalid escape sequence '\\*'\r\n  return [self['Signature'].replace('*', '\\*')] + ['']\r\n.\\doc\\ext\\docscrape.py:469: SyntaxWarning: invalid escape sequence '\\*'\r\n  argspec = argspec.replace('*', '\\*')\r\n.\\doc\\ext\\docscrape.py:487: SyntaxWarning: invalid escape sequence '\\*'\r\n  signature = self['Signature'].replace('*', '\\*')\r\n.\\examples\\intermediate\\mplot2d.py:23: SyntaxWarning: invalid escape sequence '\\S'\r\n  warnings.filterwarnings(\""ignore\"", \""Could not match \\S\"")\r\n.\\examples\\intermediate\\mplot3d.py:22: SyntaxWarning: invalid escape sequence '\\S'\r\n  warnings.filterwarnings(\""ignore\"", \""Could not match \\S\"")\r\n.\\examples\\intermediate\\sample.py:4: SyntaxWarning: invalid escape sequence '\\m'\r\n  See examples\\mplot2d.py and examples\\mplot3d.py for usable 2d and 3d\r\n.\\examples\\intermediate\\sample.py:16: SyntaxWarning: invalid escape sequence '\\m'\r\n  syntax. See examples\\mplot2d.py.\r\n.\\examples\\intermediate\\sample.py:47: SyntaxWarning: invalid escape sequence '\\m'\r\n  syntax. See examples\\mplot3d.py.\r\n.\\examples\\intermediate\\vandermonde.py:121: SyntaxWarning: invalid escape sequence '\\s'\r\n  print(\""Computing the determinant and comparing to \\sum_{0<i<j<=3}(a_j - a_i)\"")\r\n.\\examples\\intermediate\\vandermonde.py:130: SyntaxWarning: invalid escape sequence '\\s'\r\n  \\sum   = %(sum)s\r\n.\\sympy\\calculus\\finite_diff.py:425: SyntaxWarning: invalid escape sequence '\\*'\r\n  \\*symbols : differentiate with respect to symbols\r\n.\\sympy\\calculus\\util.py:469: SyntaxWarning: invalid escape sequence '\\l'\r\n  `\\langle a, b\\rangle = \\{x \\in \\mathbb{R} \\mid a \\le x \\le b\\}`\r\n.\\sympy\\combinatorics\\fp_groups.py:864: SyntaxWarning: invalid escape sequence '\\l'\r\n  `0, 1, , \\ldots, n`. \""Standardize\"" reorders the elements of `\\Omega`\r\n.\\sympy\\combinatorics\\perm_groups.py:1127: SyntaxWarning: invalid escape sequence '\\i'\r\n  by all commutators `[g, h] = hgh^{-1}g^{-1}` for `g, h\\in G` ; it is\r\n.\\sympy\\combinatorics\\perm_groups.py:1624: SyntaxWarning: invalid escape sequence '\\{'\r\n  minimal_block to search for blocks of the form `\\{0, k\\}` for ``k``\r\n.\\sympy\\combinatorics\\perm_groups.py:2840: SyntaxWarning: invalid escape sequence '\\{'\r\n  A generating set `S = \\{g_1, g_2, ..., g_t\\}` for a permutation group\r\n.\\sympy\\combinatorics\\perm_groups.py:3124: SyntaxWarning: invalid escape sequence '\\O'\r\n  A permutation group `G` act"", ""stdout_tail"": """", ""stderr_tail"": ""'\r\n  >>> print(rawlines(s)) # the \\\\ appears as \\ when printed\r\n.\\sympy\\utilities\\runtests.py:531: SyntaxWarning: invalid escape sequence '\\*'\r\n  Runs doctests in all \\*.py files in the sympy directory which match\r\n.\\sympy\\utilities\\runtests.py:1318: SyntaxWarning: invalid escape sequence '\\*'\r\n  Returns the list of \\*.py files (default) from which docstrings\r\n.\\sympy\\utilities\\runtests.py:1564: SyntaxWarning: invalid escape sequence '\\d'\r\n  matches = re.findall(\""line \\d+\"", name)\r\n.\\sympy\\utilities\\runtests.py:1772: SyntaxWarning: invalid escape sequence '\\s'\r\n  want = re.sub('(?m)^%s\\s*?$' % re.escape(pdoctest.BLANKLINE_MARKER),\r\n.\\sympy\\utilities\\runtests.py:1776: SyntaxWarning: invalid escape sequence '\\s'\r\n  got = re.sub('(?m)^\\s*?$', '', got)\r\n.\\sympy\\vector\\dyadic.py:260: SyntaxWarning: invalid escape sequence '\\m'\r\n  _latex_form = '(\\mathbf{\\hat{0}}|\\mathbf{\\hat{0}})'\r\n.\\sympy\\vector\\vector.py:453: SyntaxWarning: invalid escape sequence '\\m'\r\n  _latex_form = '\\mathbf{\\hat{0}}'\r\n""}, ""future_test"": {""returncode"": 4, ""timed_out"": false, ""duration_seconds"": 0.404, ""stdout_sha256"": ""ba9e2444dc3c22074044f39b39e0c8c9d178a82c6f41baec35502b9c47eec178"", ""stderr_sha256"": ""923e6a695c5a62e34c0e212e7c22e3e2132051c1e24b5fa6a13ec7bde3e48c31"", ""stdout_head"": ""\r\nno tests ran in 0.00s\r\n"", ""stderr_head"": ""ERROR: file or directory not found: test_Derivative\r\n\r\n"", ""stdout_tail"": ""\r\nno tests ran in 0.00s\r\n"", ""stderr_tail"": ""ERROR: file or directory not found: test_Derivative\r\n\r\n""}}","Provider-free 30-task five-checkpoint replay frame. Rows combine the d7 feasibility frame with 30/90/180/365-day human and OrcaLoca replays. The evaluator is F2P-only and fixed-method; no survival, semantic, behavioral, adaptation, or causal estimate is promoted."
astropy__astropy-14995,issue_resolution,astropy/astropy,python,b16c7d12ccbc7b2d20364b89fb44285bcbfede54,human,NA,NA,NA,astropy__astropy-14995-d7,NA,NA,7,checkpoint_replay_completed,True,0.0,NA,NA,NA,NA,NA,build_or_future_test_failure,c0702dae400e4a3445afcb62e65e298b9d2f7465,SWE-bench Lite local record; F2P-only pilot,370b3ff97b3a0627c29b74cf0b60bae46fe75edcd35a8d121c2dbe0f0421899a,False,c0702dae400e4a3445afcb62e65e298b9d2f7465,exact_changed_line_match,"future repository FAIL_TO_PASS node IDs only; no test patch injection, PASS_TO_PASS, augmented, or behavioral check","{""build"": {""returncode"": 0, ""timed_out"": false, ""duration_seconds"": 9.819, ""stdout_sha256"": ""e3b0c44298fc1c149afbf4c8996fb92427ae41e4649b934ca495991b7852b855"", ""stderr_sha256"": ""e3b0c44298fc1c149afbf4c8996fb92427ae41e4649b934ca495991b7852b855"", ""stdout_head"": """", ""stderr_head"": """", ""stdout_tail"": """", ""stderr_tail"": """"}, ""future_test"": {""returncode"": 4, ""timed_out"": false, ""duration_seconds"": 0.465, ""stdout_sha256"": ""e3b0c44298fc1c149afbf4c8996fb92427ae41e4649b934ca495991b7852b855"", ""stderr_sha256"": ""8de781fb2b9fbc0fd40f25d9f79a3ea690531a376f4553b92c6a982ddb1ef00f"", ""stdout_head"": """", ""stderr_head"": ""ImportError while loading conftest '[LOCAL_DRIVE]/lossoracc\\analysis_outputs\\work2_30_task_first_checkpoint_replay_20260901_isolated\\scratch\\task_y87nlnx9\\branch_human\\conftest.py'.\r\nconftest.py:9: in <module>\r\n    import hypothesis\r\nE   ModuleNotFoundError: No module named 'hypothesis'\r\n"", ""stdout_tail"": """", ""stderr_tail"": ""ImportError while loading conftest '[LOCAL_DRIVE]/lossoracc\\analysis_outputs\\work2_30_task_first_checkpoint_replay_20260901_isolated\\scratch\\task_y87nlnx9\\branch_human\\conftest.py'.\r\nconftest.py:9: in <module>\r\n    import hypothesis\r\nE   ModuleNotFoundError: No module named 'hypothesis'\r\n""}}","Provider-free 30-task five-checkpoint replay frame. Rows combine the d7 feasibility frame with 30/90/180/365-day human and OrcaLoca replays. The evaluator is F2P-only and fixed-method; no survival, semantic, behavioral, adaptation, or causal estimate is promoted."
astropy__astropy-14995,issue_resolution,astropy/astropy,python,b16c7d12ccbc7b2d20364b89fb44285bcbfede54,OrcaLoca,NA,NA,NA,astropy__astropy-14995-d7,NA,NA,7,checkpoint_replay_completed,True,0.0,NA,NA,NA,NA,NA,build_or_future_test_failure,c0702dae400e4a3445afcb62e65e298b9d2f7465,SWE-bench Lite local record; F2P-only pilot,7b99818a61f962d9fc42bb239368c86fe2fc3cd3866ffcfa153c94779881054e,True,c0702dae400e4a3445afcb62e65e298b9d2f7465,exact_changed_line_match,"future repository FAIL_TO_PASS node IDs only; no test patch injection, PASS_TO_PASS, augmented, or behavioral check","{""build"": {""returncode"": 0, ""timed_out"": false, ""duration_seconds"": 9.802, ""stdout_sha256"": ""e3b0c44298fc1c149afbf4c8996fb92427ae41e4649b934ca495991b7852b855"", ""stderr_sha256"": ""e3b0c44298fc1c149afbf4c8996fb92427ae41e4649b934ca495991b7852b855"", ""stdout_head"": """", ""stderr_head"": """", ""stdout_tail"": """", ""stderr_tail"": """"}, ""future_test"": {""returncode"": 4, ""timed_out"": false, ""duration_seconds"": 0.422, ""stdout_sha256"": ""e3b0c44298fc1c149afbf4c8996fb92427ae41e4649b934ca495991b7852b855"", ""stderr_sha256"": ""97476c2197a4a2fc846689b840931dc3dea991ed56a8ef0028958d21f20badb1"", ""stdout_head"": """", ""stderr_head"": ""ImportError while loading conftest '[LOCAL_DRIVE]/lossoracc\\analysis_outputs\\work2_30_task_first_checkpoint_replay_20260901_isolated\\scratch\\task_y87nlnx9\\branch_OrcaLoca\\conftest.py'.\r\nconftest.py:9: in <module>\r\n    import hypothesis\r\nE   ModuleNotFoundError: No module named 'hypothesis'\r\n"", ""stdout_tail"": """", ""stderr_tail"": ""ImportError while loading conftest '[LOCAL_DRIVE]/lossoracc\\analysis_outputs\\work2_30_task_first_checkpoint_replay_20260901_isolated\\scratch\\task_y87nlnx9\\branch_OrcaLoca\\conftest.py'.\r\nconftest.py:9: in <module>\r\n    import hypothesis\r\nE   ModuleNotFoundError: No module named 'hypothesis'\r\n""}}","Provider-free 30-task five-checkpoint replay frame. Rows combine the d7 feasibility frame with 30/90/180/365-day human and OrcaLoca replays. The evaluator is F2P-only and fixed-method; no survival, semantic, behavioral, adaptation, or causal estimate is promoted."
matplotlib__matplotlib-23476,issue_resolution,matplotlib/matplotlib,python,33a0599711d26dc2b79f851c6daed4947df7c167,human,NA,NA,NA,matplotlib__matplotlib-23476-d7,NA,NA,7,checkpoint_replay_completed,True,0.0,NA,NA,NA,NA,NA,build_or_future_test_failure,3c748ff8a6e249d7f0812210198b6edf7952b6b1,SWE-bench Lite local record; F2P-only pilot,0d25d0202773e4f51f9b66bd1264428152e9c3e8ef71cb953ce0440eed7dcc60,False,330124862b46dc003ff3e38427efcc9000b9d7ab,exact_changed_line_match,"future repository FAIL_TO_PASS node IDs only; no test patch injection, PASS_TO_PASS, augmented, or behavioral check","{""build"": {""returncode"": 0, ""timed_out"": false, ""duration_seconds"": 9.105, ""stdout_sha256"": ""e3b0c44298fc1c149afbf4c8996fb92427ae41e4649b934ca495991b7852b855"", ""stderr_sha256"": ""e3b0c44298fc1c149afbf4c8996fb92427ae41e4649b934ca495991b7852b855"", ""stdout_head"": """", ""stderr_head"": """", ""stdout_tail"": """", ""stderr_tail"": """"}, ""future_test"": {""returncode"": 4, ""timed_out"": false, ""duration_seconds"": 1.046, ""stdout_sha256"": ""e3b0c44298fc1c149afbf4c8996fb92427ae41e4649b934ca495991b7852b855"", ""stderr_sha256"": ""43ab34009c263c4b3760c0179881d627a8f57c54df79ccd3d4444ed212520987"", ""stdout_head"": """", ""stderr_head"": ""ImportError while loading conftest '[LOCAL_DRIVE]/lossoracc\\analysis_outputs\\work2_30_task_first_checkpoint_replay_20260901_isolated\\scratch\\task_5n89ebci\\branch_human\\lib\\matplotlib\\tests\\conftest.py'.\r\nlib\\matplotlib\\__init__.py:113: in <module>\r\n    from . import _api, _version, cbook, _docstring, rcsetup\r\nlib\\matplotlib\\cbook\\__init__.py:31: in <module>\r\n    from matplotlib import _api, _c_internal_utils\r\nE   ImportError: cannot import name '_c_internal_utils' from partially initialized module 'matplotlib' (most likely due to a circular import) ([LOCAL_DRIVE]/lossoracc\\analysis_outputs\\work2_30_task_first_checkpoint_replay_20260901_isolated\\scratch\\task_5n89ebci\\branch_human\\lib\\matplotlib\\__init__.py)\r\n"", ""stdout_tail"": """", ""stderr_tail"": ""ImportError while loading conftest '[LOCAL_DRIVE]/lossoracc\\analysis_outputs\\work2_30_task_first_checkpoint_replay_20260901_isolated\\scratch\\task_5n89ebci\\branch_human\\lib\\matplotlib\\tests\\conftest.py'.\r\nlib\\matplotlib\\__init__.py:113: in <module>\r\n    from . import _api, _version, cbook, _docstring, rcsetup\r\nlib\\matplotlib\\cbook\\__init__.py:31: in <module>\r\n    from matplotlib import _api, _c_internal_utils\r\nE   ImportError: cannot import name '_c_internal_utils' from partially initialized module 'matplotlib' (most likely due to a circular import) ([LOCAL_DRIVE]/lossoracc\\analysis_outputs\\work2_30_task_first_checkpoint_replay_20260901_isolated\\scratch\\task_5n89ebci\\branch_human\\lib\\matplotlib\\__init__.py)\r\n""}}","Provider-free 30-task five-checkpoint replay frame. Rows combine the d7 feasibility frame with 30/90/180/365-day human and OrcaLoca replays. The evaluator is F2P-only and fixed-method; no survival, semantic, behavioral, adaptation, or causal estimate is promoted."
matplotlib__matplotlib-23476,issue_resolution,matplotlib/matplotlib,python,33a0599711d26dc2b79f851c6daed4947df7c167,OrcaLoca,NA,NA,NA,matplotlib__matplotlib-23476-d7,NA,NA,7,checkpoint_replay_completed,True,0.0,NA,NA,NA,NA,NA,build_or_future_test_failure,3c748ff8a6e249d7f0812210198b6edf7952b6b1,SWE-bench Lite local record; F2P-only pilot,aec756a20ae8b04ec6c6cf2ddf07d0cb0a76bd456e0c5264473de823d0d9731e,True,330124862b46dc003ff3e38427efcc9000b9d7ab,exact_changed_line_match,"future repository FAIL_TO_PASS node IDs only; no test patch injection, PASS_TO_PASS, augmented, or behavioral check","{""build"": {""returncode"": 0, ""timed_out"": false, ""duration_seconds"": 8.883, ""stdout_sha256"": ""e3b0c44298fc1c149afbf4c8996fb92427ae41e4649b934ca495991b7852b855"", ""stderr_sha256"": ""e3b0c44298fc1c149afbf4c8996fb92427ae41e4649b934ca495991b7852b855"", ""stdout_head"": """", ""stderr_head"": """", ""stdout_tail"": """", ""stderr_tail"": """"}, ""future_test"": {""returncode"": 4, ""timed_out"": false, ""duration_seconds"": 0.521, ""stdout_sha256"": ""e3b0c44298fc1c149afbf4c8996fb92427ae41e4649b934ca495991b7852b855"", ""stderr_sha256"": ""c042fa74eb26cb4fab35ca2e71d842414d5282c81cb8144968df9453035073a3"", ""stdout_head"": """", ""stderr_head"": ""ImportError while loading conftest '[LOCAL_DRIVE]/lossoracc\\analysis_outputs\\work2_30_task_first_checkpoint_replay_20260901_isolated\\scratch\\task_5n89ebci\\branch_OrcaLoca\\lib\\matplotlib\\tests\\conftest.py'.\r\nlib\\matplotlib\\__init__.py:113: in <module>\r\n    from . import _api, _version, cbook, _docstring, rcsetup\r\nlib\\matplotlib\\cbook\\__init__.py:31: in <module>\r\n    from matplotlib import _api, _c_internal_utils\r\nE   ImportError: cannot import name '_c_internal_utils' from partially initialized module 'matplotlib' (most likely due to a circular import) ([LOCAL_DRIVE]/lossoracc\\analysis_outputs\\work2_30_task_first_checkpoint_replay_20260901_isolated\\scratch\\task_5n89ebci\\branch_OrcaLoca\\lib\\matplotlib\\__init__.py)\r\n"", ""stdout_tail"": """", ""stderr_tail"": ""ImportError while loading conftest '[LOCAL_DRIVE]/lossoracc\\analysis_outputs\\work2_30_task_first_checkpoint_replay_20260901_isolated\\scratch\\task_5n89ebci\\branch_OrcaLoca\\lib\\matplotlib\\tests\\conftest.py'.\r\nlib\\matplotlib\\__init__.py:113: in <module>\r\n    from . import _api, _version, cbook, _docstring, rcsetup\r\nlib\\matplotlib\\cbook\\__init__.py:31: in <module>\r\n    from matplotlib import _api, _c_internal_utils\r\nE   ImportError: cannot import name '_c_internal_utils' from partially initialized module 'matplotlib' (most likely due to a circular import) ([LOCAL_DRIVE]/lossoracc\\analysis_outputs\\work2_30_task_first_checkpoint_replay_20260901_isolated\\scratch\\task_5n89ebci\\branch_OrcaLoca\\lib\\matplotlib\\__init__.py)\r\n""}}","Provider-free 30-task five-checkpoint replay frame. Rows combine the d7 feasibility frame with 30/90/180/365-day human and OrcaLoca replays. The evaluator is F2P-only and fixed-method; no survival, semantic, behavioral, adaptation, or causal estimate is promoted."
matplotlib__matplotlib-23562,issue_resolution,matplotlib/matplotlib,python,29a86636a9c45ab5ac4d80ac76eaee497f460dce,human,NA,NA,NA,matplotlib__matplotlib-23562-d7,NA,NA,7,checkpoint_replay_completed,True,0.0,NA,NA,NA,NA,NA,build_or_future_test_failure,37300c359533828e87a3d2e0e3a90fb37c01cdf6,SWE-bench Lite local record; F2P-only pilot,3b180488c3529ec12b650e953281a79f4e3c0f6a107c461374dc807ab53a4f98,False,1fd71a5d23c0856f8005b9f82828d4b7c11b4734,exact_changed_line_match,"future repository FAIL_TO_PASS node IDs only; no test patch injection, PASS_TO_PASS, augmented, or behavioral check","{""build"": {""returncode"": 0, ""timed_out"": false, ""duration_seconds"": 8.743, ""stdout_sha256"": ""e3b0c44298fc1c149afbf4c8996fb92427ae41e4649b934ca495991b7852b855"", ""stderr_sha256"": ""e3b0c44298fc1c149afbf4c8996fb92427ae41e4649b934ca495991b7852b855"", ""stdout_head"": """", ""stderr_head"": """", ""stdout_tail"": """", ""stderr_tail"": """"}, ""future_test"": {""returncode"": 4, ""timed_out"": false, ""duration_seconds"": 0.541, ""stdout_sha256"": ""e3b0c44298fc1c149afbf4c8996fb92427ae41e4649b934ca495991b7852b855"", ""stderr_sha256"": ""e9d38023eb4e8f12a0c9a7b9807e60929f9d1cda71eb82ca95cc4881ea82a977"", ""stdout_head"": """", ""stderr_head"": ""ImportError while loading conftest '[LOCAL_DRIVE]/lossoracc\\analysis_outputs\\work2_30_task_first_checkpoint_replay_20260901_isolated\\scratch\\task_itzbeizu\\branch_human\\lib\\mpl_toolkits\\tests\\conftest.py'.\r\nlib\\mpl_toolkits\\tests\\conftest.py:1: in <module>\r\n    from matplotlib.testing.conftest import (mpl_test_settings,\r\nlib\\matplotlib\\__init__.py:113: in <module>\r\n    from . import _api, _version, cbook, _docstring, rcsetup\r\nlib\\matplotlib\\cbook\\__init__.py:31: in <module>\r\n    from matplotlib import _api, _c_internal_utils\r\nE   ImportError: cannot import name '_c_internal_utils' from partially initialized module 'matplotlib' (most likely due to a circular import) ([LOCAL_DRIVE]/lossoracc\\analysis_outputs\\work2_30_task_first_checkpoint_replay_20260901_isolated\\scratch\\task_itzbeizu\\branch_human\\lib\\matplotlib\\__init__.py)\r\n"", ""stdout_tail"": """", ""stderr_tail"": ""ImportError while loading conftest '[LOCAL_DRIVE]/lossoracc\\analysis_outputs\\work2_30_task_first_checkpoint_replay_20260901_isolated\\scratch\\task_itzbeizu\\branch_human\\lib\\mpl_toolkits\\tests\\conftest.py'.\r\nlib\\mpl_toolkits\\tests\\conftest.py:1: in <module>\r\n    from matplotlib.testing.conftest import (mpl_test_settings,\r\nlib\\matplotlib\\__init__.py:113: in <module>\r\n    from . import _api, _version, cbook, _docstring, rcsetup\r\nlib\\matplotlib\\cbook\\__init__.py:31: in <module>\r\n    from matplotlib import _api, _c_internal_utils\r\nE   ImportError: cannot import name '_c_internal_utils' from partially initialized module 'matplotlib' (most likely due to a circular import) ([LOCAL_DRIVE]/lossoracc\\analysis_outputs\\work2_30_task_first_checkpoint_replay_20260901_isolated\\scratch\\task_itzbeizu\\branch_human\\lib\\matplotlib\\__init__.py)\r\n""}}","Provider-free 30-task five-checkpoint replay frame. Rows combine the d7 feasibility frame with 30/90/180/365-day human and OrcaLoca replays. The evaluator is F2P-only and fixed-method; no survival, semantic, behavioral, adaptation, or causal estimate is promoted."
matplotlib__matplotlib-23562,issue_resolution,matplotlib/matplotlib,python,29a86636a9c45ab5ac4d80ac76eaee497f460dce,OrcaLoca,NA,NA,NA,matplotlib__matplotlib-23562-d7,NA,NA,7,checkpoint_replay_completed,True,0.0,NA,NA,NA,NA,NA,build_or_future_test_failure,37300c359533828e87a3d2e0e3a90fb37c01cdf6,SWE-bench Lite local record; F2P-only pilot,acc841c5c8b4fadaa6837aa663164c29c098f0cf73ce98541c4f665580ffa0ef,True,1fd71a5d23c0856f8005b9f82828d4b7c11b4734,exact_changed_line_match,"future repository FAIL_TO_PASS node IDs only; no test patch injection, PASS_TO_PASS, augmented, or behavioral check","{""build"": {""returncode"": 0, ""timed_out"": false, ""duration_seconds"": 8.781, ""stdout_sha256"": ""e3b0c44298fc1c149afbf4c8996fb92427ae41e4649b934ca495991b7852b855"", ""stderr_sha256"": ""e3b0c44298fc1c149afbf4c8996fb92427ae41e4649b934ca495991b7852b855"", ""stdout_head"": """", ""stderr_head"": """", ""stdout_tail"": """", ""stderr_tail"": """"}, ""future_test"": {""returncode"": 4, ""timed_out"": false, ""duration_seconds"": 0.556, ""stdout_sha256"": ""e3b0c44298fc1c149afbf4c8996fb92427ae41e4649b934ca495991b7852b855"", ""stderr_sha256"": ""5e88865a5c43b23155629d51930864b471f2d72cdacb56a053d2feef96864004"", ""stdout_head"": """", ""stderr_head"": ""ImportError while loading conftest '[LOCAL_DRIVE]/lossoracc\\analysis_outputs\\work2_30_task_first_checkpoint_replay_20260901_isolated\\scratch\\task_itzbeizu\\branch_OrcaLoca\\lib\\mpl_toolkits\\tests\\conftest.py'.\r\nlib\\mpl_toolkits\\tests\\conftest.py:1: in <module>\r\n    from matplotlib.testing.conftest import (mpl_test_settings,\r\nlib\\matplotlib\\__init__.py:113: in <module>\r\n    from . import _api, _version, cbook, _docstring, rcsetup\r\nlib\\matplotlib\\cbook\\__init__.py:31: in <module>\r\n    from matplotlib import _api, _c_internal_utils\r\nE   ImportError: cannot import name '_c_internal_utils' from partially initialized module 'matplotlib' (most likely due to a circular import) ([LOCAL_DRIVE]/lossoracc\\analysis_outputs\\work2_30_task_first_checkpoint_replay_20260901_isolated\\scratch\\task_itzbeizu\\branch_OrcaLoca\\lib\\matplotlib\\__init__.py)\r\n"", ""stdout_tail"": """", ""stderr_tail"": ""ImportError while loading conftest '[LOCAL_DRIVE]/lossoracc\\analysis_outputs\\work2_30_task_first_checkpoint_replay_20260901_isolated\\scratch\\task_itzbeizu\\branch_OrcaLoca\\lib\\mpl_toolkits\\tests\\conftest.py'.\r\nlib\\mpl_toolkits\\tests\\conftest.py:1: in <module>\r\n    from matplotlib.testing.conftest import (mpl_test_settings,\r\nlib\\matplotlib\\__init__.py:113: in <module>\r\n    from . import _api, _version, cbook, _docstring, rcsetup\r\nlib\\matplotlib\\cbook\\__init__.py:31: in <module>\r\n    from matplotlib import _api, _c_internal_utils\r\nE   ImportError: cannot import name '_c_internal_utils' from partially initialized module 'matplotlib' (most likely due to a circular import) ([LOCAL_DRIVE]/lossoracc\\analysis_outputs\\work2_30_task_first_checkpoint_replay_20260901_isolated\\scratch\\task_itzbeizu\\branch_OrcaLoca\\lib\\matplotlib\\__init__.py)\r\n""}}","Provider-free 30-task five-checkpoint replay frame. Rows combine the d7 feasibility frame with 30/90/180/365-day human and OrcaLoca replays. The evaluator is F2P-only and fixed-method; no survival, semantic, behavioral, adaptation, or causal estimate is promoted."
mwaskom__seaborn-3407,issue_resolution,mwaskom/seaborn,python,515286e02be3e4c0ff2ef4addb34a53c4a676ee4,human,NA,NA,NA,mwaskom__seaborn-3407-d7,NA,NA,7,checkpoint_replay_completed,True,0.0,NA,NA,NA,NA,NA,build_or_future_test_failure,7780305bae63d8be3416858ac35f6fa706bab4d6,SWE-bench Lite local record; F2P-only pilot,a1d60cf5bd6ca42f45bbd89aef9d736758cdf9ca4c81357efddf7fb78a942b1a,False,7780305bae63d8be3416858ac35f6fa706bab4d6,exact_changed_line_match,"future repository FAIL_TO_PASS node IDs only; no test patch injection, PASS_TO_PASS, augmented, or behavioral check","{""build"": {""returncode"": 0, ""timed_out"": false, ""duration_seconds"": 1.529, ""stdout_sha256"": ""e3b0c44298fc1c149afbf4c8996fb92427ae41e4649b934ca495991b7852b855"", ""stderr_sha256"": ""9fba11ff97e771248f80b155196722b30e5ad83f0c1118d40d00203bba35f1e4"", ""stdout_head"": """", ""stderr_head"": "".\\doc\\conf.py:99: SyntaxWarning: invalid escape sequence '\\s'\r\n  .. |API| replace:: :raw-html:`<span class=\""badge badge-api\"">API</span>` :raw-latex:`{\\small\\sc [API]}`\r\n"", ""stdout_tail"": """", ""stderr_tail"": "".\\doc\\conf.py:99: SyntaxWarning: invalid escape sequence '\\s'\r\n  .. |API| replace:: :raw-html:`<span class=\""badge badge-api\"">API</span>` :raw-latex:`{\\small\\sc [API]}`\r\n""}, ""future_test"": {""returncode"": 4, ""timed_out"": false, ""duration_seconds"": 2.285, ""stdout_sha256"": ""1150ab36cd77de84f11b0b9aab3dc5ffc382cf5b569e9ebd1b891e138f1e9334"", ""stderr_sha256"": ""c54572973fb0a12570b3a0c3b5824bf7ecbff106b33d9e1cbfbed9b63ce57483"", ""stdout_head"": ""\r\n=================================== ERRORS ====================================\r\n___________________ ERROR collecting tests/test_axisgrid.py ___________________\r\nImportError while importing test module '[LOCAL_DRIVE]/lossoracc\\analysis_outputs\\work2_30_task_first_checkpoint_replay_20260901_isolated\\scratch\\task_hvo2h2po\\branch_human\\tests\\test_axisgrid.py'.\r\nHint: make sure your test modules/packages have valid Python names.\r\nTraceback:\r\nD:\\python13\\Lib\\importlib\\__init__.py:88: in import_module\r\n    return _bootstrap._gcd_import(name[level:], package, level)\r\n           ^^^^^^^^^^^^^^^^^^^^^^^^^^^^^^^^^^^^^^^^^^^^^^^^^^^^\r\ntests\\test_axisgrid.py:3: in <module>\r\n    import matplotlib as mpl\r\nE   ModuleNotFoundError: No module named 'matplotlib'\r\n=========================== short test summary info ===========================\r\nERROR tests/test_axisgrid.py\r\n1 error in 0.22s\r\n"", ""stderr_head"": ""ERROR: found no collectors for [LOCAL_DRIVE]/lossoracc\\analysis_outputs\\work2_30_task_first_checkpoint_replay_20260901_isolated\\scratch\\task_hvo2h2po\\branch_human\\tests\\test_axisgrid.py::TestPairGrid::test_pairplot_column_multiindex\r\n\r\n"", ""stdout_tail"": ""\r\n=================================== ERRORS ====================================\r\n___________________ ERROR collecting tests/test_axisgrid.py ___________________\r\nImportError while importing test module '[LOCAL_DRIVE]/lossoracc\\analysis_outputs\\work2_30_task_first_checkpoint_replay_20260901_isolated\\scratch\\task_hvo2h2po\\branch_human\\tests\\test_axisgrid.py'.\r\nHint: make sure your test modules/packages have valid Python names.\r\nTraceback:\r\nD:\\python13\\Lib\\importlib\\__init__.py:88: in import_module\r\n    return _bootstrap._gcd_import(name[level:], package, level)\r\n           ^^^^^^^^^^^^^^^^^^^^^^^^^^^^^^^^^^^^^^^^^^^^^^^^^^^^\r\ntests\\test_axisgrid.py:3: in <module>\r\n    import matplotlib as mpl\r\nE   ModuleNotFoundError: No module named 'matplotlib'\r\n=========================== short test summary info ===========================\r\nERROR tests/test_axisgrid.py\r\n1 error in 0.22s\r\n"", ""stderr_tail"": ""ERROR: found no collectors for [LOCAL_DRIVE]/lossoracc\\analysis_outputs\\work2_30_task_first_checkpoint_replay_20260901_isolated\\scratch\\task_hvo2h2po\\branch_human\\tests\\test_axisgrid.py::TestPairGrid::test_pairplot_column_multiindex\r\n\r\n""}}","Provider-free 30-task five-checkpoint replay frame. Rows combine the d7 feasibility frame with 30/90/180/365-day human and OrcaLoca replays. The evaluator is F2P-only and fixed-method; no survival, semantic, behavioral, adaptation, or causal estimate is promoted."
mwaskom__seaborn-3407,issue_resolution,mwaskom/seaborn,python,515286e02be3e4c0ff2ef4addb34a53c4a676ee4,OrcaLoca,NA,NA,NA,mwaskom__seaborn-3407-d7,NA,NA,7,checkpoint_replay_completed,True,0.0,NA,NA,NA,NA,NA,build_or_future_test_failure,7780305bae63d8be3416858ac35f6fa706bab4d6,SWE-bench Lite local record; F2P-only pilot,a38c0171ff34abc9c3fe344e6dcf9299cfe0e22e6d60c69dffeacec930d4b769,True,7780305bae63d8be3416858ac35f6fa706bab4d6,exact_changed_line_match,"future repository FAIL_TO_PASS node IDs only; no test patch injection, PASS_TO_PASS, augmented, or behavioral check","{""build"": {""returncode"": 0, ""timed_out"": false, ""duration_seconds"": 1.354, ""stdout_sha256"": ""e3b0c44298fc1c149afbf4c8996fb92427ae41e4649b934ca495991b7852b855"", ""stderr_sha256"": ""9fba11ff97e771248f80b155196722b30e5ad83f0c1118d40d00203bba35f1e4"", ""stdout_head"": """", ""stderr_head"": "".\\doc\\conf.py:99: SyntaxWarning: invalid escape sequence '\\s'\r\n  .. |API| replace:: :raw-html:`<span class=\""badge badge-api\"">API</span>` :raw-latex:`{\\small\\sc [API]}`\r\n"", ""stdout_tail"": """", ""stderr_tail"": "".\\doc\\conf.py:99: SyntaxWarning: invalid escape sequence '\\s'\r\n  .. |API| replace:: :raw-html:`<span class=\""badge badge-api\"">API</span>` :raw-latex:`{\\small\\sc [API]}`\r\n""}, ""future_test"": {""returncode"": 4, ""timed_out"": false, ""duration_seconds"": 1.114, ""stdout_sha256"": ""38c828bfb2d36d5aa0cc74baf2cf5ee067bb28fdc886bc8710f41ae5d84a8c48"", ""stderr_sha256"": ""d4dfa5c57937c81b00015a2b48e93bc729a37e333875c4ea947c5d8048fad63e"", ""stdout_head"": ""\r\n=================================== ERRORS ====================================\r\n___________________ ERROR collecting tests/test_axisgrid.py ___________________\r\nImportError while importing test module '[LOCAL_DRIVE]/lossoracc\\analysis_outputs\\work2_30_task_first_checkpoint_replay_20260901_isolated\\scratch\\task_hvo2h2po\\branch_OrcaLoca\\tests\\test_axisgrid.py'.\r\nHint: make sure your test modules/packages have valid Python names.\r\nTraceback:\r\nD:\\python13\\Lib\\importlib\\__init__.py:88: in import_module\r\n    return _bootstrap._gcd_import(name[level:], package, level)\r\n           ^^^^^^^^^^^^^^^^^^^^^^^^^^^^^^^^^^^^^^^^^^^^^^^^^^^^\r\ntests\\test_axisgrid.py:3: in <module>\r\n    import matplotlib as mpl\r\nE   ModuleNotFoundError: No module named 'matplotlib'\r\n=========================== short test summary info ===========================\r\nERROR tests/test_axisgrid.py\r\n1 error in 0.22s\r\n"", ""stderr_head"": ""ERROR: found no collectors for [LOCAL_DRIVE]/lossoracc\\analysis_outputs\\work2_30_task_first_checkpoint_replay_20260901_isolated\\scratch\\task_hvo2h2po\\branch_OrcaLoca\\tests\\test_axisgrid.py::TestPairGrid::test_pairplot_column_multiindex\r\n\r\n"", ""stdout_tail"": ""\r\n=================================== ERRORS ====================================\r\n___________________ ERROR collecting tests/test_axisgrid.py ___________________\r\nImportError while importing test module '[LOCAL_DRIVE]/lossoracc\\analysis_outputs\\work2_30_task_first_checkpoint_replay_20260901_isolated\\scratch\\task_hvo2h2po\\branch_OrcaLoca\\tests\\test_axisgrid.py'.\r\nHint: make sure your test modules/packages have valid Python names.\r\nTraceback:\r\nD:\\python13\\Lib\\importlib\\__init__.py:88: in import_module\r\n    return _bootstrap._gcd_import(name[level:], package, level)\r\n           ^^^^^^^^^^^^^^^^^^^^^^^^^^^^^^^^^^^^^^^^^^^^^^^^^^^^\r\ntests\\test_axisgrid.py:3: in <module>\r\n    import matplotlib as mpl\r\nE   ModuleNotFoundError: No module named 'matplotlib'\r\n=========================== short test summary info ===========================\r\nERROR tests/test_axisgrid.py\r\n1 error in 0.22s\r\n"", ""stderr_tail"": ""ERROR: found no collectors for [LOCAL_DRIVE]/lossoracc\\analysis_outputs\\work2_30_task_first_checkpoint_replay_20260901_isolated\\scratch\\task_hvo2h2po\\branch_OrcaLoca\\tests\\test_axisgrid.py::TestPairGrid::test_pairplot_column_multiindex\r\n\r\n""}}","Provider-free 30-task five-checkpoint replay frame. Rows combine the d7 feasibility frame with 30/90/180/365-day human and OrcaLoca replays. The evaluator is F2P-only and fixed-method; no survival, semantic, behavioral, adaptation, or causal estimate is promoted."
scikit-learn__scikit-learn-11040,issue_resolution,scikit-learn/scikit-learn,python,96a02f3934952d486589dddd3f00b40d5a5ab5f2,human,NA,NA,NA,scikit-learn__scikit-learn-11040-d7,NA,NA,7,checkpoint_replay_completed,True,0.0,NA,NA,NA,NA,NA,build_or_future_test_failure,aca956b738c0a839eee473acea794662a2c65608,SWE-bench Lite local record; F2P-only pilot,d770bda380b128a8d911b61f4694928eba0685d0585a1c7a32f0f28b05aaa7b2,False,5763284ef9e04ffc52cf759a59bdc6bb81107616,exact_changed_line_match,"future repository FAIL_TO_PASS node IDs only; no test patch injection, PASS_TO_PASS, augmented, or behavioral check","{""build"": {""returncode"": 0, ""timed_out"": false, ""duration_seconds"": 6.891, ""stdout_sha256"": ""e3b0c44298fc1c149afbf4c8996fb92427ae41e4649b934ca495991b7852b855"", ""stderr_sha256"": ""453ec17f067bc82203f4757ebbaab4142be80f64ffcc95af30e70726e33e08f8"", ""stdout_head"": """", ""stderr_head"": "".\\benchmarks\\bench_plot_randomized_svd.py:242: SyntaxWarning: \""is not\"" with 'str' literal. Did you mean \""!=\""?\r\n  if method is not 'fbpca':\r\n.\\examples\\applications\\svm_gui.py:171: SyntaxWarning: invalid escape sequence '\\e'\r\n  self.ax.text(-20, -60, \""RBF: $\\exp (-\\gamma \\| u-v \\|^2)$\"")\r\n.\\examples\\applications\\svm_gui.py:172: SyntaxWarning: invalid escape sequence '\\g'\r\n  self.ax.text(10, -60, \""Poly: $(\\gamma \\, u^T v + r)^d$\"")\r\n.\\examples\\decomposition\\plot_kernel_pca.py:67: SyntaxWarning: invalid escape sequence '\\p'\r\n  plt.xlabel(\""1st principal component in space induced by $\\phi$\"")\r\n.\\examples\\ensemble\\plot_adaboost_multiclass.py:11: SyntaxWarning: invalid escape sequence '\\c'\r\n  of the :math:`\\chi^2` distribution).\r\n.\\examples\\ensemble\\plot_bias_variance.py:164: SyntaxWarning: invalid escape sequence '\\^'\r\n  plt.plot(X_test, y_predict[:, i], \""r\"", label=\""$\\^y(x)$\"")\r\n.\\examples\\ensemble\\plot_bias_variance.py:169: SyntaxWarning: invalid escape sequence '\\m'\r\n  label=\""$\\mathbb{E}_{LS} \\^y(x)$\"")\r\n.\\examples\\ensemble\\plot_gradient_boosting_quantile.py:67: SyntaxWarning: invalid escape sequence '\\,'\r\n  plt.plot(xx, f(xx), 'g:', label=u'$f(x) = x\\,\\sin(x)$')\r\n.\\examples\\gaussian_process\\plot_gpc_isoprobability.py:81: SyntaxWarning: invalid escape sequence '\\m'\r\n  cb.set_label('${\\\\rm \\mathbb{P}}\\left[\\widehat{G}(\\mathbf{x}) \\leq 0\\\\right]$')\r\n.\\examples\\gaussian_process\\plot_gpr_noisy_targets.py:65: SyntaxWarning: invalid escape sequence '\\,'\r\n  plt.plot(x, f(x), 'r:', label=u'$f(x) = x\\,\\sin(x)$')\r\n.\\examples\\gaussian_process\\plot_gpr_noisy_targets.py:101: SyntaxWarning: invalid escape sequence '\\,'\r\n  plt.plot(x, f(x), 'r:', label=u'$f(x) = x\\,\\sin(x)$')\r\n.\\examples\\model_selection\\plot_learning_curve.py:119: SyntaxWarning: invalid escape sequence '\\g'\r\n  title = \""Learning Curves (SVM, RBF kernel, $\\gamma=0.001$)\""\r\n.\\examples\\model_selection\\plot_validation_curve.py:36: SyntaxWarning: invalid escape sequence '\\g'\r\n  plt.xlabel(\""$\\gamma$\"")\r\n.\\examples\\preprocessing\\plot_power_transformer.py:103: SyntaxWarning: invalid escape sequence '\\l'\r\n  ax_trans.set_title('{} after Box-Cox, $\\lambda$ = {}'.format(name, lmbda),\r\n.\\examples\\svm\\plot_svm_scale_c.py:15: SyntaxWarning: invalid escape sequence '\\s'\r\n  C \\sum_{i=1, n} \\mathcal{L} (f(x_i), y_i) + \\Omega (w)\r\n.\\sklearn\\cluster\\tests\\test_k_means.py:874: SyntaxWarning: invalid escape sequence '\\('\r\n  msg = \""The shape of the initial centers \\(\\(4L?, 4L?\\)\\) \"" \\\r\n.\\sklearn\\datasets\\lfw.py:174: SyntaxWarning: \""is\"" w"", ""stdout_tail"": """", ""stderr_tail"": ""r_transformer.py:103: SyntaxWarning: invalid escape sequence '\\l'\r\n  ax_trans.set_title('{} after Box-Cox, $\\lambda$ = {}'.format(name, lmbda),\r\n.\\examples\\svm\\plot_svm_scale_c.py:15: SyntaxWarning: invalid escape sequence '\\s'\r\n  C \\sum_{i=1, n} \\mathcal{L} (f(x_i), y_i) + \\Omega (w)\r\n.\\sklearn\\cluster\\tests\\test_k_means.py:874: SyntaxWarning: invalid escape sequence '\\('\r\n  msg = \""The shape of the initial centers \\(\\(4L?, 4L?\\)\\) \"" \\\r\n.\\sklearn\\datasets\\lfw.py:174: SyntaxWarning: \""is\"" with 'int' literal. Did you mean \""==\""?\r\n  if img.ndim is 0:\r\n.\\sklearn\\model_selection\\tests\\test_search.py:842: SyntaxWarning: \""is not\"" with 'str' literal. Did you mean \""!=\""?\r\n  if k is not 'rank_test_score')\r\n.\\sklearn\\model_selection\\tests\\test_search.py:845: SyntaxWarning: \""is not\"" with 'str' literal. Did you mean \""!=\""?\r\n  k is not 'rank_test_score')\r\n.\\sklearn\\model_selection\\tests\\test_validation.py:1345: SyntaxWarning: \""is\"" with 'str' literal. Did you mean \""==\""?\r\n  if method is 'predict_proba':\r\n""}, ""future_test"": {""returncode"": 4, ""timed_out"": false, ""duration_seconds"": 0.86, ""stdout_sha256"": ""c4f6b54bff045406e6c6f551b9c2b1fb64916cb6932e061944d97b819acabd70"", ""stderr_sha256"": ""630df449cbe70950b51a3817f0cc8dd65d3584c7b9f2ca550a980c19c02830fb"", ""stdout_head"": ""\r\n=================================== ERRORS ====================================\r\n_________ ERROR collecting sklearn/neighbors/tests/test_neighbors.py __________\r\nImportError while importing test module '[LOCAL_DRIVE]/lossoracc\\analysis_outputs\\work2_30_task_first_checkpoint_replay_20260901_isolated\\scratch\\task_pntgg3ec\\branch_human\\sklearn\\neighbors\\tests\\test_neighbors.py'.\r\nHint: make sure your test modules/packages have valid Python names.\r\nTraceback:\r\nsklearn\\__check_build\\__init__.py:44: in <module>\r\n    from ._check_build import check_build  # noqa\r\n    ^^^^^^^^^^^^^^^^^^^^^^^^^^^^^^^^^^^^^\r\nE   ModuleNotFoundError: No module named 'sklearn.__check_build._check_build'\r\n\r\nDuring handling of the above exception, another exception occurred:\r\nD:\\python13\\Lib\\importlib\\__init__.py:88: in import_module\r\n    return _bootstrap._gcd_import(name[level:], package, level)\r\n           ^^^^^^^^^^^^^^^^^^^^^^^^^^^^^^^^^^^^^^^^^^^^^^^^^^^^\r\nsklearn\\__init__.py:63: in <module>\r\n    from . import __check_build\r\nsklearn\\__check_build\\__init__.py:46: in <module>\r\n    raise_build_error(e)\r\nsklearn\\__check_build\\__init__.py:31: in raise_build_error\r\n    raise ImportError(\""\""\""%s\r\nE   ImportError: No module named 'sklearn.__check_build._check_build'\r\nE   ___________________________________________________________________________\r\nE   Contents of [LOCAL_DRIVE]/lossoracc\\analysis_outputs\\work2_30_task_first_checkpoint_replay_20260901_isolated\\scratch\\task_pntgg3ec\\branch_human\\sklearn\\__check_build:\r\nE   setup.py                  _check_build.pyx          __init__.py\r\nE   __pycache__\r\nE   ___________________________________________________________________________\r\nE   It seems that scikit-learn has not been built correctly.\r\nE   \r\nE   If you have installed scikit-learn from source, please do not forget\r\nE   to build the package before using it: run `python setup.py install` or\r\nE   `make` in the source directory.\r\nE   \r\nE   If you have used an installer, please check that it is suited for your\r\nE   Python version, your operating system and your platform.\r\n=========================== short test summary info ===========================\r\nERROR sklearn/neighbors/tests/test_neighbors.py\r\n1 error in 0.07s\r\n"", ""stderr_head"": ""ERROR: found no collectors for [LOCAL_DRIVE]/lossoracc\\analysis_outputs\\work2_30_task_first_checkpoint_replay_20260901_isolated\\scratch\\task_pntgg3ec\\branch_human\\sklearn\\neighbors\\tests\\test_neighbors.py::test_n_neighbors_datatype\r\n\r\n"", ""stdout_tail"": ""named 'sklearn.__check_build._check_build'\r\nE   ___________________________________________________________________________\r\nE   Contents of [LOCAL_DRIVE]/lossoracc\\analysis_outputs\\work2_30_task_first_checkpoint_replay_20260901_isolated\\scratch\\task_pntgg3ec\\branch_human\\sklearn\\__check_build:\r\nE   setup.py                  _check_build.pyx          __init__.py\r\nE   __pycache__\r\nE   ___________________________________________________________________________\r\nE   It seems that scikit-learn has not been built correctly.\r\nE   \r\nE   If you have installed scikit-learn from source, please do not forget\r\nE   to build the package before using it: run `python setup.py install` or\r\nE   `make` in the source directory.\r\nE   \r\nE   If you have used an installer, please check that it is suited for your\r\nE   Python version, your operating system and your platform.\r\n=========================== short test summary info ===========================\r\nERROR sklearn/neighbors/tests/test_neighbors.py\r\n1 error in 0.07s\r\n"", ""stderr_tail"": ""ERROR: found no collectors for [LOCAL_DRIVE]/lossoracc\\analysis_outputs\\work2_30_task_first_checkpoint_replay_20260901_isolated\\scratch\\task_pntgg3ec\\branch_human\\sklearn\\neighbors\\tests\\test_neighbors.py::test_n_neighbors_datatype\r\n\r\n""}}","Provider-free 30-task five-checkpoint replay frame. Rows combine the d7 feasibility frame with 30/90/180/365-day human and OrcaLoca replays. The evaluator is F2P-only and fixed-method; no survival, semantic, behavioral, adaptation, or causal estimate is promoted."
scikit-learn__scikit-learn-11040,issue_resolution,scikit-learn/scikit-learn,python,96a02f3934952d486589dddd3f00b40d5a5ab5f2,OrcaLoca,NA,NA,NA,scikit-learn__scikit-learn-11040-d7,NA,NA,7,checkpoint_replay_completed,True,0.0,NA,NA,NA,NA,NA,build_or_future_test_failure,aca956b738c0a839eee473acea794662a2c65608,SWE-bench Lite local record; F2P-only pilot,268a7b1fcefca83185cd0db40131a40fd413027d6e043c0dd0a0f709e48ff62d,True,5763284ef9e04ffc52cf759a59bdc6bb81107616,exact_changed_line_match,"future repository FAIL_TO_PASS node IDs only; no test patch injection, PASS_TO_PASS, augmented, or behavioral check","{""build"": {""returncode"": 0, ""timed_out"": false, ""duration_seconds"": 5.343, ""stdout_sha256"": ""e3b0c44298fc1c149afbf4c8996fb92427ae41e4649b934ca495991b7852b855"", ""stderr_sha256"": ""453ec17f067bc82203f4757ebbaab4142be80f64ffcc95af30e70726e33e08f8"", ""stdout_head"": """", ""stderr_head"": "".\\benchmarks\\bench_plot_randomized_svd.py:242: SyntaxWarning: \""is not\"" with 'str' literal. Did you mean \""!=\""?\r\n  if method is not 'fbpca':\r\n.\\examples\\applications\\svm_gui.py:171: SyntaxWarning: invalid escape sequence '\\e'\r\n  self.ax.text(-20, -60, \""RBF: $\\exp (-\\gamma \\| u-v \\|^2)$\"")\r\n.\\examples\\applications\\svm_gui.py:172: SyntaxWarning: invalid escape sequence '\\g'\r\n  self.ax.text(10, -60, \""Poly: $(\\gamma \\, u^T v + r)^d$\"")\r\n.\\examples\\decomposition\\plot_kernel_pca.py:67: SyntaxWarning: invalid escape sequence '\\p'\r\n  plt.xlabel(\""1st principal component in space induced by $\\phi$\"")\r\n.\\examples\\ensemble\\plot_adaboost_multiclass.py:11: SyntaxWarning: invalid escape sequence '\\c'\r\n  of the :math:`\\chi^2` distribution).\r\n.\\examples\\ensemble\\plot_bias_variance.py:164: SyntaxWarning: invalid escape sequence '\\^'\r\n  plt.plot(X_test, y_predict[:, i], \""r\"", label=\""$\\^y(x)$\"")\r\n.\\examples\\ensemble\\plot_bias_variance.py:169: SyntaxWarning: invalid escape sequence '\\m'\r\n  label=\""$\\mathbb{E}_{LS} \\^y(x)$\"")\r\n.\\examples\\ensemble\\plot_gradient_boosting_quantile.py:67: SyntaxWarning: invalid escape sequence '\\,'\r\n  plt.plot(xx, f(xx), 'g:', label=u'$f(x) = x\\,\\sin(x)$')\r\n.\\examples\\gaussian_process\\plot_gpc_isoprobability.py:81: SyntaxWarning: invalid escape sequence '\\m'\r\n  cb.set_label('${\\\\rm \\mathbb{P}}\\left[\\widehat{G}(\\mathbf{x}) \\leq 0\\\\right]$')\r\n.\\examples\\gaussian_process\\plot_gpr_noisy_targets.py:65: SyntaxWarning: invalid escape sequence '\\,'\r\n  plt.plot(x, f(x), 'r:', label=u'$f(x) = x\\,\\sin(x)$')\r\n.\\examples\\gaussian_process\\plot_gpr_noisy_targets.py:101: SyntaxWarning: invalid escape sequence '\\,'\r\n  plt.plot(x, f(x), 'r:', label=u'$f(x) = x\\,\\sin(x)$')\r\n.\\examples\\model_selection\\plot_learning_curve.py:119: SyntaxWarning: invalid escape sequence '\\g'\r\n  title = \""Learning Curves (SVM, RBF kernel, $\\gamma=0.001$)\""\r\n.\\examples\\model_selection\\plot_validation_curve.py:36: SyntaxWarning: invalid escape sequence '\\g'\r\n  plt.xlabel(\""$\\gamma$\"")\r\n.\\examples\\preprocessing\\plot_power_transformer.py:103: SyntaxWarning: invalid escape sequence '\\l'\r\n  ax_trans.set_title('{} after Box-Cox, $\\lambda$ = {}'.format(name, lmbda),\r\n.\\examples\\svm\\plot_svm_scale_c.py:15: SyntaxWarning: invalid escape sequence '\\s'\r\n  C \\sum_{i=1, n} \\mathcal{L} (f(x_i), y_i) + \\Omega (w)\r\n.\\sklearn\\cluster\\tests\\test_k_means.py:874: SyntaxWarning: invalid escape sequence '\\('\r\n  msg = \""The shape of the initial centers \\(\\(4L?, 4L?\\)\\) \"" \\\r\n.\\sklearn\\datasets\\lfw.py:174: SyntaxWarning: \""is\"" w"", ""stdout_tail"": """", ""stderr_tail"": ""r_transformer.py:103: SyntaxWarning: invalid escape sequence '\\l'\r\n  ax_trans.set_title('{} after Box-Cox, $\\lambda$ = {}'.format(name, lmbda),\r\n.\\examples\\svm\\plot_svm_scale_c.py:15: SyntaxWarning: invalid escape sequence '\\s'\r\n  C \\sum_{i=1, n} \\mathcal{L} (f(x_i), y_i) + \\Omega (w)\r\n.\\sklearn\\cluster\\tests\\test_k_means.py:874: SyntaxWarning: invalid escape sequence '\\('\r\n  msg = \""The shape of the initial centers \\(\\(4L?, 4L?\\)\\) \"" \\\r\n.\\sklearn\\datasets\\lfw.py:174: SyntaxWarning: \""is\"" with 'int' literal. Did you mean \""==\""?\r\n  if img.ndim is 0:\r\n.\\sklearn\\model_selection\\tests\\test_search.py:842: SyntaxWarning: \""is not\"" with 'str' literal. Did you mean \""!=\""?\r\n  if k is not 'rank_test_score')\r\n.\\sklearn\\model_selection\\tests\\test_search.py:845: SyntaxWarning: \""is not\"" with 'str' literal. Did you mean \""!=\""?\r\n  k is not 'rank_test_score')\r\n.\\sklearn\\model_selection\\tests\\test_validation.py:1345: SyntaxWarning: \""is\"" with 'str' literal. Did you mean \""==\""?\r\n  if method is 'predict_proba':\r\n""}, ""future_test"": {""returncode"": 4, ""timed_out"": false, ""duration_seconds"": 0.599, ""stdout_sha256"": ""4db73ddcaff29fd8ee4211d8dd0aa210d45e294fbe0d89f2e5a4a5cb808fda36"", ""stderr_sha256"": ""56bbc14656b85bf42e87610375426b88ca48016dd9f540799e5d7cde0ba56a13"", ""stdout_head"": ""\r\n=================================== ERRORS ====================================\r\n_________ ERROR collecting sklearn/neighbors/tests/test_neighbors.py __________\r\nImportError while importing test module '[LOCAL_DRIVE]/lossoracc\\analysis_outputs\\work2_30_task_first_checkpoint_replay_20260901_isolated\\scratch\\task_pntgg3ec\\branch_OrcaLoca\\sklearn\\neighbors\\tests\\test_neighbors.py'.\r\nHint: make sure your test modules/packages have valid Python names.\r\nTraceback:\r\nsklearn\\__check_build\\__init__.py:44: in <module>\r\n    from ._check_build import check_build  # noqa\r\n    ^^^^^^^^^^^^^^^^^^^^^^^^^^^^^^^^^^^^^\r\nE   ModuleNotFoundError: No module named 'sklearn.__check_build._check_build'\r\n\r\nDuring handling of the above exception, another exception occurred:\r\nD:\\python13\\Lib\\importlib\\__init__.py:88: in import_module\r\n    return _bootstrap._gcd_import(name[level:], package, level)\r\n           ^^^^^^^^^^^^^^^^^^^^^^^^^^^^^^^^^^^^^^^^^^^^^^^^^^^^\r\nsklearn\\__init__.py:63: in <module>\r\n    from . import __check_build\r\nsklearn\\__check_build\\__init__.py:46: in <module>\r\n    raise_build_error(e)\r\nsklearn\\__check_build\\__init__.py:31: in raise_build_error\r\n    raise ImportError(\""\""\""%s\r\nE   ImportError: No module named 'sklearn.__check_build._check_build'\r\nE   ___________________________________________________________________________\r\nE   Contents of [LOCAL_DRIVE]/lossoracc\\analysis_outputs\\work2_30_task_first_checkpoint_replay_20260901_isolated\\scratch\\task_pntgg3ec\\branch_OrcaLoca\\sklearn\\__check_build:\r\nE   setup.py                  _check_build.pyx          __init__.py\r\nE   __pycache__\r\nE   ___________________________________________________________________________\r\nE   It seems that scikit-learn has not been built correctly.\r\nE   \r\nE   If you have installed scikit-learn from source, please do not forget\r\nE   to build the package before using it: run `python setup.py install` or\r\nE   `make` in the source directory.\r\nE   \r\nE   If you have used an installer, please check that it is suited for your\r\nE   Python version, your operating system and your platform.\r\n=========================== short test summary info ===========================\r\nERROR sklearn/neighbors/tests/test_neighbors.py\r\n1 error in 0.07s\r\n"", ""stderr_head"": ""ERROR: found no collectors for [LOCAL_DRIVE]/lossoracc\\analysis_outputs\\work2_30_task_first_checkpoint_replay_20260901_isolated\\scratch\\task_pntgg3ec\\branch_OrcaLoca\\sklearn\\neighbors\\tests\\test_neighbors.py::test_n_neighbors_datatype\r\n\r\n"", ""stdout_tail"": ""ed 'sklearn.__check_build._check_build'\r\nE   ___________________________________________________________________________\r\nE   Contents of [LOCAL_DRIVE]/lossoracc\\analysis_outputs\\work2_30_task_first_checkpoint_replay_20260901_isolated\\scratch\\task_pntgg3ec\\branch_OrcaLoca\\sklearn\\__check_build:\r\nE   setup.py                  _check_build.pyx          __init__.py\r\nE   __pycache__\r\nE   ___________________________________________________________________________\r\nE   It seems that scikit-learn has not been built correctly.\r\nE   \r\nE   If you have installed scikit-learn from source, please do not forget\r\nE   to build the package before using it: run `python setup.py install` or\r\nE   `make` in the source directory.\r\nE   \r\nE   If you have used an installer, please check that it is suited for your\r\nE   Python version, your operating system and your platform.\r\n=========================== short test summary info ===========================\r\nERROR sklearn/neighbors/tests/test_neighbors.py\r\n1 error in 0.07s\r\n"", ""stderr_tail"": ""ERROR: found no collectors for [LOCAL_DRIVE]/lossoracc\\analysis_outputs\\work2_30_task_first_checkpoint_replay_20260901_isolated\\scratch\\task_pntgg3ec\\branch_OrcaLoca\\sklearn\\neighbors\\tests\\test_neighbors.py::test_n_neighbors_datatype\r\n\r\n""}}","Provider-free 30-task five-checkpoint replay frame. Rows combine the d7 feasibility frame with 30/90/180/365-day human and OrcaLoca replays. The evaluator is F2P-only and fixed-method; no survival, semantic, behavioral, adaptation, or causal estimate is promoted."
astropy__astropy-12907,issue_resolution,astropy/astropy,python,d16bfe05a744909de4b27f5875fe0d4ed41ce607,human,NA,NA,NA,astropy__astropy-12907-d30,NA,NA,30,future_textual_conflict,NA,NA,NA,True,NA,NA,NA,evolution_incompatibility,f5f39c0fff49347886f6d4e7670d7e67e37fd081,SWE-bench Lite local record; F2P-only pilot,0f3e44432ed8540e9526edff4f83793948a2f139fc3971b67c30043c1eb7964a,False,738068e5d397490e4b1565b026a95301dc1cddec,exact_changed_line_match,NA,"98368901863b906b4cd5c1c7173d971961a16e1b: error: docs/changes/modeling/12907.bugfix.rst: No such file or directory
","Provider-free 30-task five-checkpoint replay frame. Rows combine the d7 feasibility frame with 30/90/180/365-day human and OrcaLoca replays. The evaluator is F2P-only and fixed-method; no survival, semantic, behavioral, adaptation, or causal estimate is promoted."
astropy__astropy-12907,issue_resolution,astropy/astropy,python,d16bfe05a744909de4b27f5875fe0d4ed41ce607,OrcaLoca,NA,NA,NA,astropy__astropy-12907-d30,NA,NA,30,future_textual_conflict,NA,NA,NA,True,NA,NA,NA,evolution_incompatibility,f5f39c0fff49347886f6d4e7670d7e67e37fd081,SWE-bench Lite local record; F2P-only pilot,9ad64b2d5711f3da10ac19251857e6825ebc29d53d5fd296079b13d7c25dbc6f,True,738068e5d397490e4b1565b026a95301dc1cddec,exact_changed_line_match,NA,"98368901863b906b4cd5c1c7173d971961a16e1b: error: docs/changes/modeling/12907.bugfix.rst: No such file or directory
","Provider-free 30-task five-checkpoint replay frame. Rows combine the d7 feasibility frame with 30/90/180/365-day human and OrcaLoca replays. The evaluator is F2P-only and fixed-method; no survival, semantic, behavioral, adaptation, or causal estimate is promoted."
astropy__astropy-12907,issue_resolution,astropy/astropy,python,d16bfe05a744909de4b27f5875fe0d4ed41ce607,human,NA,NA,NA,astropy__astropy-12907-d90,NA,NA,90,future_textual_conflict,NA,NA,NA,True,NA,NA,NA,evolution_incompatibility,f7b1ac349183c4b88d74a4362654631b75e2559f,SWE-bench Lite local record; F2P-only pilot,0f3e44432ed8540e9526edff4f83793948a2f139fc3971b67c30043c1eb7964a,False,738068e5d397490e4b1565b026a95301dc1cddec,exact_changed_line_match,NA,"98368901863b906b4cd5c1c7173d971961a16e1b: error: docs/changes/modeling/12907.bugfix.rst: No such file or directory
","Provider-free 30-task five-checkpoint replay frame. Rows combine the d7 feasibility frame with 30/90/180/365-day human and OrcaLoca replays. The evaluator is F2P-only and fixed-method; no survival, semantic, behavioral, adaptation, or causal estimate is promoted."
astropy__astropy-12907,issue_resolution,astropy/astropy,python,d16bfe05a744909de4b27f5875fe0d4ed41ce607,OrcaLoca,NA,NA,NA,astropy__astropy-12907-d90,NA,NA,90,future_textual_conflict,NA,NA,NA,True,NA,NA,NA,evolution_incompatibility,f7b1ac349183c4b88d74a4362654631b75e2559f,SWE-bench Lite local record; F2P-only pilot,9ad64b2d5711f3da10ac19251857e6825ebc29d53d5fd296079b13d7c25dbc6f,True,738068e5d397490e4b1565b026a95301dc1cddec,exact_changed_line_match,NA,"98368901863b906b4cd5c1c7173d971961a16e1b: error: docs/changes/modeling/12907.bugfix.rst: No such file or directory
","Provider-free 30-task five-checkpoint replay frame. Rows combine the d7 feasibility frame with 30/90/180/365-day human and OrcaLoca replays. The evaluator is F2P-only and fixed-method; no survival, semantic, behavioral, adaptation, or causal estimate is promoted."
astropy__astropy-12907,issue_resolution,astropy/astropy,python,d16bfe05a744909de4b27f5875fe0d4ed41ce607,human,NA,NA,NA,astropy__astropy-12907-d180,NA,NA,180,future_textual_conflict,NA,NA,NA,True,NA,NA,NA,evolution_incompatibility,8d49de97158c32b69aef95cfbaf301b54593755e,SWE-bench Lite local record; F2P-only pilot,0f3e44432ed8540e9526edff4f83793948a2f139fc3971b67c30043c1eb7964a,False,738068e5d397490e4b1565b026a95301dc1cddec,exact_changed_line_match,NA,"98368901863b906b4cd5c1c7173d971961a16e1b: error: docs/changes/modeling/12907.bugfix.rst: No such file or directory
","Provider-free 30-task five-checkpoint replay frame. Rows combine the d7 feasibility frame with 30/90/180/365-day human and OrcaLoca replays. The evaluator is F2P-only and fixed-method; no survival, semantic, behavioral, adaptation, or causal estimate is promoted."
astropy__astropy-12907,issue_resolution,astropy/astropy,python,d16bfe05a744909de4b27f5875fe0d4ed41ce607,OrcaLoca,NA,NA,NA,astropy__astropy-12907-d180,NA,NA,180,future_textual_conflict,NA,NA,NA,True,NA,NA,NA,evolution_incompatibility,8d49de97158c32b69aef95cfbaf301b54593755e,SWE-bench Lite local record; F2P-only pilot,9ad64b2d5711f3da10ac19251857e6825ebc29d53d5fd296079b13d7c25dbc6f,True,738068e5d397490e4b1565b026a95301dc1cddec,exact_changed_line_match,NA,"98368901863b906b4cd5c1c7173d971961a16e1b: error: docs/changes/modeling/12907.bugfix.rst: No such file or directory
","Provider-free 30-task five-checkpoint replay frame. Rows combine the d7 feasibility frame with 30/90/180/365-day human and OrcaLoca replays. The evaluator is F2P-only and fixed-method; no survival, semantic, behavioral, adaptation, or causal estimate is promoted."
astropy__astropy-12907,issue_resolution,astropy/astropy,python,d16bfe05a744909de4b27f5875fe0d4ed41ce607,human,NA,NA,NA,astropy__astropy-12907-d365,NA,NA,365,future_textual_conflict,NA,NA,NA,True,NA,NA,NA,evolution_incompatibility,45d43bfda30130a2139b0db92c19fd0c982de66d,SWE-bench Lite local record; F2P-only pilot,0f3e44432ed8540e9526edff4f83793948a2f139fc3971b67c30043c1eb7964a,False,738068e5d397490e4b1565b026a95301dc1cddec,exact_changed_line_match,NA,"98368901863b906b4cd5c1c7173d971961a16e1b: error: docs/changes/modeling/12907.bugfix.rst: No such file or directory
","Provider-free 30-task five-checkpoint replay frame. Rows combine the d7 feasibility frame with 30/90/180/365-day human and OrcaLoca replays. The evaluator is F2P-only and fixed-method; no survival, semantic, behavioral, adaptation, or causal estimate is promoted."
astropy__astropy-12907,issue_resolution,astropy/astropy,python,d16bfe05a744909de4b27f5875fe0d4ed41ce607,OrcaLoca,NA,NA,NA,astropy__astropy-12907-d365,NA,NA,365,future_textual_conflict,NA,NA,NA,True,NA,NA,NA,evolution_incompatibility,45d43bfda30130a2139b0db92c19fd0c982de66d,SWE-bench Lite local record; F2P-only pilot,9ad64b2d5711f3da10ac19251857e6825ebc29d53d5fd296079b13d7c25dbc6f,True,738068e5d397490e4b1565b026a95301dc1cddec,exact_changed_line_match,NA,"98368901863b906b4cd5c1c7173d971961a16e1b: error: docs/changes/modeling/12907.bugfix.rst: No such file or directory
","Provider-free 30-task five-checkpoint replay frame. Rows combine the d7 feasibility frame with 30/90/180/365-day human and OrcaLoca replays. The evaluator is F2P-only and fixed-method; no survival, semantic, behavioral, adaptation, or causal estimate is promoted."
astropy__astropy-14182,issue_resolution,astropy/astropy,python,a5917978be39d13cd90b517e1de4e7a539ffaa48,human,NA,NA,NA,astropy__astropy-14182-d30,NA,NA,30,checkpoint_replay_completed,True,0.0,NA,NA,NA,NA,NA,build_or_future_test_failure,adc70d859199969985522563a20a4744c09e8594,SWE-bench Lite local record; F2P-only pilot,1c80b57d515ed4da42842dff56cfec5b5c72fee6a469c9bb33f2f6b59dba0f3c,False,7524bd185df2cc931fe2e374742a41cb768efbbf,exact_changed_line_match,"future repository FAIL_TO_PASS node IDs only; no test patch injection, PASS_TO_PASS, augmented, or behavioral check","{""build"": {""returncode"": 0, ""timed_out"": false, ""duration_seconds"": 21.075, ""stdout_sha256"": ""e3b0c44298fc1c149afbf4c8996fb92427ae41e4649b934ca495991b7852b855"", ""stderr_sha256"": ""e3b0c44298fc1c149afbf4c8996fb92427ae41e4649b934ca495991b7852b855"", ""stdout_head"": """", ""stderr_head"": """", ""stdout_tail"": """", ""stderr_tail"": """"}, ""future_test"": {""returncode"": 4, ""timed_out"": false, ""duration_seconds"": 1.473, ""stdout_sha256"": ""e3b0c44298fc1c149afbf4c8996fb92427ae41e4649b934ca495991b7852b855"", ""stderr_sha256"": ""db97e9c76c4ab5f146ea4dec7b1ba3ca3eb2a4c961a4f617d6c7a2abfd36a603"", ""stdout_head"": """", ""stderr_head"": ""ImportError while loading conftest '[LOCAL_DRIVE]/lossoracc\\analysis_outputs\\work2_30_task_multicheckpoint_replay_20260901_isolated\\scratch\\task_5uag32e6\\branch_human\\conftest.py'.\r\nconftest.py:9: in <module>\r\n    import hypothesis\r\nE   ModuleNotFoundError: No module named 'hypothesis'\r\n"", ""stdout_tail"": """", ""stderr_tail"": ""ImportError while loading conftest '[LOCAL_DRIVE]/lossoracc\\analysis_outputs\\work2_30_task_multicheckpoint_replay_20260901_isolated\\scratch\\task_5uag32e6\\branch_human\\conftest.py'.\r\nconftest.py:9: in <module>\r\n    import hypothesis\r\nE   ModuleNotFoundError: No module named 'hypothesis'\r\n""}}","Provider-free 30-task five-checkpoint replay frame. Rows combine the d7 feasibility frame with 30/90/180/365-day human and OrcaLoca replays. The evaluator is F2P-only and fixed-method; no survival, semantic, behavioral, adaptation, or causal estimate is promoted."
astropy__astropy-14182,issue_resolution,astropy/astropy,python,a5917978be39d13cd90b517e1de4e7a539ffaa48,OrcaLoca,NA,NA,NA,astropy__astropy-14182-d30,NA,NA,30,checkpoint_replay_completed,True,0.0,NA,NA,NA,NA,NA,build_or_future_test_failure,adc70d859199969985522563a20a4744c09e8594,SWE-bench Lite local record; F2P-only pilot,436d728fe211fb292872f83c7d33c3ca8e5da7e8ef08352b0ddeef66eee14297,True,7524bd185df2cc931fe2e374742a41cb768efbbf,exact_changed_line_match,"future repository FAIL_TO_PASS node IDs only; no test patch injection, PASS_TO_PASS, augmented, or behavioral check","{""build"": {""returncode"": 0, ""timed_out"": false, ""duration_seconds"": 20.845, ""stdout_sha256"": ""e3b0c44298fc1c149afbf4c8996fb92427ae41e4649b934ca495991b7852b855"", ""stderr_sha256"": ""e3b0c44298fc1c149afbf4c8996fb92427ae41e4649b934ca495991b7852b855"", ""stdout_head"": """", ""stderr_head"": """", ""stdout_tail"": """", ""stderr_tail"": """"}, ""future_test"": {""returncode"": 4, ""timed_out"": false, ""duration_seconds"": 1.677, ""stdout_sha256"": ""e3b0c44298fc1c149afbf4c8996fb92427ae41e4649b934ca495991b7852b855"", ""stderr_sha256"": ""25d6a98059e2d2f3d959368203bb8ab6ead6b2a5ff8f588d1dd7ef1184730a16"", ""stdout_head"": """", ""stderr_head"": ""ImportError while loading conftest '[LOCAL_DRIVE]/lossoracc\\analysis_outputs\\work2_30_task_multicheckpoint_replay_20260901_isolated\\scratch\\task_5uag32e6\\branch_OrcaLoca\\conftest.py'.\r\nconftest.py:9: in <module>\r\n    import hypothesis\r\nE   ModuleNotFoundError: No module named 'hypothesis'\r\n"", ""stdout_tail"": """", ""stderr_tail"": ""ImportError while loading conftest '[LOCAL_DRIVE]/lossoracc\\analysis_outputs\\work2_30_task_multicheckpoint_replay_20260901_isolated\\scratch\\task_5uag32e6\\branch_OrcaLoca\\conftest.py'.\r\nconftest.py:9: in <module>\r\n    import hypothesis\r\nE   ModuleNotFoundError: No module named 'hypothesis'\r\n""}}","Provider-free 30-task five-checkpoint replay frame. Rows combine the d7 feasibility frame with 30/90/180/365-day human and OrcaLoca replays. The evaluator is F2P-only and fixed-method; no survival, semantic, behavioral, adaptation, or causal estimate is promoted."
astropy__astropy-14182,issue_resolution,astropy/astropy,python,a5917978be39d13cd90b517e1de4e7a539ffaa48,human,NA,NA,NA,astropy__astropy-14182-d90,NA,NA,90,checkpoint_replay_completed,True,0.0,NA,NA,NA,NA,NA,build_or_future_test_failure,f8877ac3ce7d6a175c17cc741ff688f0037caa8d,SWE-bench Lite local record; F2P-only pilot,1c80b57d515ed4da42842dff56cfec5b5c72fee6a469c9bb33f2f6b59dba0f3c,False,7524bd185df2cc931fe2e374742a41cb768efbbf,exact_changed_line_match,"future repository FAIL_TO_PASS node IDs only; no test patch injection, PASS_TO_PASS, augmented, or behavioral check","{""build"": {""returncode"": 0, ""timed_out"": false, ""duration_seconds"": 22.546, ""stdout_sha256"": ""e3b0c44298fc1c149afbf4c8996fb92427ae41e4649b934ca495991b7852b855"", ""stderr_sha256"": ""e3b0c44298fc1c149afbf4c8996fb92427ae41e4649b934ca495991b7852b855"", ""stdout_head"": """", ""stderr_head"": """", ""stdout_tail"": """", ""stderr_tail"": """"}, ""future_test"": {""returncode"": 4, ""timed_out"": false, ""duration_seconds"": 1.693, ""stdout_sha256"": ""e3b0c44298fc1c149afbf4c8996fb92427ae41e4649b934ca495991b7852b855"", ""stderr_sha256"": ""51a3b3752ec0f35c8eb3955fb6ece811898b2e1bf06fe83276a0f4779c012e7b"", ""stdout_head"": """", ""stderr_head"": ""ImportError while loading conftest '[LOCAL_DRIVE]/lossoracc\\analysis_outputs\\work2_30_task_multicheckpoint_replay_20260901_isolated\\scratch\\task_sb2muj92\\branch_human\\conftest.py'.\r\nconftest.py:9: in <module>\r\n    import hypothesis\r\nE   ModuleNotFoundError: No module named 'hypothesis'\r\n"", ""stdout_tail"": """", ""stderr_tail"": ""ImportError while loading conftest '[LOCAL_DRIVE]/lossoracc\\analysis_outputs\\work2_30_task_multicheckpoint_replay_20260901_isolated\\scratch\\task_sb2muj92\\branch_human\\conftest.py'.\r\nconftest.py:9: in <module>\r\n    import hypothesis\r\nE   ModuleNotFoundError: No module named 'hypothesis'\r\n""}}","Provider-free 30-task five-checkpoint replay frame. Rows combine the d7 feasibility frame with 30/90/180/365-day human and OrcaLoca replays. The evaluator is F2P-only and fixed-method; no survival, semantic, behavioral, adaptation, or causal estimate is promoted."
astropy__astropy-14182,issue_resolution,astropy/astropy,python,a5917978be39d13cd90b517e1de4e7a539ffaa48,OrcaLoca,NA,NA,NA,astropy__astropy-14182-d90,NA,NA,90,checkpoint_replay_completed,True,0.0,NA,NA,NA,NA,NA,build_or_future_test_failure,f8877ac3ce7d6a175c17cc741ff688f0037caa8d,SWE-bench Lite local record; F2P-only pilot,436d728fe211fb292872f83c7d33c3ca8e5da7e8ef08352b0ddeef66eee14297,True,7524bd185df2cc931fe2e374742a41cb768efbbf,exact_changed_line_match,"future repository FAIL_TO_PASS node IDs only; no test patch injection, PASS_TO_PASS, augmented, or behavioral check","{""build"": {""returncode"": 0, ""timed_out"": false, ""duration_seconds"": 20.17, ""stdout_sha256"": ""e3b0c44298fc1c149afbf4c8996fb92427ae41e4649b934ca495991b7852b855"", ""stderr_sha256"": ""e3b0c44298fc1c149afbf4c8996fb92427ae41e4649b934ca495991b7852b855"", ""stdout_head"": """", ""stderr_head"": """", ""stdout_tail"": """", ""stderr_tail"": """"}, ""future_test"": {""returncode"": 4, ""timed_out"": false, ""duration_seconds"": 2.059, ""stdout_sha256"": ""e3b0c44298fc1c149afbf4c8996fb92427ae41e4649b934ca495991b7852b855"", ""stderr_sha256"": ""7bba9823a731fcd1444654c449846d066344196c8f20b54c9fe1cce84533ea8b"", ""stdout_head"": """", ""stderr_head"": ""ImportError while loading conftest '[LOCAL_DRIVE]/lossoracc\\analysis_outputs\\work2_30_task_multicheckpoint_replay_20260901_isolated\\scratch\\task_sb2muj92\\branch_OrcaLoca\\conftest.py'.\r\nconftest.py:9: in <module>\r\n    import hypothesis\r\nE   ModuleNotFoundError: No module named 'hypothesis'\r\n"", ""stdout_tail"": """", ""stderr_tail"": ""ImportError while loading conftest '[LOCAL_DRIVE]/lossoracc\\analysis_outputs\\work2_30_task_multicheckpoint_replay_20260901_isolated\\scratch\\task_sb2muj92\\branch_OrcaLoca\\conftest.py'.\r\nconftest.py:9: in <module>\r\n    import hypothesis\r\nE   ModuleNotFoundError: No module named 'hypothesis'\r\n""}}","Provider-free 30-task five-checkpoint replay frame. Rows combine the d7 feasibility frame with 30/90/180/365-day human and OrcaLoca replays. The evaluator is F2P-only and fixed-method; no survival, semantic, behavioral, adaptation, or causal estimate is promoted."
astropy__astropy-14182,issue_resolution,astropy/astropy,python,a5917978be39d13cd90b517e1de4e7a539ffaa48,human,NA,NA,NA,astropy__astropy-14182-d180,NA,NA,180,future_textual_conflict,NA,NA,NA,True,NA,NA,NA,evolution_incompatibility,aa2c05dc222f36630c4bff7ca2b0c1f676b29561,SWE-bench Lite local record; F2P-only pilot,1c80b57d515ed4da42842dff56cfec5b5c72fee6a469c9bb33f2f6b59dba0f3c,False,7524bd185df2cc931fe2e374742a41cb768efbbf,exact_changed_line_match,NA,"ad55d5437f5ed3211f6397f288ec76dbbf1512f7: error: docs/changes/io.ascii/14182.feature.rst: No such file or directory
","Provider-free 30-task five-checkpoint replay frame. Rows combine the d7 feasibility frame with 30/90/180/365-day human and OrcaLoca replays. The evaluator is F2P-only and fixed-method; no survival, semantic, behavioral, adaptation, or causal estimate is promoted."
astropy__astropy-14182,issue_resolution,astropy/astropy,python,a5917978be39d13cd90b517e1de4e7a539ffaa48,OrcaLoca,NA,NA,NA,astropy__astropy-14182-d180,NA,NA,180,future_textual_conflict,NA,NA,NA,True,NA,NA,NA,evolution_incompatibility,aa2c05dc222f36630c4bff7ca2b0c1f676b29561,SWE-bench Lite local record; F2P-only pilot,436d728fe211fb292872f83c7d33c3ca8e5da7e8ef08352b0ddeef66eee14297,True,7524bd185df2cc931fe2e374742a41cb768efbbf,exact_changed_line_match,NA,"ad55d5437f5ed3211f6397f288ec76dbbf1512f7: error: docs/changes/io.ascii/14182.feature.rst: No such file or directory
","Provider-free 30-task five-checkpoint replay frame. Rows combine the d7 feasibility frame with 30/90/180/365-day human and OrcaLoca replays. The evaluator is F2P-only and fixed-method; no survival, semantic, behavioral, adaptation, or causal estimate is promoted."
astropy__astropy-14182,issue_resolution,astropy/astropy,python,a5917978be39d13cd90b517e1de4e7a539ffaa48,human,NA,NA,NA,astropy__astropy-14182-d365,NA,NA,365,future_textual_conflict,NA,NA,NA,True,NA,NA,NA,evolution_incompatibility,103a55a1017d711779fb04d66efb02645b1c0da1,SWE-bench Lite local record; F2P-only pilot,1c80b57d515ed4da42842dff56cfec5b5c72fee6a469c9bb33f2f6b59dba0f3c,False,7524bd185df2cc931fe2e374742a41cb768efbbf,exact_changed_line_match,NA,"ad55d5437f5ed3211f6397f288ec76dbbf1512f7: error: docs/changes/io.ascii/14182.feature.rst: No such file or directory
","Provider-free 30-task five-checkpoint replay frame. Rows combine the d7 feasibility frame with 30/90/180/365-day human and OrcaLoca replays. The evaluator is F2P-only and fixed-method; no survival, semantic, behavioral, adaptation, or causal estimate is promoted."
astropy__astropy-14182,issue_resolution,astropy/astropy,python,a5917978be39d13cd90b517e1de4e7a539ffaa48,OrcaLoca,NA,NA,NA,astropy__astropy-14182-d365,NA,NA,365,future_textual_conflict,NA,NA,NA,True,NA,NA,NA,evolution_incompatibility,103a55a1017d711779fb04d66efb02645b1c0da1,SWE-bench Lite local record; F2P-only pilot,436d728fe211fb292872f83c7d33c3ca8e5da7e8ef08352b0ddeef66eee14297,True,7524bd185df2cc931fe2e374742a41cb768efbbf,exact_changed_line_match,NA,"ad55d5437f5ed3211f6397f288ec76dbbf1512f7: error: docs/changes/io.ascii/14182.feature.rst: No such file or directory
","Provider-free 30-task five-checkpoint replay frame. Rows combine the d7 feasibility frame with 30/90/180/365-day human and OrcaLoca replays. The evaluator is F2P-only and fixed-method; no survival, semantic, behavioral, adaptation, or causal estimate is promoted."
astropy__astropy-14365,issue_resolution,astropy/astropy,python,7269fa3e33e8d02485a647da91a5a2a60a06af61,human,NA,NA,NA,astropy__astropy-14365-d30,NA,NA,30,checkpoint_replay_completed,True,0.0,NA,NA,NA,NA,NA,build_or_future_test_failure,80f5a7181afcea9e32a106b94a81e129b6659754,SWE-bench Lite local record; F2P-only pilot,42420ff7003feddd01ddde186a66486ab686dc91af2a3155970dea6ca4df63c3,False,1577be912ae5570f8867b1ad4eb921172e09f6c0,exact_changed_line_match,"future repository FAIL_TO_PASS node IDs only; no test patch injection, PASS_TO_PASS, augmented, or behavioral check","{""build"": {""returncode"": 0, ""timed_out"": false, ""duration_seconds"": 20.49, ""stdout_sha256"": ""e3b0c44298fc1c149afbf4c8996fb92427ae41e4649b934ca495991b7852b855"", ""stderr_sha256"": ""e3b0c44298fc1c149afbf4c8996fb92427ae41e4649b934ca495991b7852b855"", ""stdout_head"": """", ""stderr_head"": """", ""stdout_tail"": """", ""stderr_tail"": """"}, ""future_test"": {""returncode"": 4, ""timed_out"": false, ""duration_seconds"": 1.548, ""stdout_sha256"": ""e3b0c44298fc1c149afbf4c8996fb92427ae41e4649b934ca495991b7852b855"", ""stderr_sha256"": ""2dc02326f57a1277e13793f76272a6f8ae754b02edb96939dfec9623f9c551dd"", ""stdout_head"": """", ""stderr_head"": ""ImportError while loading conftest '[LOCAL_DRIVE]/lossoracc\\analysis_outputs\\work2_30_task_multicheckpoint_replay_20260901_isolated\\scratch\\task_25p3ooqs\\branch_human\\conftest.py'.\r\nconftest.py:9: in <module>\r\n    import hypothesis\r\nE   ModuleNotFoundError: No module named 'hypothesis'\r\n"", ""stdout_tail"": """", ""stderr_tail"": ""ImportError while loading conftest '[LOCAL_DRIVE]/lossoracc\\analysis_outputs\\work2_30_task_multicheckpoint_replay_20260901_isolated\\scratch\\task_25p3ooqs\\branch_human\\conftest.py'.\r\nconftest.py:9: in <module>\r\n    import hypothesis\r\nE   ModuleNotFoundError: No module named 'hypothesis'\r\n""}}","Provider-free 30-task five-checkpoint replay frame. Rows combine the d7 feasibility frame with 30/90/180/365-day human and OrcaLoca replays. The evaluator is F2P-only and fixed-method; no survival, semantic, behavioral, adaptation, or causal estimate is promoted."
astropy__astropy-14365,issue_resolution,astropy/astropy,python,7269fa3e33e8d02485a647da91a5a2a60a06af61,OrcaLoca,NA,NA,NA,astropy__astropy-14365-d30,NA,NA,30,checkpoint_replay_completed,True,0.0,NA,NA,NA,NA,NA,build_or_future_test_failure,80f5a7181afcea9e32a106b94a81e129b6659754,SWE-bench Lite local record; F2P-only pilot,765f1a0d453527d020e3002e62fdc569cb35b46016a4355d3e96891b79c810b6,True,1577be912ae5570f8867b1ad4eb921172e09f6c0,exact_changed_line_match,"future repository FAIL_TO_PASS node IDs only; no test patch injection, PASS_TO_PASS, augmented, or behavioral check","{""build"": {""returncode"": 0, ""timed_out"": false, ""duration_seconds"": 21.049, ""stdout_sha256"": ""e3b0c44298fc1c149afbf4c8996fb92427ae41e4649b934ca495991b7852b855"", ""stderr_sha256"": ""e3b0c44298fc1c149afbf4c8996fb92427ae41e4649b934ca495991b7852b855"", ""stdout_head"": """", ""stderr_head"": """", ""stdout_tail"": """", ""stderr_tail"": """"}, ""future_test"": {""returncode"": 4, ""timed_out"": false, ""duration_seconds"": 2.358, ""stdout_sha256"": ""e3b0c44298fc1c149afbf4c8996fb92427ae41e4649b934ca495991b7852b855"", ""stderr_sha256"": ""544e4e85a6226e07c9ccdc4dea7f3a9f9d7bf55ec3d1605e175607dfe371a0fb"", ""stdout_head"": """", ""stderr_head"": ""ImportError while loading conftest '[LOCAL_DRIVE]/lossoracc\\analysis_outputs\\work2_30_task_multicheckpoint_replay_20260901_isolated\\scratch\\task_25p3ooqs\\branch_OrcaLoca\\conftest.py'.\r\nconftest.py:9: in <module>\r\n    import hypothesis\r\nE   ModuleNotFoundError: No module named 'hypothesis'\r\n"", ""stdout_tail"": """", ""stderr_tail"": ""ImportError while loading conftest '[LOCAL_DRIVE]/lossoracc\\analysis_outputs\\work2_30_task_multicheckpoint_replay_20260901_isolated\\scratch\\task_25p3ooqs\\branch_OrcaLoca\\conftest.py'.\r\nconftest.py:9: in <module>\r\n    import hypothesis\r\nE   ModuleNotFoundError: No module named 'hypothesis'\r\n""}}","Provider-free 30-task five-checkpoint replay frame. Rows combine the d7 feasibility frame with 30/90/180/365-day human and OrcaLoca replays. The evaluator is F2P-only and fixed-method; no survival, semantic, behavioral, adaptation, or causal estimate is promoted."
astropy__astropy-14365,issue_resolution,astropy/astropy,python,7269fa3e33e8d02485a647da91a5a2a60a06af61,human,NA,NA,NA,astropy__astropy-14365-d90,NA,NA,90,future_textual_conflict,NA,NA,NA,True,NA,NA,NA,evolution_incompatibility,72e09571fa838081689b4e27603fa45225bdb458,SWE-bench Lite local record; F2P-only pilot,42420ff7003feddd01ddde186a66486ab686dc91af2a3155970dea6ca4df63c3,False,1577be912ae5570f8867b1ad4eb921172e09f6c0,exact_changed_line_match,NA,"ad55d5437f5ed3211f6397f288ec76dbbf1512f7: error: docs/changes/io.ascii/14365.bugfix.rst: No such file or directory
","Provider-free 30-task five-checkpoint replay frame. Rows combine the d7 feasibility frame with 30/90/180/365-day human and OrcaLoca replays. The evaluator is F2P-only and fixed-method; no survival, semantic, behavioral, adaptation, or causal estimate is promoted."
astropy__astropy-14365,issue_resolution,astropy/astropy,python,7269fa3e33e8d02485a647da91a5a2a60a06af61,OrcaLoca,NA,NA,NA,astropy__astropy-14365-d90,NA,NA,90,future_textual_conflict,NA,NA,NA,True,NA,NA,NA,evolution_incompatibility,72e09571fa838081689b4e27603fa45225bdb458,SWE-bench Lite local record; F2P-only pilot,765f1a0d453527d020e3002e62fdc569cb35b46016a4355d3e96891b79c810b6,True,1577be912ae5570f8867b1ad4eb921172e09f6c0,exact_changed_line_match,NA,"ad55d5437f5ed3211f6397f288ec76dbbf1512f7: error: docs/changes/io.ascii/14365.bugfix.rst: No such file or directory
","Provider-free 30-task five-checkpoint replay frame. Rows combine the d7 feasibility frame with 30/90/180/365-day human and OrcaLoca replays. The evaluator is F2P-only and fixed-method; no survival, semantic, behavioral, adaptation, or causal estimate is promoted."
astropy__astropy-14365,issue_resolution,astropy/astropy,python,7269fa3e33e8d02485a647da91a5a2a60a06af61,human,NA,NA,NA,astropy__astropy-14365-d180,NA,NA,180,future_textual_conflict,NA,NA,NA,True,NA,NA,NA,evolution_incompatibility,a99f8c02722608775e07e17b49b99ff6657dce3f,SWE-bench Lite local record; F2P-only pilot,42420ff7003feddd01ddde186a66486ab686dc91af2a3155970dea6ca4df63c3,False,1577be912ae5570f8867b1ad4eb921172e09f6c0,exact_changed_line_match,NA,"ad55d5437f5ed3211f6397f288ec76dbbf1512f7: error: docs/changes/io.ascii/14365.bugfix.rst: No such file or directory
","Provider-free 30-task five-checkpoint replay frame. Rows combine the d7 feasibility frame with 30/90/180/365-day human and OrcaLoca replays. The evaluator is F2P-only and fixed-method; no survival, semantic, behavioral, adaptation, or causal estimate is promoted."
astropy__astropy-14365,issue_resolution,astropy/astropy,python,7269fa3e33e8d02485a647da91a5a2a60a06af61,OrcaLoca,NA,NA,NA,astropy__astropy-14365-d180,NA,NA,180,future_textual_conflict,NA,NA,NA,True,NA,NA,NA,evolution_incompatibility,a99f8c02722608775e07e17b49b99ff6657dce3f,SWE-bench Lite local record; F2P-only pilot,765f1a0d453527d020e3002e62fdc569cb35b46016a4355d3e96891b79c810b6,True,1577be912ae5570f8867b1ad4eb921172e09f6c0,exact_changed_line_match,NA,"ad55d5437f5ed3211f6397f288ec76dbbf1512f7: error: docs/changes/io.ascii/14365.bugfix.rst: No such file or directory
","Provider-free 30-task five-checkpoint replay frame. Rows combine the d7 feasibility frame with 30/90/180/365-day human and OrcaLoca replays. The evaluator is F2P-only and fixed-method; no survival, semantic, behavioral, adaptation, or causal estimate is promoted."
astropy__astropy-14365,issue_resolution,astropy/astropy,python,7269fa3e33e8d02485a647da91a5a2a60a06af61,human,NA,NA,NA,astropy__astropy-14365-d365,NA,NA,365,future_textual_conflict,NA,NA,NA,True,NA,NA,NA,evolution_incompatibility,0501404f010461fd0a185faad3a2851977fb4ce2,SWE-bench Lite local record; F2P-only pilot,42420ff7003feddd01ddde186a66486ab686dc91af2a3155970dea6ca4df63c3,False,1577be912ae5570f8867b1ad4eb921172e09f6c0,exact_changed_line_match,NA,"ad55d5437f5ed3211f6397f288ec76dbbf1512f7: error: docs/changes/io.ascii/14365.bugfix.rst: No such file or directory
","Provider-free 30-task five-checkpoint replay frame. Rows combine the d7 feasibility frame with 30/90/180/365-day human and OrcaLoca replays. The evaluator is F2P-only and fixed-method; no survival, semantic, behavioral, adaptation, or causal estimate is promoted."
astropy__astropy-14365,issue_resolution,astropy/astropy,python,7269fa3e33e8d02485a647da91a5a2a60a06af61,OrcaLoca,NA,NA,NA,astropy__astropy-14365-d365,NA,NA,365,future_textual_conflict,NA,NA,NA,True,NA,NA,NA,evolution_incompatibility,0501404f010461fd0a185faad3a2851977fb4ce2,SWE-bench Lite local record; F2P-only pilot,765f1a0d453527d020e3002e62fdc569cb35b46016a4355d3e96891b79c810b6,True,1577be912ae5570f8867b1ad4eb921172e09f6c0,exact_changed_line_match,NA,"ad55d5437f5ed3211f6397f288ec76dbbf1512f7: error: docs/changes/io.ascii/14365.bugfix.rst: No such file or directory
","Provider-free 30-task five-checkpoint replay frame. Rows combine the d7 feasibility frame with 30/90/180/365-day human and OrcaLoca replays. The evaluator is F2P-only and fixed-method; no survival, semantic, behavioral, adaptation, or causal estimate is promoted."
matplotlib__matplotlib-22711,issue_resolution,matplotlib/matplotlib,python,f670fe78795b18eb1118707721852209cd77ad51,human,NA,NA,NA,matplotlib__matplotlib-22711-d30,NA,NA,30,checkpoint_replay_completed,True,0.0,NA,NA,NA,NA,NA,build_or_future_test_failure,1a016f0395c3a8d87b632a47d813db2491863164,SWE-bench Lite local record; F2P-only pilot,ce5c888976765166d051a0bc8d0916683610e8e2380ac37ea85e08cb3a61ee4a,False,d7a475108b5eec08a35ab0c744abcb4174cda93e,exact_changed_line_match,"future repository FAIL_TO_PASS node IDs only; no test patch injection, PASS_TO_PASS, augmented, or behavioral check","{""build"": {""returncode"": 0, ""timed_out"": false, ""duration_seconds"": 19.89, ""stdout_sha256"": ""e3b0c44298fc1c149afbf4c8996fb92427ae41e4649b934ca495991b7852b855"", ""stderr_sha256"": ""e3b0c44298fc1c149afbf4c8996fb92427ae41e4649b934ca495991b7852b855"", ""stdout_head"": """", ""stderr_head"": """", ""stdout_tail"": """", ""stderr_tail"": """"}, ""future_test"": {""returncode"": 4, ""timed_out"": false, ""duration_seconds"": 2.845, ""stdout_sha256"": ""e3b0c44298fc1c149afbf4c8996fb92427ae41e4649b934ca495991b7852b855"", ""stderr_sha256"": ""89a1b2273e25a6ca677241352effcb4e7c3d8d86f1da88b309c6f4f82937c40e"", ""stdout_head"": """", ""stderr_head"": ""ImportError while loading conftest '[LOCAL_DRIVE]/lossoracc\\analysis_outputs\\work2_30_task_multicheckpoint_replay_20260901_isolated\\scratch\\task_gj8goqa_\\branch_human\\lib\\matplotlib\\tests\\conftest.py'.\r\nlib\\matplotlib\\__init__.py:113: in <module>\r\n    from . import _api, _version, cbook, _docstring, rcsetup\r\nlib\\matplotlib\\cbook\\__init__.py:31: in <module>\r\n    from matplotlib import _api, _c_internal_utils\r\nE   ImportError: cannot import name '_c_internal_utils' from partially initialized module 'matplotlib' (most likely due to a circular import) ([LOCAL_DRIVE]/lossoracc\\analysis_outputs\\work2_30_task_multicheckpoint_replay_20260901_isolated\\scratch\\task_gj8goqa_\\branch_human\\lib\\matplotlib\\__init__.py)\r\n"", ""stdout_tail"": """", ""stderr_tail"": ""ImportError while loading conftest '[LOCAL_DRIVE]/lossoracc\\analysis_outputs\\work2_30_task_multicheckpoint_replay_20260901_isolated\\scratch\\task_gj8goqa_\\branch_human\\lib\\matplotlib\\tests\\conftest.py'.\r\nlib\\matplotlib\\__init__.py:113: in <module>\r\n    from . import _api, _version, cbook, _docstring, rcsetup\r\nlib\\matplotlib\\cbook\\__init__.py:31: in <module>\r\n    from matplotlib import _api, _c_internal_utils\r\nE   ImportError: cannot import name '_c_internal_utils' from partially initialized module 'matplotlib' (most likely due to a circular import) ([LOCAL_DRIVE]/lossoracc\\analysis_outputs\\work2_30_task_multicheckpoint_replay_20260901_isolated\\scratch\\task_gj8goqa_\\branch_human\\lib\\matplotlib\\__init__.py)\r\n""}}","Provider-free 30-task five-checkpoint replay frame. Rows combine the d7 feasibility frame with 30/90/180/365-day human and OrcaLoca replays. The evaluator is F2P-only and fixed-method; no survival, semantic, behavioral, adaptation, or causal estimate is promoted."
matplotlib__matplotlib-22711,issue_resolution,matplotlib/matplotlib,python,f670fe78795b18eb1118707721852209cd77ad51,OrcaLoca,NA,NA,NA,matplotlib__matplotlib-22711-d30,NA,NA,30,checkpoint_replay_completed,True,0.0,NA,NA,NA,NA,NA,build_or_future_test_failure,1a016f0395c3a8d87b632a47d813db2491863164,SWE-bench Lite local record; F2P-only pilot,e6175179a125f5d2786310ed098deca74a434ed77258b5dd26a00cad34ff43c5,True,d7a475108b5eec08a35ab0c744abcb4174cda93e,exact_changed_line_match,"future repository FAIL_TO_PASS node IDs only; no test patch injection, PASS_TO_PASS, augmented, or behavioral check","{""build"": {""returncode"": 0, ""timed_out"": false, ""duration_seconds"": 19.04, ""stdout_sha256"": ""e3b0c44298fc1c149afbf4c8996fb92427ae41e4649b934ca495991b7852b855"", ""stderr_sha256"": ""e3b0c44298fc1c149afbf4c8996fb92427ae41e4649b934ca495991b7852b855"", ""stdout_head"": """", ""stderr_head"": """", ""stdout_tail"": """", ""stderr_tail"": """"}, ""future_test"": {""returncode"": 4, ""timed_out"": false, ""duration_seconds"": 1.748, ""stdout_sha256"": ""e3b0c44298fc1c149afbf4c8996fb92427ae41e4649b934ca495991b7852b855"", ""stderr_sha256"": ""d946bf44a7518955faf03c68351e5d07cca54c5c1d1b3946c6c53cd18ad4ec35"", ""stdout_head"": """", ""stderr_head"": ""ImportError while loading conftest '[LOCAL_DRIVE]/lossoracc\\analysis_outputs\\work2_30_task_multicheckpoint_replay_20260901_isolated\\scratch\\task_gj8goqa_\\branch_OrcaLoca\\lib\\matplotlib\\tests\\conftest.py'.\r\nlib\\matplotlib\\__init__.py:113: in <module>\r\n    from . import _api, _version, cbook, _docstring, rcsetup\r\nlib\\matplotlib\\cbook\\__init__.py:31: in <module>\r\n    from matplotlib import _api, _c_internal_utils\r\nE   ImportError: cannot import name '_c_internal_utils' from partially initialized module 'matplotlib' (most likely due to a circular import) ([LOCAL_DRIVE]/lossoracc\\analysis_outputs\\work2_30_task_multicheckpoint_replay_20260901_isolated\\scratch\\task_gj8goqa_\\branch_OrcaLoca\\lib\\matplotlib\\__init__.py)\r\n"", ""stdout_tail"": """", ""stderr_tail"": ""ImportError while loading conftest '[LOCAL_DRIVE]/lossoracc\\analysis_outputs\\work2_30_task_multicheckpoint_replay_20260901_isolated\\scratch\\task_gj8goqa_\\branch_OrcaLoca\\lib\\matplotlib\\tests\\conftest.py'.\r\nlib\\matplotlib\\__init__.py:113: in <module>\r\n    from . import _api, _version, cbook, _docstring, rcsetup\r\nlib\\matplotlib\\cbook\\__init__.py:31: in <module>\r\n    from matplotlib import _api, _c_internal_utils\r\nE   ImportError: cannot import name '_c_internal_utils' from partially initialized module 'matplotlib' (most likely due to a circular import) ([LOCAL_DRIVE]/lossoracc\\analysis_outputs\\work2_30_task_multicheckpoint_replay_20260901_isolated\\scratch\\task_gj8goqa_\\branch_OrcaLoca\\lib\\matplotlib\\__init__.py)\r\n""}}","Provider-free 30-task five-checkpoint replay frame. Rows combine the d7 feasibility frame with 30/90/180/365-day human and OrcaLoca replays. The evaluator is F2P-only and fixed-method; no survival, semantic, behavioral, adaptation, or causal estimate is promoted."
matplotlib__matplotlib-22711,issue_resolution,matplotlib/matplotlib,python,f670fe78795b18eb1118707721852209cd77ad51,human,NA,NA,NA,matplotlib__matplotlib-22711-d90,NA,NA,90,future_textual_conflict,NA,NA,NA,True,NA,NA,NA,evolution_incompatibility,b02334b6e207bf155c1fa92e50a6607abdf4633a,SWE-bench Lite local record; F2P-only pilot,ce5c888976765166d051a0bc8d0916683610e8e2380ac37ea85e08cb3a61ee4a,False,d7a475108b5eec08a35ab0c744abcb4174cda93e,exact_changed_line_match,NA,"bed236261a74045a0e4a85fc930bc0ad0da786bb: error: patch failed: lib/matplotlib/tests/test_widgets.py:1161
error: lib/matplotlib/tests/test_widgets.py: patch does not apply
","Provider-free 30-task five-checkpoint replay frame. Rows combine the d7 feasibility frame with 30/90/180/365-day human and OrcaLoca replays. The evaluator is F2P-only and fixed-method; no survival, semantic, behavioral, adaptation, or causal estimate is promoted."
matplotlib__matplotlib-22711,issue_resolution,matplotlib/matplotlib,python,f670fe78795b18eb1118707721852209cd77ad51,OrcaLoca,NA,NA,NA,matplotlib__matplotlib-22711-d90,NA,NA,90,future_textual_conflict,NA,NA,NA,True,NA,NA,NA,evolution_incompatibility,b02334b6e207bf155c1fa92e50a6607abdf4633a,SWE-bench Lite local record; F2P-only pilot,e6175179a125f5d2786310ed098deca74a434ed77258b5dd26a00cad34ff43c5,True,d7a475108b5eec08a35ab0c744abcb4174cda93e,exact_changed_line_match,NA,"bed236261a74045a0e4a85fc930bc0ad0da786bb: error: patch failed: lib/matplotlib/tests/test_widgets.py:1161
error: lib/matplotlib/tests/test_widgets.py: patch does not apply
error: patch failed: lib/matplotlib/widgets.py:903
error: lib/matplotlib/widgets.py: patch does not apply
","Provider-free 30-task five-checkpoint replay frame. Rows combine the d7 feasibility frame with 30/90/180/365-day human and OrcaLoca replays. The evaluator is F2P-only and fixed-method; no survival, semantic, behavioral, adaptation, or causal estimate is promoted."
matplotlib__matplotlib-22711,issue_resolution,matplotlib/matplotlib,python,f670fe78795b18eb1118707721852209cd77ad51,human,NA,NA,NA,matplotlib__matplotlib-22711-d180,NA,NA,180,future_textual_conflict,NA,NA,NA,True,NA,NA,NA,evolution_incompatibility,d226954190e4d3299de4b600af0c19763a41edee,SWE-bench Lite local record; F2P-only pilot,ce5c888976765166d051a0bc8d0916683610e8e2380ac37ea85e08cb3a61ee4a,False,d7a475108b5eec08a35ab0c744abcb4174cda93e,exact_changed_line_match,NA,"bed236261a74045a0e4a85fc930bc0ad0da786bb: error: patch failed: lib/matplotlib/tests/test_widgets.py:1161
error: lib/matplotlib/tests/test_widgets.py: patch does not apply
","Provider-free 30-task five-checkpoint replay frame. Rows combine the d7 feasibility frame with 30/90/180/365-day human and OrcaLoca replays. The evaluator is F2P-only and fixed-method; no survival, semantic, behavioral, adaptation, or causal estimate is promoted."
matplotlib__matplotlib-22711,issue_resolution,matplotlib/matplotlib,python,f670fe78795b18eb1118707721852209cd77ad51,OrcaLoca,NA,NA,NA,matplotlib__matplotlib-22711-d180,NA,NA,180,future_textual_conflict,NA,NA,NA,True,NA,NA,NA,evolution_incompatibility,d226954190e4d3299de4b600af0c19763a41edee,SWE-bench Lite local record; F2P-only pilot,e6175179a125f5d2786310ed098deca74a434ed77258b5dd26a00cad34ff43c5,True,d7a475108b5eec08a35ab0c744abcb4174cda93e,exact_changed_line_match,NA,"bed236261a74045a0e4a85fc930bc0ad0da786bb: error: patch failed: lib/matplotlib/tests/test_widgets.py:1161
error: lib/matplotlib/tests/test_widgets.py: patch does not apply
error: patch failed: lib/matplotlib/widgets.py:903
error: lib/matplotlib/widgets.py: patch does not apply
","Provider-free 30-task five-checkpoint replay frame. Rows combine the d7 feasibility frame with 30/90/180/365-day human and OrcaLoca replays. The evaluator is F2P-only and fixed-method; no survival, semantic, behavioral, adaptation, or causal estimate is promoted."
matplotlib__matplotlib-22711,issue_resolution,matplotlib/matplotlib,python,f670fe78795b18eb1118707721852209cd77ad51,human,NA,NA,NA,matplotlib__matplotlib-22711-d365,NA,NA,365,future_textual_conflict,NA,NA,NA,True,NA,NA,NA,evolution_incompatibility,c8aaa903df68d6c82c59cb5a344b11232a4493e8,SWE-bench Lite local record; F2P-only pilot,ce5c888976765166d051a0bc8d0916683610e8e2380ac37ea85e08cb3a61ee4a,False,d7a475108b5eec08a35ab0c744abcb4174cda93e,exact_changed_line_match,NA,"bed236261a74045a0e4a85fc930bc0ad0da786bb: error: patch failed: lib/matplotlib/tests/test_widgets.py:1161
error: lib/matplotlib/tests/test_widgets.py: patch does not apply
","Provider-free 30-task five-checkpoint replay frame. Rows combine the d7 feasibility frame with 30/90/180/365-day human and OrcaLoca replays. The evaluator is F2P-only and fixed-method; no survival, semantic, behavioral, adaptation, or causal estimate is promoted."
matplotlib__matplotlib-22711,issue_resolution,matplotlib/matplotlib,python,f670fe78795b18eb1118707721852209cd77ad51,OrcaLoca,NA,NA,NA,matplotlib__matplotlib-22711-d365,NA,NA,365,future_textual_conflict,NA,NA,NA,True,NA,NA,NA,evolution_incompatibility,c8aaa903df68d6c82c59cb5a344b11232a4493e8,SWE-bench Lite local record; F2P-only pilot,e6175179a125f5d2786310ed098deca74a434ed77258b5dd26a00cad34ff43c5,True,d7a475108b5eec08a35ab0c744abcb4174cda93e,exact_changed_line_match,NA,"bed236261a74045a0e4a85fc930bc0ad0da786bb: error: patch failed: lib/matplotlib/tests/test_widgets.py:1161
error: lib/matplotlib/tests/test_widgets.py: patch does not apply
error: patch failed: lib/matplotlib/widgets.py:903
error: lib/matplotlib/widgets.py: patch does not apply
","Provider-free 30-task five-checkpoint replay frame. Rows combine the d7 feasibility frame with 30/90/180/365-day human and OrcaLoca replays. The evaluator is F2P-only and fixed-method; no survival, semantic, behavioral, adaptation, or causal estimate is promoted."
matplotlib__matplotlib-23299,issue_resolution,matplotlib/matplotlib,python,3eadeacc06c9f2ddcdac6ae39819faa9fbee9e39,human,NA,NA,NA,matplotlib__matplotlib-23299-d30,NA,NA,30,checkpoint_replay_completed,True,0.0,NA,NA,NA,NA,NA,build_or_future_test_failure,5fc0441f3b5848ef864e6ed74e3b0e5edcea8dec,SWE-bench Lite local record; F2P-only pilot,b15079ba0b887c4386893f5beb03cc077d9ff65b167d1910de6bfbc8151cfb2e,False,11a4071026e4a44e30b1f23dab9c182da5d6932a,exact_changed_line_match,"future repository FAIL_TO_PASS node IDs only; no test patch injection, PASS_TO_PASS, augmented, or behavioral check","{""build"": {""returncode"": 0, ""timed_out"": false, ""duration_seconds"": 18.158, ""stdout_sha256"": ""e3b0c44298fc1c149afbf4c8996fb92427ae41e4649b934ca495991b7852b855"", ""stderr_sha256"": ""e3b0c44298fc1c149afbf4c8996fb92427ae41e4649b934ca495991b7852b855"", ""stdout_head"": """", ""stderr_head"": """", ""stdout_tail"": """", ""stderr_tail"": """"}, ""future_test"": {""returncode"": 4, ""timed_out"": false, ""duration_seconds"": 1.744, ""stdout_sha256"": ""e3b0c44298fc1c149afbf4c8996fb92427ae41e4649b934ca495991b7852b855"", ""stderr_sha256"": ""2429f5ce441fa9575ec498074d908a2a7d83b3d23d8a87cbeabe3d004037ac8f"", ""stdout_head"": """", ""stderr_head"": ""ImportError while loading conftest '[LOCAL_DRIVE]/lossoracc\\analysis_outputs\\work2_30_task_multicheckpoint_replay_20260901_isolated\\scratch\\task_cid27sf4\\branch_human\\lib\\matplotlib\\tests\\conftest.py'.\r\nlib\\matplotlib\\__init__.py:113: in <module>\r\n    from . import _api, _version, cbook, _docstring, rcsetup\r\nlib\\matplotlib\\cbook\\__init__.py:31: in <module>\r\n    from matplotlib import _api, _c_internal_utils\r\nE   ImportError: cannot import name '_c_internal_utils' from partially initialized module 'matplotlib' (most likely due to a circular import) ([LOCAL_DRIVE]/lossoracc\\analysis_outputs\\work2_30_task_multicheckpoint_replay_20260901_isolated\\scratch\\task_cid27sf4\\branch_human\\lib\\matplotlib\\__init__.py)\r\n"", ""stdout_tail"": """", ""stderr_tail"": ""ImportError while loading conftest '[LOCAL_DRIVE]/lossoracc\\analysis_outputs\\work2_30_task_multicheckpoint_replay_20260901_isolated\\scratch\\task_cid27sf4\\branch_human\\lib\\matplotlib\\tests\\conftest.py'.\r\nlib\\matplotlib\\__init__.py:113: in <module>\r\n    from . import _api, _version, cbook, _docstring, rcsetup\r\nlib\\matplotlib\\cbook\\__init__.py:31: in <module>\r\n    from matplotlib import _api, _c_internal_utils\r\nE   ImportError: cannot import name '_c_internal_utils' from partially initialized module 'matplotlib' (most likely due to a circular import) ([LOCAL_DRIVE]/lossoracc\\analysis_outputs\\work2_30_task_multicheckpoint_replay_20260901_isolated\\scratch\\task_cid27sf4\\branch_human\\lib\\matplotlib\\__init__.py)\r\n""}}","Provider-free 30-task five-checkpoint replay frame. Rows combine the d7 feasibility frame with 30/90/180/365-day human and OrcaLoca replays. The evaluator is F2P-only and fixed-method; no survival, semantic, behavioral, adaptation, or causal estimate is promoted."
matplotlib__matplotlib-23299,issue_resolution,matplotlib/matplotlib,python,3eadeacc06c9f2ddcdac6ae39819faa9fbee9e39,OrcaLoca,NA,NA,NA,matplotlib__matplotlib-23299-d30,NA,NA,30,checkpoint_replay_completed,True,0.0,NA,NA,NA,NA,NA,build_or_future_test_failure,5fc0441f3b5848ef864e6ed74e3b0e5edcea8dec,SWE-bench Lite local record; F2P-only pilot,7baf90c72e78a8d69d2e0fe5d65d51d8f876344f448ffc481b99ad6801209d43,True,11a4071026e4a44e30b1f23dab9c182da5d6932a,exact_changed_line_match,"future repository FAIL_TO_PASS node IDs only; no test patch injection, PASS_TO_PASS, augmented, or behavioral check","{""build"": {""returncode"": 0, ""timed_out"": false, ""duration_seconds"": 17.342, ""stdout_sha256"": ""e3b0c44298fc1c149afbf4c8996fb92427ae41e4649b934ca495991b7852b855"", ""stderr_sha256"": ""e3b0c44298fc1c149afbf4c8996fb92427ae41e4649b934ca495991b7852b855"", ""stdout_head"": """", ""stderr_head"": """", ""stdout_tail"": """", ""stderr_tail"": """"}, ""future_test"": {""returncode"": 4, ""timed_out"": false, ""duration_seconds"": 2.265, ""stdout_sha256"": ""e3b0c44298fc1c149afbf4c8996fb92427ae41e4649b934ca495991b7852b855"", ""stderr_sha256"": ""3be7fc6c11fa4396e5088adf484d11035b92c10a2570d21423250fbb3ffc7281"", ""stdout_head"": """", ""stderr_head"": ""ImportError while loading conftest '[LOCAL_DRIVE]/lossoracc\\analysis_outputs\\work2_30_task_multicheckpoint_replay_20260901_isolated\\scratch\\task_cid27sf4\\branch_OrcaLoca\\lib\\matplotlib\\tests\\conftest.py'.\r\nlib\\matplotlib\\__init__.py:113: in <module>\r\n    from . import _api, _version, cbook, _docstring, rcsetup\r\nlib\\matplotlib\\cbook\\__init__.py:31: in <module>\r\n    from matplotlib import _api, _c_internal_utils\r\nE   ImportError: cannot import name '_c_internal_utils' from partially initialized module 'matplotlib' (most likely due to a circular import) ([LOCAL_DRIVE]/lossoracc\\analysis_outputs\\work2_30_task_multicheckpoint_replay_20260901_isolated\\scratch\\task_cid27sf4\\branch_OrcaLoca\\lib\\matplotlib\\__init__.py)\r\n"", ""stdout_tail"": """", ""stderr_tail"": ""ImportError while loading conftest '[LOCAL_DRIVE]/lossoracc\\analysis_outputs\\work2_30_task_multicheckpoint_replay_20260901_isolated\\scratch\\task_cid27sf4\\branch_OrcaLoca\\lib\\matplotlib\\tests\\conftest.py'.\r\nlib\\matplotlib\\__init__.py:113: in <module>\r\n    from . import _api, _version, cbook, _docstring, rcsetup\r\nlib\\matplotlib\\cbook\\__init__.py:31: in <module>\r\n    from matplotlib import _api, _c_internal_utils\r\nE   ImportError: cannot import name '_c_internal_utils' from partially initialized module 'matplotlib' (most likely due to a circular import) ([LOCAL_DRIVE]/lossoracc\\analysis_outputs\\work2_30_task_multicheckpoint_replay_20260901_isolated\\scratch\\task_cid27sf4\\branch_OrcaLoca\\lib\\matplotlib\\__init__.py)\r\n""}}","Provider-free 30-task five-checkpoint replay frame. Rows combine the d7 feasibility frame with 30/90/180/365-day human and OrcaLoca replays. The evaluator is F2P-only and fixed-method; no survival, semantic, behavioral, adaptation, or causal estimate is promoted."
matplotlib__matplotlib-23299,issue_resolution,matplotlib/matplotlib,python,3eadeacc06c9f2ddcdac6ae39819faa9fbee9e39,human,NA,NA,NA,matplotlib__matplotlib-23299-d90,NA,NA,90,future_textual_conflict,NA,NA,NA,True,NA,NA,NA,evolution_incompatibility,363713442bdada82b5ce554be6e1da4c4db84184,SWE-bench Lite local record; F2P-only pilot,b15079ba0b887c4386893f5beb03cc077d9ff65b167d1910de6bfbc8151cfb2e,False,11a4071026e4a44e30b1f23dab9c182da5d6932a,exact_changed_line_match,NA,"a33a6fd1ad4b2fdeafc3367620b2146dcfc08ad6: error: patch failed: lib/matplotlib/tests/baseline_images/test_mathtext/mathtext_cm_77.pdf:1
error: lib/matplotlib/tests/baseline_images/test_mathtext/mathtext_cm_77.pdf: patch does not apply
error: patch failed: lib/matplotlib/tests/baseline_images/test_mathtext/mathtext_dejavusans_77.pdf:1
error: lib/matplotlib/tests/baseline_images/test_mathtext/mathtext_dejavusans_77.pdf: patch does not apply
error: patch failed: lib/matplotlib/tests/baseline_images/test_mathtext/mathtext_dejavuserif_77.pdf:1
error: lib/matplotlib/tests/baseline_images/test_mathtext/mathtext_dejavuserif_77.pdf: patch does not apply
error: patch failed: lib/matplotlib/tests/baseline_images/test_mathtext/mathtext_stix_77.pdf:1
error: lib/matplotlib/tests/baseline_images/test_mathtext/mathtext_stix_77.pdf: patch does not apply
error: patch failed: lib/matplotlib/tests/baseline_images/test_mathtext/mathtext_stixsans_77.pdf:1
error: lib/matplotlib/tests/baseline_images/test_mathtext/mathtext_stixsans_77.pdf: patch does not apply
","Provider-free 30-task five-checkpoint replay frame. Rows combine the d7 feasibility frame with 30/90/180/365-day human and OrcaLoca replays. The evaluator is F2P-only and fixed-method; no survival, semantic, behavioral, adaptation, or causal estimate is promoted."
matplotlib__matplotlib-23299,issue_resolution,matplotlib/matplotlib,python,3eadeacc06c9f2ddcdac6ae39819faa9fbee9e39,OrcaLoca,NA,NA,NA,matplotlib__matplotlib-23299-d90,NA,NA,90,future_textual_conflict,NA,NA,NA,True,NA,NA,NA,evolution_incompatibility,363713442bdada82b5ce554be6e1da4c4db84184,SWE-bench Lite local record; F2P-only pilot,7baf90c72e78a8d69d2e0fe5d65d51d8f876344f448ffc481b99ad6801209d43,True,11a4071026e4a44e30b1f23dab9c182da5d6932a,exact_changed_line_match,NA,"a33a6fd1ad4b2fdeafc3367620b2146dcfc08ad6: error: patch failed: lib/matplotlib/tests/baseline_images/test_mathtext/mathtext_cm_77.pdf:1
error: lib/matplotlib/tests/baseline_images/test_mathtext/mathtext_cm_77.pdf: patch does not apply
error: patch failed: lib/matplotlib/tests/baseline_images/test_mathtext/mathtext_dejavusans_77.pdf:1
error: lib/matplotlib/tests/baseline_images/test_mathtext/mathtext_dejavusans_77.pdf: patch does not apply
error: patch failed: lib/matplotlib/tests/baseline_images/test_mathtext/mathtext_dejavuserif_77.pdf:1
error: lib/matplotlib/tests/baseline_images/test_mathtext/mathtext_dejavuserif_77.pdf: patch does not apply
error: patch failed: lib/matplotlib/tests/baseline_images/test_mathtext/mathtext_stix_77.pdf:1
error: lib/matplotlib/tests/baseline_images/test_mathtext/mathtext_stix_77.pdf: patch does not apply
error: patch failed: lib/matplotlib/tests/baseline_images/test_mathtext/mathtext_stixsans_77.pdf:1
error: lib/matplotlib/tests/baseline_images/test_mathtext/mathtext_stixsans_77.pdf: patch does not apply
","Provider-free 30-task five-checkpoint replay frame. Rows combine the d7 feasibility frame with 30/90/180/365-day human and OrcaLoca replays. The evaluator is F2P-only and fixed-method; no survival, semantic, behavioral, adaptation, or causal estimate is promoted."
matplotlib__matplotlib-23299,issue_resolution,matplotlib/matplotlib,python,3eadeacc06c9f2ddcdac6ae39819faa9fbee9e39,human,NA,NA,NA,matplotlib__matplotlib-23299-d180,NA,NA,180,future_textual_conflict,NA,NA,NA,True,NA,NA,NA,evolution_incompatibility,65dc9be34efb3a8b7b3bd7ccebeb9fff1dc85137,SWE-bench Lite local record; F2P-only pilot,b15079ba0b887c4386893f5beb03cc077d9ff65b167d1910de6bfbc8151cfb2e,False,11a4071026e4a44e30b1f23dab9c182da5d6932a,exact_changed_line_match,NA,"a33a6fd1ad4b2fdeafc3367620b2146dcfc08ad6: error: patch failed: lib/matplotlib/tests/baseline_images/test_mathtext/mathtext_cm_77.pdf:1
error: lib/matplotlib/tests/baseline_images/test_mathtext/mathtext_cm_77.pdf: patch does not apply
error: patch failed: lib/matplotlib/tests/baseline_images/test_mathtext/mathtext_dejavusans_77.pdf:1
error: lib/matplotlib/tests/baseline_images/test_mathtext/mathtext_dejavusans_77.pdf: patch does not apply
error: patch failed: lib/matplotlib/tests/baseline_images/test_mathtext/mathtext_dejavuserif_77.pdf:1
error: lib/matplotlib/tests/baseline_images/test_mathtext/mathtext_dejavuserif_77.pdf: patch does not apply
error: patch failed: lib/matplotlib/tests/baseline_images/test_mathtext/mathtext_stix_77.pdf:1
error: lib/matplotlib/tests/baseline_images/test_mathtext/mathtext_stix_77.pdf: patch does not apply
error: patch failed: lib/matplotlib/tests/baseline_images/test_mathtext/mathtext_stixsans_77.pdf:1
error: lib/matplotlib/tests/baseline_images/test_mathtext/mathtext_stixsans_77.pdf: patch does not apply
","Provider-free 30-task five-checkpoint replay frame. Rows combine the d7 feasibility frame with 30/90/180/365-day human and OrcaLoca replays. The evaluator is F2P-only and fixed-method; no survival, semantic, behavioral, adaptation, or causal estimate is promoted."
matplotlib__matplotlib-23299,issue_resolution,matplotlib/matplotlib,python,3eadeacc06c9f2ddcdac6ae39819faa9fbee9e39,OrcaLoca,NA,NA,NA,matplotlib__matplotlib-23299-d180,NA,NA,180,future_textual_conflict,NA,NA,NA,True,NA,NA,NA,evolution_incompatibility,65dc9be34efb3a8b7b3bd7ccebeb9fff1dc85137,SWE-bench Lite local record; F2P-only pilot,7baf90c72e78a8d69d2e0fe5d65d51d8f876344f448ffc481b99ad6801209d43,True,11a4071026e4a44e30b1f23dab9c182da5d6932a,exact_changed_line_match,NA,"a33a6fd1ad4b2fdeafc3367620b2146dcfc08ad6: error: patch failed: lib/matplotlib/tests/baseline_images/test_mathtext/mathtext_cm_77.pdf:1
error: lib/matplotlib/tests/baseline_images/test_mathtext/mathtext_cm_77.pdf: patch does not apply
error: patch failed: lib/matplotlib/tests/baseline_images/test_mathtext/mathtext_dejavusans_77.pdf:1
error: lib/matplotlib/tests/baseline_images/test_mathtext/mathtext_dejavusans_77.pdf: patch does not apply
error: patch failed: lib/matplotlib/tests/baseline_images/test_mathtext/mathtext_dejavuserif_77.pdf:1
error: lib/matplotlib/tests/baseline_images/test_mathtext/mathtext_dejavuserif_77.pdf: patch does not apply
error: patch failed: lib/matplotlib/tests/baseline_images/test_mathtext/mathtext_stix_77.pdf:1
error: lib/matplotlib/tests/baseline_images/test_mathtext/mathtext_stix_77.pdf: patch does not apply
error: patch failed: lib/matplotlib/tests/baseline_images/test_mathtext/mathtext_stixsans_77.pdf:1
error: lib/matplotlib/tests/baseline_images/test_mathtext/mathtext_stixsans_77.pdf: patch does not apply
","Provider-free 30-task five-checkpoint replay frame. Rows combine the d7 feasibility frame with 30/90/180/365-day human and OrcaLoca replays. The evaluator is F2P-only and fixed-method; no survival, semantic, behavioral, adaptation, or causal estimate is promoted."
matplotlib__matplotlib-23299,issue_resolution,matplotlib/matplotlib,python,3eadeacc06c9f2ddcdac6ae39819faa9fbee9e39,human,NA,NA,NA,matplotlib__matplotlib-23299-d365,NA,NA,365,future_textual_conflict,NA,NA,NA,True,NA,NA,NA,evolution_incompatibility,c6f455bf35c15be1a5b131c8c1468c0f7a7d0163,SWE-bench Lite local record; F2P-only pilot,b15079ba0b887c4386893f5beb03cc077d9ff65b167d1910de6bfbc8151cfb2e,False,11a4071026e4a44e30b1f23dab9c182da5d6932a,exact_changed_line_match,NA,"a33a6fd1ad4b2fdeafc3367620b2146dcfc08ad6: error: patch failed: lib/matplotlib/tests/baseline_images/test_mathtext/mathtext_cm_77.pdf:1
error: lib/matplotlib/tests/baseline_images/test_mathtext/mathtext_cm_77.pdf: patch does not apply
error: patch failed: lib/matplotlib/tests/baseline_images/test_mathtext/mathtext_dejavusans_77.pdf:1
error: lib/matplotlib/tests/baseline_images/test_mathtext/mathtext_dejavusans_77.pdf: patch does not apply
error: patch failed: lib/matplotlib/tests/baseline_images/test_mathtext/mathtext_dejavuserif_77.pdf:1
error: lib/matplotlib/tests/baseline_images/test_mathtext/mathtext_dejavuserif_77.pdf: patch does not apply
error: patch failed: lib/matplotlib/tests/baseline_images/test_mathtext/mathtext_stix_77.pdf:1
error: lib/matplotlib/tests/baseline_images/test_mathtext/mathtext_stix_77.pdf: patch does not apply
error: patch failed: lib/matplotlib/tests/baseline_images/test_mathtext/mathtext_stixsans_77.pdf:1
error: lib/matplotlib/tests/baseline_images/test_mathtext/mathtext_stixsans_77.pdf: patch does not apply
","Provider-free 30-task five-checkpoint replay frame. Rows combine the d7 feasibility frame with 30/90/180/365-day human and OrcaLoca replays. The evaluator is F2P-only and fixed-method; no survival, semantic, behavioral, adaptation, or causal estimate is promoted."
matplotlib__matplotlib-23299,issue_resolution,matplotlib/matplotlib,python,3eadeacc06c9f2ddcdac6ae39819faa9fbee9e39,OrcaLoca,NA,NA,NA,matplotlib__matplotlib-23299-d365,NA,NA,365,future_textual_conflict,NA,NA,NA,True,NA,NA,NA,evolution_incompatibility,c6f455bf35c15be1a5b131c8c1468c0f7a7d0163,SWE-bench Lite local record; F2P-only pilot,7baf90c72e78a8d69d2e0fe5d65d51d8f876344f448ffc481b99ad6801209d43,True,11a4071026e4a44e30b1f23dab9c182da5d6932a,exact_changed_line_match,NA,"a33a6fd1ad4b2fdeafc3367620b2146dcfc08ad6: error: patch failed: lib/matplotlib/tests/baseline_images/test_mathtext/mathtext_cm_77.pdf:1
error: lib/matplotlib/tests/baseline_images/test_mathtext/mathtext_cm_77.pdf: patch does not apply
error: patch failed: lib/matplotlib/tests/baseline_images/test_mathtext/mathtext_dejavusans_77.pdf:1
error: lib/matplotlib/tests/baseline_images/test_mathtext/mathtext_dejavusans_77.pdf: patch does not apply
error: patch failed: lib/matplotlib/tests/baseline_images/test_mathtext/mathtext_dejavuserif_77.pdf:1
error: lib/matplotlib/tests/baseline_images/test_mathtext/mathtext_dejavuserif_77.pdf: patch does not apply
error: patch failed: lib/matplotlib/tests/baseline_images/test_mathtext/mathtext_stix_77.pdf:1
error: lib/matplotlib/tests/baseline_images/test_mathtext/mathtext_stix_77.pdf: patch does not apply
error: patch failed: lib/matplotlib/tests/baseline_images/test_mathtext/mathtext_stixsans_77.pdf:1
error: lib/matplotlib/tests/baseline_images/test_mathtext/mathtext_stixsans_77.pdf: patch does not apply
","Provider-free 30-task five-checkpoint replay frame. Rows combine the d7 feasibility frame with 30/90/180/365-day human and OrcaLoca replays. The evaluator is F2P-only and fixed-method; no survival, semantic, behavioral, adaptation, or causal estimate is promoted."
matplotlib__matplotlib-23314,issue_resolution,matplotlib/matplotlib,python,97fc1154992f64cfb2f86321155a7404efeb2d8a,human,NA,NA,NA,matplotlib__matplotlib-23314-d30,NA,NA,30,checkpoint_replay_completed,True,0.0,NA,NA,NA,NA,NA,build_or_future_test_failure,11a3e1b81747558d0e36c6d967cc61360e9853c6,SWE-bench Lite local record; F2P-only pilot,b6d8952d0d9b8851d9ddd2a7f97980a3cee631902f1b92f9965ac62159d58fc4,False,9d5953f3561250005d0e1786cc9140ac45207857,exact_changed_line_match,"future repository FAIL_TO_PASS node IDs only; no test patch injection, PASS_TO_PASS, augmented, or behavioral check","{""build"": {""returncode"": 0, ""timed_out"": false, ""duration_seconds"": 18.345, ""stdout_sha256"": ""e3b0c44298fc1c149afbf4c8996fb92427ae41e4649b934ca495991b7852b855"", ""stderr_sha256"": ""e3b0c44298fc1c149afbf4c8996fb92427ae41e4649b934ca495991b7852b855"", ""stdout_head"": """", ""stderr_head"": """", ""stdout_tail"": """", ""stderr_tail"": """"}, ""future_test"": {""returncode"": 4, ""timed_out"": false, ""duration_seconds"": 1.852, ""stdout_sha256"": ""e3b0c44298fc1c149afbf4c8996fb92427ae41e4649b934ca495991b7852b855"", ""stderr_sha256"": ""67f79eb62bb7e2f1b53d37df29b5e1765498044bd90d03681dbd9391cd9852bd"", ""stdout_head"": """", ""stderr_head"": ""ImportError while loading conftest '[LOCAL_DRIVE]/lossoracc\\analysis_outputs\\work2_30_task_multicheckpoint_replay_20260901_isolated\\scratch\\task_1m_rhw7y\\branch_human\\lib\\mpl_toolkits\\tests\\conftest.py'.\r\nlib\\mpl_toolkits\\tests\\conftest.py:1: in <module>\r\n    from matplotlib.testing.conftest import (mpl_test_settings,\r\nlib\\matplotlib\\__init__.py:113: in <module>\r\n    from . import _api, _version, cbook, _docstring, rcsetup\r\nlib\\matplotlib\\cbook\\__init__.py:31: in <module>\r\n    from matplotlib import _api, _c_internal_utils\r\nE   ImportError: cannot import name '_c_internal_utils' from partially initialized module 'matplotlib' (most likely due to a circular import) ([LOCAL_DRIVE]/lossoracc\\analysis_outputs\\work2_30_task_multicheckpoint_replay_20260901_isolated\\scratch\\task_1m_rhw7y\\branch_human\\lib\\matplotlib\\__init__.py)\r\n"", ""stdout_tail"": """", ""stderr_tail"": ""ImportError while loading conftest '[LOCAL_DRIVE]/lossoracc\\analysis_outputs\\work2_30_task_multicheckpoint_replay_20260901_isolated\\scratch\\task_1m_rhw7y\\branch_human\\lib\\mpl_toolkits\\tests\\conftest.py'.\r\nlib\\mpl_toolkits\\tests\\conftest.py:1: in <module>\r\n    from matplotlib.testing.conftest import (mpl_test_settings,\r\nlib\\matplotlib\\__init__.py:113: in <module>\r\n    from . import _api, _version, cbook, _docstring, rcsetup\r\nlib\\matplotlib\\cbook\\__init__.py:31: in <module>\r\n    from matplotlib import _api, _c_internal_utils\r\nE   ImportError: cannot import name '_c_internal_utils' from partially initialized module 'matplotlib' (most likely due to a circular import) ([LOCAL_DRIVE]/lossoracc\\analysis_outputs\\work2_30_task_multicheckpoint_replay_20260901_isolated\\scratch\\task_1m_rhw7y\\branch_human\\lib\\matplotlib\\__init__.py)\r\n""}}","Provider-free 30-task five-checkpoint replay frame. Rows combine the d7 feasibility frame with 30/90/180/365-day human and OrcaLoca replays. The evaluator is F2P-only and fixed-method; no survival, semantic, behavioral, adaptation, or causal estimate is promoted."
matplotlib__matplotlib-23314,issue_resolution,matplotlib/matplotlib,python,97fc1154992f64cfb2f86321155a7404efeb2d8a,OrcaLoca,NA,NA,NA,matplotlib__matplotlib-23314-d30,NA,NA,30,checkpoint_replay_completed,True,0.0,NA,NA,NA,NA,NA,build_or_future_test_failure,11a3e1b81747558d0e36c6d967cc61360e9853c6,SWE-bench Lite local record; F2P-only pilot,d84de209e0805bb299b368a5f58949f0752d8bd80e9a38dfa4d4562b3642282c,True,9d5953f3561250005d0e1786cc9140ac45207857,exact_changed_line_match,"future repository FAIL_TO_PASS node IDs only; no test patch injection, PASS_TO_PASS, augmented, or behavioral check","{""build"": {""returncode"": 0, ""timed_out"": false, ""duration_seconds"": 16.84, ""stdout_sha256"": ""e3b0c44298fc1c149afbf4c8996fb92427ae41e4649b934ca495991b7852b855"", ""stderr_sha256"": ""e3b0c44298fc1c149afbf4c8996fb92427ae41e4649b934ca495991b7852b855"", ""stdout_head"": """", ""stderr_head"": """", ""stdout_tail"": """", ""stderr_tail"": """"}, ""future_test"": {""returncode"": 4, ""timed_out"": false, ""duration_seconds"": 1.88, ""stdout_sha256"": ""e3b0c44298fc1c149afbf4c8996fb92427ae41e4649b934ca495991b7852b855"", ""stderr_sha256"": ""f9eb679de2637651b9d1fc95cbf062216f2f7af768bc14cf49b98e18c76990e4"", ""stdout_head"": """", ""stderr_head"": ""ImportError while loading conftest '[LOCAL_DRIVE]/lossoracc\\analysis_outputs\\work2_30_task_multicheckpoint_replay_20260901_isolated\\scratch\\task_1m_rhw7y\\branch_OrcaLoca\\lib\\mpl_toolkits\\tests\\conftest.py'.\r\nlib\\mpl_toolkits\\tests\\conftest.py:1: in <module>\r\n    from matplotlib.testing.conftest import (mpl_test_settings,\r\nlib\\matplotlib\\__init__.py:113: in <module>\r\n    from . import _api, _version, cbook, _docstring, rcsetup\r\nlib\\matplotlib\\cbook\\__init__.py:31: in <module>\r\n    from matplotlib import _api, _c_internal_utils\r\nE   ImportError: cannot import name '_c_internal_utils' from partially initialized module 'matplotlib' (most likely due to a circular import) ([LOCAL_DRIVE]/lossoracc\\analysis_outputs\\work2_30_task_multicheckpoint_replay_20260901_isolated\\scratch\\task_1m_rhw7y\\branch_OrcaLoca\\lib\\matplotlib\\__init__.py)\r\n"", ""stdout_tail"": """", ""stderr_tail"": ""ImportError while loading conftest '[LOCAL_DRIVE]/lossoracc\\analysis_outputs\\work2_30_task_multicheckpoint_replay_20260901_isolated\\scratch\\task_1m_rhw7y\\branch_OrcaLoca\\lib\\mpl_toolkits\\tests\\conftest.py'.\r\nlib\\mpl_toolkits\\tests\\conftest.py:1: in <module>\r\n    from matplotlib.testing.conftest import (mpl_test_settings,\r\nlib\\matplotlib\\__init__.py:113: in <module>\r\n    from . import _api, _version, cbook, _docstring, rcsetup\r\nlib\\matplotlib\\cbook\\__init__.py:31: in <module>\r\n    from matplotlib import _api, _c_internal_utils\r\nE   ImportError: cannot import name '_c_internal_utils' from partially initialized module 'matplotlib' (most likely due to a circular import) ([LOCAL_DRIVE]/lossoracc\\analysis_outputs\\work2_30_task_multicheckpoint_replay_20260901_isolated\\scratch\\task_1m_rhw7y\\branch_OrcaLoca\\lib\\matplotlib\\__init__.py)\r\n""}}","Provider-free 30-task five-checkpoint replay frame. Rows combine the d7 feasibility frame with 30/90/180/365-day human and OrcaLoca replays. The evaluator is F2P-only and fixed-method; no survival, semantic, behavioral, adaptation, or causal estimate is promoted."
matplotlib__matplotlib-23314,issue_resolution,matplotlib/matplotlib,python,97fc1154992f64cfb2f86321155a7404efeb2d8a,human,NA,NA,NA,matplotlib__matplotlib-23314-d90,NA,NA,90,future_textual_conflict,NA,NA,NA,True,NA,NA,NA,evolution_incompatibility,1b4db29308230b232b505d28d2dd6d471d7be91c,SWE-bench Lite local record; F2P-only pilot,b6d8952d0d9b8851d9ddd2a7f97980a3cee631902f1b92f9965ac62159d58fc4,False,9d5953f3561250005d0e1786cc9140ac45207857,exact_changed_line_match,NA,"437158c1045644da2f744af6133042ad858971f9: error: patch failed: lib/mpl_toolkits/tests/test_mplot3d.py:29
error: lib/mpl_toolkits/tests/test_mplot3d.py: patch does not apply
","Provider-free 30-task five-checkpoint replay frame. Rows combine the d7 feasibility frame with 30/90/180/365-day human and OrcaLoca replays. The evaluator is F2P-only and fixed-method; no survival, semantic, behavioral, adaptation, or causal estimate is promoted."
matplotlib__matplotlib-23314,issue_resolution,matplotlib/matplotlib,python,97fc1154992f64cfb2f86321155a7404efeb2d8a,OrcaLoca,NA,NA,NA,matplotlib__matplotlib-23314-d90,NA,NA,90,future_textual_conflict,NA,NA,NA,True,NA,NA,NA,evolution_incompatibility,1b4db29308230b232b505d28d2dd6d471d7be91c,SWE-bench Lite local record; F2P-only pilot,d84de209e0805bb299b368a5f58949f0752d8bd80e9a38dfa4d4562b3642282c,True,9d5953f3561250005d0e1786cc9140ac45207857,exact_changed_line_match,NA,"437158c1045644da2f744af6133042ad858971f9: error: patch failed: lib/mpl_toolkits/tests/test_mplot3d.py:29
error: lib/mpl_toolkits/tests/test_mplot3d.py: patch does not apply
","Provider-free 30-task five-checkpoint replay frame. Rows combine the d7 feasibility frame with 30/90/180/365-day human and OrcaLoca replays. The evaluator is F2P-only and fixed-method; no survival, semantic, behavioral, adaptation, or causal estimate is promoted."
matplotlib__matplotlib-23314,issue_resolution,matplotlib/matplotlib,python,97fc1154992f64cfb2f86321155a7404efeb2d8a,human,NA,NA,NA,matplotlib__matplotlib-23314-d180,NA,NA,180,future_textual_conflict,NA,NA,NA,True,NA,NA,NA,evolution_incompatibility,48747b29e67e9693ef98149a32672eb2f44589f0,SWE-bench Lite local record; F2P-only pilot,b6d8952d0d9b8851d9ddd2a7f97980a3cee631902f1b92f9965ac62159d58fc4,False,9d5953f3561250005d0e1786cc9140ac45207857,exact_changed_line_match,NA,"437158c1045644da2f744af6133042ad858971f9: error: patch failed: lib/mpl_toolkits/tests/test_mplot3d.py:29
error: lib/mpl_toolkits/tests/test_mplot3d.py: patch does not apply
","Provider-free 30-task five-checkpoint replay frame. Rows combine the d7 feasibility frame with 30/90/180/365-day human and OrcaLoca replays. The evaluator is F2P-only and fixed-method; no survival, semantic, behavioral, adaptation, or causal estimate is promoted."
matplotlib__matplotlib-23314,issue_resolution,matplotlib/matplotlib,python,97fc1154992f64cfb2f86321155a7404efeb2d8a,OrcaLoca,NA,NA,NA,matplotlib__matplotlib-23314-d180,NA,NA,180,future_textual_conflict,NA,NA,NA,True,NA,NA,NA,evolution_incompatibility,48747b29e67e9693ef98149a32672eb2f44589f0,SWE-bench Lite local record; F2P-only pilot,d84de209e0805bb299b368a5f58949f0752d8bd80e9a38dfa4d4562b3642282c,True,9d5953f3561250005d0e1786cc9140ac45207857,exact_changed_line_match,NA,"437158c1045644da2f744af6133042ad858971f9: error: patch failed: lib/mpl_toolkits/tests/test_mplot3d.py:29
error: lib/mpl_toolkits/tests/test_mplot3d.py: patch does not apply
","Provider-free 30-task five-checkpoint replay frame. Rows combine the d7 feasibility frame with 30/90/180/365-day human and OrcaLoca replays. The evaluator is F2P-only and fixed-method; no survival, semantic, behavioral, adaptation, or causal estimate is promoted."
matplotlib__matplotlib-23314,issue_resolution,matplotlib/matplotlib,python,97fc1154992f64cfb2f86321155a7404efeb2d8a,human,NA,NA,NA,matplotlib__matplotlib-23314-d365,NA,NA,365,future_textual_conflict,NA,NA,NA,True,NA,NA,NA,evolution_incompatibility,9b47f81bf68bd7925f6e1c8f67b9b5ead7342431,SWE-bench Lite local record; F2P-only pilot,b6d8952d0d9b8851d9ddd2a7f97980a3cee631902f1b92f9965ac62159d58fc4,False,9d5953f3561250005d0e1786cc9140ac45207857,exact_changed_line_match,NA,"437158c1045644da2f744af6133042ad858971f9: error: patch failed: lib/mpl_toolkits/tests/test_mplot3d.py:29
error: lib/mpl_toolkits/tests/test_mplot3d.py: patch does not apply
","Provider-free 30-task five-checkpoint replay frame. Rows combine the d7 feasibility frame with 30/90/180/365-day human and OrcaLoca replays. The evaluator is F2P-only and fixed-method; no survival, semantic, behavioral, adaptation, or causal estimate is promoted."
matplotlib__matplotlib-23314,issue_resolution,matplotlib/matplotlib,python,97fc1154992f64cfb2f86321155a7404efeb2d8a,OrcaLoca,NA,NA,NA,matplotlib__matplotlib-23314-d365,NA,NA,365,future_textual_conflict,NA,NA,NA,True,NA,NA,NA,evolution_incompatibility,9b47f81bf68bd7925f6e1c8f67b9b5ead7342431,SWE-bench Lite local record; F2P-only pilot,d84de209e0805bb299b368a5f58949f0752d8bd80e9a38dfa4d4562b3642282c,True,9d5953f3561250005d0e1786cc9140ac45207857,exact_changed_line_match,NA,"437158c1045644da2f744af6133042ad858971f9: error: patch failed: lib/mpl_toolkits/tests/test_mplot3d.py:29
error: lib/mpl_toolkits/tests/test_mplot3d.py: patch does not apply
","Provider-free 30-task five-checkpoint replay frame. Rows combine the d7 feasibility frame with 30/90/180/365-day human and OrcaLoca replays. The evaluator is F2P-only and fixed-method; no survival, semantic, behavioral, adaptation, or causal estimate is promoted."
mwaskom__seaborn-2848,issue_resolution,mwaskom/seaborn,python,94621cef29f80282436d73e8d2c0aa76dab81273,human,NA,NA,NA,mwaskom__seaborn-2848-d30,NA,NA,30,future_textual_conflict,NA,NA,NA,True,NA,NA,NA,evolution_incompatibility,5910d6ef50196c8bd1f4ed40a5da202a39d7f62c,SWE-bench Lite local record; F2P-only pilot,c57a9e1c3469d1fa115576ec277fa828a7a5e4b32c41e3975bc5b426cf33048d,False,7b3e4dfd211190113d6d4e64d46882e1b2402ab6,exact_changed_line_match,NA,"1a27ce304d947bfdf77383ab452bd2ded812d057: error: patch failed: doc/releases/v0.12.0.txt:63
error: doc/releases/v0.12.0.txt: patch does not apply
","Provider-free 30-task five-checkpoint replay frame. Rows combine the d7 feasibility frame with 30/90/180/365-day human and OrcaLoca replays. The evaluator is F2P-only and fixed-method; no survival, semantic, behavioral, adaptation, or causal estimate is promoted."
mwaskom__seaborn-2848,issue_resolution,mwaskom/seaborn,python,94621cef29f80282436d73e8d2c0aa76dab81273,OrcaLoca,NA,NA,NA,mwaskom__seaborn-2848-d30,NA,NA,30,future_textual_conflict,NA,NA,NA,True,NA,NA,NA,evolution_incompatibility,5910d6ef50196c8bd1f4ed40a5da202a39d7f62c,SWE-bench Lite local record; F2P-only pilot,f8640d8c6e03491a1a9b21b198b6b055c6dce8472351edecae7b3e49c467b5a5,True,7b3e4dfd211190113d6d4e64d46882e1b2402ab6,exact_changed_line_match,NA,"1a27ce304d947bfdf77383ab452bd2ded812d057: error: patch failed: doc/releases/v0.12.0.txt:63
error: doc/releases/v0.12.0.txt: patch does not apply
","Provider-free 30-task five-checkpoint replay frame. Rows combine the d7 feasibility frame with 30/90/180/365-day human and OrcaLoca replays. The evaluator is F2P-only and fixed-method; no survival, semantic, behavioral, adaptation, or causal estimate is promoted."
mwaskom__seaborn-2848,issue_resolution,mwaskom/seaborn,python,94621cef29f80282436d73e8d2c0aa76dab81273,human,NA,NA,NA,mwaskom__seaborn-2848-d90,NA,NA,90,future_textual_conflict,NA,NA,NA,True,NA,NA,NA,evolution_incompatibility,0929b9aca26dea1e97a08f8ee70b807058d175ed,SWE-bench Lite local record; F2P-only pilot,c57a9e1c3469d1fa115576ec277fa828a7a5e4b32c41e3975bc5b426cf33048d,False,7b3e4dfd211190113d6d4e64d46882e1b2402ab6,exact_changed_line_match,NA,"1a27ce304d947bfdf77383ab452bd2ded812d057: error: patch failed: doc/releases/v0.12.0.txt:63
error: doc/releases/v0.12.0.txt: patch does not apply
","Provider-free 30-task five-checkpoint replay frame. Rows combine the d7 feasibility frame with 30/90/180/365-day human and OrcaLoca replays. The evaluator is F2P-only and fixed-method; no survival, semantic, behavioral, adaptation, or causal estimate is promoted."
mwaskom__seaborn-2848,issue_resolution,mwaskom/seaborn,python,94621cef29f80282436d73e8d2c0aa76dab81273,OrcaLoca,NA,NA,NA,mwaskom__seaborn-2848-d90,NA,NA,90,future_textual_conflict,NA,NA,NA,True,NA,NA,NA,evolution_incompatibility,0929b9aca26dea1e97a08f8ee70b807058d175ed,SWE-bench Lite local record; F2P-only pilot,f8640d8c6e03491a1a9b21b198b6b055c6dce8472351edecae7b3e49c467b5a5,True,7b3e4dfd211190113d6d4e64d46882e1b2402ab6,exact_changed_line_match,NA,"1a27ce304d947bfdf77383ab452bd2ded812d057: error: patch failed: doc/releases/v0.12.0.txt:63
error: doc/releases/v0.12.0.txt: patch does not apply
","Provider-free 30-task five-checkpoint replay frame. Rows combine the d7 feasibility frame with 30/90/180/365-day human and OrcaLoca replays. The evaluator is F2P-only and fixed-method; no survival, semantic, behavioral, adaptation, or causal estimate is promoted."
mwaskom__seaborn-2848,issue_resolution,mwaskom/seaborn,python,94621cef29f80282436d73e8d2c0aa76dab81273,human,NA,NA,NA,mwaskom__seaborn-2848-d180,NA,NA,180,future_textual_conflict,NA,NA,NA,True,NA,NA,NA,evolution_incompatibility,22cdfb0c93f8ec78492d87edb810f10cb7f57a31,SWE-bench Lite local record; F2P-only pilot,c57a9e1c3469d1fa115576ec277fa828a7a5e4b32c41e3975bc5b426cf33048d,False,7b3e4dfd211190113d6d4e64d46882e1b2402ab6,exact_changed_line_match,NA,"1a27ce304d947bfdf77383ab452bd2ded812d057: error: patch failed: doc/releases/v0.12.0.txt:63
error: doc/releases/v0.12.0.txt: patch does not apply
","Provider-free 30-task five-checkpoint replay frame. Rows combine the d7 feasibility frame with 30/90/180/365-day human and OrcaLoca replays. The evaluator is F2P-only and fixed-method; no survival, semantic, behavioral, adaptation, or causal estimate is promoted."
mwaskom__seaborn-2848,issue_resolution,mwaskom/seaborn,python,94621cef29f80282436d73e8d2c0aa76dab81273,OrcaLoca,NA,NA,NA,mwaskom__seaborn-2848-d180,NA,NA,180,future_textual_conflict,NA,NA,NA,True,NA,NA,NA,evolution_incompatibility,22cdfb0c93f8ec78492d87edb810f10cb7f57a31,SWE-bench Lite local record; F2P-only pilot,f8640d8c6e03491a1a9b21b198b6b055c6dce8472351edecae7b3e49c467b5a5,True,7b3e4dfd211190113d6d4e64d46882e1b2402ab6,exact_changed_line_match,NA,"1a27ce304d947bfdf77383ab452bd2ded812d057: error: patch failed: doc/releases/v0.12.0.txt:63
error: doc/releases/v0.12.0.txt: patch does not apply
","Provider-free 30-task five-checkpoint replay frame. Rows combine the d7 feasibility frame with 30/90/180/365-day human and OrcaLoca replays. The evaluator is F2P-only and fixed-method; no survival, semantic, behavioral, adaptation, or causal estimate is promoted."
mwaskom__seaborn-2848,issue_resolution,mwaskom/seaborn,python,94621cef29f80282436d73e8d2c0aa76dab81273,human,NA,NA,NA,mwaskom__seaborn-2848-d365,NA,NA,365,future_textual_conflict,NA,NA,NA,True,NA,NA,NA,evolution_incompatibility,b6737d5aec9a91bb8840cdda896a7970e1830d56,SWE-bench Lite local record; F2P-only pilot,c57a9e1c3469d1fa115576ec277fa828a7a5e4b32c41e3975bc5b426cf33048d,False,7b3e4dfd211190113d6d4e64d46882e1b2402ab6,exact_changed_line_match,NA,"1a27ce304d947bfdf77383ab452bd2ded812d057: error: patch failed: doc/releases/v0.12.0.txt:63
error: doc/releases/v0.12.0.txt: patch does not apply
","Provider-free 30-task five-checkpoint replay frame. Rows combine the d7 feasibility frame with 30/90/180/365-day human and OrcaLoca replays. The evaluator is F2P-only and fixed-method; no survival, semantic, behavioral, adaptation, or causal estimate is promoted."
mwaskom__seaborn-2848,issue_resolution,mwaskom/seaborn,python,94621cef29f80282436d73e8d2c0aa76dab81273,OrcaLoca,NA,NA,NA,mwaskom__seaborn-2848-d365,NA,NA,365,future_textual_conflict,NA,NA,NA,True,NA,NA,NA,evolution_incompatibility,b6737d5aec9a91bb8840cdda896a7970e1830d56,SWE-bench Lite local record; F2P-only pilot,f8640d8c6e03491a1a9b21b198b6b055c6dce8472351edecae7b3e49c467b5a5,True,7b3e4dfd211190113d6d4e64d46882e1b2402ab6,exact_changed_line_match,NA,"1a27ce304d947bfdf77383ab452bd2ded812d057: error: patch failed: doc/releases/v0.12.0.txt:63
error: doc/releases/v0.12.0.txt: patch does not apply
","Provider-free 30-task five-checkpoint replay frame. Rows combine the d7 feasibility frame with 30/90/180/365-day human and OrcaLoca replays. The evaluator is F2P-only and fixed-method; no survival, semantic, behavioral, adaptation, or causal estimate is promoted."
mwaskom__seaborn-3010,issue_resolution,mwaskom/seaborn,python,0f5a013e2cf43562deec3b879458e59a73853813,human,NA,NA,NA,mwaskom__seaborn-3010-d30,NA,NA,30,future_textual_conflict,NA,NA,NA,True,NA,NA,NA,evolution_incompatibility,85c8ed632a5e9ec45b7d69d89518bb784a6e05a5,SWE-bench Lite local record; F2P-only pilot,2d282a78db2b88dc42330fea5dc78b0551629b7d15c6d5b22f20c57a2ee3d1d7,False,c5c5f4a4377f9dd91cc07c5c3e965d7d0d1edd20,exact_changed_line_match,NA,"e644793f0ac2b1be178425f20f529121f37f29de: error: doc/whatsnew/v0.12.1.rst: No such file or directory
","Provider-free 30-task five-checkpoint replay frame. Rows combine the d7 feasibility frame with 30/90/180/365-day human and OrcaLoca replays. The evaluator is F2P-only and fixed-method; no survival, semantic, behavioral, adaptation, or causal estimate is promoted."
mwaskom__seaborn-3010,issue_resolution,mwaskom/seaborn,python,0f5a013e2cf43562deec3b879458e59a73853813,OrcaLoca,NA,NA,NA,mwaskom__seaborn-3010-d30,NA,NA,30,future_textual_conflict,NA,NA,NA,True,NA,NA,NA,evolution_incompatibility,85c8ed632a5e9ec45b7d69d89518bb784a6e05a5,SWE-bench Lite local record; F2P-only pilot,9f81b90b769ad369c59f8236878432f058d570e13bca625b02e4bb1966aaee08,True,c5c5f4a4377f9dd91cc07c5c3e965d7d0d1edd20,exact_changed_line_match,NA,"e644793f0ac2b1be178425f20f529121f37f29de: error: doc/whatsnew/v0.12.1.rst: No such file or directory
","Provider-free 30-task five-checkpoint replay frame. Rows combine the d7 feasibility frame with 30/90/180/365-day human and OrcaLoca replays. The evaluator is F2P-only and fixed-method; no survival, semantic, behavioral, adaptation, or causal estimate is promoted."
mwaskom__seaborn-3010,issue_resolution,mwaskom/seaborn,python,0f5a013e2cf43562deec3b879458e59a73853813,human,NA,NA,NA,mwaskom__seaborn-3010-d90,NA,NA,90,future_textual_conflict,NA,NA,NA,True,NA,NA,NA,evolution_incompatibility,9bd166565beea99ab2e43a0576c59efab196940b,SWE-bench Lite local record; F2P-only pilot,2d282a78db2b88dc42330fea5dc78b0551629b7d15c6d5b22f20c57a2ee3d1d7,False,c5c5f4a4377f9dd91cc07c5c3e965d7d0d1edd20,exact_changed_line_match,NA,"e644793f0ac2b1be178425f20f529121f37f29de: error: doc/whatsnew/v0.12.1.rst: No such file or directory
","Provider-free 30-task five-checkpoint replay frame. Rows combine the d7 feasibility frame with 30/90/180/365-day human and OrcaLoca replays. The evaluator is F2P-only and fixed-method; no survival, semantic, behavioral, adaptation, or causal estimate is promoted."
mwaskom__seaborn-3010,issue_resolution,mwaskom/seaborn,python,0f5a013e2cf43562deec3b879458e59a73853813,OrcaLoca,NA,NA,NA,mwaskom__seaborn-3010-d90,NA,NA,90,future_textual_conflict,NA,NA,NA,True,NA,NA,NA,evolution_incompatibility,9bd166565beea99ab2e43a0576c59efab196940b,SWE-bench Lite local record; F2P-only pilot,9f81b90b769ad369c59f8236878432f058d570e13bca625b02e4bb1966aaee08,True,c5c5f4a4377f9dd91cc07c5c3e965d7d0d1edd20,exact_changed_line_match,NA,"e644793f0ac2b1be178425f20f529121f37f29de: error: doc/whatsnew/v0.12.1.rst: No such file or directory
","Provider-free 30-task five-checkpoint replay frame. Rows combine the d7 feasibility frame with 30/90/180/365-day human and OrcaLoca replays. The evaluator is F2P-only and fixed-method; no survival, semantic, behavioral, adaptation, or causal estimate is promoted."
mwaskom__seaborn-3010,issue_resolution,mwaskom/seaborn,python,0f5a013e2cf43562deec3b879458e59a73853813,human,NA,NA,NA,mwaskom__seaborn-3010-d180,NA,NA,180,future_textual_conflict,NA,NA,NA,True,NA,NA,NA,evolution_incompatibility,7231fc24f6251fbc4b4757a56af7a0622a5b12f5,SWE-bench Lite local record; F2P-only pilot,2d282a78db2b88dc42330fea5dc78b0551629b7d15c6d5b22f20c57a2ee3d1d7,False,c5c5f4a4377f9dd91cc07c5c3e965d7d0d1edd20,exact_changed_line_match,NA,"e644793f0ac2b1be178425f20f529121f37f29de: error: doc/whatsnew/v0.12.1.rst: No such file or directory
","Provider-free 30-task five-checkpoint replay frame. Rows combine the d7 feasibility frame with 30/90/180/365-day human and OrcaLoca replays. The evaluator is F2P-only and fixed-method; no survival, semantic, behavioral, adaptation, or causal estimate is promoted."
mwaskom__seaborn-3010,issue_resolution,mwaskom/seaborn,python,0f5a013e2cf43562deec3b879458e59a73853813,OrcaLoca,NA,NA,NA,mwaskom__seaborn-3010-d180,NA,NA,180,future_textual_conflict,NA,NA,NA,True,NA,NA,NA,evolution_incompatibility,7231fc24f6251fbc4b4757a56af7a0622a5b12f5,SWE-bench Lite local record; F2P-only pilot,9f81b90b769ad369c59f8236878432f058d570e13bca625b02e4bb1966aaee08,True,c5c5f4a4377f9dd91cc07c5c3e965d7d0d1edd20,exact_changed_line_match,NA,"e644793f0ac2b1be178425f20f529121f37f29de: error: doc/whatsnew/v0.12.1.rst: No such file or directory
","Provider-free 30-task five-checkpoint replay frame. Rows combine the d7 feasibility frame with 30/90/180/365-day human and OrcaLoca replays. The evaluator is F2P-only and fixed-method; no survival, semantic, behavioral, adaptation, or causal estimate is promoted."
mwaskom__seaborn-3010,issue_resolution,mwaskom/seaborn,python,0f5a013e2cf43562deec3b879458e59a73853813,human,NA,NA,NA,mwaskom__seaborn-3010-d365,NA,NA,365,future_textual_conflict,NA,NA,NA,True,NA,NA,NA,evolution_incompatibility,1f788201822941a3aca7fedf0bcd49d16ebc313b,SWE-bench Lite local record; F2P-only pilot,2d282a78db2b88dc42330fea5dc78b0551629b7d15c6d5b22f20c57a2ee3d1d7,False,c5c5f4a4377f9dd91cc07c5c3e965d7d0d1edd20,exact_changed_line_match,NA,"e644793f0ac2b1be178425f20f529121f37f29de: error: doc/whatsnew/v0.12.1.rst: No such file or directory
","Provider-free 30-task five-checkpoint replay frame. Rows combine the d7 feasibility frame with 30/90/180/365-day human and OrcaLoca replays. The evaluator is F2P-only and fixed-method; no survival, semantic, behavioral, adaptation, or causal estimate is promoted."
mwaskom__seaborn-3010,issue_resolution,mwaskom/seaborn,python,0f5a013e2cf43562deec3b879458e59a73853813,OrcaLoca,NA,NA,NA,mwaskom__seaborn-3010-d365,NA,NA,365,future_textual_conflict,NA,NA,NA,True,NA,NA,NA,evolution_incompatibility,1f788201822941a3aca7fedf0bcd49d16ebc313b,SWE-bench Lite local record; F2P-only pilot,9f81b90b769ad369c59f8236878432f058d570e13bca625b02e4bb1966aaee08,True,c5c5f4a4377f9dd91cc07c5c3e965d7d0d1edd20,exact_changed_line_match,NA,"e644793f0ac2b1be178425f20f529121f37f29de: error: doc/whatsnew/v0.12.1.rst: No such file or directory
","Provider-free 30-task five-checkpoint replay frame. Rows combine the d7 feasibility frame with 30/90/180/365-day human and OrcaLoca replays. The evaluator is F2P-only and fixed-method; no survival, semantic, behavioral, adaptation, or causal estimate is promoted."
mwaskom__seaborn-3190,issue_resolution,mwaskom/seaborn,python,4a9e54962a29c12a8b103d75f838e0e795a6974d,human,NA,NA,NA,mwaskom__seaborn-3190-d30,NA,NA,30,future_textual_conflict,NA,NA,NA,True,NA,NA,NA,evolution_incompatibility,0ebc82e8580caab55eb7af1f66220eab6654af97,SWE-bench Lite local record; F2P-only pilot,e014761e43e1a1d3eb8879a4ac67aadc810db3aab87701a8f499ba7c4571fe77,False,72710354ecc8470683e15f452ba0af841464e84a,exact_changed_line_match,NA,"10c3ed87a42bcaed74b115252eeb4b88ebc1597f: error: patch failed: doc/whatsnew/v0.12.2.rst:1
error: doc/whatsnew/v0.12.2.rst: patch does not apply
","Provider-free 30-task five-checkpoint replay frame. Rows combine the d7 feasibility frame with 30/90/180/365-day human and OrcaLoca replays. The evaluator is F2P-only and fixed-method; no survival, semantic, behavioral, adaptation, or causal estimate is promoted."
mwaskom__seaborn-3190,issue_resolution,mwaskom/seaborn,python,4a9e54962a29c12a8b103d75f838e0e795a6974d,OrcaLoca,NA,NA,NA,mwaskom__seaborn-3190-d30,NA,NA,30,future_textual_conflict,NA,NA,NA,True,NA,NA,NA,evolution_incompatibility,0ebc82e8580caab55eb7af1f66220eab6654af97,SWE-bench Lite local record; F2P-only pilot,828414df06e182d0810475018cdf07b36068d3cee8456764948fbecf3969ba61,True,72710354ecc8470683e15f452ba0af841464e84a,exact_changed_line_match,NA,"10c3ed87a42bcaed74b115252eeb4b88ebc1597f: error: patch failed: doc/whatsnew/v0.12.2.rst:1
error: doc/whatsnew/v0.12.2.rst: patch does not apply
","Provider-free 30-task five-checkpoint replay frame. Rows combine the d7 feasibility frame with 30/90/180/365-day human and OrcaLoca replays. The evaluator is F2P-only and fixed-method; no survival, semantic, behavioral, adaptation, or causal estimate is promoted."
mwaskom__seaborn-3190,issue_resolution,mwaskom/seaborn,python,4a9e54962a29c12a8b103d75f838e0e795a6974d,human,NA,NA,NA,mwaskom__seaborn-3190-d90,NA,NA,90,future_textual_conflict,NA,NA,NA,True,NA,NA,NA,evolution_incompatibility,bd480f6280007b2ae6910ce4ee689f213f7a7e10,SWE-bench Lite local record; F2P-only pilot,e014761e43e1a1d3eb8879a4ac67aadc810db3aab87701a8f499ba7c4571fe77,False,72710354ecc8470683e15f452ba0af841464e84a,exact_changed_line_match,NA,"10c3ed87a42bcaed74b115252eeb4b88ebc1597f: error: patch failed: doc/whatsnew/v0.12.2.rst:1
error: doc/whatsnew/v0.12.2.rst: patch does not apply
","Provider-free 30-task five-checkpoint replay frame. Rows combine the d7 feasibility frame with 30/90/180/365-day human and OrcaLoca replays. The evaluator is F2P-only and fixed-method; no survival, semantic, behavioral, adaptation, or causal estimate is promoted."
mwaskom__seaborn-3190,issue_resolution,mwaskom/seaborn,python,4a9e54962a29c12a8b103d75f838e0e795a6974d,OrcaLoca,NA,NA,NA,mwaskom__seaborn-3190-d90,NA,NA,90,future_textual_conflict,NA,NA,NA,True,NA,NA,NA,evolution_incompatibility,bd480f6280007b2ae6910ce4ee689f213f7a7e10,SWE-bench Lite local record; F2P-only pilot,828414df06e182d0810475018cdf07b36068d3cee8456764948fbecf3969ba61,True,72710354ecc8470683e15f452ba0af841464e84a,exact_changed_line_match,NA,"10c3ed87a42bcaed74b115252eeb4b88ebc1597f: error: patch failed: doc/whatsnew/v0.12.2.rst:1
error: doc/whatsnew/v0.12.2.rst: patch does not apply
","Provider-free 30-task five-checkpoint replay frame. Rows combine the d7 feasibility frame with 30/90/180/365-day human and OrcaLoca replays. The evaluator is F2P-only and fixed-method; no survival, semantic, behavioral, adaptation, or causal estimate is promoted."
mwaskom__seaborn-3190,issue_resolution,mwaskom/seaborn,python,4a9e54962a29c12a8b103d75f838e0e795a6974d,human,NA,NA,NA,mwaskom__seaborn-3190-d180,NA,NA,180,future_textual_conflict,NA,NA,NA,True,NA,NA,NA,evolution_incompatibility,7780305bae63d8be3416858ac35f6fa706bab4d6,SWE-bench Lite local record; F2P-only pilot,e014761e43e1a1d3eb8879a4ac67aadc810db3aab87701a8f499ba7c4571fe77,False,72710354ecc8470683e15f452ba0af841464e84a,exact_changed_line_match,NA,"10c3ed87a42bcaed74b115252eeb4b88ebc1597f: error: patch failed: doc/whatsnew/v0.12.2.rst:1
error: doc/whatsnew/v0.12.2.rst: patch does not apply
","Provider-free 30-task five-checkpoint replay frame. Rows combine the d7 feasibility frame with 30/90/180/365-day human and OrcaLoca replays. The evaluator is F2P-only and fixed-method; no survival, semantic, behavioral, adaptation, or causal estimate is promoted."
mwaskom__seaborn-3190,issue_resolution,mwaskom/seaborn,python,4a9e54962a29c12a8b103d75f838e0e795a6974d,OrcaLoca,NA,NA,NA,mwaskom__seaborn-3190-d180,NA,NA,180,future_textual_conflict,NA,NA,NA,True,NA,NA,NA,evolution_incompatibility,7780305bae63d8be3416858ac35f6fa706bab4d6,SWE-bench Lite local record; F2P-only pilot,828414df06e182d0810475018cdf07b36068d3cee8456764948fbecf3969ba61,True,72710354ecc8470683e15f452ba0af841464e84a,exact_changed_line_match,NA,"10c3ed87a42bcaed74b115252eeb4b88ebc1597f: error: patch failed: doc/whatsnew/v0.12.2.rst:1
error: doc/whatsnew/v0.12.2.rst: patch does not apply
","Provider-free 30-task five-checkpoint replay frame. Rows combine the d7 feasibility frame with 30/90/180/365-day human and OrcaLoca replays. The evaluator is F2P-only and fixed-method; no survival, semantic, behavioral, adaptation, or causal estimate is promoted."
mwaskom__seaborn-3190,issue_resolution,mwaskom/seaborn,python,4a9e54962a29c12a8b103d75f838e0e795a6974d,human,NA,NA,NA,mwaskom__seaborn-3190-d365,NA,NA,365,future_textual_conflict,NA,NA,NA,True,NA,NA,NA,evolution_incompatibility,45a098fd254b6b7385e708b29a556017808ecd40,SWE-bench Lite local record; F2P-only pilot,e014761e43e1a1d3eb8879a4ac67aadc810db3aab87701a8f499ba7c4571fe77,False,72710354ecc8470683e15f452ba0af841464e84a,exact_changed_line_match,NA,"10c3ed87a42bcaed74b115252eeb4b88ebc1597f: error: patch failed: doc/whatsnew/v0.12.2.rst:1
error: doc/whatsnew/v0.12.2.rst: patch does not apply
","Provider-free 30-task five-checkpoint replay frame. Rows combine the d7 feasibility frame with 30/90/180/365-day human and OrcaLoca replays. The evaluator is F2P-only and fixed-method; no survival, semantic, behavioral, adaptation, or causal estimate is promoted."
mwaskom__seaborn-3190,issue_resolution,mwaskom/seaborn,python,4a9e54962a29c12a8b103d75f838e0e795a6974d,OrcaLoca,NA,NA,NA,mwaskom__seaborn-3190-d365,NA,NA,365,future_textual_conflict,NA,NA,NA,True,NA,NA,NA,evolution_incompatibility,45a098fd254b6b7385e708b29a556017808ecd40,SWE-bench Lite local record; F2P-only pilot,828414df06e182d0810475018cdf07b36068d3cee8456764948fbecf3969ba61,True,72710354ecc8470683e15f452ba0af841464e84a,exact_changed_line_match,NA,"10c3ed87a42bcaed74b115252eeb4b88ebc1597f: error: patch failed: doc/whatsnew/v0.12.2.rst:1
error: doc/whatsnew/v0.12.2.rst: patch does not apply
","Provider-free 30-task five-checkpoint replay frame. Rows combine the d7 feasibility frame with 30/90/180/365-day human and OrcaLoca replays. The evaluator is F2P-only and fixed-method; no survival, semantic, behavioral, adaptation, or causal estimate is promoted."
pallets__flask-4045,issue_resolution,pallets/flask,python,d8c37f43724cd9fb0870f77877b7c4c7e38a19e0,human,NA,NA,NA,pallets__flask-4045-d30,NA,NA,30,future_textual_conflict,NA,NA,NA,True,NA,NA,NA,evolution_incompatibility,ba6db2e30783f81673bb8a6b5218f7bb8efa8f27,SWE-bench Lite local record; F2P-only pilot,6c4055e1cb35cf9c5d50bbba639af1787d6f5d5146f9539cedc364a43d01c687,False,08e459e823235eecd86c635653f4bd6d6003c2b3,exact_changed_line_match,NA,"2846abaefed01f1da0d58ca3a83a2a09bea71e9c: error: patch failed: src/flask/__init__.py:43
error: src/flask/__init__.py: patch does not apply
","Provider-free 30-task five-checkpoint replay frame. Rows combine the d7 feasibility frame with 30/90/180/365-day human and OrcaLoca replays. The evaluator is F2P-only and fixed-method; no survival, semantic, behavioral, adaptation, or causal estimate is promoted."
pallets__flask-4045,issue_resolution,pallets/flask,python,d8c37f43724cd9fb0870f77877b7c4c7e38a19e0,OrcaLoca,NA,NA,NA,pallets__flask-4045-d30,NA,NA,30,future_textual_conflict,NA,NA,NA,True,NA,NA,NA,evolution_incompatibility,ba6db2e30783f81673bb8a6b5218f7bb8efa8f27,SWE-bench Lite local record; F2P-only pilot,a4c6fe2be97d5432bb1390e952537318d3735ba2874f760c30f728ed5c1e1377,True,08e459e823235eecd86c635653f4bd6d6003c2b3,exact_changed_line_match,NA,"2846abaefed01f1da0d58ca3a83a2a09bea71e9c: error: patch failed: src/flask/__init__.py:43
error: src/flask/__init__.py: patch does not apply
","Provider-free 30-task five-checkpoint replay frame. Rows combine the d7 feasibility frame with 30/90/180/365-day human and OrcaLoca replays. The evaluator is F2P-only and fixed-method; no survival, semantic, behavioral, adaptation, or causal estimate is promoted."
pallets__flask-4045,issue_resolution,pallets/flask,python,d8c37f43724cd9fb0870f77877b7c4c7e38a19e0,human,NA,NA,NA,pallets__flask-4045-d90,NA,NA,90,future_textual_conflict,NA,NA,NA,True,NA,NA,NA,evolution_incompatibility,53eef278efd59222be406ff5be737f48c92f8313,SWE-bench Lite local record; F2P-only pilot,6c4055e1cb35cf9c5d50bbba639af1787d6f5d5146f9539cedc364a43d01c687,False,08e459e823235eecd86c635653f4bd6d6003c2b3,exact_changed_line_match,NA,"2846abaefed01f1da0d58ca3a83a2a09bea71e9c: error: patch failed: src/flask/__init__.py:43
error: src/flask/__init__.py: patch does not apply
","Provider-free 30-task five-checkpoint replay frame. Rows combine the d7 feasibility frame with 30/90/180/365-day human and OrcaLoca replays. The evaluator is F2P-only and fixed-method; no survival, semantic, behavioral, adaptation, or causal estimate is promoted."
pallets__flask-4045,issue_resolution,pallets/flask,python,d8c37f43724cd9fb0870f77877b7c4c7e38a19e0,OrcaLoca,NA,NA,NA,pallets__flask-4045-d90,NA,NA,90,future_textual_conflict,NA,NA,NA,True,NA,NA,NA,evolution_incompatibility,53eef278efd59222be406ff5be737f48c92f8313,SWE-bench Lite local record; F2P-only pilot,a4c6fe2be97d5432bb1390e952537318d3735ba2874f760c30f728ed5c1e1377,True,08e459e823235eecd86c635653f4bd6d6003c2b3,exact_changed_line_match,NA,"2846abaefed01f1da0d58ca3a83a2a09bea71e9c: error: patch failed: src/flask/__init__.py:43
error: src/flask/__init__.py: patch does not apply
","Provider-free 30-task five-checkpoint replay frame. Rows combine the d7 feasibility frame with 30/90/180/365-day human and OrcaLoca replays. The evaluator is F2P-only and fixed-method; no survival, semantic, behavioral, adaptation, or causal estimate is promoted."
pallets__flask-4045,issue_resolution,pallets/flask,python,d8c37f43724cd9fb0870f77877b7c4c7e38a19e0,human,NA,NA,NA,pallets__flask-4045-d180,NA,NA,180,future_textual_conflict,NA,NA,NA,True,NA,NA,NA,evolution_incompatibility,ea93a52d7d94ba093bbce4680c622cc4fc9771d8,SWE-bench Lite local record; F2P-only pilot,6c4055e1cb35cf9c5d50bbba639af1787d6f5d5146f9539cedc364a43d01c687,False,08e459e823235eecd86c635653f4bd6d6003c2b3,exact_changed_line_match,NA,"2846abaefed01f1da0d58ca3a83a2a09bea71e9c: error: patch failed: src/flask/__init__.py:43
error: src/flask/__init__.py: patch does not apply
","Provider-free 30-task five-checkpoint replay frame. Rows combine the d7 feasibility frame with 30/90/180/365-day human and OrcaLoca replays. The evaluator is F2P-only and fixed-method; no survival, semantic, behavioral, adaptation, or causal estimate is promoted."
pallets__flask-4045,issue_resolution,pallets/flask,python,d8c37f43724cd9fb0870f77877b7c4c7e38a19e0,OrcaLoca,NA,NA,NA,pallets__flask-4045-d180,NA,NA,180,future_textual_conflict,NA,NA,NA,True,NA,NA,NA,evolution_incompatibility,ea93a52d7d94ba093bbce4680c622cc4fc9771d8,SWE-bench Lite local record; F2P-only pilot,a4c6fe2be97d5432bb1390e952537318d3735ba2874f760c30f728ed5c1e1377,True,08e459e823235eecd86c635653f4bd6d6003c2b3,exact_changed_line_match,NA,"2846abaefed01f1da0d58ca3a83a2a09bea71e9c: error: patch failed: src/flask/__init__.py:43
error: src/flask/__init__.py: patch does not apply
","Provider-free 30-task five-checkpoint replay frame. Rows combine the d7 feasibility frame with 30/90/180/365-day human and OrcaLoca replays. The evaluator is F2P-only and fixed-method; no survival, semantic, behavioral, adaptation, or causal estimate is promoted."
pallets__flask-4045,issue_resolution,pallets/flask,python,d8c37f43724cd9fb0870f77877b7c4c7e38a19e0,human,NA,NA,NA,pallets__flask-4045-d365,NA,NA,365,future_textual_conflict,NA,NA,NA,True,NA,NA,NA,evolution_incompatibility,00e2aac9371d94011279a6340ec3e7ecc86f097e,SWE-bench Lite local record; F2P-only pilot,6c4055e1cb35cf9c5d50bbba639af1787d6f5d5146f9539cedc364a43d01c687,False,08e459e823235eecd86c635653f4bd6d6003c2b3,exact_changed_line_match,NA,"2846abaefed01f1da0d58ca3a83a2a09bea71e9c: error: patch failed: src/flask/__init__.py:43
error: src/flask/__init__.py: patch does not apply
","Provider-free 30-task five-checkpoint replay frame. Rows combine the d7 feasibility frame with 30/90/180/365-day human and OrcaLoca replays. The evaluator is F2P-only and fixed-method; no survival, semantic, behavioral, adaptation, or causal estimate is promoted."
pallets__flask-4045,issue_resolution,pallets/flask,python,d8c37f43724cd9fb0870f77877b7c4c7e38a19e0,OrcaLoca,NA,NA,NA,pallets__flask-4045-d365,NA,NA,365,future_textual_conflict,NA,NA,NA,True,NA,NA,NA,evolution_incompatibility,00e2aac9371d94011279a6340ec3e7ecc86f097e,SWE-bench Lite local record; F2P-only pilot,a4c6fe2be97d5432bb1390e952537318d3735ba2874f760c30f728ed5c1e1377,True,08e459e823235eecd86c635653f4bd6d6003c2b3,exact_changed_line_match,NA,"2846abaefed01f1da0d58ca3a83a2a09bea71e9c: error: patch failed: src/flask/__init__.py:43
error: src/flask/__init__.py: patch does not apply
","Provider-free 30-task five-checkpoint replay frame. Rows combine the d7 feasibility frame with 30/90/180/365-day human and OrcaLoca replays. The evaluator is F2P-only and fixed-method; no survival, semantic, behavioral, adaptation, or causal estimate is promoted."
pallets__flask-5063,issue_resolution,pallets/flask,python,182ce3dd15dfa3537391c3efaf9c3ff407d134d4,human,NA,NA,NA,pallets__flask-5063-d30,NA,NA,30,future_textual_conflict,NA,NA,NA,True,NA,NA,NA,evolution_incompatibility,31fd9c87912a7020a00d83d2135559433173708c,SWE-bench Lite local record; F2P-only pilot,f9c1ef426acac91e34d551f80f34dfe27fc124ac316af71d70eec1764b4a6497,False,6931b252935188744415b301ab2e3d3bd5ee5498,exact_changed_line_match,NA,"a4ea5df5d565128118b6ceaaf372233eef23e238: error: patch failed: CHANGES.rst:46
error: CHANGES.rst: patch does not apply
","Provider-free 30-task five-checkpoint replay frame. Rows combine the d7 feasibility frame with 30/90/180/365-day human and OrcaLoca replays. The evaluator is F2P-only and fixed-method; no survival, semantic, behavioral, adaptation, or causal estimate is promoted."
pallets__flask-5063,issue_resolution,pallets/flask,python,182ce3dd15dfa3537391c3efaf9c3ff407d134d4,OrcaLoca,NA,NA,NA,pallets__flask-5063-d30,NA,NA,30,future_textual_conflict,NA,NA,NA,True,NA,NA,NA,evolution_incompatibility,31fd9c87912a7020a00d83d2135559433173708c,SWE-bench Lite local record; F2P-only pilot,6ed719799e679a461b29df8bf1916ee615a1fd487add99ddc733f33beb74002c,True,6931b252935188744415b301ab2e3d3bd5ee5498,exact_changed_line_match,NA,"a4ea5df5d565128118b6ceaaf372233eef23e238: error: patch failed: CHANGES.rst:46
error: CHANGES.rst: patch does not apply
","Provider-free 30-task five-checkpoint replay frame. Rows combine the d7 feasibility frame with 30/90/180/365-day human and OrcaLoca replays. The evaluator is F2P-only and fixed-method; no survival, semantic, behavioral, adaptation, or causal estimate is promoted."
pallets__flask-5063,issue_resolution,pallets/flask,python,182ce3dd15dfa3537391c3efaf9c3ff407d134d4,human,NA,NA,NA,pallets__flask-5063-d90,NA,NA,90,future_textual_conflict,NA,NA,NA,True,NA,NA,NA,evolution_incompatibility,6a5277d3417b30d6e7f5c93745e8a445dcb02b1c,SWE-bench Lite local record; F2P-only pilot,f9c1ef426acac91e34d551f80f34dfe27fc124ac316af71d70eec1764b4a6497,False,6931b252935188744415b301ab2e3d3bd5ee5498,exact_changed_line_match,NA,"a4ea5df5d565128118b6ceaaf372233eef23e238: error: patch failed: CHANGES.rst:46
error: CHANGES.rst: patch does not apply
","Provider-free 30-task five-checkpoint replay frame. Rows combine the d7 feasibility frame with 30/90/180/365-day human and OrcaLoca replays. The evaluator is F2P-only and fixed-method; no survival, semantic, behavioral, adaptation, or causal estimate is promoted."
pallets__flask-5063,issue_resolution,pallets/flask,python,182ce3dd15dfa3537391c3efaf9c3ff407d134d4,OrcaLoca,NA,NA,NA,pallets__flask-5063-d90,NA,NA,90,future_textual_conflict,NA,NA,NA,True,NA,NA,NA,evolution_incompatibility,6a5277d3417b30d6e7f5c93745e8a445dcb02b1c,SWE-bench Lite local record; F2P-only pilot,6ed719799e679a461b29df8bf1916ee615a1fd487add99ddc733f33beb74002c,True,6931b252935188744415b301ab2e3d3bd5ee5498,exact_changed_line_match,NA,"a4ea5df5d565128118b6ceaaf372233eef23e238: error: patch failed: CHANGES.rst:46
error: CHANGES.rst: patch does not apply
","Provider-free 30-task five-checkpoint replay frame. Rows combine the d7 feasibility frame with 30/90/180/365-day human and OrcaLoca replays. The evaluator is F2P-only and fixed-method; no survival, semantic, behavioral, adaptation, or causal estimate is promoted."
pallets__flask-5063,issue_resolution,pallets/flask,python,182ce3dd15dfa3537391c3efaf9c3ff407d134d4,human,NA,NA,NA,pallets__flask-5063-d180,NA,NA,180,future_textual_conflict,NA,NA,NA,True,NA,NA,NA,evolution_incompatibility,beedaa4eff3919f250fad49a5092cf07c4d638e1,SWE-bench Lite local record; F2P-only pilot,f9c1ef426acac91e34d551f80f34dfe27fc124ac316af71d70eec1764b4a6497,False,6931b252935188744415b301ab2e3d3bd5ee5498,exact_changed_line_match,NA,"a4ea5df5d565128118b6ceaaf372233eef23e238: error: patch failed: CHANGES.rst:46
error: CHANGES.rst: patch does not apply
","Provider-free 30-task five-checkpoint replay frame. Rows combine the d7 feasibility frame with 30/90/180/365-day human and OrcaLoca replays. The evaluator is F2P-only and fixed-method; no survival, semantic, behavioral, adaptation, or causal estimate is promoted."
pallets__flask-5063,issue_resolution,pallets/flask,python,182ce3dd15dfa3537391c3efaf9c3ff407d134d4,OrcaLoca,NA,NA,NA,pallets__flask-5063-d180,NA,NA,180,future_textual_conflict,NA,NA,NA,True,NA,NA,NA,evolution_incompatibility,beedaa4eff3919f250fad49a5092cf07c4d638e1,SWE-bench Lite local record; F2P-only pilot,6ed719799e679a461b29df8bf1916ee615a1fd487add99ddc733f33beb74002c,True,6931b252935188744415b301ab2e3d3bd5ee5498,exact_changed_line_match,NA,"a4ea5df5d565128118b6ceaaf372233eef23e238: error: patch failed: CHANGES.rst:46
error: CHANGES.rst: patch does not apply
","Provider-free 30-task five-checkpoint replay frame. Rows combine the d7 feasibility frame with 30/90/180/365-day human and OrcaLoca replays. The evaluator is F2P-only and fixed-method; no survival, semantic, behavioral, adaptation, or causal estimate is promoted."
pallets__flask-5063,issue_resolution,pallets/flask,python,182ce3dd15dfa3537391c3efaf9c3ff407d134d4,human,NA,NA,NA,pallets__flask-5063-d365,NA,NA,365,future_textual_conflict,NA,NA,NA,True,NA,NA,NA,evolution_incompatibility,db0fe9436e9da7f7bd14683542bbf33ba3c6d5e4,SWE-bench Lite local record; F2P-only pilot,f9c1ef426acac91e34d551f80f34dfe27fc124ac316af71d70eec1764b4a6497,False,6931b252935188744415b301ab2e3d3bd5ee5498,exact_changed_line_match,NA,"a4ea5df5d565128118b6ceaaf372233eef23e238: error: patch failed: CHANGES.rst:46
error: CHANGES.rst: patch does not apply
","Provider-free 30-task five-checkpoint replay frame. Rows combine the d7 feasibility frame with 30/90/180/365-day human and OrcaLoca replays. The evaluator is F2P-only and fixed-method; no survival, semantic, behavioral, adaptation, or causal estimate is promoted."
pallets__flask-5063,issue_resolution,pallets/flask,python,182ce3dd15dfa3537391c3efaf9c3ff407d134d4,OrcaLoca,NA,NA,NA,pallets__flask-5063-d365,NA,NA,365,future_textual_conflict,NA,NA,NA,True,NA,NA,NA,evolution_incompatibility,db0fe9436e9da7f7bd14683542bbf33ba3c6d5e4,SWE-bench Lite local record; F2P-only pilot,6ed719799e679a461b29df8bf1916ee615a1fd487add99ddc733f33beb74002c,True,6931b252935188744415b301ab2e3d3bd5ee5498,exact_changed_line_match,NA,"a4ea5df5d565128118b6ceaaf372233eef23e238: error: patch failed: CHANGES.rst:46
error: CHANGES.rst: patch does not apply
","Provider-free 30-task five-checkpoint replay frame. Rows combine the d7 feasibility frame with 30/90/180/365-day human and OrcaLoca replays. The evaluator is F2P-only and fixed-method; no survival, semantic, behavioral, adaptation, or causal estimate is promoted."
pylint-dev__pylint-6506,issue_resolution,pylint-dev/pylint,python,0a4204fd7555cfedd43f43017c94d24ef48244a5,human,NA,NA,NA,pylint-dev__pylint-6506-d30,NA,NA,30,task_setup_failure,NA,NA,NA,NA,NA,NA,NA,tool_or_script_failure,aa40a36083473ea3fdfff910132873259e7c7a8a,SWE-bench local record 4.3; F2P-only pilot,NA,False,12648fde32b7ed976666e5ff5b35171c0bd50150,exact_changed_line_match,NA,"Traceback (most recent call last):
  File ""[LOCAL_DRIVE]/lossoracc\run_work2_30_task_first_checkpoint_replay_worker_20260901.py"", line 81, in run_task
    raise RuntimeError(json.dumps(archive_status, ensure_ascii=False))
RuntimeError: {""status"": ""base_archive_failed"", ""returncode"": 128, ""stderr"": ""warning: lazy fetching disabled; some objects may not be available\nfatal: could not fetch 98d71e9627f0c4ee5701c1b8a599d9b5fb6fc749 from promisor remote\n""}
","Provider-free 30-task five-checkpoint replay frame. Rows combine the d7 feasibility frame with 30/90/180/365-day human and OrcaLoca replays. The evaluator is F2P-only and fixed-method; no survival, semantic, behavioral, adaptation, or causal estimate is promoted."
pylint-dev__pylint-6506,issue_resolution,pylint-dev/pylint,python,0a4204fd7555cfedd43f43017c94d24ef48244a5,OrcaLoca,NA,NA,NA,pylint-dev__pylint-6506-d30,NA,NA,30,task_setup_failure,NA,NA,NA,NA,NA,NA,NA,tool_or_script_failure,aa40a36083473ea3fdfff910132873259e7c7a8a,SWE-bench local record 4.3; F2P-only pilot,NA,True,12648fde32b7ed976666e5ff5b35171c0bd50150,exact_changed_line_match,NA,"Traceback (most recent call last):
  File ""[LOCAL_DRIVE]/lossoracc\run_work2_30_task_first_checkpoint_replay_worker_20260901.py"", line 81, in run_task
    raise RuntimeError(json.dumps(archive_status, ensure_ascii=False))
RuntimeError: {""status"": ""base_archive_failed"", ""returncode"": 128, ""stderr"": ""warning: lazy fetching disabled; some objects may not be available\nfatal: could not fetch 98d71e9627f0c4ee5701c1b8a599d9b5fb6fc749 from promisor remote\n""}
","Provider-free 30-task five-checkpoint replay frame. Rows combine the d7 feasibility frame with 30/90/180/365-day human and OrcaLoca replays. The evaluator is F2P-only and fixed-method; no survival, semantic, behavioral, adaptation, or causal estimate is promoted."
pylint-dev__pylint-6506,issue_resolution,pylint-dev/pylint,python,0a4204fd7555cfedd43f43017c94d24ef48244a5,human,NA,NA,NA,pylint-dev__pylint-6506-d90,NA,NA,90,task_setup_failure,NA,NA,NA,NA,NA,NA,NA,tool_or_script_failure,dbc60af70fced751859377f6377b186c6403cdee,SWE-bench local record 4.3; F2P-only pilot,NA,False,12648fde32b7ed976666e5ff5b35171c0bd50150,exact_changed_line_match,NA,"Traceback (most recent call last):
  File ""[LOCAL_DRIVE]/lossoracc\run_work2_30_task_first_checkpoint_replay_worker_20260901.py"", line 81, in run_task
    raise RuntimeError(json.dumps(archive_status, ensure_ascii=False))
RuntimeError: {""status"": ""base_archive_failed"", ""returncode"": 128, ""stderr"": ""warning: lazy fetching disabled; some objects may not be available\nfatal: could not fetch 98d71e9627f0c4ee5701c1b8a599d9b5fb6fc749 from promisor remote\n""}
","Provider-free 30-task five-checkpoint replay frame. Rows combine the d7 feasibility frame with 30/90/180/365-day human and OrcaLoca replays. The evaluator is F2P-only and fixed-method; no survival, semantic, behavioral, adaptation, or causal estimate is promoted."
pylint-dev__pylint-6506,issue_resolution,pylint-dev/pylint,python,0a4204fd7555cfedd43f43017c94d24ef48244a5,OrcaLoca,NA,NA,NA,pylint-dev__pylint-6506-d90,NA,NA,90,task_setup_failure,NA,NA,NA,NA,NA,NA,NA,tool_or_script_failure,dbc60af70fced751859377f6377b186c6403cdee,SWE-bench local record 4.3; F2P-only pilot,NA,True,12648fde32b7ed976666e5ff5b35171c0bd50150,exact_changed_line_match,NA,"Traceback (most recent call last):
  File ""[LOCAL_DRIVE]/lossoracc\run_work2_30_task_first_checkpoint_replay_worker_20260901.py"", line 81, in run_task
    raise RuntimeError(json.dumps(archive_status, ensure_ascii=False))
RuntimeError: {""status"": ""base_archive_failed"", ""returncode"": 128, ""stderr"": ""warning: lazy fetching disabled; some objects may not be available\nfatal: could not fetch 98d71e9627f0c4ee5701c1b8a599d9b5fb6fc749 from promisor remote\n""}
","Provider-free 30-task five-checkpoint replay frame. Rows combine the d7 feasibility frame with 30/90/180/365-day human and OrcaLoca replays. The evaluator is F2P-only and fixed-method; no survival, semantic, behavioral, adaptation, or causal estimate is promoted."
pylint-dev__pylint-6506,issue_resolution,pylint-dev/pylint,python,0a4204fd7555cfedd43f43017c94d24ef48244a5,human,NA,NA,NA,pylint-dev__pylint-6506-d180,NA,NA,180,task_setup_failure,NA,NA,NA,NA,NA,NA,NA,tool_or_script_failure,c8cd3353f53c7d5e843a3420d69b7b7b56ecb2e8,SWE-bench local record 4.3; F2P-only pilot,NA,False,12648fde32b7ed976666e5ff5b35171c0bd50150,exact_changed_line_match,NA,"Traceback (most recent call last):
  File ""[LOCAL_DRIVE]/lossoracc\run_work2_30_task_first_checkpoint_replay_worker_20260901.py"", line 81, in run_task
    raise RuntimeError(json.dumps(archive_status, ensure_ascii=False))
RuntimeError: {""status"": ""base_archive_failed"", ""returncode"": 128, ""stderr"": ""warning: lazy fetching disabled; some objects may not be available\nfatal: could not fetch 98d71e9627f0c4ee5701c1b8a599d9b5fb6fc749 from promisor remote\n""}
","Provider-free 30-task five-checkpoint replay frame. Rows combine the d7 feasibility frame with 30/90/180/365-day human and OrcaLoca replays. The evaluator is F2P-only and fixed-method; no survival, semantic, behavioral, adaptation, or causal estimate is promoted."
pylint-dev__pylint-6506,issue_resolution,pylint-dev/pylint,python,0a4204fd7555cfedd43f43017c94d24ef48244a5,OrcaLoca,NA,NA,NA,pylint-dev__pylint-6506-d180,NA,NA,180,task_setup_failure,NA,NA,NA,NA,NA,NA,NA,tool_or_script_failure,c8cd3353f53c7d5e843a3420d69b7b7b56ecb2e8,SWE-bench local record 4.3; F2P-only pilot,NA,True,12648fde32b7ed976666e5ff5b35171c0bd50150,exact_changed_line_match,NA,"Traceback (most recent call last):
  File ""[LOCAL_DRIVE]/lossoracc\run_work2_30_task_first_checkpoint_replay_worker_20260901.py"", line 81, in run_task
    raise RuntimeError(json.dumps(archive_status, ensure_ascii=False))
RuntimeError: {""status"": ""base_archive_failed"", ""returncode"": 128, ""stderr"": ""warning: lazy fetching disabled; some objects may not be available\nfatal: could not fetch 98d71e9627f0c4ee5701c1b8a599d9b5fb6fc749 from promisor remote\n""}
","Provider-free 30-task five-checkpoint replay frame. Rows combine the d7 feasibility frame with 30/90/180/365-day human and OrcaLoca replays. The evaluator is F2P-only and fixed-method; no survival, semantic, behavioral, adaptation, or causal estimate is promoted."
pylint-dev__pylint-6506,issue_resolution,pylint-dev/pylint,python,0a4204fd7555cfedd43f43017c94d24ef48244a5,human,NA,NA,NA,pylint-dev__pylint-6506-d365,NA,NA,365,task_setup_failure,NA,NA,NA,NA,NA,NA,NA,tool_or_script_failure,7574f6beaf9defdbc551bbe2f18064659caa870c,SWE-bench local record 4.3; F2P-only pilot,NA,False,12648fde32b7ed976666e5ff5b35171c0bd50150,exact_changed_line_match,NA,"Traceback (most recent call last):
  File ""[LOCAL_DRIVE]/lossoracc\run_work2_30_task_first_checkpoint_replay_worker_20260901.py"", line 81, in run_task
    raise RuntimeError(json.dumps(archive_status, ensure_ascii=False))
RuntimeError: {""status"": ""base_archive_failed"", ""returncode"": 128, ""stderr"": ""warning: lazy fetching disabled; some objects may not be available\nfatal: could not fetch 98d71e9627f0c4ee5701c1b8a599d9b5fb6fc749 from promisor remote\n""}
","Provider-free 30-task five-checkpoint replay frame. Rows combine the d7 feasibility frame with 30/90/180/365-day human and OrcaLoca replays. The evaluator is F2P-only and fixed-method; no survival, semantic, behavioral, adaptation, or causal estimate is promoted."
pylint-dev__pylint-6506,issue_resolution,pylint-dev/pylint,python,0a4204fd7555cfedd43f43017c94d24ef48244a5,OrcaLoca,NA,NA,NA,pylint-dev__pylint-6506-d365,NA,NA,365,task_setup_failure,NA,NA,NA,NA,NA,NA,NA,tool_or_script_failure,7574f6beaf9defdbc551bbe2f18064659caa870c,SWE-bench local record 4.3; F2P-only pilot,NA,True,12648fde32b7ed976666e5ff5b35171c0bd50150,exact_changed_line_match,NA,"Traceback (most recent call last):
  File ""[LOCAL_DRIVE]/lossoracc\run_work2_30_task_first_checkpoint_replay_worker_20260901.py"", line 81, in run_task
    raise RuntimeError(json.dumps(archive_status, ensure_ascii=False))
RuntimeError: {""status"": ""base_archive_failed"", ""returncode"": 128, ""stderr"": ""warning: lazy fetching disabled; some objects may not be available\nfatal: could not fetch 98d71e9627f0c4ee5701c1b8a599d9b5fb6fc749 from promisor remote\n""}
","Provider-free 30-task five-checkpoint replay frame. Rows combine the d7 feasibility frame with 30/90/180/365-day human and OrcaLoca replays. The evaluator is F2P-only and fixed-method; no survival, semantic, behavioral, adaptation, or causal estimate is promoted."
pylint-dev__pylint-7080,issue_resolution,pylint-dev/pylint,python,3c5eca2ded3dd2b59ebaf23eb289453b5d2930f0,human,NA,NA,NA,pylint-dev__pylint-7080-d30,NA,NA,30,task_setup_failure,NA,NA,NA,NA,NA,NA,NA,tool_or_script_failure,c33d237e6ea5795632295bb6390778a21e6f4080,SWE-bench local record 4.3; F2P-only pilot,NA,False,c74493bdb969c40b0b9bc503b239c572ee31641b,exact_changed_line_match,NA,"Traceback (most recent call last):
  File ""[LOCAL_DRIVE]/lossoracc\run_work2_30_task_first_checkpoint_replay_worker_20260901.py"", line 81, in run_task
    raise RuntimeError(json.dumps(archive_status, ensure_ascii=False))
RuntimeError: {""status"": ""base_archive_failed"", ""returncode"": 128, ""stderr"": ""warning: lazy fetching disabled; some objects may not be available\nfatal: could not fetch 90a6b12c3afaac2d999c8a1e047cf0a55450d1c5 from promisor remote\n""}
","Provider-free 30-task five-checkpoint replay frame. Rows combine the d7 feasibility frame with 30/90/180/365-day human and OrcaLoca replays. The evaluator is F2P-only and fixed-method; no survival, semantic, behavioral, adaptation, or causal estimate is promoted."
pylint-dev__pylint-7080,issue_resolution,pylint-dev/pylint,python,3c5eca2ded3dd2b59ebaf23eb289453b5d2930f0,OrcaLoca,NA,NA,NA,pylint-dev__pylint-7080-d30,NA,NA,30,task_setup_failure,NA,NA,NA,NA,NA,NA,NA,tool_or_script_failure,c33d237e6ea5795632295bb6390778a21e6f4080,SWE-bench local record 4.3; F2P-only pilot,NA,True,c74493bdb969c40b0b9bc503b239c572ee31641b,exact_changed_line_match,NA,"Traceback (most recent call last):
  File ""[LOCAL_DRIVE]/lossoracc\run_work2_30_task_first_checkpoint_replay_worker_20260901.py"", line 81, in run_task
    raise RuntimeError(json.dumps(archive_status, ensure_ascii=False))
RuntimeError: {""status"": ""base_archive_failed"", ""returncode"": 128, ""stderr"": ""warning: lazy fetching disabled; some objects may not be available\nfatal: could not fetch 90a6b12c3afaac2d999c8a1e047cf0a55450d1c5 from promisor remote\n""}
","Provider-free 30-task five-checkpoint replay frame. Rows combine the d7 feasibility frame with 30/90/180/365-day human and OrcaLoca replays. The evaluator is F2P-only and fixed-method; no survival, semantic, behavioral, adaptation, or causal estimate is promoted."
pylint-dev__pylint-7080,issue_resolution,pylint-dev/pylint,python,3c5eca2ded3dd2b59ebaf23eb289453b5d2930f0,human,NA,NA,NA,pylint-dev__pylint-7080-d90,NA,NA,90,task_setup_failure,NA,NA,NA,NA,NA,NA,NA,tool_or_script_failure,c3740d81918d83c91be698c674d2dd5f063e9530,SWE-bench local record 4.3; F2P-only pilot,NA,False,c74493bdb969c40b0b9bc503b239c572ee31641b,exact_changed_line_match,NA,"Traceback (most recent call last):
  File ""[LOCAL_DRIVE]/lossoracc\run_work2_30_task_first_checkpoint_replay_worker_20260901.py"", line 81, in run_task
    raise RuntimeError(json.dumps(archive_status, ensure_ascii=False))
RuntimeError: {""status"": ""base_archive_failed"", ""returncode"": 128, ""stderr"": ""warning: lazy fetching disabled; some objects may not be available\nfatal: could not fetch 90a6b12c3afaac2d999c8a1e047cf0a55450d1c5 from promisor remote\n""}
","Provider-free 30-task five-checkpoint replay frame. Rows combine the d7 feasibility frame with 30/90/180/365-day human and OrcaLoca replays. The evaluator is F2P-only and fixed-method; no survival, semantic, behavioral, adaptation, or causal estimate is promoted."
pylint-dev__pylint-7080,issue_resolution,pylint-dev/pylint,python,3c5eca2ded3dd2b59ebaf23eb289453b5d2930f0,OrcaLoca,NA,NA,NA,pylint-dev__pylint-7080-d90,NA,NA,90,task_setup_failure,NA,NA,NA,NA,NA,NA,NA,tool_or_script_failure,c3740d81918d83c91be698c674d2dd5f063e9530,SWE-bench local record 4.3; F2P-only pilot,NA,True,c74493bdb969c40b0b9bc503b239c572ee31641b,exact_changed_line_match,NA,"Traceback (most recent call last):
  File ""[LOCAL_DRIVE]/lossoracc\run_work2_30_task_first_checkpoint_replay_worker_20260901.py"", line 81, in run_task
    raise RuntimeError(json.dumps(archive_status, ensure_ascii=False))
RuntimeError: {""status"": ""base_archive_failed"", ""returncode"": 128, ""stderr"": ""warning: lazy fetching disabled; some objects may not be available\nfatal: could not fetch 90a6b12c3afaac2d999c8a1e047cf0a55450d1c5 from promisor remote\n""}
","Provider-free 30-task five-checkpoint replay frame. Rows combine the d7 feasibility frame with 30/90/180/365-day human and OrcaLoca replays. The evaluator is F2P-only and fixed-method; no survival, semantic, behavioral, adaptation, or causal estimate is promoted."
pylint-dev__pylint-7080,issue_resolution,pylint-dev/pylint,python,3c5eca2ded3dd2b59ebaf23eb289453b5d2930f0,human,NA,NA,NA,pylint-dev__pylint-7080-d180,NA,NA,180,task_setup_failure,NA,NA,NA,NA,NA,NA,NA,tool_or_script_failure,4a5f5be479952d5c865a18520f14db321d2432b2,SWE-bench local record 4.3; F2P-only pilot,NA,False,c74493bdb969c40b0b9bc503b239c572ee31641b,exact_changed_line_match,NA,"Traceback (most recent call last):
  File ""[LOCAL_DRIVE]/lossoracc\run_work2_30_task_first_checkpoint_replay_worker_20260901.py"", line 81, in run_task
    raise RuntimeError(json.dumps(archive_status, ensure_ascii=False))
RuntimeError: {""status"": ""base_archive_failed"", ""returncode"": 128, ""stderr"": ""warning: lazy fetching disabled; some objects may not be available\nfatal: could not fetch 90a6b12c3afaac2d999c8a1e047cf0a55450d1c5 from promisor remote\n""}
","Provider-free 30-task five-checkpoint replay frame. Rows combine the d7 feasibility frame with 30/90/180/365-day human and OrcaLoca replays. The evaluator is F2P-only and fixed-method; no survival, semantic, behavioral, adaptation, or causal estimate is promoted."
pylint-dev__pylint-7080,issue_resolution,pylint-dev/pylint,python,3c5eca2ded3dd2b59ebaf23eb289453b5d2930f0,OrcaLoca,NA,NA,NA,pylint-dev__pylint-7080-d180,NA,NA,180,task_setup_failure,NA,NA,NA,NA,NA,NA,NA,tool_or_script_failure,4a5f5be479952d5c865a18520f14db321d2432b2,SWE-bench local record 4.3; F2P-only pilot,NA,True,c74493bdb969c40b0b9bc503b239c572ee31641b,exact_changed_line_match,NA,"Traceback (most recent call last):
  File ""[LOCAL_DRIVE]/lossoracc\run_work2_30_task_first_checkpoint_replay_worker_20260901.py"", line 81, in run_task
    raise RuntimeError(json.dumps(archive_status, ensure_ascii=False))
RuntimeError: {""status"": ""base_archive_failed"", ""returncode"": 128, ""stderr"": ""warning: lazy fetching disabled; some objects may not be available\nfatal: could not fetch 90a6b12c3afaac2d999c8a1e047cf0a55450d1c5 from promisor remote\n""}
","Provider-free 30-task five-checkpoint replay frame. Rows combine the d7 feasibility frame with 30/90/180/365-day human and OrcaLoca replays. The evaluator is F2P-only and fixed-method; no survival, semantic, behavioral, adaptation, or causal estimate is promoted."
pylint-dev__pylint-7080,issue_resolution,pylint-dev/pylint,python,3c5eca2ded3dd2b59ebaf23eb289453b5d2930f0,human,NA,NA,NA,pylint-dev__pylint-7080-d365,NA,NA,365,task_setup_failure,NA,NA,NA,NA,NA,NA,NA,tool_or_script_failure,bf8051b632afdba6792e55c20faec712b0ebebaf,SWE-bench local record 4.3; F2P-only pilot,NA,False,c74493bdb969c40b0b9bc503b239c572ee31641b,exact_changed_line_match,NA,"Traceback (most recent call last):
  File ""[LOCAL_DRIVE]/lossoracc\run_work2_30_task_first_checkpoint_replay_worker_20260901.py"", line 81, in run_task
    raise RuntimeError(json.dumps(archive_status, ensure_ascii=False))
RuntimeError: {""status"": ""base_archive_failed"", ""returncode"": 128, ""stderr"": ""warning: lazy fetching disabled; some objects may not be available\nfatal: could not fetch 90a6b12c3afaac2d999c8a1e047cf0a55450d1c5 from promisor remote\n""}
","Provider-free 30-task five-checkpoint replay frame. Rows combine the d7 feasibility frame with 30/90/180/365-day human and OrcaLoca replays. The evaluator is F2P-only and fixed-method; no survival, semantic, behavioral, adaptation, or causal estimate is promoted."
pylint-dev__pylint-7080,issue_resolution,pylint-dev/pylint,python,3c5eca2ded3dd2b59ebaf23eb289453b5d2930f0,OrcaLoca,NA,NA,NA,pylint-dev__pylint-7080-d365,NA,NA,365,task_setup_failure,NA,NA,NA,NA,NA,NA,NA,tool_or_script_failure,bf8051b632afdba6792e55c20faec712b0ebebaf,SWE-bench local record 4.3; F2P-only pilot,NA,True,c74493bdb969c40b0b9bc503b239c572ee31641b,exact_changed_line_match,NA,"Traceback (most recent call last):
  File ""[LOCAL_DRIVE]/lossoracc\run_work2_30_task_first_checkpoint_replay_worker_20260901.py"", line 81, in run_task
    raise RuntimeError(json.dumps(archive_status, ensure_ascii=False))
RuntimeError: {""status"": ""base_archive_failed"", ""returncode"": 128, ""stderr"": ""warning: lazy fetching disabled; some objects may not be available\nfatal: could not fetch 90a6b12c3afaac2d999c8a1e047cf0a55450d1c5 from promisor remote\n""}
","Provider-free 30-task five-checkpoint replay frame. Rows combine the d7 feasibility frame with 30/90/180/365-day human and OrcaLoca replays. The evaluator is F2P-only and fixed-method; no survival, semantic, behavioral, adaptation, or causal estimate is promoted."
pylint-dev__pylint-7228,issue_resolution,pylint-dev/pylint,python,d597f252915ddcaaa15ccdfcb35670152cb83587,human,NA,NA,NA,pylint-dev__pylint-7228-d30,NA,NA,30,source_unavailable_during_replay,NA,NA,NA,NA,NA,NA,NA,source_or_environment_failure,ac8641e32d262b18c528951523d8ff7da07cf72c,SWE-bench Lite local record; F2P-only pilot,8b6796ff816cae34a8ba96c465e367f321f95931a64b9dff5932f0f9ab701d1b,False,ebd54021ee3a779ee66dfe97e8dbf2a5966f614e,exact_changed_line_match,NA,"c7afe9940c2b80738cfc0c99bff479a2dfc50fbe: warning: lazy fetching disabled; some objects may not be available
fatal: could not fetch 8f409a5c4f2fe371df7b12ca174c590543f904ea from promisor remote
","Provider-free 30-task five-checkpoint replay frame. Rows combine the d7 feasibility frame with 30/90/180/365-day human and OrcaLoca replays. The evaluator is F2P-only and fixed-method; no survival, semantic, behavioral, adaptation, or causal estimate is promoted."
pylint-dev__pylint-7228,issue_resolution,pylint-dev/pylint,python,d597f252915ddcaaa15ccdfcb35670152cb83587,OrcaLoca,NA,NA,NA,pylint-dev__pylint-7228-d30,NA,NA,30,source_unavailable_during_replay,NA,NA,NA,NA,NA,NA,NA,source_or_environment_failure,ac8641e32d262b18c528951523d8ff7da07cf72c,SWE-bench Lite local record; F2P-only pilot,719f9a10d0b1d37e263a449ceab7878360459827601703aacfa1392e73a35fc3,True,ebd54021ee3a779ee66dfe97e8dbf2a5966f614e,exact_changed_line_match,NA,"c7afe9940c2b80738cfc0c99bff479a2dfc50fbe: warning: lazy fetching disabled; some objects may not be available
fatal: could not fetch 8f409a5c4f2fe371df7b12ca174c590543f904ea from promisor remote
","Provider-free 30-task five-checkpoint replay frame. Rows combine the d7 feasibility frame with 30/90/180/365-day human and OrcaLoca replays. The evaluator is F2P-only and fixed-method; no survival, semantic, behavioral, adaptation, or causal estimate is promoted."
pylint-dev__pylint-7228,issue_resolution,pylint-dev/pylint,python,d597f252915ddcaaa15ccdfcb35670152cb83587,human,NA,NA,NA,pylint-dev__pylint-7228-d90,NA,NA,90,source_unavailable_during_replay,NA,NA,NA,NA,NA,NA,NA,source_or_environment_failure,5c7f98099c719038fa07eba61f288c0a7cc48f92,SWE-bench Lite local record; F2P-only pilot,8b6796ff816cae34a8ba96c465e367f321f95931a64b9dff5932f0f9ab701d1b,False,ebd54021ee3a779ee66dfe97e8dbf2a5966f614e,exact_changed_line_match,NA,"c7afe9940c2b80738cfc0c99bff479a2dfc50fbe: warning: lazy fetching disabled; some objects may not be available
fatal: could not fetch 8f409a5c4f2fe371df7b12ca174c590543f904ea from promisor remote
","Provider-free 30-task five-checkpoint replay frame. Rows combine the d7 feasibility frame with 30/90/180/365-day human and OrcaLoca replays. The evaluator is F2P-only and fixed-method; no survival, semantic, behavioral, adaptation, or causal estimate is promoted."
pylint-dev__pylint-7228,issue_resolution,pylint-dev/pylint,python,d597f252915ddcaaa15ccdfcb35670152cb83587,OrcaLoca,NA,NA,NA,pylint-dev__pylint-7228-d90,NA,NA,90,source_unavailable_during_replay,NA,NA,NA,NA,NA,NA,NA,source_or_environment_failure,5c7f98099c719038fa07eba61f288c0a7cc48f92,SWE-bench Lite local record; F2P-only pilot,719f9a10d0b1d37e263a449ceab7878360459827601703aacfa1392e73a35fc3,True,ebd54021ee3a779ee66dfe97e8dbf2a5966f614e,exact_changed_line_match,NA,"c7afe9940c2b80738cfc0c99bff479a2dfc50fbe: warning: lazy fetching disabled; some objects may not be available
fatal: could not fetch 8f409a5c4f2fe371df7b12ca174c590543f904ea from promisor remote
","Provider-free 30-task five-checkpoint replay frame. Rows combine the d7 feasibility frame with 30/90/180/365-day human and OrcaLoca replays. The evaluator is F2P-only and fixed-method; no survival, semantic, behavioral, adaptation, or causal estimate is promoted."
pylint-dev__pylint-7228,issue_resolution,pylint-dev/pylint,python,d597f252915ddcaaa15ccdfcb35670152cb83587,human,NA,NA,NA,pylint-dev__pylint-7228-d180,NA,NA,180,source_unavailable_during_replay,NA,NA,NA,NA,NA,NA,NA,source_or_environment_failure,660405e6218258cee90570e8037c3b5e1440dcb6,SWE-bench Lite local record; F2P-only pilot,8b6796ff816cae34a8ba96c465e367f321f95931a64b9dff5932f0f9ab701d1b,False,ebd54021ee3a779ee66dfe97e8dbf2a5966f614e,exact_changed_line_match,NA,"c7afe9940c2b80738cfc0c99bff479a2dfc50fbe: warning: lazy fetching disabled; some objects may not be available
fatal: could not fetch 8f409a5c4f2fe371df7b12ca174c590543f904ea from promisor remote
","Provider-free 30-task five-checkpoint replay frame. Rows combine the d7 feasibility frame with 30/90/180/365-day human and OrcaLoca replays. The evaluator is F2P-only and fixed-method; no survival, semantic, behavioral, adaptation, or causal estimate is promoted."
pylint-dev__pylint-7228,issue_resolution,pylint-dev/pylint,python,d597f252915ddcaaa15ccdfcb35670152cb83587,OrcaLoca,NA,NA,NA,pylint-dev__pylint-7228-d180,NA,NA,180,source_unavailable_during_replay,NA,NA,NA,NA,NA,NA,NA,source_or_environment_failure,660405e6218258cee90570e8037c3b5e1440dcb6,SWE-bench Lite local record; F2P-only pilot,719f9a10d0b1d37e263a449ceab7878360459827601703aacfa1392e73a35fc3,True,ebd54021ee3a779ee66dfe97e8dbf2a5966f614e,exact_changed_line_match,NA,"c7afe9940c2b80738cfc0c99bff479a2dfc50fbe: warning: lazy fetching disabled; some objects may not be available
fatal: could not fetch 8f409a5c4f2fe371df7b12ca174c590543f904ea from promisor remote
","Provider-free 30-task five-checkpoint replay frame. Rows combine the d7 feasibility frame with 30/90/180/365-day human and OrcaLoca replays. The evaluator is F2P-only and fixed-method; no survival, semantic, behavioral, adaptation, or causal estimate is promoted."
pylint-dev__pylint-7228,issue_resolution,pylint-dev/pylint,python,d597f252915ddcaaa15ccdfcb35670152cb83587,human,NA,NA,NA,pylint-dev__pylint-7228-d365,NA,NA,365,source_unavailable_during_replay,NA,NA,NA,NA,NA,NA,NA,source_or_environment_failure,68a79b2504c96205437ee9c3f09c4d7d90284bc5,SWE-bench Lite local record; F2P-only pilot,8b6796ff816cae34a8ba96c465e367f321f95931a64b9dff5932f0f9ab701d1b,False,ebd54021ee3a779ee66dfe97e8dbf2a5966f614e,exact_changed_line_match,NA,"c7afe9940c2b80738cfc0c99bff479a2dfc50fbe: warning: lazy fetching disabled; some objects may not be available
fatal: could not fetch 8f409a5c4f2fe371df7b12ca174c590543f904ea from promisor remote
","Provider-free 30-task five-checkpoint replay frame. Rows combine the d7 feasibility frame with 30/90/180/365-day human and OrcaLoca replays. The evaluator is F2P-only and fixed-method; no survival, semantic, behavioral, adaptation, or causal estimate is promoted."
pylint-dev__pylint-7228,issue_resolution,pylint-dev/pylint,python,d597f252915ddcaaa15ccdfcb35670152cb83587,OrcaLoca,NA,NA,NA,pylint-dev__pylint-7228-d365,NA,NA,365,source_unavailable_during_replay,NA,NA,NA,NA,NA,NA,NA,source_or_environment_failure,68a79b2504c96205437ee9c3f09c4d7d90284bc5,SWE-bench Lite local record; F2P-only pilot,719f9a10d0b1d37e263a449ceab7878360459827601703aacfa1392e73a35fc3,True,ebd54021ee3a779ee66dfe97e8dbf2a5966f614e,exact_changed_line_match,NA,"c7afe9940c2b80738cfc0c99bff479a2dfc50fbe: warning: lazy fetching disabled; some objects may not be available
fatal: could not fetch 8f409a5c4f2fe371df7b12ca174c590543f904ea from promisor remote
","Provider-free 30-task five-checkpoint replay frame. Rows combine the d7 feasibility frame with 30/90/180/365-day human and OrcaLoca replays. The evaluator is F2P-only and fixed-method; no survival, semantic, behavioral, adaptation, or causal estimate is promoted."
pytest-dev__pytest-5221,issue_resolution,pytest-dev/pytest,python,4a2fdce62b73944030cff9b3e52862868ca9584d,human,NA,NA,NA,pytest-dev__pytest-5221-d30,NA,NA,30,source_unavailable_during_replay,NA,NA,NA,NA,NA,NA,NA,source_or_environment_failure,0f4992c223bbf4757e83c20818538eb755604734,SWE-bench Lite local record; F2P-only pilot,be5549ceff2ee5643ad3743e8919241e16ebf9549c79c68cd56a0ee3aaaf666b,False,2051e30b9b596e944524ccb787ed20f9f5be93e3,exact_changed_line_match,NA,"7f7f84757d2b34c8e9e3ef2bab76a67771d57dd4: warning: lazy fetching disabled; some objects may not be available
fatal: could not fetch ecbba1255865a738c4a8f900d3c5c9e5ff5812e0 from promisor remote
","Provider-free 30-task five-checkpoint replay frame. Rows combine the d7 feasibility frame with 30/90/180/365-day human and OrcaLoca replays. The evaluator is F2P-only and fixed-method; no survival, semantic, behavioral, adaptation, or causal estimate is promoted."
pytest-dev__pytest-5221,issue_resolution,pytest-dev/pytest,python,4a2fdce62b73944030cff9b3e52862868ca9584d,OrcaLoca,NA,NA,NA,pytest-dev__pytest-5221-d30,NA,NA,30,source_unavailable_during_replay,NA,NA,NA,NA,NA,NA,NA,source_or_environment_failure,0f4992c223bbf4757e83c20818538eb755604734,SWE-bench Lite local record; F2P-only pilot,4125ea2ac0a60ededa317c455120b5f44d91a444df879edc1e264a7c8bdfe483,True,2051e30b9b596e944524ccb787ed20f9f5be93e3,exact_changed_line_match,NA,"7f7f84757d2b34c8e9e3ef2bab76a67771d57dd4: warning: lazy fetching disabled; some objects may not be available
fatal: could not fetch ecbba1255865a738c4a8f900d3c5c9e5ff5812e0 from promisor remote
","Provider-free 30-task five-checkpoint replay frame. Rows combine the d7 feasibility frame with 30/90/180/365-day human and OrcaLoca replays. The evaluator is F2P-only and fixed-method; no survival, semantic, behavioral, adaptation, or causal estimate is promoted."
pytest-dev__pytest-5221,issue_resolution,pytest-dev/pytest,python,4a2fdce62b73944030cff9b3e52862868ca9584d,human,NA,NA,NA,pytest-dev__pytest-5221-d90,NA,NA,90,source_unavailable_during_replay,NA,NA,NA,NA,NA,NA,NA,source_or_environment_failure,73e0bf92f7e1fc365b77ed57699c37454db6d812,SWE-bench Lite local record; F2P-only pilot,be5549ceff2ee5643ad3743e8919241e16ebf9549c79c68cd56a0ee3aaaf666b,False,2051e30b9b596e944524ccb787ed20f9f5be93e3,exact_changed_line_match,NA,"7f7f84757d2b34c8e9e3ef2bab76a67771d57dd4: warning: lazy fetching disabled; some objects may not be available
fatal: could not fetch ecbba1255865a738c4a8f900d3c5c9e5ff5812e0 from promisor remote
","Provider-free 30-task five-checkpoint replay frame. Rows combine the d7 feasibility frame with 30/90/180/365-day human and OrcaLoca replays. The evaluator is F2P-only and fixed-method; no survival, semantic, behavioral, adaptation, or causal estimate is promoted."
pytest-dev__pytest-5221,issue_resolution,pytest-dev/pytest,python,4a2fdce62b73944030cff9b3e52862868ca9584d,OrcaLoca,NA,NA,NA,pytest-dev__pytest-5221-d90,NA,NA,90,source_unavailable_during_replay,NA,NA,NA,NA,NA,NA,NA,source_or_environment_failure,73e0bf92f7e1fc365b77ed57699c37454db6d812,SWE-bench Lite local record; F2P-only pilot,4125ea2ac0a60ededa317c455120b5f44d91a444df879edc1e264a7c8bdfe483,True,2051e30b9b596e944524ccb787ed20f9f5be93e3,exact_changed_line_match,NA,"7f7f84757d2b34c8e9e3ef2bab76a67771d57dd4: warning: lazy fetching disabled; some objects may not be available
fatal: could not fetch ecbba1255865a738c4a8f900d3c5c9e5ff5812e0 from promisor remote
","Provider-free 30-task five-checkpoint replay frame. Rows combine the d7 feasibility frame with 30/90/180/365-day human and OrcaLoca replays. The evaluator is F2P-only and fixed-method; no survival, semantic, behavioral, adaptation, or causal estimate is promoted."
pytest-dev__pytest-5221,issue_resolution,pytest-dev/pytest,python,4a2fdce62b73944030cff9b3e52862868ca9584d,human,NA,NA,NA,pytest-dev__pytest-5221-d180,NA,NA,180,source_unavailable_during_replay,NA,NA,NA,NA,NA,NA,NA,source_or_environment_failure,0760406480495ceaf54755bdeed08e47570ffa2f,SWE-bench Lite local record; F2P-only pilot,be5549ceff2ee5643ad3743e8919241e16ebf9549c79c68cd56a0ee3aaaf666b,False,2051e30b9b596e944524ccb787ed20f9f5be93e3,exact_changed_line_match,NA,"7f7f84757d2b34c8e9e3ef2bab76a67771d57dd4: warning: lazy fetching disabled; some objects may not be available
fatal: could not fetch ecbba1255865a738c4a8f900d3c5c9e5ff5812e0 from promisor remote
","Provider-free 30-task five-checkpoint replay frame. Rows combine the d7 feasibility frame with 30/90/180/365-day human and OrcaLoca replays. The evaluator is F2P-only and fixed-method; no survival, semantic, behavioral, adaptation, or causal estimate is promoted."
pytest-dev__pytest-5221,issue_resolution,pytest-dev/pytest,python,4a2fdce62b73944030cff9b3e52862868ca9584d,OrcaLoca,NA,NA,NA,pytest-dev__pytest-5221-d180,NA,NA,180,source_unavailable_during_replay,NA,NA,NA,NA,NA,NA,NA,source_or_environment_failure,0760406480495ceaf54755bdeed08e47570ffa2f,SWE-bench Lite local record; F2P-only pilot,4125ea2ac0a60ededa317c455120b5f44d91a444df879edc1e264a7c8bdfe483,True,2051e30b9b596e944524ccb787ed20f9f5be93e3,exact_changed_line_match,NA,"7f7f84757d2b34c8e9e3ef2bab76a67771d57dd4: warning: lazy fetching disabled; some objects may not be available
fatal: could not fetch ecbba1255865a738c4a8f900d3c5c9e5ff5812e0 from promisor remote
","Provider-free 30-task five-checkpoint replay frame. Rows combine the d7 feasibility frame with 30/90/180/365-day human and OrcaLoca replays. The evaluator is F2P-only and fixed-method; no survival, semantic, behavioral, adaptation, or causal estimate is promoted."
pytest-dev__pytest-5221,issue_resolution,pytest-dev/pytest,python,4a2fdce62b73944030cff9b3e52862868ca9584d,human,NA,NA,NA,pytest-dev__pytest-5221-d365,NA,NA,365,source_unavailable_during_replay,NA,NA,NA,NA,NA,NA,NA,source_or_environment_failure,b4c46da278d26acbd2aa06195d67d4b8f538e726,SWE-bench Lite local record; F2P-only pilot,be5549ceff2ee5643ad3743e8919241e16ebf9549c79c68cd56a0ee3aaaf666b,False,2051e30b9b596e944524ccb787ed20f9f5be93e3,exact_changed_line_match,NA,"7f7f84757d2b34c8e9e3ef2bab76a67771d57dd4: warning: lazy fetching disabled; some objects may not be available
fatal: could not fetch ecbba1255865a738c4a8f900d3c5c9e5ff5812e0 from promisor remote
","Provider-free 30-task five-checkpoint replay frame. Rows combine the d7 feasibility frame with 30/90/180/365-day human and OrcaLoca replays. The evaluator is F2P-only and fixed-method; no survival, semantic, behavioral, adaptation, or causal estimate is promoted."
pytest-dev__pytest-5221,issue_resolution,pytest-dev/pytest,python,4a2fdce62b73944030cff9b3e52862868ca9584d,OrcaLoca,NA,NA,NA,pytest-dev__pytest-5221-d365,NA,NA,365,source_unavailable_during_replay,NA,NA,NA,NA,NA,NA,NA,source_or_environment_failure,b4c46da278d26acbd2aa06195d67d4b8f538e726,SWE-bench Lite local record; F2P-only pilot,4125ea2ac0a60ededa317c455120b5f44d91a444df879edc1e264a7c8bdfe483,True,2051e30b9b596e944524ccb787ed20f9f5be93e3,exact_changed_line_match,NA,"7f7f84757d2b34c8e9e3ef2bab76a67771d57dd4: warning: lazy fetching disabled; some objects may not be available
fatal: could not fetch ecbba1255865a738c4a8f900d3c5c9e5ff5812e0 from promisor remote
","Provider-free 30-task five-checkpoint replay frame. Rows combine the d7 feasibility frame with 30/90/180/365-day human and OrcaLoca replays. The evaluator is F2P-only and fixed-method; no survival, semantic, behavioral, adaptation, or causal estimate is promoted."
pytest-dev__pytest-5227,issue_resolution,pytest-dev/pytest,python,2051e30b9b596e944524ccb787ed20f9f5be93e3,human,NA,NA,NA,pytest-dev__pytest-5227-d30,NA,NA,30,source_unavailable_during_replay,NA,NA,NA,NA,NA,NA,NA,source_or_environment_failure,9f5c356784cd03d38704b1cdd49bdbaf275489f4,SWE-bench Lite local record; F2P-only pilot,e8193ea0dee0989323f0f7756f492d73cdc2e584b61f9142b8695d9ed2737893,False,ed2b715f4c92194b89be07974b2d84e50d7d03bd,exact_changed_line_match,NA,"7f7f84757d2b34c8e9e3ef2bab76a67771d57dd4: warning: lazy fetching disabled; some objects may not be available
fatal: could not fetch ecbba1255865a738c4a8f900d3c5c9e5ff5812e0 from promisor remote
","Provider-free 30-task five-checkpoint replay frame. Rows combine the d7 feasibility frame with 30/90/180/365-day human and OrcaLoca replays. The evaluator is F2P-only and fixed-method; no survival, semantic, behavioral, adaptation, or causal estimate is promoted."
pytest-dev__pytest-5227,issue_resolution,pytest-dev/pytest,python,2051e30b9b596e944524ccb787ed20f9f5be93e3,OrcaLoca,NA,NA,NA,pytest-dev__pytest-5227-d30,NA,NA,30,source_unavailable_during_replay,NA,NA,NA,NA,NA,NA,NA,source_or_environment_failure,9f5c356784cd03d38704b1cdd49bdbaf275489f4,SWE-bench Lite local record; F2P-only pilot,2eb1ac3fd8b4d7b36f6fc008d8353269f0e229be3849884da2b171830a858bfa,True,ed2b715f4c92194b89be07974b2d84e50d7d03bd,exact_changed_line_match,NA,"7f7f84757d2b34c8e9e3ef2bab76a67771d57dd4: warning: lazy fetching disabled; some objects may not be available
fatal: could not fetch ecbba1255865a738c4a8f900d3c5c9e5ff5812e0 from promisor remote
","Provider-free 30-task five-checkpoint replay frame. Rows combine the d7 feasibility frame with 30/90/180/365-day human and OrcaLoca replays. The evaluator is F2P-only and fixed-method; no survival, semantic, behavioral, adaptation, or causal estimate is promoted."
pytest-dev__pytest-5227,issue_resolution,pytest-dev/pytest,python,2051e30b9b596e944524ccb787ed20f9f5be93e3,human,NA,NA,NA,pytest-dev__pytest-5227-d90,NA,NA,90,source_unavailable_during_replay,NA,NA,NA,NA,NA,NA,NA,source_or_environment_failure,28fabc52bd3a35f1007ab82866940c9afdf7cefc,SWE-bench Lite local record; F2P-only pilot,e8193ea0dee0989323f0f7756f492d73cdc2e584b61f9142b8695d9ed2737893,False,ed2b715f4c92194b89be07974b2d84e50d7d03bd,exact_changed_line_match,NA,"7f7f84757d2b34c8e9e3ef2bab76a67771d57dd4: warning: lazy fetching disabled; some objects may not be available
fatal: could not fetch ecbba1255865a738c4a8f900d3c5c9e5ff5812e0 from promisor remote
","Provider-free 30-task five-checkpoint replay frame. Rows combine the d7 feasibility frame with 30/90/180/365-day human and OrcaLoca replays. The evaluator is F2P-only and fixed-method; no survival, semantic, behavioral, adaptation, or causal estimate is promoted."
pytest-dev__pytest-5227,issue_resolution,pytest-dev/pytest,python,2051e30b9b596e944524ccb787ed20f9f5be93e3,OrcaLoca,NA,NA,NA,pytest-dev__pytest-5227-d90,NA,NA,90,source_unavailable_during_replay,NA,NA,NA,NA,NA,NA,NA,source_or_environment_failure,28fabc52bd3a35f1007ab82866940c9afdf7cefc,SWE-bench Lite local record; F2P-only pilot,2eb1ac3fd8b4d7b36f6fc008d8353269f0e229be3849884da2b171830a858bfa,True,ed2b715f4c92194b89be07974b2d84e50d7d03bd,exact_changed_line_match,NA,"7f7f84757d2b34c8e9e3ef2bab76a67771d57dd4: warning: lazy fetching disabled; some objects may not be available
fatal: could not fetch ecbba1255865a738c4a8f900d3c5c9e5ff5812e0 from promisor remote
","Provider-free 30-task five-checkpoint replay frame. Rows combine the d7 feasibility frame with 30/90/180/365-day human and OrcaLoca replays. The evaluator is F2P-only and fixed-method; no survival, semantic, behavioral, adaptation, or causal estimate is promoted."
pytest-dev__pytest-5227,issue_resolution,pytest-dev/pytest,python,2051e30b9b596e944524ccb787ed20f9f5be93e3,human,NA,NA,NA,pytest-dev__pytest-5227-d180,NA,NA,180,source_unavailable_during_replay,NA,NA,NA,NA,NA,NA,NA,source_or_environment_failure,0760406480495ceaf54755bdeed08e47570ffa2f,SWE-bench Lite local record; F2P-only pilot,e8193ea0dee0989323f0f7756f492d73cdc2e584b61f9142b8695d9ed2737893,False,ed2b715f4c92194b89be07974b2d84e50d7d03bd,exact_changed_line_match,NA,"7f7f84757d2b34c8e9e3ef2bab76a67771d57dd4: warning: lazy fetching disabled; some objects may not be available
fatal: could not fetch ecbba1255865a738c4a8f900d3c5c9e5ff5812e0 from promisor remote
","Provider-free 30-task five-checkpoint replay frame. Rows combine the d7 feasibility frame with 30/90/180/365-day human and OrcaLoca replays. The evaluator is F2P-only and fixed-method; no survival, semantic, behavioral, adaptation, or causal estimate is promoted."
pytest-dev__pytest-5227,issue_resolution,pytest-dev/pytest,python,2051e30b9b596e944524ccb787ed20f9f5be93e3,OrcaLoca,NA,NA,NA,pytest-dev__pytest-5227-d180,NA,NA,180,source_unavailable_during_replay,NA,NA,NA,NA,NA,NA,NA,source_or_environment_failure,0760406480495ceaf54755bdeed08e47570ffa2f,SWE-bench Lite local record; F2P-only pilot,2eb1ac3fd8b4d7b36f6fc008d8353269f0e229be3849884da2b171830a858bfa,True,ed2b715f4c92194b89be07974b2d84e50d7d03bd,exact_changed_line_match,NA,"7f7f84757d2b34c8e9e3ef2bab76a67771d57dd4: warning: lazy fetching disabled; some objects may not be available
fatal: could not fetch ecbba1255865a738c4a8f900d3c5c9e5ff5812e0 from promisor remote
","Provider-free 30-task five-checkpoint replay frame. Rows combine the d7 feasibility frame with 30/90/180/365-day human and OrcaLoca replays. The evaluator is F2P-only and fixed-method; no survival, semantic, behavioral, adaptation, or causal estimate is promoted."
pytest-dev__pytest-5227,issue_resolution,pytest-dev/pytest,python,2051e30b9b596e944524ccb787ed20f9f5be93e3,human,NA,NA,NA,pytest-dev__pytest-5227-d365,NA,NA,365,source_unavailable_during_replay,NA,NA,NA,NA,NA,NA,NA,source_or_environment_failure,81da5dac4840597ed05e2d216a2229acce62b26f,SWE-bench Lite local record; F2P-only pilot,e8193ea0dee0989323f0f7756f492d73cdc2e584b61f9142b8695d9ed2737893,False,ed2b715f4c92194b89be07974b2d84e50d7d03bd,exact_changed_line_match,NA,"7f7f84757d2b34c8e9e3ef2bab76a67771d57dd4: warning: lazy fetching disabled; some objects may not be available
fatal: could not fetch ecbba1255865a738c4a8f900d3c5c9e5ff5812e0 from promisor remote
","Provider-free 30-task five-checkpoint replay frame. Rows combine the d7 feasibility frame with 30/90/180/365-day human and OrcaLoca replays. The evaluator is F2P-only and fixed-method; no survival, semantic, behavioral, adaptation, or causal estimate is promoted."
pytest-dev__pytest-5227,issue_resolution,pytest-dev/pytest,python,2051e30b9b596e944524ccb787ed20f9f5be93e3,OrcaLoca,NA,NA,NA,pytest-dev__pytest-5227-d365,NA,NA,365,source_unavailable_during_replay,NA,NA,NA,NA,NA,NA,NA,source_or_environment_failure,81da5dac4840597ed05e2d216a2229acce62b26f,SWE-bench Lite local record; F2P-only pilot,2eb1ac3fd8b4d7b36f6fc008d8353269f0e229be3849884da2b171830a858bfa,True,ed2b715f4c92194b89be07974b2d84e50d7d03bd,exact_changed_line_match,NA,"7f7f84757d2b34c8e9e3ef2bab76a67771d57dd4: warning: lazy fetching disabled; some objects may not be available
fatal: could not fetch ecbba1255865a738c4a8f900d3c5c9e5ff5812e0 from promisor remote
","Provider-free 30-task five-checkpoint replay frame. Rows combine the d7 feasibility frame with 30/90/180/365-day human and OrcaLoca replays. The evaluator is F2P-only and fixed-method; no survival, semantic, behavioral, adaptation, or causal estimate is promoted."
scikit-learn__scikit-learn-10297,issue_resolution,scikit-learn/scikit-learn,python,b90661d6a46aa3619d3eec94d5281f5888add501,human,NA,NA,NA,scikit-learn__scikit-learn-10297-d30,NA,NA,30,future_textual_conflict,NA,NA,NA,True,NA,NA,NA,evolution_incompatibility,47ce5e1c9d0a63ed3b56b4a9f44fb51a1b35b7cd,SWE-bench Lite local record; F2P-only pilot,36db36590ab75976c976fa4aef8b12d64caf9a65f849e7147b56fb67c4e2aa09,False,eb1a3c4765948cd1d0cdc7ba2e040aa6a3671c07,exact_changed_line_match,NA,"03dd2870157490f1f8f484d9b81bfe0ac1df4917: error: patch failed: sklearn/linear_model/ridge.py:1328
error: sklearn/linear_model/ridge.py: patch does not apply
","Provider-free 30-task five-checkpoint replay frame. Rows combine the d7 feasibility frame with 30/90/180/365-day human and OrcaLoca replays. The evaluator is F2P-only and fixed-method; no survival, semantic, behavioral, adaptation, or causal estimate is promoted."
scikit-learn__scikit-learn-10297,issue_resolution,scikit-learn/scikit-learn,python,b90661d6a46aa3619d3eec94d5281f5888add501,OrcaLoca,NA,NA,NA,scikit-learn__scikit-learn-10297-d30,NA,NA,30,future_textual_conflict,NA,NA,NA,True,NA,NA,NA,evolution_incompatibility,47ce5e1c9d0a63ed3b56b4a9f44fb51a1b35b7cd,SWE-bench Lite local record; F2P-only pilot,b64462c0c7dc0426b6144f207da03fb71d5e961fa778bd4617607878b402d6eb,True,eb1a3c4765948cd1d0cdc7ba2e040aa6a3671c07,exact_changed_line_match,NA,"03dd2870157490f1f8f484d9b81bfe0ac1df4917: error: patch failed: sklearn/linear_model/ridge.py:1328
error: sklearn/linear_model/ridge.py: patch does not apply
","Provider-free 30-task five-checkpoint replay frame. Rows combine the d7 feasibility frame with 30/90/180/365-day human and OrcaLoca replays. The evaluator is F2P-only and fixed-method; no survival, semantic, behavioral, adaptation, or causal estimate is promoted."
scikit-learn__scikit-learn-10297,issue_resolution,scikit-learn/scikit-learn,python,b90661d6a46aa3619d3eec94d5281f5888add501,human,NA,NA,NA,scikit-learn__scikit-learn-10297-d90,NA,NA,90,future_textual_conflict,NA,NA,NA,True,NA,NA,NA,evolution_incompatibility,83a9eab8e1539480698c0452424746031ce68248,SWE-bench Lite local record; F2P-only pilot,36db36590ab75976c976fa4aef8b12d64caf9a65f849e7147b56fb67c4e2aa09,False,eb1a3c4765948cd1d0cdc7ba2e040aa6a3671c07,exact_changed_line_match,NA,"03dd2870157490f1f8f484d9b81bfe0ac1df4917: error: patch failed: sklearn/linear_model/ridge.py:1328
error: sklearn/linear_model/ridge.py: patch does not apply
","Provider-free 30-task five-checkpoint replay frame. Rows combine the d7 feasibility frame with 30/90/180/365-day human and OrcaLoca replays. The evaluator is F2P-only and fixed-method; no survival, semantic, behavioral, adaptation, or causal estimate is promoted."
scikit-learn__scikit-learn-10297,issue_resolution,scikit-learn/scikit-learn,python,b90661d6a46aa3619d3eec94d5281f5888add501,OrcaLoca,NA,NA,NA,scikit-learn__scikit-learn-10297-d90,NA,NA,90,future_textual_conflict,NA,NA,NA,True,NA,NA,NA,evolution_incompatibility,83a9eab8e1539480698c0452424746031ce68248,SWE-bench Lite local record; F2P-only pilot,b64462c0c7dc0426b6144f207da03fb71d5e961fa778bd4617607878b402d6eb,True,eb1a3c4765948cd1d0cdc7ba2e040aa6a3671c07,exact_changed_line_match,NA,"03dd2870157490f1f8f484d9b81bfe0ac1df4917: error: patch failed: sklearn/linear_model/ridge.py:1328
error: sklearn/linear_model/ridge.py: patch does not apply
","Provider-free 30-task five-checkpoint replay frame. Rows combine the d7 feasibility frame with 30/90/180/365-day human and OrcaLoca replays. The evaluator is F2P-only and fixed-method; no survival, semantic, behavioral, adaptation, or causal estimate is promoted."
scikit-learn__scikit-learn-10297,issue_resolution,scikit-learn/scikit-learn,python,b90661d6a46aa3619d3eec94d5281f5888add501,human,NA,NA,NA,scikit-learn__scikit-learn-10297-d180,NA,NA,180,future_textual_conflict,NA,NA,NA,True,NA,NA,NA,evolution_incompatibility,790af8db833d868b3206db78f89fb5d96a0d8dea,SWE-bench Lite local record; F2P-only pilot,36db36590ab75976c976fa4aef8b12d64caf9a65f849e7147b56fb67c4e2aa09,False,eb1a3c4765948cd1d0cdc7ba2e040aa6a3671c07,exact_changed_line_match,NA,"03dd2870157490f1f8f484d9b81bfe0ac1df4917: error: patch failed: sklearn/linear_model/ridge.py:1328
error: sklearn/linear_model/ridge.py: patch does not apply
","Provider-free 30-task five-checkpoint replay frame. Rows combine the d7 feasibility frame with 30/90/180/365-day human and OrcaLoca replays. The evaluator is F2P-only and fixed-method; no survival, semantic, behavioral, adaptation, or causal estimate is promoted."
scikit-learn__scikit-learn-10297,issue_resolution,scikit-learn/scikit-learn,python,b90661d6a46aa3619d3eec94d5281f5888add501,OrcaLoca,NA,NA,NA,scikit-learn__scikit-learn-10297-d180,NA,NA,180,future_textual_conflict,NA,NA,NA,True,NA,NA,NA,evolution_incompatibility,790af8db833d868b3206db78f89fb5d96a0d8dea,SWE-bench Lite local record; F2P-only pilot,b64462c0c7dc0426b6144f207da03fb71d5e961fa778bd4617607878b402d6eb,True,eb1a3c4765948cd1d0cdc7ba2e040aa6a3671c07,exact_changed_line_match,NA,"03dd2870157490f1f8f484d9b81bfe0ac1df4917: error: patch failed: sklearn/linear_model/ridge.py:1328
error: sklearn/linear_model/ridge.py: patch does not apply
","Provider-free 30-task five-checkpoint replay frame. Rows combine the d7 feasibility frame with 30/90/180/365-day human and OrcaLoca replays. The evaluator is F2P-only and fixed-method; no survival, semantic, behavioral, adaptation, or causal estimate is promoted."
scikit-learn__scikit-learn-10297,issue_resolution,scikit-learn/scikit-learn,python,b90661d6a46aa3619d3eec94d5281f5888add501,human,NA,NA,NA,scikit-learn__scikit-learn-10297-d365,NA,NA,365,future_textual_conflict,NA,NA,NA,True,NA,NA,NA,evolution_incompatibility,0a1ee74a14ed8fe94bb0c7c10c9e3d99db9cd2b8,SWE-bench Lite local record; F2P-only pilot,36db36590ab75976c976fa4aef8b12d64caf9a65f849e7147b56fb67c4e2aa09,False,eb1a3c4765948cd1d0cdc7ba2e040aa6a3671c07,exact_changed_line_match,NA,"03dd2870157490f1f8f484d9b81bfe0ac1df4917: error: patch failed: sklearn/linear_model/ridge.py:1328
error: sklearn/linear_model/ridge.py: patch does not apply
","Provider-free 30-task five-checkpoint replay frame. Rows combine the d7 feasibility frame with 30/90/180/365-day human and OrcaLoca replays. The evaluator is F2P-only and fixed-method; no survival, semantic, behavioral, adaptation, or causal estimate is promoted."
scikit-learn__scikit-learn-10297,issue_resolution,scikit-learn/scikit-learn,python,b90661d6a46aa3619d3eec94d5281f5888add501,OrcaLoca,NA,NA,NA,scikit-learn__scikit-learn-10297-d365,NA,NA,365,future_textual_conflict,NA,NA,NA,True,NA,NA,NA,evolution_incompatibility,0a1ee74a14ed8fe94bb0c7c10c9e3d99db9cd2b8,SWE-bench Lite local record; F2P-only pilot,b64462c0c7dc0426b6144f207da03fb71d5e961fa778bd4617607878b402d6eb,True,eb1a3c4765948cd1d0cdc7ba2e040aa6a3671c07,exact_changed_line_match,NA,"03dd2870157490f1f8f484d9b81bfe0ac1df4917: error: patch failed: sklearn/linear_model/ridge.py:1328
error: sklearn/linear_model/ridge.py: patch does not apply
","Provider-free 30-task five-checkpoint replay frame. Rows combine the d7 feasibility frame with 30/90/180/365-day human and OrcaLoca replays. The evaluator is F2P-only and fixed-method; no survival, semantic, behavioral, adaptation, or causal estimate is promoted."
scikit-learn__scikit-learn-10508,issue_resolution,scikit-learn/scikit-learn,python,c753b77ac49e72ebc0fe5e3c2369fe628f975017,human,NA,NA,NA,scikit-learn__scikit-learn-10508-d30,NA,NA,30,future_textual_conflict,NA,NA,NA,True,NA,NA,NA,evolution_incompatibility,ff5aac0c9e5555f52165ccfbf489e6592a58cf9c,SWE-bench Lite local record; F2P-only pilot,7664039eb8b692bddab2bcf1ad5e20b59cd319827a8b2b792818b0769d5d6065,False,87d96a2c2af9e02f3ff34221e7b98904e4216c60,exact_changed_line_match,NA,"6bd1cf594b05fdf16f827077e719a4ab0c0bd7ab: error: patch failed: doc/whats_new/v0.20.rst:311
error: doc/whats_new/v0.20.rst: patch does not apply
","Provider-free 30-task five-checkpoint replay frame. Rows combine the d7 feasibility frame with 30/90/180/365-day human and OrcaLoca replays. The evaluator is F2P-only and fixed-method; no survival, semantic, behavioral, adaptation, or causal estimate is promoted."
scikit-learn__scikit-learn-10508,issue_resolution,scikit-learn/scikit-learn,python,c753b77ac49e72ebc0fe5e3c2369fe628f975017,OrcaLoca,NA,NA,NA,scikit-learn__scikit-learn-10508-d30,NA,NA,30,future_textual_conflict,NA,NA,NA,True,NA,NA,NA,evolution_incompatibility,ff5aac0c9e5555f52165ccfbf489e6592a58cf9c,SWE-bench Lite local record; F2P-only pilot,af823916c3c9ab835f49621c8abf08fe2c1eec078d394b64756c7fb198c3c985,True,87d96a2c2af9e02f3ff34221e7b98904e4216c60,exact_changed_line_match,NA,"6bd1cf594b05fdf16f827077e719a4ab0c0bd7ab: error: patch failed: doc/whats_new/v0.20.rst:311
error: doc/whats_new/v0.20.rst: patch does not apply
","Provider-free 30-task five-checkpoint replay frame. Rows combine the d7 feasibility frame with 30/90/180/365-day human and OrcaLoca replays. The evaluator is F2P-only and fixed-method; no survival, semantic, behavioral, adaptation, or causal estimate is promoted."
scikit-learn__scikit-learn-10508,issue_resolution,scikit-learn/scikit-learn,python,c753b77ac49e72ebc0fe5e3c2369fe628f975017,human,NA,NA,NA,scikit-learn__scikit-learn-10508-d90,NA,NA,90,future_textual_conflict,NA,NA,NA,True,NA,NA,NA,evolution_incompatibility,e070611bdb4884c222b40e4f59b65e8c6ca35380,SWE-bench Lite local record; F2P-only pilot,7664039eb8b692bddab2bcf1ad5e20b59cd319827a8b2b792818b0769d5d6065,False,87d96a2c2af9e02f3ff34221e7b98904e4216c60,exact_changed_line_match,NA,"6bd1cf594b05fdf16f827077e719a4ab0c0bd7ab: error: patch failed: doc/whats_new/v0.20.rst:311
error: doc/whats_new/v0.20.rst: patch does not apply
","Provider-free 30-task five-checkpoint replay frame. Rows combine the d7 feasibility frame with 30/90/180/365-day human and OrcaLoca replays. The evaluator is F2P-only and fixed-method; no survival, semantic, behavioral, adaptation, or causal estimate is promoted."
scikit-learn__scikit-learn-10508,issue_resolution,scikit-learn/scikit-learn,python,c753b77ac49e72ebc0fe5e3c2369fe628f975017,OrcaLoca,NA,NA,NA,scikit-learn__scikit-learn-10508-d90,NA,NA,90,future_textual_conflict,NA,NA,NA,True,NA,NA,NA,evolution_incompatibility,e070611bdb4884c222b40e4f59b65e8c6ca35380,SWE-bench Lite local record; F2P-only pilot,af823916c3c9ab835f49621c8abf08fe2c1eec078d394b64756c7fb198c3c985,True,87d96a2c2af9e02f3ff34221e7b98904e4216c60,exact_changed_line_match,NA,"6bd1cf594b05fdf16f827077e719a4ab0c0bd7ab: error: patch failed: doc/whats_new/v0.20.rst:311
error: doc/whats_new/v0.20.rst: patch does not apply
","Provider-free 30-task five-checkpoint replay frame. Rows combine the d7 feasibility frame with 30/90/180/365-day human and OrcaLoca replays. The evaluator is F2P-only and fixed-method; no survival, semantic, behavioral, adaptation, or causal estimate is promoted."
scikit-learn__scikit-learn-10508,issue_resolution,scikit-learn/scikit-learn,python,c753b77ac49e72ebc0fe5e3c2369fe628f975017,human,NA,NA,NA,scikit-learn__scikit-learn-10508-d180,NA,NA,180,future_textual_conflict,NA,NA,NA,True,NA,NA,NA,evolution_incompatibility,4fd7332b19a9d3227315a2582b9676ef65d0bd75,SWE-bench Lite local record; F2P-only pilot,7664039eb8b692bddab2bcf1ad5e20b59cd319827a8b2b792818b0769d5d6065,False,87d96a2c2af9e02f3ff34221e7b98904e4216c60,exact_changed_line_match,NA,"6bd1cf594b05fdf16f827077e719a4ab0c0bd7ab: error: patch failed: doc/whats_new/v0.20.rst:311
error: doc/whats_new/v0.20.rst: patch does not apply
","Provider-free 30-task five-checkpoint replay frame. Rows combine the d7 feasibility frame with 30/90/180/365-day human and OrcaLoca replays. The evaluator is F2P-only and fixed-method; no survival, semantic, behavioral, adaptation, or causal estimate is promoted."
scikit-learn__scikit-learn-10508,issue_resolution,scikit-learn/scikit-learn,python,c753b77ac49e72ebc0fe5e3c2369fe628f975017,OrcaLoca,NA,NA,NA,scikit-learn__scikit-learn-10508-d180,NA,NA,180,future_textual_conflict,NA,NA,NA,True,NA,NA,NA,evolution_incompatibility,4fd7332b19a9d3227315a2582b9676ef65d0bd75,SWE-bench Lite local record; F2P-only pilot,af823916c3c9ab835f49621c8abf08fe2c1eec078d394b64756c7fb198c3c985,True,87d96a2c2af9e02f3ff34221e7b98904e4216c60,exact_changed_line_match,NA,"6bd1cf594b05fdf16f827077e719a4ab0c0bd7ab: error: patch failed: doc/whats_new/v0.20.rst:311
error: doc/whats_new/v0.20.rst: patch does not apply
","Provider-free 30-task five-checkpoint replay frame. Rows combine the d7 feasibility frame with 30/90/180/365-day human and OrcaLoca replays. The evaluator is F2P-only and fixed-method; no survival, semantic, behavioral, adaptation, or causal estimate is promoted."
scikit-learn__scikit-learn-10508,issue_resolution,scikit-learn/scikit-learn,python,c753b77ac49e72ebc0fe5e3c2369fe628f975017,human,NA,NA,NA,scikit-learn__scikit-learn-10508-d365,NA,NA,365,future_textual_conflict,NA,NA,NA,True,NA,NA,NA,evolution_incompatibility,db17f3e2221fb6cec256d2d3501e259c5d5db934,SWE-bench Lite local record; F2P-only pilot,7664039eb8b692bddab2bcf1ad5e20b59cd319827a8b2b792818b0769d5d6065,False,87d96a2c2af9e02f3ff34221e7b98904e4216c60,exact_changed_line_match,NA,"6bd1cf594b05fdf16f827077e719a4ab0c0bd7ab: error: patch failed: doc/whats_new/v0.20.rst:311
error: doc/whats_new/v0.20.rst: patch does not apply
","Provider-free 30-task five-checkpoint replay frame. Rows combine the d7 feasibility frame with 30/90/180/365-day human and OrcaLoca replays. The evaluator is F2P-only and fixed-method; no survival, semantic, behavioral, adaptation, or causal estimate is promoted."
scikit-learn__scikit-learn-10508,issue_resolution,scikit-learn/scikit-learn,python,c753b77ac49e72ebc0fe5e3c2369fe628f975017,OrcaLoca,NA,NA,NA,scikit-learn__scikit-learn-10508-d365,NA,NA,365,future_textual_conflict,NA,NA,NA,True,NA,NA,NA,evolution_incompatibility,db17f3e2221fb6cec256d2d3501e259c5d5db934,SWE-bench Lite local record; F2P-only pilot,af823916c3c9ab835f49621c8abf08fe2c1eec078d394b64756c7fb198c3c985,True,87d96a2c2af9e02f3ff34221e7b98904e4216c60,exact_changed_line_match,NA,"6bd1cf594b05fdf16f827077e719a4ab0c0bd7ab: error: patch failed: doc/whats_new/v0.20.rst:311
error: doc/whats_new/v0.20.rst: patch does not apply
","Provider-free 30-task five-checkpoint replay frame. Rows combine the d7 feasibility frame with 30/90/180/365-day human and OrcaLoca replays. The evaluator is F2P-only and fixed-method; no survival, semantic, behavioral, adaptation, or causal estimate is promoted."
scikit-learn__scikit-learn-10949,issue_resolution,scikit-learn/scikit-learn,python,3b5abf76597ce6aff76192869f92647c1b5259e7,human,NA,NA,NA,scikit-learn__scikit-learn-10949-d30,NA,NA,30,checkpoint_replay_completed,True,0.0,NA,NA,NA,NA,NA,build_or_future_test_failure,e3984fb3828bc0575895512ad47e85ecc9521fd9,SWE-bench Lite local record; F2P-only pilot,aa168cdbc5873f2b6658f12c884eacb82802b44ab74259f7266aa5d9d8f8f913,False,42e6d4e199b9e8a04f875b11405dbfa5ca39b38a,exact_changed_line_match,"future repository FAIL_TO_PASS node IDs only; no test patch injection, PASS_TO_PASS, augmented, or behavioral check","{""build"": {""returncode"": 0, ""timed_out"": false, ""duration_seconds"": 24.29, ""stdout_sha256"": ""e3b0c44298fc1c149afbf4c8996fb92427ae41e4649b934ca495991b7852b855"", ""stderr_sha256"": ""6b2cb268de786dfdb90dd7bba947de22eab52691b1e2d306077cfc472dc41335"", ""stdout_head"": """", ""stderr_head"": "".\\benchmarks\\bench_plot_randomized_svd.py:242: SyntaxWarning: \""is not\"" with 'str' literal. Did you mean \""!=\""?\r\n  if method is not 'fbpca':\r\n.\\examples\\applications\\svm_gui.py:171: SyntaxWarning: invalid escape sequence '\\e'\r\n  self.ax.text(-20, -60, \""RBF: $\\exp (-\\gamma \\| u-v \\|^2)$\"")\r\n.\\examples\\applications\\svm_gui.py:172: SyntaxWarning: invalid escape sequence '\\g'\r\n  self.ax.text(10, -60, \""Poly: $(\\gamma \\, u^T v + r)^d$\"")\r\n.\\examples\\decomposition\\plot_kernel_pca.py:67: SyntaxWarning: invalid escape sequence '\\p'\r\n  plt.xlabel(\""1st principal component in space induced by $\\phi$\"")\r\n.\\examples\\ensemble\\plot_adaboost_multiclass.py:11: SyntaxWarning: invalid escape sequence '\\c'\r\n  of the :math:`\\chi^2` distribution).\r\n.\\examples\\ensemble\\plot_bias_variance.py:164: SyntaxWarning: invalid escape sequence '\\^'\r\n  plt.plot(X_test, y_predict[:, i], \""r\"", label=\""$\\^y(x)$\"")\r\n.\\examples\\ensemble\\plot_bias_variance.py:169: SyntaxWarning: invalid escape sequence '\\m'\r\n  label=\""$\\mathbb{E}_{LS} \\^y(x)$\"")\r\n.\\examples\\ensemble\\plot_gradient_boosting_quantile.py:67: SyntaxWarning: invalid escape sequence '\\,'\r\n  plt.plot(xx, f(xx), 'g:', label=u'$f(x) = x\\,\\sin(x)$')\r\n.\\examples\\gaussian_process\\plot_gpc_isoprobability.py:81: SyntaxWarning: invalid escape sequence '\\m'\r\n  cb.set_label('${\\\\rm \\mathbb{P}}\\left[\\widehat{G}(\\mathbf{x}) \\leq 0\\\\right]$')\r\n.\\examples\\gaussian_process\\plot_gpr_noisy_targets.py:65: SyntaxWarning: invalid escape sequence '\\,'\r\n  plt.plot(x, f(x), 'r:', label=u'$f(x) = x\\,\\sin(x)$')\r\n.\\examples\\gaussian_process\\plot_gpr_noisy_targets.py:101: SyntaxWarning: invalid escape sequence '\\,'\r\n  plt.plot(x, f(x), 'r:', label=u'$f(x) = x\\,\\sin(x)$')\r\n.\\examples\\model_selection\\plot_learning_curve.py:119: SyntaxWarning: invalid escape sequence '\\g'\r\n  title = \""Learning Curves (SVM, RBF kernel, $\\gamma=0.001$)\""\r\n.\\examples\\model_selection\\plot_validation_curve.py:36: SyntaxWarning: invalid escape sequence '\\g'\r\n  plt.xlabel(\""$\\gamma$\"")\r\n.\\examples\\preprocessing\\plot_map_data_to_normal.py:130: SyntaxWarning: invalid escape sequence '\\l'\r\n  title += '\\n$\\lambda$ = {}'.format(lmbda)\r\n.\\examples\\svm\\plot_svm_scale_c.py:15: SyntaxWarning: invalid escape sequence '\\s'\r\n  C \\sum_{i=1, n} \\mathcal{L} (f(x_i), y_i) + \\Omega (w)\r\n.\\sklearn\\cluster\\tests\\test_k_means.py:888: SyntaxWarning: invalid escape sequence '\\('\r\n  msg = \""The shape of the initial centers \\(\\(4L?, 4L?\\)\\) \"" \\\r\n.\\sklearn\\cluster\\tests\\test_k_means.py:972: SyntaxWarning: invalid escape sequence "", ""stdout_tail"": """", ""stderr_tail"": ""al. Did you mean \""==\""?\r\n  if n_splits is 'warn':\r\n.\\sklearn\\model_selection\\_split.py:496: SyntaxWarning: \""is\"" with 'str' literal. Did you mean \""==\""?\r\n  if n_splits is 'warn':\r\n.\\sklearn\\model_selection\\_split.py:597: SyntaxWarning: \""is\"" with 'str' literal. Did you mean \""==\""?\r\n  if n_splits is 'warn':\r\n.\\sklearn\\model_selection\\_split.py:751: SyntaxWarning: \""is\"" with 'str' literal. Did you mean \""==\""?\r\n  if n_splits is 'warn':\r\n.\\sklearn\\model_selection\\_split.py:1942: SyntaxWarning: \""is\"" with 'str' literal. Did you mean \""==\""?\r\n  if cv is 'warn':\r\n.\\sklearn\\model_selection\\tests\\test_search.py:886: SyntaxWarning: \""is not\"" with 'str' literal. Did you mean \""!=\""?\r\n  if k is not 'rank_test_score')\r\n.\\sklearn\\model_selection\\tests\\test_search.py:889: SyntaxWarning: \""is not\"" with 'str' literal. Did you mean \""!=\""?\r\n  k is not 'rank_test_score')\r\n.\\sklearn\\model_selection\\tests\\test_validation.py:1373: SyntaxWarning: \""is\"" with 'str' literal. Did you mean \""==\""?\r\n  if method is 'predict_proba':\r\n""}, ""future_test"": {""returncode"": 4, ""timed_out"": false, ""duration_seconds"": 6.338, ""stdout_sha256"": ""da7367716c2280ce5e9ee888e6f204b05c925a81bdc1416d79a4d818b3df7919"", ""stderr_sha256"": ""82dcba216e649a57cc01e70a90e3a61ffe7b3f211557a93d110e4b8cd2301f37"", ""stdout_head"": ""\r\n=================================== ERRORS ====================================\r\n___________ ERROR collecting sklearn/utils/tests/test_validation.py ___________\r\nImportError while importing test module '[LOCAL_DRIVE]/lossoracc\\analysis_outputs\\work2_30_task_multicheckpoint_replay_20260901_isolated\\scratch\\task_wvyf76wo\\branch_human\\sklearn\\utils\\tests\\test_validation.py'.\r\nHint: make sure your test modules/packages have valid Python names.\r\nTraceback:\r\nsklearn\\__check_build\\__init__.py:44: in <module>\r\n    from ._check_build import check_build  # noqa\r\n    ^^^^^^^^^^^^^^^^^^^^^^^^^^^^^^^^^^^^^\r\nE   ModuleNotFoundError: No module named 'sklearn.__check_build._check_build'\r\n\r\nDuring handling of the above exception, another exception occurred:\r\nD:\\python13\\Lib\\importlib\\__init__.py:88: in import_module\r\n    return _bootstrap._gcd_import(name[level:], package, level)\r\n           ^^^^^^^^^^^^^^^^^^^^^^^^^^^^^^^^^^^^^^^^^^^^^^^^^^^^\r\nsklearn\\__init__.py:63: in <module>\r\n    from . import __check_build\r\nsklearn\\__check_build\\__init__.py:46: in <module>\r\n    raise_build_error(e)\r\nsklearn\\__check_build\\__init__.py:31: in raise_build_error\r\n    raise ImportError(\""\""\""%s\r\nE   ImportError: No module named 'sklearn.__check_build._check_build'\r\nE   ___________________________________________________________________________\r\nE   Contents of [LOCAL_DRIVE]/lossoracc\\analysis_outputs\\work2_30_task_multicheckpoint_replay_20260901_isolated\\scratch\\task_wvyf76wo\\branch_human\\sklearn\\__check_build:\r\nE   setup.py                  _check_build.pyx          __init__.py\r\nE   __pycache__\r\nE   ___________________________________________________________________________\r\nE   It seems that scikit-learn has not been built correctly.\r\nE   \r\nE   If you have installed scikit-learn from source, please do not forget\r\nE   to build the package before using it: run `python setup.py install` or\r\nE   `make` in the source directory.\r\nE   \r\nE   If you have used an installer, please check that it is suited for your\r\nE   Python version, your operating system and your platform.\r\n=========================== short test summary info ===========================\r\nERROR sklearn/utils/tests/test_validation.py\r\n1 error in 1.33s\r\n"", ""stderr_head"": ""ERROR: found no collectors for [LOCAL_DRIVE]/lossoracc\\analysis_outputs\\work2_30_task_multicheckpoint_replay_20260901_isolated\\scratch\\task_wvyf76wo\\branch_human\\sklearn\\utils\\tests\\test_validation.py::test_check_dataframe_warns_on_dtype\r\n\r\n"", ""stdout_tail"": ""ule named 'sklearn.__check_build._check_build'\r\nE   ___________________________________________________________________________\r\nE   Contents of [LOCAL_DRIVE]/lossoracc\\analysis_outputs\\work2_30_task_multicheckpoint_replay_20260901_isolated\\scratch\\task_wvyf76wo\\branch_human\\sklearn\\__check_build:\r\nE   setup.py                  _check_build.pyx          __init__.py\r\nE   __pycache__\r\nE   ___________________________________________________________________________\r\nE   It seems that scikit-learn has not been built correctly.\r\nE   \r\nE   If you have installed scikit-learn from source, please do not forget\r\nE   to build the package before using it: run `python setup.py install` or\r\nE   `make` in the source directory.\r\nE   \r\nE   If you have used an installer, please check that it is suited for your\r\nE   Python version, your operating system and your platform.\r\n=========================== short test summary info ===========================\r\nERROR sklearn/utils/tests/test_validation.py\r\n1 error in 1.33s\r\n"", ""stderr_tail"": ""ERROR: found no collectors for [LOCAL_DRIVE]/lossoracc\\analysis_outputs\\work2_30_task_multicheckpoint_replay_20260901_isolated\\scratch\\task_wvyf76wo\\branch_human\\sklearn\\utils\\tests\\test_validation.py::test_check_dataframe_warns_on_dtype\r\n\r\n""}}","Provider-free 30-task five-checkpoint replay frame. Rows combine the d7 feasibility frame with 30/90/180/365-day human and OrcaLoca replays. The evaluator is F2P-only and fixed-method; no survival, semantic, behavioral, adaptation, or causal estimate is promoted."
scikit-learn__scikit-learn-10949,issue_resolution,scikit-learn/scikit-learn,python,3b5abf76597ce6aff76192869f92647c1b5259e7,OrcaLoca,NA,NA,NA,scikit-learn__scikit-learn-10949-d30,NA,NA,30,checkpoint_replay_completed,True,0.0,NA,NA,NA,NA,NA,build_or_future_test_failure,e3984fb3828bc0575895512ad47e85ecc9521fd9,SWE-bench Lite local record; F2P-only pilot,ca51a864ffdeba86771a9642e58e03ac00a5de2b261af42305073a6643ffc046,True,42e6d4e199b9e8a04f875b11405dbfa5ca39b38a,exact_changed_line_match,"future repository FAIL_TO_PASS node IDs only; no test patch injection, PASS_TO_PASS, augmented, or behavioral check","{""build"": {""returncode"": 0, ""timed_out"": false, ""duration_seconds"": 34.977, ""stdout_sha256"": ""e3b0c44298fc1c149afbf4c8996fb92427ae41e4649b934ca495991b7852b855"", ""stderr_sha256"": ""6b2cb268de786dfdb90dd7bba947de22eab52691b1e2d306077cfc472dc41335"", ""stdout_head"": """", ""stderr_head"": "".\\benchmarks\\bench_plot_randomized_svd.py:242: SyntaxWarning: \""is not\"" with 'str' literal. Did you mean \""!=\""?\r\n  if method is not 'fbpca':\r\n.\\examples\\applications\\svm_gui.py:171: SyntaxWarning: invalid escape sequence '\\e'\r\n  self.ax.text(-20, -60, \""RBF: $\\exp (-\\gamma \\| u-v \\|^2)$\"")\r\n.\\examples\\applications\\svm_gui.py:172: SyntaxWarning: invalid escape sequence '\\g'\r\n  self.ax.text(10, -60, \""Poly: $(\\gamma \\, u^T v + r)^d$\"")\r\n.\\examples\\decomposition\\plot_kernel_pca.py:67: SyntaxWarning: invalid escape sequence '\\p'\r\n  plt.xlabel(\""1st principal component in space induced by $\\phi$\"")\r\n.\\examples\\ensemble\\plot_adaboost_multiclass.py:11: SyntaxWarning: invalid escape sequence '\\c'\r\n  of the :math:`\\chi^2` distribution).\r\n.\\examples\\ensemble\\plot_bias_variance.py:164: SyntaxWarning: invalid escape sequence '\\^'\r\n  plt.plot(X_test, y_predict[:, i], \""r\"", label=\""$\\^y(x)$\"")\r\n.\\examples\\ensemble\\plot_bias_variance.py:169: SyntaxWarning: invalid escape sequence '\\m'\r\n  label=\""$\\mathbb{E}_{LS} \\^y(x)$\"")\r\n.\\examples\\ensemble\\plot_gradient_boosting_quantile.py:67: SyntaxWarning: invalid escape sequence '\\,'\r\n  plt.plot(xx, f(xx), 'g:', label=u'$f(x) = x\\,\\sin(x)$')\r\n.\\examples\\gaussian_process\\plot_gpc_isoprobability.py:81: SyntaxWarning: invalid escape sequence '\\m'\r\n  cb.set_label('${\\\\rm \\mathbb{P}}\\left[\\widehat{G}(\\mathbf{x}) \\leq 0\\\\right]$')\r\n.\\examples\\gaussian_process\\plot_gpr_noisy_targets.py:65: SyntaxWarning: invalid escape sequence '\\,'\r\n  plt.plot(x, f(x), 'r:', label=u'$f(x) = x\\,\\sin(x)$')\r\n.\\examples\\gaussian_process\\plot_gpr_noisy_targets.py:101: SyntaxWarning: invalid escape sequence '\\,'\r\n  plt.plot(x, f(x), 'r:', label=u'$f(x) = x\\,\\sin(x)$')\r\n.\\examples\\model_selection\\plot_learning_curve.py:119: SyntaxWarning: invalid escape sequence '\\g'\r\n  title = \""Learning Curves (SVM, RBF kernel, $\\gamma=0.001$)\""\r\n.\\examples\\model_selection\\plot_validation_curve.py:36: SyntaxWarning: invalid escape sequence '\\g'\r\n  plt.xlabel(\""$\\gamma$\"")\r\n.\\examples\\preprocessing\\plot_map_data_to_normal.py:130: SyntaxWarning: invalid escape sequence '\\l'\r\n  title += '\\n$\\lambda$ = {}'.format(lmbda)\r\n.\\examples\\svm\\plot_svm_scale_c.py:15: SyntaxWarning: invalid escape sequence '\\s'\r\n  C \\sum_{i=1, n} \\mathcal{L} (f(x_i), y_i) + \\Omega (w)\r\n.\\sklearn\\cluster\\tests\\test_k_means.py:888: SyntaxWarning: invalid escape sequence '\\('\r\n  msg = \""The shape of the initial centers \\(\\(4L?, 4L?\\)\\) \"" \\\r\n.\\sklearn\\cluster\\tests\\test_k_means.py:972: SyntaxWarning: invalid escape sequence "", ""stdout_tail"": """", ""stderr_tail"": ""al. Did you mean \""==\""?\r\n  if n_splits is 'warn':\r\n.\\sklearn\\model_selection\\_split.py:496: SyntaxWarning: \""is\"" with 'str' literal. Did you mean \""==\""?\r\n  if n_splits is 'warn':\r\n.\\sklearn\\model_selection\\_split.py:597: SyntaxWarning: \""is\"" with 'str' literal. Did you mean \""==\""?\r\n  if n_splits is 'warn':\r\n.\\sklearn\\model_selection\\_split.py:751: SyntaxWarning: \""is\"" with 'str' literal. Did you mean \""==\""?\r\n  if n_splits is 'warn':\r\n.\\sklearn\\model_selection\\_split.py:1942: SyntaxWarning: \""is\"" with 'str' literal. Did you mean \""==\""?\r\n  if cv is 'warn':\r\n.\\sklearn\\model_selection\\tests\\test_search.py:886: SyntaxWarning: \""is not\"" with 'str' literal. Did you mean \""!=\""?\r\n  if k is not 'rank_test_score')\r\n.\\sklearn\\model_selection\\tests\\test_search.py:889: SyntaxWarning: \""is not\"" with 'str' literal. Did you mean \""!=\""?\r\n  k is not 'rank_test_score')\r\n.\\sklearn\\model_selection\\tests\\test_validation.py:1373: SyntaxWarning: \""is\"" with 'str' literal. Did you mean \""==\""?\r\n  if method is 'predict_proba':\r\n""}, ""future_test"": {""returncode"": 4, ""timed_out"": false, ""duration_seconds"": 7.175, ""stdout_sha256"": ""633ae41ac25459cd73dc06d78d797379ec958554947403e58d69fb6af6a80e12"", ""stderr_sha256"": ""a5fc9206094ea455b28d9edc24fb674565d4ea49b472146538ed3b719efc8424"", ""stdout_head"": ""\r\n=================================== ERRORS ====================================\r\n___________ ERROR collecting sklearn/utils/tests/test_validation.py ___________\r\nImportError while importing test module '[LOCAL_DRIVE]/lossoracc\\analysis_outputs\\work2_30_task_multicheckpoint_replay_20260901_isolated\\scratch\\task_wvyf76wo\\branch_OrcaLoca\\sklearn\\utils\\tests\\test_validation.py'.\r\nHint: make sure your test modules/packages have valid Python names.\r\nTraceback:\r\nsklearn\\__check_build\\__init__.py:44: in <module>\r\n    from ._check_build import check_build  # noqa\r\n    ^^^^^^^^^^^^^^^^^^^^^^^^^^^^^^^^^^^^^\r\nE   ModuleNotFoundError: No module named 'sklearn.__check_build._check_build'\r\n\r\nDuring handling of the above exception, another exception occurred:\r\nD:\\python13\\Lib\\importlib\\__init__.py:88: in import_module\r\n    return _bootstrap._gcd_import(name[level:], package, level)\r\n           ^^^^^^^^^^^^^^^^^^^^^^^^^^^^^^^^^^^^^^^^^^^^^^^^^^^^\r\nsklearn\\__init__.py:63: in <module>\r\n    from . import __check_build\r\nsklearn\\__check_build\\__init__.py:46: in <module>\r\n    raise_build_error(e)\r\nsklearn\\__check_build\\__init__.py:31: in raise_build_error\r\n    raise ImportError(\""\""\""%s\r\nE   ImportError: No module named 'sklearn.__check_build._check_build'\r\nE   ___________________________________________________________________________\r\nE   Contents of [LOCAL_DRIVE]/lossoracc\\analysis_outputs\\work2_30_task_multicheckpoint_replay_20260901_isolated\\scratch\\task_wvyf76wo\\branch_OrcaLoca\\sklearn\\__check_build:\r\nE   setup.py                  _check_build.pyx          __init__.py\r\nE   __pycache__\r\nE   ___________________________________________________________________________\r\nE   It seems that scikit-learn has not been built correctly.\r\nE   \r\nE   If you have installed scikit-learn from source, please do not forget\r\nE   to build the package before using it: run `python setup.py install` or\r\nE   `make` in the source directory.\r\nE   \r\nE   If you have used an installer, please check that it is suited for your\r\nE   Python version, your operating system and your platform.\r\n=========================== short test summary info ===========================\r\nERROR sklearn/utils/tests/test_validation.py\r\n1 error in 0.43s\r\n"", ""stderr_head"": ""ERROR: found no collectors for [LOCAL_DRIVE]/lossoracc\\analysis_outputs\\work2_30_task_multicheckpoint_replay_20260901_isolated\\scratch\\task_wvyf76wo\\branch_OrcaLoca\\sklearn\\utils\\tests\\test_validation.py::test_check_dataframe_warns_on_dtype\r\n\r\n"", ""stdout_tail"": "" named 'sklearn.__check_build._check_build'\r\nE   ___________________________________________________________________________\r\nE   Contents of [LOCAL_DRIVE]/lossoracc\\analysis_outputs\\work2_30_task_multicheckpoint_replay_20260901_isolated\\scratch\\task_wvyf76wo\\branch_OrcaLoca\\sklearn\\__check_build:\r\nE   setup.py                  _check_build.pyx          __init__.py\r\nE   __pycache__\r\nE   ___________________________________________________________________________\r\nE   It seems that scikit-learn has not been built correctly.\r\nE   \r\nE   If you have installed scikit-learn from source, please do not forget\r\nE   to build the package before using it: run `python setup.py install` or\r\nE   `make` in the source directory.\r\nE   \r\nE   If you have used an installer, please check that it is suited for your\r\nE   Python version, your operating system and your platform.\r\n=========================== short test summary info ===========================\r\nERROR sklearn/utils/tests/test_validation.py\r\n1 error in 0.43s\r\n"", ""stderr_tail"": ""ERROR: found no collectors for [LOCAL_DRIVE]/lossoracc\\analysis_outputs\\work2_30_task_multicheckpoint_replay_20260901_isolated\\scratch\\task_wvyf76wo\\branch_OrcaLoca\\sklearn\\utils\\tests\\test_validation.py::test_check_dataframe_warns_on_dtype\r\n\r\n""}}","Provider-free 30-task five-checkpoint replay frame. Rows combine the d7 feasibility frame with 30/90/180/365-day human and OrcaLoca replays. The evaluator is F2P-only and fixed-method; no survival, semantic, behavioral, adaptation, or causal estimate is promoted."
scikit-learn__scikit-learn-10949,issue_resolution,scikit-learn/scikit-learn,python,3b5abf76597ce6aff76192869f92647c1b5259e7,human,NA,NA,NA,scikit-learn__scikit-learn-10949-d90,NA,NA,90,checkpoint_replay_completed,True,0.0,NA,NA,NA,NA,NA,build_or_future_test_failure,2d6603448a9d98212caaec9595b9b39067df54be,SWE-bench Lite local record; F2P-only pilot,aa168cdbc5873f2b6658f12c884eacb82802b44ab74259f7266aa5d9d8f8f913,False,42e6d4e199b9e8a04f875b11405dbfa5ca39b38a,exact_changed_line_match,"future repository FAIL_TO_PASS node IDs only; no test patch injection, PASS_TO_PASS, augmented, or behavioral check","{""build"": {""returncode"": 0, ""timed_out"": false, ""duration_seconds"": 29.925, ""stdout_sha256"": ""e3b0c44298fc1c149afbf4c8996fb92427ae41e4649b934ca495991b7852b855"", ""stderr_sha256"": ""e5d6436ba770c23601e2e8b1cdb14533d750c0529809e6e996e8ceb91d1bd549"", ""stdout_head"": """", ""stderr_head"": "".\\benchmarks\\bench_plot_randomized_svd.py:242: SyntaxWarning: \""is not\"" with 'str' literal. Did you mean \""!=\""?\r\n  if method is not 'fbpca':\r\n.\\examples\\applications\\svm_gui.py:171: SyntaxWarning: invalid escape sequence '\\e'\r\n  self.ax.text(-20, -60, \""RBF: $\\exp (-\\gamma \\| u-v \\|^2)$\"")\r\n.\\examples\\applications\\svm_gui.py:172: SyntaxWarning: invalid escape sequence '\\g'\r\n  self.ax.text(10, -60, \""Poly: $(\\gamma \\, u^T v + r)^d$\"")\r\n.\\examples\\decomposition\\plot_kernel_pca.py:67: SyntaxWarning: invalid escape sequence '\\p'\r\n  plt.xlabel(\""1st principal component in space induced by $\\phi$\"")\r\n.\\examples\\ensemble\\plot_adaboost_multiclass.py:11: SyntaxWarning: invalid escape sequence '\\c'\r\n  of the :math:`\\chi^2` distribution).\r\n.\\examples\\ensemble\\plot_bias_variance.py:164: SyntaxWarning: invalid escape sequence '\\^'\r\n  plt.plot(X_test, y_predict[:, i], \""r\"", label=\""$\\^y(x)$\"")\r\n.\\examples\\ensemble\\plot_bias_variance.py:169: SyntaxWarning: invalid escape sequence '\\m'\r\n  label=\""$\\mathbb{E}_{LS} \\^y(x)$\"")\r\n.\\examples\\ensemble\\plot_gradient_boosting_quantile.py:67: SyntaxWarning: invalid escape sequence '\\,'\r\n  plt.plot(xx, f(xx), 'g:', label=u'$f(x) = x\\,\\sin(x)$')\r\n.\\examples\\gaussian_process\\plot_gpc_isoprobability.py:81: SyntaxWarning: invalid escape sequence '\\m'\r\n  cb.set_label('${\\\\rm \\mathbb{P}}\\left[\\widehat{G}(\\mathbf{x}) \\leq 0\\\\right]$')\r\n.\\examples\\gaussian_process\\plot_gpr_noisy_targets.py:65: SyntaxWarning: invalid escape sequence '\\,'\r\n  plt.plot(x, f(x), 'r:', label=u'$f(x) = x\\,\\sin(x)$')\r\n.\\examples\\gaussian_process\\plot_gpr_noisy_targets.py:101: SyntaxWarning: invalid escape sequence '\\,'\r\n  plt.plot(x, f(x), 'r:', label=u'$f(x) = x\\,\\sin(x)$')\r\n.\\examples\\model_selection\\plot_learning_curve.py:122: SyntaxWarning: invalid escape sequence '\\g'\r\n  title = \""Learning Curves (SVM, RBF kernel, $\\gamma=0.001$)\""\r\n.\\examples\\model_selection\\plot_validation_curve.py:36: SyntaxWarning: invalid escape sequence '\\g'\r\n  plt.xlabel(\""$\\gamma$\"")\r\n.\\examples\\preprocessing\\plot_map_data_to_normal.py:130: SyntaxWarning: invalid escape sequence '\\l'\r\n  title += '\\n$\\lambda$ = {}'.format(lmbda)\r\n.\\examples\\svm\\plot_svm_scale_c.py:15: SyntaxWarning: invalid escape sequence '\\s'\r\n  C \\sum_{i=1, n} \\mathcal{L} (f(x_i), y_i) + \\Omega (w)\r\n.\\sklearn\\datasets\\lfw.py:179: SyntaxWarning: \""is\"" with 'int' literal. Did you mean \""==\""?\r\n  if img.ndim is 0:\r\n.\\sklearn\\datasets\\openml.py:470: SyntaxWarning: \""is not\"" with 'str' literal. Did you mean \""!=\""?\r\n  if version is not \""active\"""", ""stdout_tail"": """", ""stderr_tail"": ""an \""==\""?\r\n  if n_splits is 'warn':\r\n.\\sklearn\\model_selection\\_split.py:496: SyntaxWarning: \""is\"" with 'str' literal. Did you mean \""==\""?\r\n  if n_splits is 'warn':\r\n.\\sklearn\\model_selection\\_split.py:597: SyntaxWarning: \""is\"" with 'str' literal. Did you mean \""==\""?\r\n  if n_splits is 'warn':\r\n.\\sklearn\\model_selection\\_split.py:751: SyntaxWarning: \""is\"" with 'str' literal. Did you mean \""==\""?\r\n  if n_splits is 'warn':\r\n.\\sklearn\\model_selection\\_split.py:1942: SyntaxWarning: \""is\"" with 'str' literal. Did you mean \""==\""?\r\n  if cv is None or cv is 'warn':\r\n.\\sklearn\\model_selection\\tests\\test_search.py:888: SyntaxWarning: \""is not\"" with 'str' literal. Did you mean \""!=\""?\r\n  if k is not 'rank_test_score')\r\n.\\sklearn\\model_selection\\tests\\test_search.py:891: SyntaxWarning: \""is not\"" with 'str' literal. Did you mean \""!=\""?\r\n  k is not 'rank_test_score')\r\n.\\sklearn\\model_selection\\tests\\test_validation.py:1385: SyntaxWarning: \""is\"" with 'str' literal. Did you mean \""==\""?\r\n  if method is 'predict_proba':\r\n""}, ""future_test"": {""returncode"": 4, ""timed_out"": false, ""duration_seconds"": 6.363, ""stdout_sha256"": ""e3b0c44298fc1c149afbf4c8996fb92427ae41e4649b934ca495991b7852b855"", ""stderr_sha256"": ""7f0b17c8bd986a6dc43a9dff981dcd2e2b52b36da84c2eb99c55191309c3c2af"", ""stdout_head"": """", ""stderr_head"": ""ImportError while loading conftest '[LOCAL_DRIVE]/lossoracc\\analysis_outputs\\work2_30_task_multicheckpoint_replay_20260901_isolated\\scratch\\task_lkvx2a9z\\branch_human\\conftest.py'.\r\nconftest.py:14: in <module>\r\n    from sklearn.utils.fixes import PY3_OR_LATER\r\nsklearn\\__init__.py:63: in <module>\r\n    from . import __check_build\r\nsklearn\\__check_build\\__init__.py:46: in <module>\r\n    raise_build_error(e)\r\nsklearn\\__check_build\\__init__.py:31: in raise_build_error\r\n    raise ImportError(\""\""\""%s\r\nE   ImportError: No module named 'sklearn.__check_build._check_build'\r\nE   ___________________________________________________________________________\r\nE   Contents of [LOCAL_DRIVE]/lossoracc\\analysis_outputs\\work2_30_task_multicheckpoint_replay_20260901_isolated\\scratch\\task_lkvx2a9z\\branch_human\\sklearn\\__check_build:\r\nE   setup.py                  _check_build.pyx          __init__.py\r\nE   __pycache__\r\nE   ___________________________________________________________________________\r\nE   It seems that scikit-learn has not been built correctly.\r\nE\r\nE   If you have installed scikit-learn from source, please do not forget\r\nE   to build the package before using it: run `python setup.py install` or\r\nE   `make` in the source directory.\r\nE\r\nE   If you have used an installer, please check that it is suited for your\r\nE   Python version, your operating system and your platform.\r\n"", ""stdout_tail"": """", ""stderr_tail"": ""in <module>\r\n    raise_build_error(e)\r\nsklearn\\__check_build\\__init__.py:31: in raise_build_error\r\n    raise ImportError(\""\""\""%s\r\nE   ImportError: No module named 'sklearn.__check_build._check_build'\r\nE   ___________________________________________________________________________\r\nE   Contents of [LOCAL_DRIVE]/lossoracc\\analysis_outputs\\work2_30_task_multicheckpoint_replay_20260901_isolated\\scratch\\task_lkvx2a9z\\branch_human\\sklearn\\__check_build:\r\nE   setup.py                  _check_build.pyx          __init__.py\r\nE   __pycache__\r\nE   ___________________________________________________________________________\r\nE   It seems that scikit-learn has not been built correctly.\r\nE\r\nE   If you have installed scikit-learn from source, please do not forget\r\nE   to build the package before using it: run `python setup.py install` or\r\nE   `make` in the source directory.\r\nE\r\nE   If you have used an installer, please check that it is suited for your\r\nE   Python version, your operating system and your platform.\r\n""}}","Provider-free 30-task five-checkpoint replay frame. Rows combine the d7 feasibility frame with 30/90/180/365-day human and OrcaLoca replays. The evaluator is F2P-only and fixed-method; no survival, semantic, behavioral, adaptation, or causal estimate is promoted."
scikit-learn__scikit-learn-10949,issue_resolution,scikit-learn/scikit-learn,python,3b5abf76597ce6aff76192869f92647c1b5259e7,OrcaLoca,NA,NA,NA,scikit-learn__scikit-learn-10949-d90,NA,NA,90,checkpoint_replay_completed,True,0.0,NA,NA,NA,NA,NA,build_or_future_test_failure,2d6603448a9d98212caaec9595b9b39067df54be,SWE-bench Lite local record; F2P-only pilot,ca51a864ffdeba86771a9642e58e03ac00a5de2b261af42305073a6643ffc046,True,42e6d4e199b9e8a04f875b11405dbfa5ca39b38a,exact_changed_line_match,"future repository FAIL_TO_PASS node IDs only; no test patch injection, PASS_TO_PASS, augmented, or behavioral check","{""build"": {""returncode"": 0, ""timed_out"": false, ""duration_seconds"": 40.273, ""stdout_sha256"": ""e3b0c44298fc1c149afbf4c8996fb92427ae41e4649b934ca495991b7852b855"", ""stderr_sha256"": ""e5d6436ba770c23601e2e8b1cdb14533d750c0529809e6e996e8ceb91d1bd549"", ""stdout_head"": """", ""stderr_head"": "".\\benchmarks\\bench_plot_randomized_svd.py:242: SyntaxWarning: \""is not\"" with 'str' literal. Did you mean \""!=\""?\r\n  if method is not 'fbpca':\r\n.\\examples\\applications\\svm_gui.py:171: SyntaxWarning: invalid escape sequence '\\e'\r\n  self.ax.text(-20, -60, \""RBF: $\\exp (-\\gamma \\| u-v \\|^2)$\"")\r\n.\\examples\\applications\\svm_gui.py:172: SyntaxWarning: invalid escape sequence '\\g'\r\n  self.ax.text(10, -60, \""Poly: $(\\gamma \\, u^T v + r)^d$\"")\r\n.\\examples\\decomposition\\plot_kernel_pca.py:67: SyntaxWarning: invalid escape sequence '\\p'\r\n  plt.xlabel(\""1st principal component in space induced by $\\phi$\"")\r\n.\\examples\\ensemble\\plot_adaboost_multiclass.py:11: SyntaxWarning: invalid escape sequence '\\c'\r\n  of the :math:`\\chi^2` distribution).\r\n.\\examples\\ensemble\\plot_bias_variance.py:164: SyntaxWarning: invalid escape sequence '\\^'\r\n  plt.plot(X_test, y_predict[:, i], \""r\"", label=\""$\\^y(x)$\"")\r\n.\\examples\\ensemble\\plot_bias_variance.py:169: SyntaxWarning: invalid escape sequence '\\m'\r\n  label=\""$\\mathbb{E}_{LS} \\^y(x)$\"")\r\n.\\examples\\ensemble\\plot_gradient_boosting_quantile.py:67: SyntaxWarning: invalid escape sequence '\\,'\r\n  plt.plot(xx, f(xx), 'g:', label=u'$f(x) = x\\,\\sin(x)$')\r\n.\\examples\\gaussian_process\\plot_gpc_isoprobability.py:81: SyntaxWarning: invalid escape sequence '\\m'\r\n  cb.set_label('${\\\\rm \\mathbb{P}}\\left[\\widehat{G}(\\mathbf{x}) \\leq 0\\\\right]$')\r\n.\\examples\\gaussian_process\\plot_gpr_noisy_targets.py:65: SyntaxWarning: invalid escape sequence '\\,'\r\n  plt.plot(x, f(x), 'r:', label=u'$f(x) = x\\,\\sin(x)$')\r\n.\\examples\\gaussian_process\\plot_gpr_noisy_targets.py:101: SyntaxWarning: invalid escape sequence '\\,'\r\n  plt.plot(x, f(x), 'r:', label=u'$f(x) = x\\,\\sin(x)$')\r\n.\\examples\\model_selection\\plot_learning_curve.py:122: SyntaxWarning: invalid escape sequence '\\g'\r\n  title = \""Learning Curves (SVM, RBF kernel, $\\gamma=0.001$)\""\r\n.\\examples\\model_selection\\plot_validation_curve.py:36: SyntaxWarning: invalid escape sequence '\\g'\r\n  plt.xlabel(\""$\\gamma$\"")\r\n.\\examples\\preprocessing\\plot_map_data_to_normal.py:130: SyntaxWarning: invalid escape sequence '\\l'\r\n  title += '\\n$\\lambda$ = {}'.format(lmbda)\r\n.\\examples\\svm\\plot_svm_scale_c.py:15: SyntaxWarning: invalid escape sequence '\\s'\r\n  C \\sum_{i=1, n} \\mathcal{L} (f(x_i), y_i) + \\Omega (w)\r\n.\\sklearn\\datasets\\lfw.py:179: SyntaxWarning: \""is\"" with 'int' literal. Did you mean \""==\""?\r\n  if img.ndim is 0:\r\n.\\sklearn\\datasets\\openml.py:470: SyntaxWarning: \""is not\"" with 'str' literal. Did you mean \""!=\""?\r\n  if version is not \""active\"""", ""stdout_tail"": """", ""stderr_tail"": ""an \""==\""?\r\n  if n_splits is 'warn':\r\n.\\sklearn\\model_selection\\_split.py:496: SyntaxWarning: \""is\"" with 'str' literal. Did you mean \""==\""?\r\n  if n_splits is 'warn':\r\n.\\sklearn\\model_selection\\_split.py:597: SyntaxWarning: \""is\"" with 'str' literal. Did you mean \""==\""?\r\n  if n_splits is 'warn':\r\n.\\sklearn\\model_selection\\_split.py:751: SyntaxWarning: \""is\"" with 'str' literal. Did you mean \""==\""?\r\n  if n_splits is 'warn':\r\n.\\sklearn\\model_selection\\_split.py:1942: SyntaxWarning: \""is\"" with 'str' literal. Did you mean \""==\""?\r\n  if cv is None or cv is 'warn':\r\n.\\sklearn\\model_selection\\tests\\test_search.py:888: SyntaxWarning: \""is not\"" with 'str' literal. Did you mean \""!=\""?\r\n  if k is not 'rank_test_score')\r\n.\\sklearn\\model_selection\\tests\\test_search.py:891: SyntaxWarning: \""is not\"" with 'str' literal. Did you mean \""!=\""?\r\n  k is not 'rank_test_score')\r\n.\\sklearn\\model_selection\\tests\\test_validation.py:1385: SyntaxWarning: \""is\"" with 'str' literal. Did you mean \""==\""?\r\n  if method is 'predict_proba':\r\n""}, ""future_test"": {""returncode"": 4, ""timed_out"": false, ""duration_seconds"": 4.075, ""stdout_sha256"": ""e3b0c44298fc1c149afbf4c8996fb92427ae41e4649b934ca495991b7852b855"", ""stderr_sha256"": ""f769614368f58622c1346b976dff0804da9bd971f84a71441a222c31b34fe434"", ""stdout_head"": """", ""stderr_head"": ""ImportError while loading conftest '[LOCAL_DRIVE]/lossoracc\\analysis_outputs\\work2_30_task_multicheckpoint_replay_20260901_isolated\\scratch\\task_lkvx2a9z\\branch_OrcaLoca\\conftest.py'.\r\nconftest.py:14: in <module>\r\n    from sklearn.utils.fixes import PY3_OR_LATER\r\nsklearn\\__init__.py:63: in <module>\r\n    from . import __check_build\r\nsklearn\\__check_build\\__init__.py:46: in <module>\r\n    raise_build_error(e)\r\nsklearn\\__check_build\\__init__.py:31: in raise_build_error\r\n    raise ImportError(\""\""\""%s\r\nE   ImportError: No module named 'sklearn.__check_build._check_build'\r\nE   ___________________________________________________________________________\r\nE   Contents of [LOCAL_DRIVE]/lossoracc\\analysis_outputs\\work2_30_task_multicheckpoint_replay_20260901_isolated\\scratch\\task_lkvx2a9z\\branch_OrcaLoca\\sklearn\\__check_build:\r\nE   setup.py                  _check_build.pyx          __init__.py\r\nE   __pycache__\r\nE   ___________________________________________________________________________\r\nE   It seems that scikit-learn has not been built correctly.\r\nE\r\nE   If you have installed scikit-learn from source, please do not forget\r\nE   to build the package before using it: run `python setup.py install` or\r\nE   `make` in the source directory.\r\nE\r\nE   If you have used an installer, please check that it is suited for your\r\nE   Python version, your operating system and your platform.\r\n"", ""stdout_tail"": """", ""stderr_tail"": ""<module>\r\n    raise_build_error(e)\r\nsklearn\\__check_build\\__init__.py:31: in raise_build_error\r\n    raise ImportError(\""\""\""%s\r\nE   ImportError: No module named 'sklearn.__check_build._check_build'\r\nE   ___________________________________________________________________________\r\nE   Contents of [LOCAL_DRIVE]/lossoracc\\analysis_outputs\\work2_30_task_multicheckpoint_replay_20260901_isolated\\scratch\\task_lkvx2a9z\\branch_OrcaLoca\\sklearn\\__check_build:\r\nE   setup.py                  _check_build.pyx          __init__.py\r\nE   __pycache__\r\nE   ___________________________________________________________________________\r\nE   It seems that scikit-learn has not been built correctly.\r\nE\r\nE   If you have installed scikit-learn from source, please do not forget\r\nE   to build the package before using it: run `python setup.py install` or\r\nE   `make` in the source directory.\r\nE\r\nE   If you have used an installer, please check that it is suited for your\r\nE   Python version, your operating system and your platform.\r\n""}}","Provider-free 30-task five-checkpoint replay frame. Rows combine the d7 feasibility frame with 30/90/180/365-day human and OrcaLoca replays. The evaluator is F2P-only and fixed-method; no survival, semantic, behavioral, adaptation, or causal estimate is promoted."
scikit-learn__scikit-learn-10949,issue_resolution,scikit-learn/scikit-learn,python,3b5abf76597ce6aff76192869f92647c1b5259e7,human,NA,NA,NA,scikit-learn__scikit-learn-10949-d180,NA,NA,180,source_unavailable_during_replay,NA,NA,NA,NA,NA,NA,NA,source_or_environment_failure,3cb31de2e5b2f071a9c56ae7619f8f9881fce2a1,SWE-bench Lite local record; F2P-only pilot,aa168cdbc5873f2b6658f12c884eacb82802b44ab74259f7266aa5d9d8f8f913,False,42e6d4e199b9e8a04f875b11405dbfa5ca39b38a,exact_changed_line_match,NA,3a3a78a485571b45b3686f4fae1b132387a1ee1b: available,"Provider-free 30-task five-checkpoint replay frame. Rows combine the d7 feasibility frame with 30/90/180/365-day human and OrcaLoca replays. The evaluator is F2P-only and fixed-method; no survival, semantic, behavioral, adaptation, or causal estimate is promoted."
scikit-learn__scikit-learn-10949,issue_resolution,scikit-learn/scikit-learn,python,3b5abf76597ce6aff76192869f92647c1b5259e7,OrcaLoca,NA,NA,NA,scikit-learn__scikit-learn-10949-d180,NA,NA,180,source_unavailable_during_replay,NA,NA,NA,NA,NA,NA,NA,source_or_environment_failure,3cb31de2e5b2f071a9c56ae7619f8f9881fce2a1,SWE-bench Lite local record; F2P-only pilot,ca51a864ffdeba86771a9642e58e03ac00a5de2b261af42305073a6643ffc046,True,42e6d4e199b9e8a04f875b11405dbfa5ca39b38a,exact_changed_line_match,NA,3a3a78a485571b45b3686f4fae1b132387a1ee1b: available,"Provider-free 30-task five-checkpoint replay frame. Rows combine the d7 feasibility frame with 30/90/180/365-day human and OrcaLoca replays. The evaluator is F2P-only and fixed-method; no survival, semantic, behavioral, adaptation, or causal estimate is promoted."
scikit-learn__scikit-learn-10949,issue_resolution,scikit-learn/scikit-learn,python,3b5abf76597ce6aff76192869f92647c1b5259e7,human,NA,NA,NA,scikit-learn__scikit-learn-10949-d365,NA,NA,365,source_unavailable_during_replay,NA,NA,NA,NA,NA,NA,NA,source_or_environment_failure,3f25ea034cca6fa719dec024e0cbba608bce07e6,SWE-bench Lite local record; F2P-only pilot,aa168cdbc5873f2b6658f12c884eacb82802b44ab74259f7266aa5d9d8f8f913,False,42e6d4e199b9e8a04f875b11405dbfa5ca39b38a,exact_changed_line_match,NA,3a3a78a485571b45b3686f4fae1b132387a1ee1b: available,"Provider-free 30-task five-checkpoint replay frame. Rows combine the d7 feasibility frame with 30/90/180/365-day human and OrcaLoca replays. The evaluator is F2P-only and fixed-method; no survival, semantic, behavioral, adaptation, or causal estimate is promoted."
scikit-learn__scikit-learn-10949,issue_resolution,scikit-learn/scikit-learn,python,3b5abf76597ce6aff76192869f92647c1b5259e7,OrcaLoca,NA,NA,NA,scikit-learn__scikit-learn-10949-d365,NA,NA,365,source_unavailable_during_replay,NA,NA,NA,NA,NA,NA,NA,source_or_environment_failure,3f25ea034cca6fa719dec024e0cbba608bce07e6,SWE-bench Lite local record; F2P-only pilot,ca51a864ffdeba86771a9642e58e03ac00a5de2b261af42305073a6643ffc046,True,42e6d4e199b9e8a04f875b11405dbfa5ca39b38a,exact_changed_line_match,NA,3a3a78a485571b45b3686f4fae1b132387a1ee1b: available,"Provider-free 30-task five-checkpoint replay frame. Rows combine the d7 feasibility frame with 30/90/180/365-day human and OrcaLoca replays. The evaluator is F2P-only and fixed-method; no survival, semantic, behavioral, adaptation, or causal estimate is promoted."
sphinx-doc__sphinx-10325,issue_resolution,sphinx-doc/sphinx,python,7bdc11e87c7d86dcc2a087eccb7a7c129a473415,human,NA,NA,NA,sphinx-doc__sphinx-10325-d30,NA,NA,30,future_textual_conflict,NA,NA,NA,True,NA,NA,NA,evolution_incompatibility,eb7f84d72618b084828b1dc6b20d2237601cd129,SWE-bench Lite local record; F2P-only pilot,2108eab79d715181db3ba0eea8b9514403cbfe106e63bf1f335808adfa9f2651,False,80c75b3549f4eadde9a18365448db77a14c26d75,exact_changed_line_match,NA,"26a2e2935b3b18f197ca92aaa7a9808a5f567c21: error: patch failed: .github/workflows/transifex.yml:13
error: .github/workflows/transifex.yml: patch does not apply
error: patch failed: package-lock.json:2195
error: package-lock.json: patch does not apply
","Provider-free 30-task five-checkpoint replay frame. Rows combine the d7 feasibility frame with 30/90/180/365-day human and OrcaLoca replays. The evaluator is F2P-only and fixed-method; no survival, semantic, behavioral, adaptation, or causal estimate is promoted."
sphinx-doc__sphinx-10325,issue_resolution,sphinx-doc/sphinx,python,7bdc11e87c7d86dcc2a087eccb7a7c129a473415,OrcaLoca,NA,NA,NA,sphinx-doc__sphinx-10325-d30,NA,NA,30,future_textual_conflict,NA,NA,NA,True,NA,NA,NA,evolution_incompatibility,eb7f84d72618b084828b1dc6b20d2237601cd129,SWE-bench Lite local record; F2P-only pilot,03f4d74283a91488521496d32bce2c416341f5f9f0d12baf7e28715841f2ea62,True,80c75b3549f4eadde9a18365448db77a14c26d75,exact_changed_line_match,NA,"26a2e2935b3b18f197ca92aaa7a9808a5f567c21: error: patch failed: .github/workflows/transifex.yml:13
error: .github/workflows/transifex.yml: patch does not apply
error: patch failed: package-lock.json:2195
error: package-lock.json: patch does not apply
","Provider-free 30-task five-checkpoint replay frame. Rows combine the d7 feasibility frame with 30/90/180/365-day human and OrcaLoca replays. The evaluator is F2P-only and fixed-method; no survival, semantic, behavioral, adaptation, or causal estimate is promoted."
sphinx-doc__sphinx-10325,issue_resolution,sphinx-doc/sphinx,python,7bdc11e87c7d86dcc2a087eccb7a7c129a473415,human,NA,NA,NA,sphinx-doc__sphinx-10325-d90,NA,NA,90,future_textual_conflict,NA,NA,NA,True,NA,NA,NA,evolution_incompatibility,3d175d9a2423e52e549f003700abb42c7a9db21f,SWE-bench Lite local record; F2P-only pilot,2108eab79d715181db3ba0eea8b9514403cbfe106e63bf1f335808adfa9f2651,False,80c75b3549f4eadde9a18365448db77a14c26d75,exact_changed_line_match,NA,"26a2e2935b3b18f197ca92aaa7a9808a5f567c21: error: patch failed: .github/workflows/transifex.yml:13
error: .github/workflows/transifex.yml: patch does not apply
error: patch failed: package-lock.json:2195
error: package-lock.json: patch does not apply
","Provider-free 30-task five-checkpoint replay frame. Rows combine the d7 feasibility frame with 30/90/180/365-day human and OrcaLoca replays. The evaluator is F2P-only and fixed-method; no survival, semantic, behavioral, adaptation, or causal estimate is promoted."
sphinx-doc__sphinx-10325,issue_resolution,sphinx-doc/sphinx,python,7bdc11e87c7d86dcc2a087eccb7a7c129a473415,OrcaLoca,NA,NA,NA,sphinx-doc__sphinx-10325-d90,NA,NA,90,future_textual_conflict,NA,NA,NA,True,NA,NA,NA,evolution_incompatibility,3d175d9a2423e52e549f003700abb42c7a9db21f,SWE-bench Lite local record; F2P-only pilot,03f4d74283a91488521496d32bce2c416341f5f9f0d12baf7e28715841f2ea62,True,80c75b3549f4eadde9a18365448db77a14c26d75,exact_changed_line_match,NA,"26a2e2935b3b18f197ca92aaa7a9808a5f567c21: error: patch failed: .github/workflows/transifex.yml:13
error: .github/workflows/transifex.yml: patch does not apply
error: patch failed: package-lock.json:2195
error: package-lock.json: patch does not apply
","Provider-free 30-task five-checkpoint replay frame. Rows combine the d7 feasibility frame with 30/90/180/365-day human and OrcaLoca replays. The evaluator is F2P-only and fixed-method; no survival, semantic, behavioral, adaptation, or causal estimate is promoted."
sphinx-doc__sphinx-10325,issue_resolution,sphinx-doc/sphinx,python,7bdc11e87c7d86dcc2a087eccb7a7c129a473415,human,NA,NA,NA,sphinx-doc__sphinx-10325-d180,NA,NA,180,future_textual_conflict,NA,NA,NA,True,NA,NA,NA,evolution_incompatibility,63dea6172aa3d5351a80085b9bebf02985c267e5,SWE-bench Lite local record; F2P-only pilot,2108eab79d715181db3ba0eea8b9514403cbfe106e63bf1f335808adfa9f2651,False,80c75b3549f4eadde9a18365448db77a14c26d75,exact_changed_line_match,NA,"26a2e2935b3b18f197ca92aaa7a9808a5f567c21: error: patch failed: .github/workflows/transifex.yml:13
error: .github/workflows/transifex.yml: patch does not apply
error: patch failed: package-lock.json:2195
error: package-lock.json: patch does not apply
","Provider-free 30-task five-checkpoint replay frame. Rows combine the d7 feasibility frame with 30/90/180/365-day human and OrcaLoca replays. The evaluator is F2P-only and fixed-method; no survival, semantic, behavioral, adaptation, or causal estimate is promoted."
sphinx-doc__sphinx-10325,issue_resolution,sphinx-doc/sphinx,python,7bdc11e87c7d86dcc2a087eccb7a7c129a473415,OrcaLoca,NA,NA,NA,sphinx-doc__sphinx-10325-d180,NA,NA,180,future_textual_conflict,NA,NA,NA,True,NA,NA,NA,evolution_incompatibility,63dea6172aa3d5351a80085b9bebf02985c267e5,SWE-bench Lite local record; F2P-only pilot,03f4d74283a91488521496d32bce2c416341f5f9f0d12baf7e28715841f2ea62,True,80c75b3549f4eadde9a18365448db77a14c26d75,exact_changed_line_match,NA,"26a2e2935b3b18f197ca92aaa7a9808a5f567c21: error: patch failed: .github/workflows/transifex.yml:13
error: .github/workflows/transifex.yml: patch does not apply
error: patch failed: package-lock.json:2195
error: package-lock.json: patch does not apply
","Provider-free 30-task five-checkpoint replay frame. Rows combine the d7 feasibility frame with 30/90/180/365-day human and OrcaLoca replays. The evaluator is F2P-only and fixed-method; no survival, semantic, behavioral, adaptation, or causal estimate is promoted."
sphinx-doc__sphinx-10325,issue_resolution,sphinx-doc/sphinx,python,7bdc11e87c7d86dcc2a087eccb7a7c129a473415,human,NA,NA,NA,sphinx-doc__sphinx-10325-d365,NA,NA,365,future_textual_conflict,NA,NA,NA,True,NA,NA,NA,evolution_incompatibility,126737c3cda13d063565d48499d0a5b0fe685eb9,SWE-bench Lite local record; F2P-only pilot,2108eab79d715181db3ba0eea8b9514403cbfe106e63bf1f335808adfa9f2651,False,80c75b3549f4eadde9a18365448db77a14c26d75,exact_changed_line_match,NA,"26a2e2935b3b18f197ca92aaa7a9808a5f567c21: error: patch failed: .github/workflows/transifex.yml:13
error: .github/workflows/transifex.yml: patch does not apply
error: patch failed: package-lock.json:2195
error: package-lock.json: patch does not apply
","Provider-free 30-task five-checkpoint replay frame. Rows combine the d7 feasibility frame with 30/90/180/365-day human and OrcaLoca replays. The evaluator is F2P-only and fixed-method; no survival, semantic, behavioral, adaptation, or causal estimate is promoted."
sphinx-doc__sphinx-10325,issue_resolution,sphinx-doc/sphinx,python,7bdc11e87c7d86dcc2a087eccb7a7c129a473415,OrcaLoca,NA,NA,NA,sphinx-doc__sphinx-10325-d365,NA,NA,365,future_textual_conflict,NA,NA,NA,True,NA,NA,NA,evolution_incompatibility,126737c3cda13d063565d48499d0a5b0fe685eb9,SWE-bench Lite local record; F2P-only pilot,03f4d74283a91488521496d32bce2c416341f5f9f0d12baf7e28715841f2ea62,True,80c75b3549f4eadde9a18365448db77a14c26d75,exact_changed_line_match,NA,"26a2e2935b3b18f197ca92aaa7a9808a5f567c21: error: patch failed: .github/workflows/transifex.yml:13
error: .github/workflows/transifex.yml: patch does not apply
error: patch failed: package-lock.json:2195
error: package-lock.json: patch does not apply
","Provider-free 30-task five-checkpoint replay frame. Rows combine the d7 feasibility frame with 30/90/180/365-day human and OrcaLoca replays. The evaluator is F2P-only and fixed-method; no survival, semantic, behavioral, adaptation, or causal estimate is promoted."
sphinx-doc__sphinx-11445,issue_resolution,sphinx-doc/sphinx,python,71db08c05197545944949d5aa76cd340e7143627,human,NA,NA,NA,sphinx-doc__sphinx-11445-d30,NA,NA,30,future_textual_conflict,NA,NA,NA,True,NA,NA,NA,evolution_incompatibility,a73fb59a71f205b9bae90ac28f65dd5c1e48ed9b,SWE-bench Lite local record; F2P-only pilot,951e9680cb0d3ba0ab4ebea2e6e4092167e5e7c273420e9aaecd8a8755585cde,False,12e7cff0b695dbc6974fc3a438439a2a86f2a258,exact_changed_line_match,NA,"e11bf76919f4c2ccf6420fd7b4d2ab42901badf8: error: patch failed: CHANGES:58
error: CHANGES: patch does not apply
","Provider-free 30-task five-checkpoint replay frame. Rows combine the d7 feasibility frame with 30/90/180/365-day human and OrcaLoca replays. The evaluator is F2P-only and fixed-method; no survival, semantic, behavioral, adaptation, or causal estimate is promoted."
sphinx-doc__sphinx-11445,issue_resolution,sphinx-doc/sphinx,python,71db08c05197545944949d5aa76cd340e7143627,OrcaLoca,NA,NA,NA,sphinx-doc__sphinx-11445-d30,NA,NA,30,future_textual_conflict,NA,NA,NA,True,NA,NA,NA,evolution_incompatibility,a73fb59a71f205b9bae90ac28f65dd5c1e48ed9b,SWE-bench Lite local record; F2P-only pilot,4716291cb07403562be6a66fae614b14c1d956de1fca95dbd5a32e8b6d12ae98,True,12e7cff0b695dbc6974fc3a438439a2a86f2a258,exact_changed_line_match,NA,"e11bf76919f4c2ccf6420fd7b4d2ab42901badf8: error: patch failed: CHANGES:58
error: CHANGES: patch does not apply
","Provider-free 30-task five-checkpoint replay frame. Rows combine the d7 feasibility frame with 30/90/180/365-day human and OrcaLoca replays. The evaluator is F2P-only and fixed-method; no survival, semantic, behavioral, adaptation, or causal estimate is promoted."
sphinx-doc__sphinx-11445,issue_resolution,sphinx-doc/sphinx,python,71db08c05197545944949d5aa76cd340e7143627,human,NA,NA,NA,sphinx-doc__sphinx-11445-d90,NA,NA,90,future_textual_conflict,NA,NA,NA,True,NA,NA,NA,evolution_incompatibility,2d1e60748fe8bef6958c4747ce0a59b36f284c06,SWE-bench Lite local record; F2P-only pilot,951e9680cb0d3ba0ab4ebea2e6e4092167e5e7c273420e9aaecd8a8755585cde,False,12e7cff0b695dbc6974fc3a438439a2a86f2a258,exact_changed_line_match,NA,"e11bf76919f4c2ccf6420fd7b4d2ab42901badf8: error: patch failed: CHANGES:58
error: CHANGES: patch does not apply
","Provider-free 30-task five-checkpoint replay frame. Rows combine the d7 feasibility frame with 30/90/180/365-day human and OrcaLoca replays. The evaluator is F2P-only and fixed-method; no survival, semantic, behavioral, adaptation, or causal estimate is promoted."
sphinx-doc__sphinx-11445,issue_resolution,sphinx-doc/sphinx,python,71db08c05197545944949d5aa76cd340e7143627,OrcaLoca,NA,NA,NA,sphinx-doc__sphinx-11445-d90,NA,NA,90,future_textual_conflict,NA,NA,NA,True,NA,NA,NA,evolution_incompatibility,2d1e60748fe8bef6958c4747ce0a59b36f284c06,SWE-bench Lite local record; F2P-only pilot,4716291cb07403562be6a66fae614b14c1d956de1fca95dbd5a32e8b6d12ae98,True,12e7cff0b695dbc6974fc3a438439a2a86f2a258,exact_changed_line_match,NA,"e11bf76919f4c2ccf6420fd7b4d2ab42901badf8: error: patch failed: CHANGES:58
error: CHANGES: patch does not apply
","Provider-free 30-task five-checkpoint replay frame. Rows combine the d7 feasibility frame with 30/90/180/365-day human and OrcaLoca replays. The evaluator is F2P-only and fixed-method; no survival, semantic, behavioral, adaptation, or causal estimate is promoted."
sphinx-doc__sphinx-11445,issue_resolution,sphinx-doc/sphinx,python,71db08c05197545944949d5aa76cd340e7143627,human,NA,NA,NA,sphinx-doc__sphinx-11445-d180,NA,NA,180,future_textual_conflict,NA,NA,NA,True,NA,NA,NA,evolution_incompatibility,2ccc9d315ef062855e8040d8de5407c99e13dbf9,SWE-bench Lite local record; F2P-only pilot,951e9680cb0d3ba0ab4ebea2e6e4092167e5e7c273420e9aaecd8a8755585cde,False,12e7cff0b695dbc6974fc3a438439a2a86f2a258,exact_changed_line_match,NA,"e11bf76919f4c2ccf6420fd7b4d2ab42901badf8: error: patch failed: CHANGES:58
error: CHANGES: patch does not apply
","Provider-free 30-task five-checkpoint replay frame. Rows combine the d7 feasibility frame with 30/90/180/365-day human and OrcaLoca replays. The evaluator is F2P-only and fixed-method; no survival, semantic, behavioral, adaptation, or causal estimate is promoted."
sphinx-doc__sphinx-11445,issue_resolution,sphinx-doc/sphinx,python,71db08c05197545944949d5aa76cd340e7143627,OrcaLoca,NA,NA,NA,sphinx-doc__sphinx-11445-d180,NA,NA,180,future_textual_conflict,NA,NA,NA,True,NA,NA,NA,evolution_incompatibility,2ccc9d315ef062855e8040d8de5407c99e13dbf9,SWE-bench Lite local record; F2P-only pilot,4716291cb07403562be6a66fae614b14c1d956de1fca95dbd5a32e8b6d12ae98,True,12e7cff0b695dbc6974fc3a438439a2a86f2a258,exact_changed_line_match,NA,"e11bf76919f4c2ccf6420fd7b4d2ab42901badf8: error: patch failed: CHANGES:58
error: CHANGES: patch does not apply
","Provider-free 30-task five-checkpoint replay frame. Rows combine the d7 feasibility frame with 30/90/180/365-day human and OrcaLoca replays. The evaluator is F2P-only and fixed-method; no survival, semantic, behavioral, adaptation, or causal estimate is promoted."
sphinx-doc__sphinx-11445,issue_resolution,sphinx-doc/sphinx,python,71db08c05197545944949d5aa76cd340e7143627,human,NA,NA,NA,sphinx-doc__sphinx-11445-d365,NA,NA,365,future_textual_conflict,NA,NA,NA,True,NA,NA,NA,evolution_incompatibility,8c6d234e961eaf945567755863d377fa27dc6f22,SWE-bench Lite local record; F2P-only pilot,951e9680cb0d3ba0ab4ebea2e6e4092167e5e7c273420e9aaecd8a8755585cde,False,12e7cff0b695dbc6974fc3a438439a2a86f2a258,exact_changed_line_match,NA,"e11bf76919f4c2ccf6420fd7b4d2ab42901badf8: error: patch failed: CHANGES:58
error: CHANGES: patch does not apply
","Provider-free 30-task five-checkpoint replay frame. Rows combine the d7 feasibility frame with 30/90/180/365-day human and OrcaLoca replays. The evaluator is F2P-only and fixed-method; no survival, semantic, behavioral, adaptation, or causal estimate is promoted."
sphinx-doc__sphinx-11445,issue_resolution,sphinx-doc/sphinx,python,71db08c05197545944949d5aa76cd340e7143627,OrcaLoca,NA,NA,NA,sphinx-doc__sphinx-11445-d365,NA,NA,365,future_textual_conflict,NA,NA,NA,True,NA,NA,NA,evolution_incompatibility,8c6d234e961eaf945567755863d377fa27dc6f22,SWE-bench Lite local record; F2P-only pilot,4716291cb07403562be6a66fae614b14c1d956de1fca95dbd5a32e8b6d12ae98,True,12e7cff0b695dbc6974fc3a438439a2a86f2a258,exact_changed_line_match,NA,"e11bf76919f4c2ccf6420fd7b4d2ab42901badf8: error: patch failed: CHANGES:58
error: CHANGES: patch does not apply
","Provider-free 30-task five-checkpoint replay frame. Rows combine the d7 feasibility frame with 30/90/180/365-day human and OrcaLoca replays. The evaluator is F2P-only and fixed-method; no survival, semantic, behavioral, adaptation, or causal estimate is promoted."
sphinx-doc__sphinx-7686,issue_resolution,sphinx-doc/sphinx,python,752d3285d250bbaf673cff25e83f03f247502021,human,NA,NA,NA,sphinx-doc__sphinx-7686-d30,NA,NA,30,future_textual_conflict,NA,NA,NA,True,NA,NA,NA,evolution_incompatibility,44f4b2ad97bd36f938b1a64462ebb466334c8c80,SWE-bench Lite local record; F2P-only pilot,d3fff7eaa9d59034884ef053f33aa2a87898242d6ae00bb101800c9eefddd594,False,74351b2d43f264e66da3dce6e493188d0eebfae6,exact_changed_line_match,NA,"ca15aacd6c92f72713a2e3d3aaa508f5fa9b5a1b: error: patch failed: CHANGES:1
error: CHANGES: patch does not apply
error: patch failed: sphinx/__init__.py:32
error: sphinx/__init__.py: patch does not apply
","Provider-free 30-task five-checkpoint replay frame. Rows combine the d7 feasibility frame with 30/90/180/365-day human and OrcaLoca replays. The evaluator is F2P-only and fixed-method; no survival, semantic, behavioral, adaptation, or causal estimate is promoted."
sphinx-doc__sphinx-7686,issue_resolution,sphinx-doc/sphinx,python,752d3285d250bbaf673cff25e83f03f247502021,OrcaLoca,NA,NA,NA,sphinx-doc__sphinx-7686-d30,NA,NA,30,future_textual_conflict,NA,NA,NA,True,NA,NA,NA,evolution_incompatibility,44f4b2ad97bd36f938b1a64462ebb466334c8c80,SWE-bench Lite local record; F2P-only pilot,73304dd3d601f2d06e57e97c65d7b544daabd81e3e8773cfd75d3f3e0ef542cc,True,74351b2d43f264e66da3dce6e493188d0eebfae6,exact_changed_line_match,NA,"ca15aacd6c92f72713a2e3d3aaa508f5fa9b5a1b: error: patch failed: CHANGES:1
error: CHANGES: patch does not apply
error: patch failed: sphinx/__init__.py:32
error: sphinx/__init__.py: patch does not apply
","Provider-free 30-task five-checkpoint replay frame. Rows combine the d7 feasibility frame with 30/90/180/365-day human and OrcaLoca replays. The evaluator is F2P-only and fixed-method; no survival, semantic, behavioral, adaptation, or causal estimate is promoted."
sphinx-doc__sphinx-7686,issue_resolution,sphinx-doc/sphinx,python,752d3285d250bbaf673cff25e83f03f247502021,human,NA,NA,NA,sphinx-doc__sphinx-7686-d90,NA,NA,90,future_textual_conflict,NA,NA,NA,True,NA,NA,NA,evolution_incompatibility,bec30596a8f7487cad23df532bf02d1b29024dbc,SWE-bench Lite local record; F2P-only pilot,d3fff7eaa9d59034884ef053f33aa2a87898242d6ae00bb101800c9eefddd594,False,74351b2d43f264e66da3dce6e493188d0eebfae6,exact_changed_line_match,NA,"ca15aacd6c92f72713a2e3d3aaa508f5fa9b5a1b: error: patch failed: CHANGES:1
error: CHANGES: patch does not apply
error: patch failed: sphinx/__init__.py:32
error: sphinx/__init__.py: patch does not apply
","Provider-free 30-task five-checkpoint replay frame. Rows combine the d7 feasibility frame with 30/90/180/365-day human and OrcaLoca replays. The evaluator is F2P-only and fixed-method; no survival, semantic, behavioral, adaptation, or causal estimate is promoted."
sphinx-doc__sphinx-7686,issue_resolution,sphinx-doc/sphinx,python,752d3285d250bbaf673cff25e83f03f247502021,OrcaLoca,NA,NA,NA,sphinx-doc__sphinx-7686-d90,NA,NA,90,future_textual_conflict,NA,NA,NA,True,NA,NA,NA,evolution_incompatibility,bec30596a8f7487cad23df532bf02d1b29024dbc,SWE-bench Lite local record; F2P-only pilot,73304dd3d601f2d06e57e97c65d7b544daabd81e3e8773cfd75d3f3e0ef542cc,True,74351b2d43f264e66da3dce6e493188d0eebfae6,exact_changed_line_match,NA,"ca15aacd6c92f72713a2e3d3aaa508f5fa9b5a1b: error: patch failed: CHANGES:1
error: CHANGES: patch does not apply
error: patch failed: sphinx/__init__.py:32
error: sphinx/__init__.py: patch does not apply
","Provider-free 30-task five-checkpoint replay frame. Rows combine the d7 feasibility frame with 30/90/180/365-day human and OrcaLoca replays. The evaluator is F2P-only and fixed-method; no survival, semantic, behavioral, adaptation, or causal estimate is promoted."
sphinx-doc__sphinx-7686,issue_resolution,sphinx-doc/sphinx,python,752d3285d250bbaf673cff25e83f03f247502021,human,NA,NA,NA,sphinx-doc__sphinx-7686-d180,NA,NA,180,future_textual_conflict,NA,NA,NA,True,NA,NA,NA,evolution_incompatibility,801999133f03c65b14a9432b631c5b781f81abf9,SWE-bench Lite local record; F2P-only pilot,d3fff7eaa9d59034884ef053f33aa2a87898242d6ae00bb101800c9eefddd594,False,74351b2d43f264e66da3dce6e493188d0eebfae6,exact_changed_line_match,NA,"ca15aacd6c92f72713a2e3d3aaa508f5fa9b5a1b: error: patch failed: CHANGES:1
error: CHANGES: patch does not apply
error: patch failed: sphinx/__init__.py:32
error: sphinx/__init__.py: patch does not apply
","Provider-free 30-task five-checkpoint replay frame. Rows combine the d7 feasibility frame with 30/90/180/365-day human and OrcaLoca replays. The evaluator is F2P-only and fixed-method; no survival, semantic, behavioral, adaptation, or causal estimate is promoted."
sphinx-doc__sphinx-7686,issue_resolution,sphinx-doc/sphinx,python,752d3285d250bbaf673cff25e83f03f247502021,OrcaLoca,NA,NA,NA,sphinx-doc__sphinx-7686-d180,NA,NA,180,future_textual_conflict,NA,NA,NA,True,NA,NA,NA,evolution_incompatibility,801999133f03c65b14a9432b631c5b781f81abf9,SWE-bench Lite local record; F2P-only pilot,73304dd3d601f2d06e57e97c65d7b544daabd81e3e8773cfd75d3f3e0ef542cc,True,74351b2d43f264e66da3dce6e493188d0eebfae6,exact_changed_line_match,NA,"ca15aacd6c92f72713a2e3d3aaa508f5fa9b5a1b: error: patch failed: CHANGES:1
error: CHANGES: patch does not apply
error: patch failed: sphinx/__init__.py:32
error: sphinx/__init__.py: patch does not apply
","Provider-free 30-task five-checkpoint replay frame. Rows combine the d7 feasibility frame with 30/90/180/365-day human and OrcaLoca replays. The evaluator is F2P-only and fixed-method; no survival, semantic, behavioral, adaptation, or causal estimate is promoted."
sphinx-doc__sphinx-7686,issue_resolution,sphinx-doc/sphinx,python,752d3285d250bbaf673cff25e83f03f247502021,human,NA,NA,NA,sphinx-doc__sphinx-7686-d365,NA,NA,365,future_textual_conflict,NA,NA,NA,True,NA,NA,NA,evolution_incompatibility,1f711d0c089bf909bfce1de1649e98d9ceded7c3,SWE-bench Lite local record; F2P-only pilot,d3fff7eaa9d59034884ef053f33aa2a87898242d6ae00bb101800c9eefddd594,False,74351b2d43f264e66da3dce6e493188d0eebfae6,exact_changed_line_match,NA,"ca15aacd6c92f72713a2e3d3aaa508f5fa9b5a1b: error: patch failed: CHANGES:1
error: CHANGES: patch does not apply
error: patch failed: sphinx/__init__.py:32
error: sphinx/__init__.py: patch does not apply
","Provider-free 30-task five-checkpoint replay frame. Rows combine the d7 feasibility frame with 30/90/180/365-day human and OrcaLoca replays. The evaluator is F2P-only and fixed-method; no survival, semantic, behavioral, adaptation, or causal estimate is promoted."
sphinx-doc__sphinx-7686,issue_resolution,sphinx-doc/sphinx,python,752d3285d250bbaf673cff25e83f03f247502021,OrcaLoca,NA,NA,NA,sphinx-doc__sphinx-7686-d365,NA,NA,365,future_textual_conflict,NA,NA,NA,True,NA,NA,NA,evolution_incompatibility,1f711d0c089bf909bfce1de1649e98d9ceded7c3,SWE-bench Lite local record; F2P-only pilot,73304dd3d601f2d06e57e97c65d7b544daabd81e3e8773cfd75d3f3e0ef542cc,True,74351b2d43f264e66da3dce6e493188d0eebfae6,exact_changed_line_match,NA,"ca15aacd6c92f72713a2e3d3aaa508f5fa9b5a1b: error: patch failed: CHANGES:1
error: CHANGES: patch does not apply
error: patch failed: sphinx/__init__.py:32
error: sphinx/__init__.py: patch does not apply
","Provider-free 30-task five-checkpoint replay frame. Rows combine the d7 feasibility frame with 30/90/180/365-day human and OrcaLoca replays. The evaluator is F2P-only and fixed-method; no survival, semantic, behavioral, adaptation, or causal estimate is promoted."
sympy__sympy-11400,issue_resolution,sympy/sympy,python,8dcb12a6cf500e8738d6729ab954a261758f49ca,human,NA,NA,NA,sympy__sympy-11400-d30,NA,NA,30,checkpoint_replay_completed,True,0.0,NA,NA,NA,NA,NA,build_or_future_test_failure,9f1cf7f71ac64c4aeadbef56866bb825156f4cc9,SWE-bench Lite local record; F2P-only pilot,7f79e0c6e6909a311c54215f3e858f057db77bb11248853e84095261195d6c1b,False,63215172cb3ec279411432f541d7d5dcf3bbb939,exact_changed_line_match,"future repository FAIL_TO_PASS node IDs only; no test patch injection, PASS_TO_PASS, augmented, or behavioral check","{""build"": {""returncode"": 0, ""timed_out"": false, ""duration_seconds"": 48.416, ""stdout_sha256"": ""e3b0c44298fc1c149afbf4c8996fb92427ae41e4649b934ca495991b7852b855"", ""stderr_sha256"": ""efd0aeddcd68797ff5514ecd156f897d7b7c6a4b5e62e5ea67e2311d7093539c"", ""stdout_head"": """", ""stderr_head"": "".\\doc\\ext\\docscrape.py:287: SyntaxWarning: invalid escape sequence '\\w'\r\n  if re.compile('^([\\w., ]+=)?\\s*[\\w\\.]+\\(.*\\)$').match(summary_str):\r\n.\\doc\\ext\\docscrape.py:341: SyntaxWarning: invalid escape sequence '\\*'\r\n  return [self['Signature'].replace('*', '\\*')] + ['']\r\n.\\doc\\ext\\docscrape.py:469: SyntaxWarning: invalid escape sequence '\\*'\r\n  argspec = argspec.replace('*', '\\*')\r\n.\\doc\\ext\\docscrape.py:487: SyntaxWarning: invalid escape sequence '\\*'\r\n  signature = self['Signature'].replace('*', '\\*')\r\n.\\examples\\intermediate\\mplot2d.py:23: SyntaxWarning: invalid escape sequence '\\S'\r\n  warnings.filterwarnings(\""ignore\"", \""Could not match \\S\"")\r\n.\\examples\\intermediate\\mplot3d.py:22: SyntaxWarning: invalid escape sequence '\\S'\r\n  warnings.filterwarnings(\""ignore\"", \""Could not match \\S\"")\r\n.\\examples\\intermediate\\sample.py:4: SyntaxWarning: invalid escape sequence '\\m'\r\n  See examples\\mplot2d.py and examples\\mplot3d.py for usable 2d and 3d\r\n.\\examples\\intermediate\\sample.py:16: SyntaxWarning: invalid escape sequence '\\m'\r\n  syntax. See examples\\mplot2d.py.\r\n.\\examples\\intermediate\\sample.py:47: SyntaxWarning: invalid escape sequence '\\m'\r\n  syntax. See examples\\mplot3d.py.\r\n.\\examples\\intermediate\\vandermonde.py:121: SyntaxWarning: invalid escape sequence '\\s'\r\n  print(\""Computing the determinant and comparing to \\sum_{0<i<j<=3}(a_j - a_i)\"")\r\n.\\examples\\intermediate\\vandermonde.py:130: SyntaxWarning: invalid escape sequence '\\s'\r\n  \\sum   = %(sum)s\r\n.\\sympy\\calculus\\util.py:469: SyntaxWarning: invalid escape sequence '\\l'\r\n  `\\langle a, b\\rangle = \\{x \\in \\mathbb{R} \\mid a \\le x \\le b\\}`\r\n.\\sympy\\combinatorics\\fp_groups.py:523: SyntaxWarning: invalid escape sequence '\\O'\r\n  \""Standardize\"" reorders the elements of \\Omega such that, if we scan\r\n.\\sympy\\combinatorics\\perm_groups.py:1124: SyntaxWarning: invalid escape sequence '\\i'\r\n  by all commutators ``[g, h] = hgh^{-1}g^{-1}`` for ``g, h\\in G`` ; it is\r\n.\\sympy\\combinatorics\\perm_groups.py:1621: SyntaxWarning: invalid escape sequence '\\{'\r\n  minimal_block to search for blocks of the form ``\\{0, k\\}`` for ``k``\r\n.\\sympy\\combinatorics\\perm_groups.py:2836: SyntaxWarning: invalid escape sequence '\\{'\r\n  A generating set ``S = \\{g_1, g_2, ..., g_t\\}`` for a permutation group\r\n.\\sympy\\combinatorics\\perm_groups.py:3120: SyntaxWarning: invalid escape sequence '\\O'\r\n  A permutation group ``G`` acting on ``\\Omega = \\{0, 1, ..., n-1\\}`` is\r\n.\\sympy\\combinatorics\\util.py:124: SyntaxWarning: invalid escape sequence '\\i'\r\n  `"", ""stdout_tail"": """", ""stderr_tail"": ""'\r\n  >>> print(rawlines(s)) # the \\\\ appears as \\ when printed\r\n.\\sympy\\utilities\\runtests.py:531: SyntaxWarning: invalid escape sequence '\\*'\r\n  Runs doctests in all \\*.py files in the sympy directory which match\r\n.\\sympy\\utilities\\runtests.py:1318: SyntaxWarning: invalid escape sequence '\\*'\r\n  Returns the list of \\*.py files (default) from which docstrings\r\n.\\sympy\\utilities\\runtests.py:1564: SyntaxWarning: invalid escape sequence '\\d'\r\n  matches = re.findall(\""line \\d+\"", name)\r\n.\\sympy\\utilities\\runtests.py:1772: SyntaxWarning: invalid escape sequence '\\s'\r\n  want = re.sub('(?m)^%s\\s*?$' % re.escape(pdoctest.BLANKLINE_MARKER),\r\n.\\sympy\\utilities\\runtests.py:1776: SyntaxWarning: invalid escape sequence '\\s'\r\n  got = re.sub('(?m)^\\s*?$', '', got)\r\n.\\sympy\\vector\\dyadic.py:261: SyntaxWarning: invalid escape sequence '\\m'\r\n  _latex_form = '(\\mathbf{\\hat{0}}|\\mathbf{\\hat{0}})'\r\n.\\sympy\\vector\\vector.py:451: SyntaxWarning: invalid escape sequence '\\m'\r\n  _latex_form = '\\mathbf{\\hat{0}}'\r\n""}, ""future_test"": {""returncode"": 4, ""timed_out"": false, ""duration_seconds"": 5.969, ""stdout_sha256"": ""29a59873eecb9dd6322758ab1174ce5b8bee391503b1fac4afe497769b47f9e9"", ""stderr_sha256"": ""396504903b51253778b5630cfcc1e1aeeedbd1ce4ac135d235e885339c68ed3f"", ""stdout_head"": ""\r\nno tests ran in 0.02s\r\n"", ""stderr_head"": ""ERROR: file or directory not found: test_ccode_Relational\r\n\r\n"", ""stdout_tail"": ""\r\nno tests ran in 0.02s\r\n"", ""stderr_tail"": ""ERROR: file or directory not found: test_ccode_Relational\r\n\r\n""}}","Provider-free 30-task five-checkpoint replay frame. Rows combine the d7 feasibility frame with 30/90/180/365-day human and OrcaLoca replays. The evaluator is F2P-only and fixed-method; no survival, semantic, behavioral, adaptation, or causal estimate is promoted."
sympy__sympy-11400,issue_resolution,sympy/sympy,python,8dcb12a6cf500e8738d6729ab954a261758f49ca,OrcaLoca,NA,NA,NA,sympy__sympy-11400-d30,NA,NA,30,checkpoint_replay_completed,True,0.0,NA,NA,NA,NA,NA,build_or_future_test_failure,9f1cf7f71ac64c4aeadbef56866bb825156f4cc9,SWE-bench Lite local record; F2P-only pilot,e453c23067e7eca7b35dafa18badfa3d132fc305687763abd11457e7efad31d6,True,63215172cb3ec279411432f541d7d5dcf3bbb939,exact_changed_line_match,"future repository FAIL_TO_PASS node IDs only; no test patch injection, PASS_TO_PASS, augmented, or behavioral check","{""build"": {""returncode"": 0, ""timed_out"": false, ""duration_seconds"": 58.875, ""stdout_sha256"": ""e3b0c44298fc1c149afbf4c8996fb92427ae41e4649b934ca495991b7852b855"", ""stderr_sha256"": ""efd0aeddcd68797ff5514ecd156f897d7b7c6a4b5e62e5ea67e2311d7093539c"", ""stdout_head"": """", ""stderr_head"": "".\\doc\\ext\\docscrape.py:287: SyntaxWarning: invalid escape sequence '\\w'\r\n  if re.compile('^([\\w., ]+=)?\\s*[\\w\\.]+\\(.*\\)$').match(summary_str):\r\n.\\doc\\ext\\docscrape.py:341: SyntaxWarning: invalid escape sequence '\\*'\r\n  return [self['Signature'].replace('*', '\\*')] + ['']\r\n.\\doc\\ext\\docscrape.py:469: SyntaxWarning: invalid escape sequence '\\*'\r\n  argspec = argspec.replace('*', '\\*')\r\n.\\doc\\ext\\docscrape.py:487: SyntaxWarning: invalid escape sequence '\\*'\r\n  signature = self['Signature'].replace('*', '\\*')\r\n.\\examples\\intermediate\\mplot2d.py:23: SyntaxWarning: invalid escape sequence '\\S'\r\n  warnings.filterwarnings(\""ignore\"", \""Could not match \\S\"")\r\n.\\examples\\intermediate\\mplot3d.py:22: SyntaxWarning: invalid escape sequence '\\S'\r\n  warnings.filterwarnings(\""ignore\"", \""Could not match \\S\"")\r\n.\\examples\\intermediate\\sample.py:4: SyntaxWarning: invalid escape sequence '\\m'\r\n  See examples\\mplot2d.py and examples\\mplot3d.py for usable 2d and 3d\r\n.\\examples\\intermediate\\sample.py:16: SyntaxWarning: invalid escape sequence '\\m'\r\n  syntax. See examples\\mplot2d.py.\r\n.\\examples\\intermediate\\sample.py:47: SyntaxWarning: invalid escape sequence '\\m'\r\n  syntax. See examples\\mplot3d.py.\r\n.\\examples\\intermediate\\vandermonde.py:121: SyntaxWarning: invalid escape sequence '\\s'\r\n  print(\""Computing the determinant and comparing to \\sum_{0<i<j<=3}(a_j - a_i)\"")\r\n.\\examples\\intermediate\\vandermonde.py:130: SyntaxWarning: invalid escape sequence '\\s'\r\n  \\sum   = %(sum)s\r\n.\\sympy\\calculus\\util.py:469: SyntaxWarning: invalid escape sequence '\\l'\r\n  `\\langle a, b\\rangle = \\{x \\in \\mathbb{R} \\mid a \\le x \\le b\\}`\r\n.\\sympy\\combinatorics\\fp_groups.py:523: SyntaxWarning: invalid escape sequence '\\O'\r\n  \""Standardize\"" reorders the elements of \\Omega such that, if we scan\r\n.\\sympy\\combinatorics\\perm_groups.py:1124: SyntaxWarning: invalid escape sequence '\\i'\r\n  by all commutators ``[g, h] = hgh^{-1}g^{-1}`` for ``g, h\\in G`` ; it is\r\n.\\sympy\\combinatorics\\perm_groups.py:1621: SyntaxWarning: invalid escape sequence '\\{'\r\n  minimal_block to search for blocks of the form ``\\{0, k\\}`` for ``k``\r\n.\\sympy\\combinatorics\\perm_groups.py:2836: SyntaxWarning: invalid escape sequence '\\{'\r\n  A generating set ``S = \\{g_1, g_2, ..., g_t\\}`` for a permutation group\r\n.\\sympy\\combinatorics\\perm_groups.py:3120: SyntaxWarning: invalid escape sequence '\\O'\r\n  A permutation group ``G`` acting on ``\\Omega = \\{0, 1, ..., n-1\\}`` is\r\n.\\sympy\\combinatorics\\util.py:124: SyntaxWarning: invalid escape sequence '\\i'\r\n  `"", ""stdout_tail"": """", ""stderr_tail"": ""'\r\n  >>> print(rawlines(s)) # the \\\\ appears as \\ when printed\r\n.\\sympy\\utilities\\runtests.py:531: SyntaxWarning: invalid escape sequence '\\*'\r\n  Runs doctests in all \\*.py files in the sympy directory which match\r\n.\\sympy\\utilities\\runtests.py:1318: SyntaxWarning: invalid escape sequence '\\*'\r\n  Returns the list of \\*.py files (default) from which docstrings\r\n.\\sympy\\utilities\\runtests.py:1564: SyntaxWarning: invalid escape sequence '\\d'\r\n  matches = re.findall(\""line \\d+\"", name)\r\n.\\sympy\\utilities\\runtests.py:1772: SyntaxWarning: invalid escape sequence '\\s'\r\n  want = re.sub('(?m)^%s\\s*?$' % re.escape(pdoctest.BLANKLINE_MARKER),\r\n.\\sympy\\utilities\\runtests.py:1776: SyntaxWarning: invalid escape sequence '\\s'\r\n  got = re.sub('(?m)^\\s*?$', '', got)\r\n.\\sympy\\vector\\dyadic.py:261: SyntaxWarning: invalid escape sequence '\\m'\r\n  _latex_form = '(\\mathbf{\\hat{0}}|\\mathbf{\\hat{0}})'\r\n.\\sympy\\vector\\vector.py:451: SyntaxWarning: invalid escape sequence '\\m'\r\n  _latex_form = '\\mathbf{\\hat{0}}'\r\n""}, ""future_test"": {""returncode"": 4, ""timed_out"": false, ""duration_seconds"": 7.309, ""stdout_sha256"": ""29a59873eecb9dd6322758ab1174ce5b8bee391503b1fac4afe497769b47f9e9"", ""stderr_sha256"": ""396504903b51253778b5630cfcc1e1aeeedbd1ce4ac135d235e885339c68ed3f"", ""stdout_head"": ""\r\nno tests ran in 0.02s\r\n"", ""stderr_head"": ""ERROR: file or directory not found: test_ccode_Relational\r\n\r\n"", ""stdout_tail"": ""\r\nno tests ran in 0.02s\r\n"", ""stderr_tail"": ""ERROR: file or directory not found: test_ccode_Relational\r\n\r\n""}}","Provider-free 30-task five-checkpoint replay frame. Rows combine the d7 feasibility frame with 30/90/180/365-day human and OrcaLoca replays. The evaluator is F2P-only and fixed-method; no survival, semantic, behavioral, adaptation, or causal estimate is promoted."
sympy__sympy-11400,issue_resolution,sympy/sympy,python,8dcb12a6cf500e8738d6729ab954a261758f49ca,human,NA,NA,NA,sympy__sympy-11400-d90,NA,NA,90,checkpoint_replay_completed,True,0.0,NA,NA,NA,NA,NA,build_or_future_test_failure,cdf6b67fbf6e5fe8a23377f36f42ee82c797bb15,SWE-bench Lite local record; F2P-only pilot,7f79e0c6e6909a311c54215f3e858f057db77bb11248853e84095261195d6c1b,False,63215172cb3ec279411432f541d7d5dcf3bbb939,exact_changed_line_match,"future repository FAIL_TO_PASS node IDs only; no test patch injection, PASS_TO_PASS, augmented, or behavioral check","{""build"": {""returncode"": 0, ""timed_out"": false, ""duration_seconds"": 56.137, ""stdout_sha256"": ""e3b0c44298fc1c149afbf4c8996fb92427ae41e4649b934ca495991b7852b855"", ""stderr_sha256"": ""2d2a195a26b5039accd4ab8d264d1a3002ebfea5643e89496529d96b8d086209"", ""stdout_head"": """", ""stderr_head"": "".\\doc\\ext\\docscrape.py:287: SyntaxWarning: invalid escape sequence '\\w'\r\n  if re.compile('^([\\w., ]+=)?\\s*[\\w\\.]+\\(.*\\)$').match(summary_str):\r\n.\\doc\\ext\\docscrape.py:341: SyntaxWarning: invalid escape sequence '\\*'\r\n  return [self['Signature'].replace('*', '\\*')] + ['']\r\n.\\doc\\ext\\docscrape.py:469: SyntaxWarning: invalid escape sequence '\\*'\r\n  argspec = argspec.replace('*', '\\*')\r\n.\\doc\\ext\\docscrape.py:487: SyntaxWarning: invalid escape sequence '\\*'\r\n  signature = self['Signature'].replace('*', '\\*')\r\n.\\examples\\intermediate\\mplot2d.py:23: SyntaxWarning: invalid escape sequence '\\S'\r\n  warnings.filterwarnings(\""ignore\"", \""Could not match \\S\"")\r\n.\\examples\\intermediate\\mplot3d.py:22: SyntaxWarning: invalid escape sequence '\\S'\r\n  warnings.filterwarnings(\""ignore\"", \""Could not match \\S\"")\r\n.\\examples\\intermediate\\sample.py:4: SyntaxWarning: invalid escape sequence '\\m'\r\n  See examples\\mplot2d.py and examples\\mplot3d.py for usable 2d and 3d\r\n.\\examples\\intermediate\\sample.py:16: SyntaxWarning: invalid escape sequence '\\m'\r\n  syntax. See examples\\mplot2d.py.\r\n.\\examples\\intermediate\\sample.py:47: SyntaxWarning: invalid escape sequence '\\m'\r\n  syntax. See examples\\mplot3d.py.\r\n.\\examples\\intermediate\\vandermonde.py:121: SyntaxWarning: invalid escape sequence '\\s'\r\n  print(\""Computing the determinant and comparing to \\sum_{0<i<j<=3}(a_j - a_i)\"")\r\n.\\examples\\intermediate\\vandermonde.py:130: SyntaxWarning: invalid escape sequence '\\s'\r\n  \\sum   = %(sum)s\r\n.\\sympy\\calculus\\finite_diff.py:425: SyntaxWarning: invalid escape sequence '\\*'\r\n  \\*symbols : differentiate with respect to symbols\r\n.\\sympy\\calculus\\util.py:469: SyntaxWarning: invalid escape sequence '\\l'\r\n  `\\langle a, b\\rangle = \\{x \\in \\mathbb{R} \\mid a \\le x \\le b\\}`\r\n.\\sympy\\combinatorics\\fp_groups.py:864: SyntaxWarning: invalid escape sequence '\\l'\r\n  `0, 1, , \\ldots, n`. \""Standardize\"" reorders the elements of `\\Omega`\r\n.\\sympy\\combinatorics\\perm_groups.py:1127: SyntaxWarning: invalid escape sequence '\\i'\r\n  by all commutators `[g, h] = hgh^{-1}g^{-1}` for `g, h\\in G` ; it is\r\n.\\sympy\\combinatorics\\perm_groups.py:1624: SyntaxWarning: invalid escape sequence '\\{'\r\n  minimal_block to search for blocks of the form `\\{0, k\\}` for ``k``\r\n.\\sympy\\combinatorics\\perm_groups.py:2841: SyntaxWarning: invalid escape sequence '\\{'\r\n  A generating set `S = \\{g_1, g_2, ..., g_t\\}` for a permutation group\r\n.\\sympy\\combinatorics\\perm_groups.py:3125: SyntaxWarning: invalid escape sequence '\\O'\r\n  A permutation group `G` act"", ""stdout_tail"": """", ""stderr_tail"": ""'\r\n  >>> print(rawlines(s)) # the \\\\ appears as \\ when printed\r\n.\\sympy\\utilities\\runtests.py:531: SyntaxWarning: invalid escape sequence '\\*'\r\n  Runs doctests in all \\*.py files in the sympy directory which match\r\n.\\sympy\\utilities\\runtests.py:1318: SyntaxWarning: invalid escape sequence '\\*'\r\n  Returns the list of \\*.py files (default) from which docstrings\r\n.\\sympy\\utilities\\runtests.py:1564: SyntaxWarning: invalid escape sequence '\\d'\r\n  matches = re.findall(\""line \\d+\"", name)\r\n.\\sympy\\utilities\\runtests.py:1772: SyntaxWarning: invalid escape sequence '\\s'\r\n  want = re.sub('(?m)^%s\\s*?$' % re.escape(pdoctest.BLANKLINE_MARKER),\r\n.\\sympy\\utilities\\runtests.py:1776: SyntaxWarning: invalid escape sequence '\\s'\r\n  got = re.sub('(?m)^\\s*?$', '', got)\r\n.\\sympy\\vector\\dyadic.py:260: SyntaxWarning: invalid escape sequence '\\m'\r\n  _latex_form = '(\\mathbf{\\hat{0}}|\\mathbf{\\hat{0}})'\r\n.\\sympy\\vector\\vector.py:453: SyntaxWarning: invalid escape sequence '\\m'\r\n  _latex_form = '\\mathbf{\\hat{0}}'\r\n""}, ""future_test"": {""returncode"": 4, ""timed_out"": false, ""duration_seconds"": 8.233, ""stdout_sha256"": ""f52e6a0000d6175dd020ef2d157a0401d74b7b7ceb9d0fa69e2abdb80837fc9d"", ""stderr_sha256"": ""396504903b51253778b5630cfcc1e1aeeedbd1ce4ac135d235e885339c68ed3f"", ""stdout_head"": ""\r\nno tests ran in 0.01s\r\n"", ""stderr_head"": ""ERROR: file or directory not found: test_ccode_Relational\r\n\r\n"", ""stdout_tail"": ""\r\nno tests ran in 0.01s\r\n"", ""stderr_tail"": ""ERROR: file or directory not found: test_ccode_Relational\r\n\r\n""}}","Provider-free 30-task five-checkpoint replay frame. Rows combine the d7 feasibility frame with 30/90/180/365-day human and OrcaLoca replays. The evaluator is F2P-only and fixed-method; no survival, semantic, behavioral, adaptation, or causal estimate is promoted."
sympy__sympy-11400,issue_resolution,sympy/sympy,python,8dcb12a6cf500e8738d6729ab954a261758f49ca,OrcaLoca,NA,NA,NA,sympy__sympy-11400-d90,NA,NA,90,checkpoint_replay_completed,True,0.0,NA,NA,NA,NA,NA,build_or_future_test_failure,cdf6b67fbf6e5fe8a23377f36f42ee82c797bb15,SWE-bench Lite local record; F2P-only pilot,e453c23067e7eca7b35dafa18badfa3d132fc305687763abd11457e7efad31d6,True,63215172cb3ec279411432f541d7d5dcf3bbb939,exact_changed_line_match,"future repository FAIL_TO_PASS node IDs only; no test patch injection, PASS_TO_PASS, augmented, or behavioral check","{""build"": {""returncode"": 0, ""timed_out"": false, ""duration_seconds"": 48.559, ""stdout_sha256"": ""e3b0c44298fc1c149afbf4c8996fb92427ae41e4649b934ca495991b7852b855"", ""stderr_sha256"": ""2d2a195a26b5039accd4ab8d264d1a3002ebfea5643e89496529d96b8d086209"", ""stdout_head"": """", ""stderr_head"": "".\\doc\\ext\\docscrape.py:287: SyntaxWarning: invalid escape sequence '\\w'\r\n  if re.compile('^([\\w., ]+=)?\\s*[\\w\\.]+\\(.*\\)$').match(summary_str):\r\n.\\doc\\ext\\docscrape.py:341: SyntaxWarning: invalid escape sequence '\\*'\r\n  return [self['Signature'].replace('*', '\\*')] + ['']\r\n.\\doc\\ext\\docscrape.py:469: SyntaxWarning: invalid escape sequence '\\*'\r\n  argspec = argspec.replace('*', '\\*')\r\n.\\doc\\ext\\docscrape.py:487: SyntaxWarning: invalid escape sequence '\\*'\r\n  signature = self['Signature'].replace('*', '\\*')\r\n.\\examples\\intermediate\\mplot2d.py:23: SyntaxWarning: invalid escape sequence '\\S'\r\n  warnings.filterwarnings(\""ignore\"", \""Could not match \\S\"")\r\n.\\examples\\intermediate\\mplot3d.py:22: SyntaxWarning: invalid escape sequence '\\S'\r\n  warnings.filterwarnings(\""ignore\"", \""Could not match \\S\"")\r\n.\\examples\\intermediate\\sample.py:4: SyntaxWarning: invalid escape sequence '\\m'\r\n  See examples\\mplot2d.py and examples\\mplot3d.py for usable 2d and 3d\r\n.\\examples\\intermediate\\sample.py:16: SyntaxWarning: invalid escape sequence '\\m'\r\n  syntax. See examples\\mplot2d.py.\r\n.\\examples\\intermediate\\sample.py:47: SyntaxWarning: invalid escape sequence '\\m'\r\n  syntax. See examples\\mplot3d.py.\r\n.\\examples\\intermediate\\vandermonde.py:121: SyntaxWarning: invalid escape sequence '\\s'\r\n  print(\""Computing the determinant and comparing to \\sum_{0<i<j<=3}(a_j - a_i)\"")\r\n.\\examples\\intermediate\\vandermonde.py:130: SyntaxWarning: invalid escape sequence '\\s'\r\n  \\sum   = %(sum)s\r\n.\\sympy\\calculus\\finite_diff.py:425: SyntaxWarning: invalid escape sequence '\\*'\r\n  \\*symbols : differentiate with respect to symbols\r\n.\\sympy\\calculus\\util.py:469: SyntaxWarning: invalid escape sequence '\\l'\r\n  `\\langle a, b\\rangle = \\{x \\in \\mathbb{R} \\mid a \\le x \\le b\\}`\r\n.\\sympy\\combinatorics\\fp_groups.py:864: SyntaxWarning: invalid escape sequence '\\l'\r\n  `0, 1, , \\ldots, n`. \""Standardize\"" reorders the elements of `\\Omega`\r\n.\\sympy\\combinatorics\\perm_groups.py:1127: SyntaxWarning: invalid escape sequence '\\i'\r\n  by all commutators `[g, h] = hgh^{-1}g^{-1}` for `g, h\\in G` ; it is\r\n.\\sympy\\combinatorics\\perm_groups.py:1624: SyntaxWarning: invalid escape sequence '\\{'\r\n  minimal_block to search for blocks of the form `\\{0, k\\}` for ``k``\r\n.\\sympy\\combinatorics\\perm_groups.py:2841: SyntaxWarning: invalid escape sequence '\\{'\r\n  A generating set `S = \\{g_1, g_2, ..., g_t\\}` for a permutation group\r\n.\\sympy\\combinatorics\\perm_groups.py:3125: SyntaxWarning: invalid escape sequence '\\O'\r\n  A permutation group `G` act"", ""stdout_tail"": """", ""stderr_tail"": ""'\r\n  >>> print(rawlines(s)) # the \\\\ appears as \\ when printed\r\n.\\sympy\\utilities\\runtests.py:531: SyntaxWarning: invalid escape sequence '\\*'\r\n  Runs doctests in all \\*.py files in the sympy directory which match\r\n.\\sympy\\utilities\\runtests.py:1318: SyntaxWarning: invalid escape sequence '\\*'\r\n  Returns the list of \\*.py files (default) from which docstrings\r\n.\\sympy\\utilities\\runtests.py:1564: SyntaxWarning: invalid escape sequence '\\d'\r\n  matches = re.findall(\""line \\d+\"", name)\r\n.\\sympy\\utilities\\runtests.py:1772: SyntaxWarning: invalid escape sequence '\\s'\r\n  want = re.sub('(?m)^%s\\s*?$' % re.escape(pdoctest.BLANKLINE_MARKER),\r\n.\\sympy\\utilities\\runtests.py:1776: SyntaxWarning: invalid escape sequence '\\s'\r\n  got = re.sub('(?m)^\\s*?$', '', got)\r\n.\\sympy\\vector\\dyadic.py:260: SyntaxWarning: invalid escape sequence '\\m'\r\n  _latex_form = '(\\mathbf{\\hat{0}}|\\mathbf{\\hat{0}})'\r\n.\\sympy\\vector\\vector.py:453: SyntaxWarning: invalid escape sequence '\\m'\r\n  _latex_form = '\\mathbf{\\hat{0}}'\r\n""}, ""future_test"": {""returncode"": 4, ""timed_out"": false, ""duration_seconds"": 7.992, ""stdout_sha256"": ""b3e3d27ce6e907c7b6ae1a99b2a8882d4a2013e69b7d6108a7d65b6a6f3883c5"", ""stderr_sha256"": ""396504903b51253778b5630cfcc1e1aeeedbd1ce4ac135d235e885339c68ed3f"", ""stdout_head"": ""\r\nno tests ran in 0.03s\r\n"", ""stderr_head"": ""ERROR: file or directory not found: test_ccode_Relational\r\n\r\n"", ""stdout_tail"": ""\r\nno tests ran in 0.03s\r\n"", ""stderr_tail"": ""ERROR: file or directory not found: test_ccode_Relational\r\n\r\n""}}","Provider-free 30-task five-checkpoint replay frame. Rows combine the d7 feasibility frame with 30/90/180/365-day human and OrcaLoca replays. The evaluator is F2P-only and fixed-method; no survival, semantic, behavioral, adaptation, or causal estimate is promoted."
sympy__sympy-11400,issue_resolution,sympy/sympy,python,8dcb12a6cf500e8738d6729ab954a261758f49ca,human,NA,NA,NA,sympy__sympy-11400-d180,NA,NA,180,checkpoint_replay_completed,True,0.0,NA,NA,NA,NA,NA,build_or_future_test_failure,1c752feee4167d13e326cca5f7bce67d8ab5bc36,SWE-bench Lite local record; F2P-only pilot,7f79e0c6e6909a311c54215f3e858f057db77bb11248853e84095261195d6c1b,False,63215172cb3ec279411432f541d7d5dcf3bbb939,exact_changed_line_match,"future repository FAIL_TO_PASS node IDs only; no test patch injection, PASS_TO_PASS, augmented, or behavioral check","{""build"": {""returncode"": 0, ""timed_out"": false, ""duration_seconds"": 64.517, ""stdout_sha256"": ""e3b0c44298fc1c149afbf4c8996fb92427ae41e4649b934ca495991b7852b855"", ""stderr_sha256"": ""4dfaa1aa01a280b13554428848f484a09db7d6c51dc4a46989e2a7681adfc037"", ""stdout_head"": """", ""stderr_head"": "".\\doc\\ext\\docscrape.py:287: SyntaxWarning: invalid escape sequence '\\w'\r\n  if re.compile('^([\\w., ]+=)?\\s*[\\w\\.]+\\(.*\\)$').match(summary_str):\r\n.\\doc\\ext\\docscrape.py:341: SyntaxWarning: invalid escape sequence '\\*'\r\n  return [self['Signature'].replace('*', '\\*')] + ['']\r\n.\\doc\\ext\\docscrape.py:469: SyntaxWarning: invalid escape sequence '\\*'\r\n  argspec = argspec.replace('*', '\\*')\r\n.\\doc\\ext\\docscrape.py:487: SyntaxWarning: invalid escape sequence '\\*'\r\n  signature = self['Signature'].replace('*', '\\*')\r\n.\\examples\\intermediate\\mplot2d.py:23: SyntaxWarning: invalid escape sequence '\\S'\r\n  warnings.filterwarnings(\""ignore\"", \""Could not match \\S\"")\r\n.\\examples\\intermediate\\mplot3d.py:22: SyntaxWarning: invalid escape sequence '\\S'\r\n  warnings.filterwarnings(\""ignore\"", \""Could not match \\S\"")\r\n.\\examples\\intermediate\\sample.py:4: SyntaxWarning: invalid escape sequence '\\m'\r\n  See examples\\mplot2d.py and examples\\mplot3d.py for usable 2d and 3d\r\n.\\examples\\intermediate\\sample.py:16: SyntaxWarning: invalid escape sequence '\\m'\r\n  syntax. See examples\\mplot2d.py.\r\n.\\examples\\intermediate\\sample.py:47: SyntaxWarning: invalid escape sequence '\\m'\r\n  syntax. See examples\\mplot3d.py.\r\n.\\examples\\intermediate\\vandermonde.py:121: SyntaxWarning: invalid escape sequence '\\s'\r\n  print(\""Computing the determinant and comparing to \\sum_{0<i<j<=3}(a_j - a_i)\"")\r\n.\\examples\\intermediate\\vandermonde.py:130: SyntaxWarning: invalid escape sequence '\\s'\r\n  \\sum   = %(sum)s\r\n.\\sympy\\calculus\\finite_diff.py:425: SyntaxWarning: invalid escape sequence '\\*'\r\n  \\*symbols : differentiate with respect to symbols\r\n.\\sympy\\calculus\\util.py:469: SyntaxWarning: invalid escape sequence '\\l'\r\n  `\\langle a, b\\rangle = \\{x \\in \\mathbb{R} \\mid a \\le x \\le b\\}`\r\n.\\sympy\\combinatorics\\fp_groups.py:864: SyntaxWarning: invalid escape sequence '\\l'\r\n  `0, 1, , \\ldots, n`. \""Standardize\"" reorders the elements of `\\Omega`\r\n.\\sympy\\combinatorics\\perm_groups.py:1127: SyntaxWarning: invalid escape sequence '\\i'\r\n  by all commutators `[g, h] = hgh^{-1}g^{-1}` for `g, h\\in G` ; it is\r\n.\\sympy\\combinatorics\\perm_groups.py:1624: SyntaxWarning: invalid escape sequence '\\{'\r\n  minimal_block to search for blocks of the form `\\{0, k\\}` for ``k``\r\n.\\sympy\\combinatorics\\perm_groups.py:2840: SyntaxWarning: invalid escape sequence '\\{'\r\n  A generating set `S = \\{g_1, g_2, ..., g_t\\}` for a permutation group\r\n.\\sympy\\combinatorics\\perm_groups.py:3124: SyntaxWarning: invalid escape sequence '\\O'\r\n  A permutation group `G` act"", ""stdout_tail"": """", ""stderr_tail"": ""'\r\n  >>> print(rawlines(s)) # the \\\\ appears as \\ when printed\r\n.\\sympy\\utilities\\runtests.py:531: SyntaxWarning: invalid escape sequence '\\*'\r\n  Runs doctests in all \\*.py files in the sympy directory which match\r\n.\\sympy\\utilities\\runtests.py:1318: SyntaxWarning: invalid escape sequence '\\*'\r\n  Returns the list of \\*.py files (default) from which docstrings\r\n.\\sympy\\utilities\\runtests.py:1564: SyntaxWarning: invalid escape sequence '\\d'\r\n  matches = re.findall(\""line \\d+\"", name)\r\n.\\sympy\\utilities\\runtests.py:1772: SyntaxWarning: invalid escape sequence '\\s'\r\n  want = re.sub('(?m)^%s\\s*?$' % re.escape(pdoctest.BLANKLINE_MARKER),\r\n.\\sympy\\utilities\\runtests.py:1776: SyntaxWarning: invalid escape sequence '\\s'\r\n  got = re.sub('(?m)^\\s*?$', '', got)\r\n.\\sympy\\vector\\dyadic.py:260: SyntaxWarning: invalid escape sequence '\\m'\r\n  _latex_form = '(\\mathbf{\\hat{0}}|\\mathbf{\\hat{0}})'\r\n.\\sympy\\vector\\vector.py:453: SyntaxWarning: invalid escape sequence '\\m'\r\n  _latex_form = '\\mathbf{\\hat{0}}'\r\n""}, ""future_test"": {""returncode"": 4, ""timed_out"": false, ""duration_seconds"": 4.772, ""stdout_sha256"": ""505c4e6a4c9e6534bc4b950ebf5039670cb24073ea32ebae1cfcaf802790843a"", ""stderr_sha256"": ""396504903b51253778b5630cfcc1e1aeeedbd1ce4ac135d235e885339c68ed3f"", ""stdout_head"": ""\r\nno tests ran in 0.07s\r\n"", ""stderr_head"": ""ERROR: file or directory not found: test_ccode_Relational\r\n\r\n"", ""stdout_tail"": ""\r\nno tests ran in 0.07s\r\n"", ""stderr_tail"": ""ERROR: file or directory not found: test_ccode_Relational\r\n\r\n""}}","Provider-free 30-task five-checkpoint replay frame. Rows combine the d7 feasibility frame with 30/90/180/365-day human and OrcaLoca replays. The evaluator is F2P-only and fixed-method; no survival, semantic, behavioral, adaptation, or causal estimate is promoted."
sympy__sympy-11400,issue_resolution,sympy/sympy,python,8dcb12a6cf500e8738d6729ab954a261758f49ca,OrcaLoca,NA,NA,NA,sympy__sympy-11400-d180,NA,NA,180,checkpoint_replay_completed,True,0.0,NA,NA,NA,NA,NA,build_or_future_test_failure,1c752feee4167d13e326cca5f7bce67d8ab5bc36,SWE-bench Lite local record; F2P-only pilot,e453c23067e7eca7b35dafa18badfa3d132fc305687763abd11457e7efad31d6,True,63215172cb3ec279411432f541d7d5dcf3bbb939,exact_changed_line_match,"future repository FAIL_TO_PASS node IDs only; no test patch injection, PASS_TO_PASS, augmented, or behavioral check","{""build"": {""returncode"": 0, ""timed_out"": false, ""duration_seconds"": 52.383, ""stdout_sha256"": ""e3b0c44298fc1c149afbf4c8996fb92427ae41e4649b934ca495991b7852b855"", ""stderr_sha256"": ""4dfaa1aa01a280b13554428848f484a09db7d6c51dc4a46989e2a7681adfc037"", ""stdout_head"": """", ""stderr_head"": "".\\doc\\ext\\docscrape.py:287: SyntaxWarning: invalid escape sequence '\\w'\r\n  if re.compile('^([\\w., ]+=)?\\s*[\\w\\.]+\\(.*\\)$').match(summary_str):\r\n.\\doc\\ext\\docscrape.py:341: SyntaxWarning: invalid escape sequence '\\*'\r\n  return [self['Signature'].replace('*', '\\*')] + ['']\r\n.\\doc\\ext\\docscrape.py:469: SyntaxWarning: invalid escape sequence '\\*'\r\n  argspec = argspec.replace('*', '\\*')\r\n.\\doc\\ext\\docscrape.py:487: SyntaxWarning: invalid escape sequence '\\*'\r\n  signature = self['Signature'].replace('*', '\\*')\r\n.\\examples\\intermediate\\mplot2d.py:23: SyntaxWarning: invalid escape sequence '\\S'\r\n  warnings.filterwarnings(\""ignore\"", \""Could not match \\S\"")\r\n.\\examples\\intermediate\\mplot3d.py:22: SyntaxWarning: invalid escape sequence '\\S'\r\n  warnings.filterwarnings(\""ignore\"", \""Could not match \\S\"")\r\n.\\examples\\intermediate\\sample.py:4: SyntaxWarning: invalid escape sequence '\\m'\r\n  See examples\\mplot2d.py and examples\\mplot3d.py for usable 2d and 3d\r\n.\\examples\\intermediate\\sample.py:16: SyntaxWarning: invalid escape sequence '\\m'\r\n  syntax. See examples\\mplot2d.py.\r\n.\\examples\\intermediate\\sample.py:47: SyntaxWarning: invalid escape sequence '\\m'\r\n  syntax. See examples\\mplot3d.py.\r\n.\\examples\\intermediate\\vandermonde.py:121: SyntaxWarning: invalid escape sequence '\\s'\r\n  print(\""Computing the determinant and comparing to \\sum_{0<i<j<=3}(a_j - a_i)\"")\r\n.\\examples\\intermediate\\vandermonde.py:130: SyntaxWarning: invalid escape sequence '\\s'\r\n  \\sum   = %(sum)s\r\n.\\sympy\\calculus\\finite_diff.py:425: SyntaxWarning: invalid escape sequence '\\*'\r\n  \\*symbols : differentiate with respect to symbols\r\n.\\sympy\\calculus\\util.py:469: SyntaxWarning: invalid escape sequence '\\l'\r\n  `\\langle a, b\\rangle = \\{x \\in \\mathbb{R} \\mid a \\le x \\le b\\}`\r\n.\\sympy\\combinatorics\\fp_groups.py:864: SyntaxWarning: invalid escape sequence '\\l'\r\n  `0, 1, , \\ldots, n`. \""Standardize\"" reorders the elements of `\\Omega`\r\n.\\sympy\\combinatorics\\perm_groups.py:1127: SyntaxWarning: invalid escape sequence '\\i'\r\n  by all commutators `[g, h] = hgh^{-1}g^{-1}` for `g, h\\in G` ; it is\r\n.\\sympy\\combinatorics\\perm_groups.py:1624: SyntaxWarning: invalid escape sequence '\\{'\r\n  minimal_block to search for blocks of the form `\\{0, k\\}` for ``k``\r\n.\\sympy\\combinatorics\\perm_groups.py:2840: SyntaxWarning: invalid escape sequence '\\{'\r\n  A generating set `S = \\{g_1, g_2, ..., g_t\\}` for a permutation group\r\n.\\sympy\\combinatorics\\perm_groups.py:3124: SyntaxWarning: invalid escape sequence '\\O'\r\n  A permutation group `G` act"", ""stdout_tail"": """", ""stderr_tail"": ""'\r\n  >>> print(rawlines(s)) # the \\\\ appears as \\ when printed\r\n.\\sympy\\utilities\\runtests.py:531: SyntaxWarning: invalid escape sequence '\\*'\r\n  Runs doctests in all \\*.py files in the sympy directory which match\r\n.\\sympy\\utilities\\runtests.py:1318: SyntaxWarning: invalid escape sequence '\\*'\r\n  Returns the list of \\*.py files (default) from which docstrings\r\n.\\sympy\\utilities\\runtests.py:1564: SyntaxWarning: invalid escape sequence '\\d'\r\n  matches = re.findall(\""line \\d+\"", name)\r\n.\\sympy\\utilities\\runtests.py:1772: SyntaxWarning: invalid escape sequence '\\s'\r\n  want = re.sub('(?m)^%s\\s*?$' % re.escape(pdoctest.BLANKLINE_MARKER),\r\n.\\sympy\\utilities\\runtests.py:1776: SyntaxWarning: invalid escape sequence '\\s'\r\n  got = re.sub('(?m)^\\s*?$', '', got)\r\n.\\sympy\\vector\\dyadic.py:260: SyntaxWarning: invalid escape sequence '\\m'\r\n  _latex_form = '(\\mathbf{\\hat{0}}|\\mathbf{\\hat{0}})'\r\n.\\sympy\\vector\\vector.py:453: SyntaxWarning: invalid escape sequence '\\m'\r\n  _latex_form = '\\mathbf{\\hat{0}}'\r\n""}, ""future_test"": {""returncode"": 4, ""timed_out"": false, ""duration_seconds"": 4.976, ""stdout_sha256"": ""f52e6a0000d6175dd020ef2d157a0401d74b7b7ceb9d0fa69e2abdb80837fc9d"", ""stderr_sha256"": ""396504903b51253778b5630cfcc1e1aeeedbd1ce4ac135d235e885339c68ed3f"", ""stdout_head"": ""\r\nno tests ran in 0.01s\r\n"", ""stderr_head"": ""ERROR: file or directory not found: test_ccode_Relational\r\n\r\n"", ""stdout_tail"": ""\r\nno tests ran in 0.01s\r\n"", ""stderr_tail"": ""ERROR: file or directory not found: test_ccode_Relational\r\n\r\n""}}","Provider-free 30-task five-checkpoint replay frame. Rows combine the d7 feasibility frame with 30/90/180/365-day human and OrcaLoca replays. The evaluator is F2P-only and fixed-method; no survival, semantic, behavioral, adaptation, or causal estimate is promoted."
sympy__sympy-11400,issue_resolution,sympy/sympy,python,8dcb12a6cf500e8738d6729ab954a261758f49ca,human,NA,NA,NA,sympy__sympy-11400-d365,NA,NA,365,checkpoint_replay_completed,True,0.0,NA,NA,NA,NA,NA,build_or_future_test_failure,34ad4bd03e81f44ce4ed630efcc8c88b9e0b108f,SWE-bench Lite local record; F2P-only pilot,7f79e0c6e6909a311c54215f3e858f057db77bb11248853e84095261195d6c1b,False,63215172cb3ec279411432f541d7d5dcf3bbb939,exact_changed_line_match,"future repository FAIL_TO_PASS node IDs only; no test patch injection, PASS_TO_PASS, augmented, or behavioral check","{""build"": {""returncode"": 0, ""timed_out"": false, ""duration_seconds"": 77.21, ""stdout_sha256"": ""e3b0c44298fc1c149afbf4c8996fb92427ae41e4649b934ca495991b7852b855"", ""stderr_sha256"": ""037e662c68cf669c15b4231fa2012f0ff1b7b582786344049f4753e1e8c1822d"", ""stdout_head"": """", ""stderr_head"": "".\\doc\\ext\\docscrape.py:287: SyntaxWarning: invalid escape sequence '\\w'\r\n  if re.compile('^([\\w., ]+=)?\\s*[\\w\\.]+\\(.*\\)$').match(summary_str):\r\n.\\doc\\ext\\docscrape.py:341: SyntaxWarning: invalid escape sequence '\\*'\r\n  return [self['Signature'].replace('*', '\\*')] + ['']\r\n.\\doc\\ext\\docscrape.py:469: SyntaxWarning: invalid escape sequence '\\*'\r\n  argspec = argspec.replace('*', '\\*')\r\n.\\doc\\ext\\docscrape.py:487: SyntaxWarning: invalid escape sequence '\\*'\r\n  signature = self['Signature'].replace('*', '\\*')\r\n.\\examples\\intermediate\\mplot2d.py:23: SyntaxWarning: invalid escape sequence '\\S'\r\n  warnings.filterwarnings(\""ignore\"", \""Could not match \\S\"")\r\n.\\examples\\intermediate\\mplot3d.py:22: SyntaxWarning: invalid escape sequence '\\S'\r\n  warnings.filterwarnings(\""ignore\"", \""Could not match \\S\"")\r\n.\\examples\\intermediate\\sample.py:4: SyntaxWarning: invalid escape sequence '\\m'\r\n  See examples\\mplot2d.py and examples\\mplot3d.py for usable 2d and 3d\r\n.\\examples\\intermediate\\sample.py:16: SyntaxWarning: invalid escape sequence '\\m'\r\n  syntax. See examples\\mplot2d.py.\r\n.\\examples\\intermediate\\sample.py:47: SyntaxWarning: invalid escape sequence '\\m'\r\n  syntax. See examples\\mplot3d.py.\r\n.\\examples\\intermediate\\vandermonde.py:121: SyntaxWarning: invalid escape sequence '\\s'\r\n  print(\""Computing the determinant and comparing to \\sum_{0<i<j<=3}(a_j - a_i)\"")\r\n.\\examples\\intermediate\\vandermonde.py:130: SyntaxWarning: invalid escape sequence '\\s'\r\n  \\sum   = %(sum)s\r\n.\\sympy\\combinatorics\\coset_table.py:687: SyntaxWarning: invalid escape sequence '\\l'\r\n  `0, 1, , \\ldots, n`. \""Standardize\"" reorders the elements of `\\Omega`\r\n.\\sympy\\combinatorics\\perm_groups.py:1275: SyntaxWarning: invalid escape sequence '\\i'\r\n  by all commutators `[g, h] = hgh^{-1}g^{-1}` for `g, h\\in G` ; it is\r\n.\\sympy\\combinatorics\\perm_groups.py:1772: SyntaxWarning: invalid escape sequence '\\{'\r\n  minimal_block to search for blocks of the form `\\{0, k\\}` for ``k``\r\n.\\sympy\\combinatorics\\perm_groups.py:2992: SyntaxWarning: invalid escape sequence '\\{'\r\n  A generating set `S = \\{g_1, g_2, ..., g_t\\}` for a permutation group\r\n.\\sympy\\combinatorics\\perm_groups.py:3288: SyntaxWarning: invalid escape sequence '\\O'\r\n  A permutation group `G` acting on `\\Omega = \\{0, 1, ..., n-1\\}` is\r\n.\\sympy\\combinatorics\\util.py:124: SyntaxWarning: invalid escape sequence '\\i'\r\n  `i \\in\\{1, 2, ..., k\\}`.\r\n.\\sympy\\core\\tests\\test_containers.py:55: SyntaxWarning: \""is not\"" with 'tuple' literal. Did you mean \""!=\""?\r\n  assert Tuple(1, "", ""stdout_tail"": """", ""stderr_tail"": ""he\r\n.\\sympy\\polys\\agca\\ideals.py:207: SyntaxWarning: invalid escape sequence '\\i'\r\n  of ``self`` and `y \\in J`.\r\n.\\sympy\\polys\\agca\\modules.py:351: SyntaxWarning: \""is\"" with 'int' literal. Did you mean \""==\""?\r\n  elif elem is 0:\r\n.\\sympy\\polys\\distributedmodules.py:83: SyntaxWarning: invalid escape sequence '\\l'\r\n  this returns `\\lcm(M, N) e_j`. Note that ``A`` and ``B`` involve distinct\r\n.\\sympy\\solvers\\diophantine.py:3188: SyntaxWarning: \""is\"" with 'int' literal. Did you mean \""==\""?\r\n  if feasible is 1:  # it's prime and k == 2\r\n.\\sympy\\stats\\error_prop.py:12: SyntaxWarning: invalid escape sequence '\\s'\r\n  \""\""\""Symbolically propagates variance (`\\sigma^2`) for expressions.\r\n.\\sympy\\stats\\rv.py:499: SyntaxWarning: invalid escape sequence '\\/'\r\n  \\/ 2 *e\r\n.\\sympy\\vector\\dyadic.py:260: SyntaxWarning: invalid escape sequence '\\m'\r\n  _latex_form = '(\\mathbf{\\hat{0}}|\\mathbf{\\hat{0}})'\r\n.\\sympy\\vector\\vector.py:460: SyntaxWarning: invalid escape sequence '\\m'\r\n  _latex_form = '\\mathbf{\\hat{0}}'\r\n""}, ""future_test"": {""returncode"": 4, ""timed_out"": false, ""duration_seconds"": 6.516, ""stdout_sha256"": ""f52e6a0000d6175dd020ef2d157a0401d74b7b7ceb9d0fa69e2abdb80837fc9d"", ""stderr_sha256"": ""396504903b51253778b5630cfcc1e1aeeedbd1ce4ac135d235e885339c68ed3f"", ""stdout_head"": ""\r\nno tests ran in 0.01s\r\n"", ""stderr_head"": ""ERROR: file or directory not found: test_ccode_Relational\r\n\r\n"", ""stdout_tail"": ""\r\nno tests ran in 0.01s\r\n"", ""stderr_tail"": ""ERROR: file or directory not found: test_ccode_Relational\r\n\r\n""}}","Provider-free 30-task five-checkpoint replay frame. Rows combine the d7 feasibility frame with 30/90/180/365-day human and OrcaLoca replays. The evaluator is F2P-only and fixed-method; no survival, semantic, behavioral, adaptation, or causal estimate is promoted."
sympy__sympy-11400,issue_resolution,sympy/sympy,python,8dcb12a6cf500e8738d6729ab954a261758f49ca,OrcaLoca,NA,NA,NA,sympy__sympy-11400-d365,NA,NA,365,future_textual_conflict,NA,NA,NA,True,NA,NA,NA,evolution_incompatibility,34ad4bd03e81f44ce4ed630efcc8c88b9e0b108f,SWE-bench Lite local record; F2P-only pilot,e453c23067e7eca7b35dafa18badfa3d132fc305687763abd11457e7efad31d6,True,63215172cb3ec279411432f541d7d5dcf3bbb939,exact_changed_line_match,NA,"50b5818ef1a0175aefd8c8592defb5e54206559d: error: patch failed: sympy/printing/ccode.py:34
error: sympy/printing/ccode.py: patch does not apply
","Provider-free 30-task five-checkpoint replay frame. Rows combine the d7 feasibility frame with 30/90/180/365-day human and OrcaLoca replays. The evaluator is F2P-only and fixed-method; no survival, semantic, behavioral, adaptation, or causal estimate is promoted."
sympy__sympy-11870,issue_resolution,sympy/sympy,python,5c2e1f96a7ff562d4a778f4ca9ffc9c81557197e,human,NA,NA,NA,sympy__sympy-11870-d30,NA,NA,30,checkpoint_replay_completed,True,0.0,NA,NA,NA,NA,NA,build_or_future_test_failure,23c2a4624f3f28702b80a6ad8aa9d9e0dbbec67b,SWE-bench Lite local record; F2P-only pilot,051c56fee9628243fb9c8fdcaae677f7cd82afcf8574e373b87dda95b11b57df,False,27b6c0a8d949725f2e5c3855fae727fc7febc3bc,exact_changed_line_match,"future repository FAIL_TO_PASS node IDs only; no test patch injection, PASS_TO_PASS, augmented, or behavioral check","{""build"": {""returncode"": 0, ""timed_out"": false, ""duration_seconds"": 63.95, ""stdout_sha256"": ""e3b0c44298fc1c149afbf4c8996fb92427ae41e4649b934ca495991b7852b855"", ""stderr_sha256"": ""597a2215f3339f88a412fe5f7e6a9260da9612c459446f7a0c9b410a860c5601"", ""stdout_head"": """", ""stderr_head"": "".\\doc\\ext\\docscrape.py:287: SyntaxWarning: invalid escape sequence '\\w'\r\n  if re.compile('^([\\w., ]+=)?\\s*[\\w\\.]+\\(.*\\)$').match(summary_str):\r\n.\\doc\\ext\\docscrape.py:341: SyntaxWarning: invalid escape sequence '\\*'\r\n  return [self['Signature'].replace('*', '\\*')] + ['']\r\n.\\doc\\ext\\docscrape.py:469: SyntaxWarning: invalid escape sequence '\\*'\r\n  argspec = argspec.replace('*', '\\*')\r\n.\\doc\\ext\\docscrape.py:487: SyntaxWarning: invalid escape sequence '\\*'\r\n  signature = self['Signature'].replace('*', '\\*')\r\n.\\examples\\intermediate\\mplot2d.py:23: SyntaxWarning: invalid escape sequence '\\S'\r\n  warnings.filterwarnings(\""ignore\"", \""Could not match \\S\"")\r\n.\\examples\\intermediate\\mplot3d.py:22: SyntaxWarning: invalid escape sequence '\\S'\r\n  warnings.filterwarnings(\""ignore\"", \""Could not match \\S\"")\r\n.\\examples\\intermediate\\sample.py:4: SyntaxWarning: invalid escape sequence '\\m'\r\n  See examples\\mplot2d.py and examples\\mplot3d.py for usable 2d and 3d\r\n.\\examples\\intermediate\\sample.py:16: SyntaxWarning: invalid escape sequence '\\m'\r\n  syntax. See examples\\mplot2d.py.\r\n.\\examples\\intermediate\\sample.py:47: SyntaxWarning: invalid escape sequence '\\m'\r\n  syntax. See examples\\mplot3d.py.\r\n.\\examples\\intermediate\\vandermonde.py:121: SyntaxWarning: invalid escape sequence '\\s'\r\n  print(\""Computing the determinant and comparing to \\sum_{0<i<j<=3}(a_j - a_i)\"")\r\n.\\examples\\intermediate\\vandermonde.py:130: SyntaxWarning: invalid escape sequence '\\s'\r\n  \\sum   = %(sum)s\r\n.\\sympy\\core\\tests\\test_containers.py:55: SyntaxWarning: \""is not\"" with 'tuple' literal. Did you mean \""!=\""?\r\n  assert Tuple(1, 2) is not (1, 2)\r\n.\\sympy\\geometry\\tests\\test_plane.py:184: SyntaxWarning: \""is\"" with 'int' literal. Did you mean \""==\""?\r\n  assert len(pl8.intersection(Ray3D(Point3D(0, 2, 3), Point3D(1, 0, 3)))) is 0\r\n.\\sympy\\integrals\\rubi\\tests\\test_1_4.py:60: SyntaxWarning: list indices must be integers or slices, not tuple; perhaps you missed a comma?\r\n  [(a + b*x)**m*(c + d*x)**n*(e + f*x)**p/(g + h*x), x, S(0), Integrate((a + b*x)**m*(c + d*x)**n*(e + f*x)**p/(g + h*x), x)]\r\n.\\sympy\\physics\\vector\\printing.py:150: SyntaxWarning: \""is not\"" with 'int' literal. Did you mean \""!=\""?\r\n  if len(base_split) is not 1:\r\n.\\sympy\\polys\\agca\\modules.py:351: SyntaxWarning: \""is\"" with 'int' literal. Did you mean \""==\""?\r\n  elif elem is 0:\r\n.\\sympy\\solvers\\diophantine.py:3188: SyntaxWarning: \""is\"" with 'int' literal. Did you mean \""==\""?\r\n  if feasible is 1:  # it's prime and k == 2\r\n.\\sympy\\vector\\coordsysrect.py:171: SyntaxWa"", ""stdout_tail"": """", ""stderr_tail"": ""rsection(Ray3D(Point3D(0, 2, 3), Point3D(1, 0, 3)))) is 0\r\n.\\sympy\\integrals\\rubi\\tests\\test_1_4.py:60: SyntaxWarning: list indices must be integers or slices, not tuple; perhaps you missed a comma?\r\n  [(a + b*x)**m*(c + d*x)**n*(e + f*x)**p/(g + h*x), x, S(0), Integrate((a + b*x)**m*(c + d*x)**n*(e + f*x)**p/(g + h*x), x)]\r\n.\\sympy\\physics\\vector\\printing.py:150: SyntaxWarning: \""is not\"" with 'int' literal. Did you mean \""!=\""?\r\n  if len(base_split) is not 1:\r\n.\\sympy\\polys\\agca\\modules.py:351: SyntaxWarning: \""is\"" with 'int' literal. Did you mean \""==\""?\r\n  elif elem is 0:\r\n.\\sympy\\solvers\\diophantine.py:3188: SyntaxWarning: \""is\"" with 'int' literal. Did you mean \""==\""?\r\n  if feasible is 1:  # it's prime and k == 2\r\n.\\sympy\\vector\\coordsysrect.py:171: SyntaxWarning: \""is\"" with 'str' literal. Did you mean \""==\""?\r\n  if transformation.name is 'spherical':\r\n.\\sympy\\vector\\coordsysrect.py:173: SyntaxWarning: \""is\"" with 'str' literal. Did you mean \""==\""?\r\n  elif transformation.name is 'cylindrical':\r\n""}, ""future_test"": {""returncode"": 4, ""timed_out"": false, ""duration_seconds"": 3.657, ""stdout_sha256"": ""f52e6a0000d6175dd020ef2d157a0401d74b7b7ceb9d0fa69e2abdb80837fc9d"", ""stderr_sha256"": ""4c8ffe837f3572037e50f2f5765a88e4811cc2c3494c29adc9947ab5f0046e7e"", ""stdout_head"": ""\r\nno tests ran in 0.01s\r\n"", ""stderr_head"": ""ERROR: file or directory not found: test_sinc\r\n\r\n"", ""stdout_tail"": ""\r\nno tests ran in 0.01s\r\n"", ""stderr_tail"": ""ERROR: file or directory not found: test_sinc\r\n\r\n""}}","Provider-free 30-task five-checkpoint replay frame. Rows combine the d7 feasibility frame with 30/90/180/365-day human and OrcaLoca replays. The evaluator is F2P-only and fixed-method; no survival, semantic, behavioral, adaptation, or causal estimate is promoted."
sympy__sympy-11870,issue_resolution,sympy/sympy,python,5c2e1f96a7ff562d4a778f4ca9ffc9c81557197e,OrcaLoca,NA,NA,NA,sympy__sympy-11870-d30,NA,NA,30,checkpoint_replay_completed,True,0.0,NA,NA,NA,NA,NA,build_or_future_test_failure,23c2a4624f3f28702b80a6ad8aa9d9e0dbbec67b,SWE-bench Lite local record; F2P-only pilot,3e43fbd361bacf5163f130a8c8c161caf8a83d24407dea31d4ef8d256555e03b,True,27b6c0a8d949725f2e5c3855fae727fc7febc3bc,exact_changed_line_match,"future repository FAIL_TO_PASS node IDs only; no test patch injection, PASS_TO_PASS, augmented, or behavioral check","{""build"": {""returncode"": 0, ""timed_out"": false, ""duration_seconds"": 65.477, ""stdout_sha256"": ""e3b0c44298fc1c149afbf4c8996fb92427ae41e4649b934ca495991b7852b855"", ""stderr_sha256"": ""597a2215f3339f88a412fe5f7e6a9260da9612c459446f7a0c9b410a860c5601"", ""stdout_head"": """", ""stderr_head"": "".\\doc\\ext\\docscrape.py:287: SyntaxWarning: invalid escape sequence '\\w'\r\n  if re.compile('^([\\w., ]+=)?\\s*[\\w\\.]+\\(.*\\)$').match(summary_str):\r\n.\\doc\\ext\\docscrape.py:341: SyntaxWarning: invalid escape sequence '\\*'\r\n  return [self['Signature'].replace('*', '\\*')] + ['']\r\n.\\doc\\ext\\docscrape.py:469: SyntaxWarning: invalid escape sequence '\\*'\r\n  argspec = argspec.replace('*', '\\*')\r\n.\\doc\\ext\\docscrape.py:487: SyntaxWarning: invalid escape sequence '\\*'\r\n  signature = self['Signature'].replace('*', '\\*')\r\n.\\examples\\intermediate\\mplot2d.py:23: SyntaxWarning: invalid escape sequence '\\S'\r\n  warnings.filterwarnings(\""ignore\"", \""Could not match \\S\"")\r\n.\\examples\\intermediate\\mplot3d.py:22: SyntaxWarning: invalid escape sequence '\\S'\r\n  warnings.filterwarnings(\""ignore\"", \""Could not match \\S\"")\r\n.\\examples\\intermediate\\sample.py:4: SyntaxWarning: invalid escape sequence '\\m'\r\n  See examples\\mplot2d.py and examples\\mplot3d.py for usable 2d and 3d\r\n.\\examples\\intermediate\\sample.py:16: SyntaxWarning: invalid escape sequence '\\m'\r\n  syntax. See examples\\mplot2d.py.\r\n.\\examples\\intermediate\\sample.py:47: SyntaxWarning: invalid escape sequence '\\m'\r\n  syntax. See examples\\mplot3d.py.\r\n.\\examples\\intermediate\\vandermonde.py:121: SyntaxWarning: invalid escape sequence '\\s'\r\n  print(\""Computing the determinant and comparing to \\sum_{0<i<j<=3}(a_j - a_i)\"")\r\n.\\examples\\intermediate\\vandermonde.py:130: SyntaxWarning: invalid escape sequence '\\s'\r\n  \\sum   = %(sum)s\r\n.\\sympy\\core\\tests\\test_containers.py:55: SyntaxWarning: \""is not\"" with 'tuple' literal. Did you mean \""!=\""?\r\n  assert Tuple(1, 2) is not (1, 2)\r\n.\\sympy\\geometry\\tests\\test_plane.py:184: SyntaxWarning: \""is\"" with 'int' literal. Did you mean \""==\""?\r\n  assert len(pl8.intersection(Ray3D(Point3D(0, 2, 3), Point3D(1, 0, 3)))) is 0\r\n.\\sympy\\integrals\\rubi\\tests\\test_1_4.py:60: SyntaxWarning: list indices must be integers or slices, not tuple; perhaps you missed a comma?\r\n  [(a + b*x)**m*(c + d*x)**n*(e + f*x)**p/(g + h*x), x, S(0), Integrate((a + b*x)**m*(c + d*x)**n*(e + f*x)**p/(g + h*x), x)]\r\n.\\sympy\\physics\\vector\\printing.py:150: SyntaxWarning: \""is not\"" with 'int' literal. Did you mean \""!=\""?\r\n  if len(base_split) is not 1:\r\n.\\sympy\\polys\\agca\\modules.py:351: SyntaxWarning: \""is\"" with 'int' literal. Did you mean \""==\""?\r\n  elif elem is 0:\r\n.\\sympy\\solvers\\diophantine.py:3188: SyntaxWarning: \""is\"" with 'int' literal. Did you mean \""==\""?\r\n  if feasible is 1:  # it's prime and k == 2\r\n.\\sympy\\vector\\coordsysrect.py:171: SyntaxWa"", ""stdout_tail"": """", ""stderr_tail"": ""rsection(Ray3D(Point3D(0, 2, 3), Point3D(1, 0, 3)))) is 0\r\n.\\sympy\\integrals\\rubi\\tests\\test_1_4.py:60: SyntaxWarning: list indices must be integers or slices, not tuple; perhaps you missed a comma?\r\n  [(a + b*x)**m*(c + d*x)**n*(e + f*x)**p/(g + h*x), x, S(0), Integrate((a + b*x)**m*(c + d*x)**n*(e + f*x)**p/(g + h*x), x)]\r\n.\\sympy\\physics\\vector\\printing.py:150: SyntaxWarning: \""is not\"" with 'int' literal. Did you mean \""!=\""?\r\n  if len(base_split) is not 1:\r\n.\\sympy\\polys\\agca\\modules.py:351: SyntaxWarning: \""is\"" with 'int' literal. Did you mean \""==\""?\r\n  elif elem is 0:\r\n.\\sympy\\solvers\\diophantine.py:3188: SyntaxWarning: \""is\"" with 'int' literal. Did you mean \""==\""?\r\n  if feasible is 1:  # it's prime and k == 2\r\n.\\sympy\\vector\\coordsysrect.py:171: SyntaxWarning: \""is\"" with 'str' literal. Did you mean \""==\""?\r\n  if transformation.name is 'spherical':\r\n.\\sympy\\vector\\coordsysrect.py:173: SyntaxWarning: \""is\"" with 'str' literal. Did you mean \""==\""?\r\n  elif transformation.name is 'cylindrical':\r\n""}, ""future_test"": {""returncode"": 4, ""timed_out"": false, ""duration_seconds"": 3.551, ""stdout_sha256"": ""73bc17094af8b15bfaaa3e01d7dcc8ece80412b8706dbb91de92a0cf0b088af0"", ""stderr_sha256"": ""4c8ffe837f3572037e50f2f5765a88e4811cc2c3494c29adc9947ab5f0046e7e"", ""stdout_head"": ""\r\nno tests ran in 0.04s\r\n"", ""stderr_head"": ""ERROR: file or directory not found: test_sinc\r\n\r\n"", ""stdout_tail"": ""\r\nno tests ran in 0.04s\r\n"", ""stderr_tail"": ""ERROR: file or directory not found: test_sinc\r\n\r\n""}}","Provider-free 30-task five-checkpoint replay frame. Rows combine the d7 feasibility frame with 30/90/180/365-day human and OrcaLoca replays. The evaluator is F2P-only and fixed-method; no survival, semantic, behavioral, adaptation, or causal estimate is promoted."
sympy__sympy-11870,issue_resolution,sympy/sympy,python,5c2e1f96a7ff562d4a778f4ca9ffc9c81557197e,human,NA,NA,NA,sympy__sympy-11870-d90,NA,NA,90,future_textual_conflict,NA,NA,NA,True,NA,NA,NA,evolution_incompatibility,d716108eca73061c2d5f8704774c12fff68255a9,SWE-bench Lite local record; F2P-only pilot,051c56fee9628243fb9c8fdcaae677f7cd82afcf8574e373b87dda95b11b57df,False,27b6c0a8d949725f2e5c3855fae727fc7febc3bc,exact_changed_line_match,NA,"a5e6a101869e027e7930e694f8b1cfb082603453: error: patch failed: sympy/functions/elementary/tests/test_trigonometric.py:1541
error: sympy/functions/elementary/tests/test_trigonometric.py: patch does not apply
","Provider-free 30-task five-checkpoint replay frame. Rows combine the d7 feasibility frame with 30/90/180/365-day human and OrcaLoca replays. The evaluator is F2P-only and fixed-method; no survival, semantic, behavioral, adaptation, or causal estimate is promoted."
sympy__sympy-11870,issue_resolution,sympy/sympy,python,5c2e1f96a7ff562d4a778f4ca9ffc9c81557197e,OrcaLoca,NA,NA,NA,sympy__sympy-11870-d90,NA,NA,90,future_textual_conflict,NA,NA,NA,True,NA,NA,NA,evolution_incompatibility,d716108eca73061c2d5f8704774c12fff68255a9,SWE-bench Lite local record; F2P-only pilot,3e43fbd361bacf5163f130a8c8c161caf8a83d24407dea31d4ef8d256555e03b,True,27b6c0a8d949725f2e5c3855fae727fc7febc3bc,exact_changed_line_match,NA,"a5e6a101869e027e7930e694f8b1cfb082603453: error: patch failed: sympy/functions/elementary/tests/test_trigonometric.py:1541
error: sympy/functions/elementary/tests/test_trigonometric.py: patch does not apply
","Provider-free 30-task five-checkpoint replay frame. Rows combine the d7 feasibility frame with 30/90/180/365-day human and OrcaLoca replays. The evaluator is F2P-only and fixed-method; no survival, semantic, behavioral, adaptation, or causal estimate is promoted."
sympy__sympy-11870,issue_resolution,sympy/sympy,python,5c2e1f96a7ff562d4a778f4ca9ffc9c81557197e,human,NA,NA,NA,sympy__sympy-11870-d180,NA,NA,180,future_textual_conflict,NA,NA,NA,True,NA,NA,NA,evolution_incompatibility,8c9ff258ff14c9607fb37f5e09c4ddc904778be7,SWE-bench Lite local record; F2P-only pilot,051c56fee9628243fb9c8fdcaae677f7cd82afcf8574e373b87dda95b11b57df,False,27b6c0a8d949725f2e5c3855fae727fc7febc3bc,exact_changed_line_match,NA,"a5e6a101869e027e7930e694f8b1cfb082603453: error: patch failed: sympy/functions/elementary/tests/test_trigonometric.py:1541
error: sympy/functions/elementary/tests/test_trigonometric.py: patch does not apply
","Provider-free 30-task five-checkpoint replay frame. Rows combine the d7 feasibility frame with 30/90/180/365-day human and OrcaLoca replays. The evaluator is F2P-only and fixed-method; no survival, semantic, behavioral, adaptation, or causal estimate is promoted."
sympy__sympy-11870,issue_resolution,sympy/sympy,python,5c2e1f96a7ff562d4a778f4ca9ffc9c81557197e,OrcaLoca,NA,NA,NA,sympy__sympy-11870-d180,NA,NA,180,future_textual_conflict,NA,NA,NA,True,NA,NA,NA,evolution_incompatibility,8c9ff258ff14c9607fb37f5e09c4ddc904778be7,SWE-bench Lite local record; F2P-only pilot,3e43fbd361bacf5163f130a8c8c161caf8a83d24407dea31d4ef8d256555e03b,True,27b6c0a8d949725f2e5c3855fae727fc7febc3bc,exact_changed_line_match,NA,"a5e6a101869e027e7930e694f8b1cfb082603453: error: patch failed: sympy/functions/elementary/tests/test_trigonometric.py:1541
error: sympy/functions/elementary/tests/test_trigonometric.py: patch does not apply
","Provider-free 30-task five-checkpoint replay frame. Rows combine the d7 feasibility frame with 30/90/180/365-day human and OrcaLoca replays. The evaluator is F2P-only and fixed-method; no survival, semantic, behavioral, adaptation, or causal estimate is promoted."
sympy__sympy-11870,issue_resolution,sympy/sympy,python,5c2e1f96a7ff562d4a778f4ca9ffc9c81557197e,human,NA,NA,NA,sympy__sympy-11870-d365,NA,NA,365,future_textual_conflict,NA,NA,NA,True,NA,NA,NA,evolution_incompatibility,27390f4b254714ad56217fa26328554a0952862c,SWE-bench Lite local record; F2P-only pilot,051c56fee9628243fb9c8fdcaae677f7cd82afcf8574e373b87dda95b11b57df,False,27b6c0a8d949725f2e5c3855fae727fc7febc3bc,exact_changed_line_match,NA,"a5e6a101869e027e7930e694f8b1cfb082603453: error: patch failed: sympy/functions/elementary/tests/test_trigonometric.py:1541
error: sympy/functions/elementary/tests/test_trigonometric.py: patch does not apply
","Provider-free 30-task five-checkpoint replay frame. Rows combine the d7 feasibility frame with 30/90/180/365-day human and OrcaLoca replays. The evaluator is F2P-only and fixed-method; no survival, semantic, behavioral, adaptation, or causal estimate is promoted."
sympy__sympy-11870,issue_resolution,sympy/sympy,python,5c2e1f96a7ff562d4a778f4ca9ffc9c81557197e,OrcaLoca,NA,NA,NA,sympy__sympy-11870-d365,NA,NA,365,future_textual_conflict,NA,NA,NA,True,NA,NA,NA,evolution_incompatibility,27390f4b254714ad56217fa26328554a0952862c,SWE-bench Lite local record; F2P-only pilot,3e43fbd361bacf5163f130a8c8c161caf8a83d24407dea31d4ef8d256555e03b,True,27b6c0a8d949725f2e5c3855fae727fc7febc3bc,exact_changed_line_match,NA,"a5e6a101869e027e7930e694f8b1cfb082603453: error: patch failed: sympy/functions/elementary/tests/test_trigonometric.py:1541
error: sympy/functions/elementary/tests/test_trigonometric.py: patch does not apply
","Provider-free 30-task five-checkpoint replay frame. Rows combine the d7 feasibility frame with 30/90/180/365-day human and OrcaLoca replays. The evaluator is F2P-only and fixed-method; no survival, semantic, behavioral, adaptation, or causal estimate is promoted."
sympy__sympy-12171,issue_resolution,sympy/sympy,python,ca6ef27272be31c9dc3753ede9232c39df9a75d8,human,NA,NA,NA,sympy__sympy-12171-d30,NA,NA,30,checkpoint_replay_completed,True,0.0,NA,NA,NA,NA,NA,build_or_future_test_failure,c9d60afad4326c6059e2202b577155081f6b19cb,SWE-bench Lite local record; F2P-only pilot,44ff6d656d8ce81cf1010326235df148a0146a8e736aad4186d597e272f66243,False,278c050255dc4f5942338de97b986560cb6794b8,exact_changed_line_match,"future repository FAIL_TO_PASS node IDs only; no test patch injection, PASS_TO_PASS, augmented, or behavioral check","{""build"": {""returncode"": 0, ""timed_out"": false, ""duration_seconds"": 53.289, ""stdout_sha256"": ""e3b0c44298fc1c149afbf4c8996fb92427ae41e4649b934ca495991b7852b855"", ""stderr_sha256"": ""b59a8379bee32b36abcf55d1ab1eff098f3fea92e39501df65f69dd136db5fef"", ""stdout_head"": """", ""stderr_head"": "".\\doc\\ext\\docscrape.py:287: SyntaxWarning: invalid escape sequence '\\w'\r\n  if re.compile('^([\\w., ]+=)?\\s*[\\w\\.]+\\(.*\\)$').match(summary_str):\r\n.\\doc\\ext\\docscrape.py:341: SyntaxWarning: invalid escape sequence '\\*'\r\n  return [self['Signature'].replace('*', '\\*')] + ['']\r\n.\\doc\\ext\\docscrape.py:469: SyntaxWarning: invalid escape sequence '\\*'\r\n  argspec = argspec.replace('*', '\\*')\r\n.\\doc\\ext\\docscrape.py:487: SyntaxWarning: invalid escape sequence '\\*'\r\n  signature = self['Signature'].replace('*', '\\*')\r\n.\\examples\\intermediate\\mplot2d.py:23: SyntaxWarning: invalid escape sequence '\\S'\r\n  warnings.filterwarnings(\""ignore\"", \""Could not match \\S\"")\r\n.\\examples\\intermediate\\mplot3d.py:22: SyntaxWarning: invalid escape sequence '\\S'\r\n  warnings.filterwarnings(\""ignore\"", \""Could not match \\S\"")\r\n.\\examples\\intermediate\\sample.py:4: SyntaxWarning: invalid escape sequence '\\m'\r\n  See examples\\mplot2d.py and examples\\mplot3d.py for usable 2d and 3d\r\n.\\examples\\intermediate\\sample.py:16: SyntaxWarning: invalid escape sequence '\\m'\r\n  syntax. See examples\\mplot2d.py.\r\n.\\examples\\intermediate\\sample.py:47: SyntaxWarning: invalid escape sequence '\\m'\r\n  syntax. See examples\\mplot3d.py.\r\n.\\examples\\intermediate\\vandermonde.py:121: SyntaxWarning: invalid escape sequence '\\s'\r\n  print(\""Computing the determinant and comparing to \\sum_{0<i<j<=3}(a_j - a_i)\"")\r\n.\\examples\\intermediate\\vandermonde.py:130: SyntaxWarning: invalid escape sequence '\\s'\r\n  \\sum   = %(sum)s\r\n.\\sympy\\calculus\\finite_diff.py:425: SyntaxWarning: invalid escape sequence '\\*'\r\n  \\*symbols : differentiate with respect to symbols\r\n.\\sympy\\calculus\\util.py:473: SyntaxWarning: invalid escape sequence '\\l'\r\n  `\\langle a, b\\rangle = \\{x \\in \\mathbb{R} \\mid a \\le x \\le b\\}`\r\n.\\sympy\\combinatorics\\fp_groups.py:864: SyntaxWarning: invalid escape sequence '\\l'\r\n  `0, 1, , \\ldots, n`. \""Standardize\"" reorders the elements of `\\Omega`\r\n.\\sympy\\combinatorics\\perm_groups.py:1127: SyntaxWarning: invalid escape sequence '\\i'\r\n  by all commutators `[g, h] = hgh^{-1}g^{-1}` for `g, h\\in G` ; it is\r\n.\\sympy\\combinatorics\\perm_groups.py:1624: SyntaxWarning: invalid escape sequence '\\{'\r\n  minimal_block to search for blocks of the form `\\{0, k\\}` for ``k``\r\n.\\sympy\\combinatorics\\perm_groups.py:2840: SyntaxWarning: invalid escape sequence '\\{'\r\n  A generating set `S = \\{g_1, g_2, ..., g_t\\}` for a permutation group\r\n.\\sympy\\combinatorics\\perm_groups.py:3124: SyntaxWarning: invalid escape sequence '\\O'\r\n  A permutation group `G` act"", ""stdout_tail"": """", ""stderr_tail"": ""'\r\n  >>> print(rawlines(s)) # the \\\\ appears as \\ when printed\r\n.\\sympy\\utilities\\runtests.py:542: SyntaxWarning: invalid escape sequence '\\*'\r\n  Runs doctests in all \\*.py files in the sympy directory which match\r\n.\\sympy\\utilities\\runtests.py:1329: SyntaxWarning: invalid escape sequence '\\*'\r\n  Returns the list of \\*.py files (default) from which docstrings\r\n.\\sympy\\utilities\\runtests.py:1575: SyntaxWarning: invalid escape sequence '\\d'\r\n  matches = re.findall(\""line \\d+\"", name)\r\n.\\sympy\\utilities\\runtests.py:1783: SyntaxWarning: invalid escape sequence '\\s'\r\n  want = re.sub('(?m)^%s\\s*?$' % re.escape(pdoctest.BLANKLINE_MARKER),\r\n.\\sympy\\utilities\\runtests.py:1787: SyntaxWarning: invalid escape sequence '\\s'\r\n  got = re.sub('(?m)^\\s*?$', '', got)\r\n.\\sympy\\vector\\dyadic.py:260: SyntaxWarning: invalid escape sequence '\\m'\r\n  _latex_form = '(\\mathbf{\\hat{0}}|\\mathbf{\\hat{0}})'\r\n.\\sympy\\vector\\vector.py:453: SyntaxWarning: invalid escape sequence '\\m'\r\n  _latex_form = '\\mathbf{\\hat{0}}'\r\n""}, ""future_test"": {""returncode"": 4, ""timed_out"": false, ""duration_seconds"": 3.92, ""stdout_sha256"": ""f52e6a0000d6175dd020ef2d157a0401d74b7b7ceb9d0fa69e2abdb80837fc9d"", ""stderr_sha256"": ""923e6a695c5a62e34c0e212e7c22e3e2132051c1e24b5fa6a13ec7bde3e48c31"", ""stdout_head"": ""\r\nno tests ran in 0.01s\r\n"", ""stderr_head"": ""ERROR: file or directory not found: test_Derivative\r\n\r\n"", ""stdout_tail"": ""\r\nno tests ran in 0.01s\r\n"", ""stderr_tail"": ""ERROR: file or directory not found: test_Derivative\r\n\r\n""}}","Provider-free 30-task five-checkpoint replay frame. Rows combine the d7 feasibility frame with 30/90/180/365-day human and OrcaLoca replays. The evaluator is F2P-only and fixed-method; no survival, semantic, behavioral, adaptation, or causal estimate is promoted."
sympy__sympy-12171,issue_resolution,sympy/sympy,python,ca6ef27272be31c9dc3753ede9232c39df9a75d8,OrcaLoca,NA,NA,NA,sympy__sympy-12171-d30,NA,NA,30,checkpoint_replay_completed,True,0.0,NA,NA,NA,NA,NA,build_or_future_test_failure,c9d60afad4326c6059e2202b577155081f6b19cb,SWE-bench Lite local record; F2P-only pilot,5e519a2c639d495eea609be17f3d1da73ada64bf541cf8ef9fb6f4dfe7ecddf8,True,278c050255dc4f5942338de97b986560cb6794b8,exact_changed_line_match,"future repository FAIL_TO_PASS node IDs only; no test patch injection, PASS_TO_PASS, augmented, or behavioral check","{""build"": {""returncode"": 0, ""timed_out"": false, ""duration_seconds"": 61.014, ""stdout_sha256"": ""e3b0c44298fc1c149afbf4c8996fb92427ae41e4649b934ca495991b7852b855"", ""stderr_sha256"": ""b59a8379bee32b36abcf55d1ab1eff098f3fea92e39501df65f69dd136db5fef"", ""stdout_head"": """", ""stderr_head"": "".\\doc\\ext\\docscrape.py:287: SyntaxWarning: invalid escape sequence '\\w'\r\n  if re.compile('^([\\w., ]+=)?\\s*[\\w\\.]+\\(.*\\)$').match(summary_str):\r\n.\\doc\\ext\\docscrape.py:341: SyntaxWarning: invalid escape sequence '\\*'\r\n  return [self['Signature'].replace('*', '\\*')] + ['']\r\n.\\doc\\ext\\docscrape.py:469: SyntaxWarning: invalid escape sequence '\\*'\r\n  argspec = argspec.replace('*', '\\*')\r\n.\\doc\\ext\\docscrape.py:487: SyntaxWarning: invalid escape sequence '\\*'\r\n  signature = self['Signature'].replace('*', '\\*')\r\n.\\examples\\intermediate\\mplot2d.py:23: SyntaxWarning: invalid escape sequence '\\S'\r\n  warnings.filterwarnings(\""ignore\"", \""Could not match \\S\"")\r\n.\\examples\\intermediate\\mplot3d.py:22: SyntaxWarning: invalid escape sequence '\\S'\r\n  warnings.filterwarnings(\""ignore\"", \""Could not match \\S\"")\r\n.\\examples\\intermediate\\sample.py:4: SyntaxWarning: invalid escape sequence '\\m'\r\n  See examples\\mplot2d.py and examples\\mplot3d.py for usable 2d and 3d\r\n.\\examples\\intermediate\\sample.py:16: SyntaxWarning: invalid escape sequence '\\m'\r\n  syntax. See examples\\mplot2d.py.\r\n.\\examples\\intermediate\\sample.py:47: SyntaxWarning: invalid escape sequence '\\m'\r\n  syntax. See examples\\mplot3d.py.\r\n.\\examples\\intermediate\\vandermonde.py:121: SyntaxWarning: invalid escape sequence '\\s'\r\n  print(\""Computing the determinant and comparing to \\sum_{0<i<j<=3}(a_j - a_i)\"")\r\n.\\examples\\intermediate\\vandermonde.py:130: SyntaxWarning: invalid escape sequence '\\s'\r\n  \\sum   = %(sum)s\r\n.\\sympy\\calculus\\finite_diff.py:425: SyntaxWarning: invalid escape sequence '\\*'\r\n  \\*symbols : differentiate with respect to symbols\r\n.\\sympy\\calculus\\util.py:473: SyntaxWarning: invalid escape sequence '\\l'\r\n  `\\langle a, b\\rangle = \\{x \\in \\mathbb{R} \\mid a \\le x \\le b\\}`\r\n.\\sympy\\combinatorics\\fp_groups.py:864: SyntaxWarning: invalid escape sequence '\\l'\r\n  `0, 1, , \\ldots, n`. \""Standardize\"" reorders the elements of `\\Omega`\r\n.\\sympy\\combinatorics\\perm_groups.py:1127: SyntaxWarning: invalid escape sequence '\\i'\r\n  by all commutators `[g, h] = hgh^{-1}g^{-1}` for `g, h\\in G` ; it is\r\n.\\sympy\\combinatorics\\perm_groups.py:1624: SyntaxWarning: invalid escape sequence '\\{'\r\n  minimal_block to search for blocks of the form `\\{0, k\\}` for ``k``\r\n.\\sympy\\combinatorics\\perm_groups.py:2840: SyntaxWarning: invalid escape sequence '\\{'\r\n  A generating set `S = \\{g_1, g_2, ..., g_t\\}` for a permutation group\r\n.\\sympy\\combinatorics\\perm_groups.py:3124: SyntaxWarning: invalid escape sequence '\\O'\r\n  A permutation group `G` act"", ""stdout_tail"": """", ""stderr_tail"": ""'\r\n  >>> print(rawlines(s)) # the \\\\ appears as \\ when printed\r\n.\\sympy\\utilities\\runtests.py:542: SyntaxWarning: invalid escape sequence '\\*'\r\n  Runs doctests in all \\*.py files in the sympy directory which match\r\n.\\sympy\\utilities\\runtests.py:1329: SyntaxWarning: invalid escape sequence '\\*'\r\n  Returns the list of \\*.py files (default) from which docstrings\r\n.\\sympy\\utilities\\runtests.py:1575: SyntaxWarning: invalid escape sequence '\\d'\r\n  matches = re.findall(\""line \\d+\"", name)\r\n.\\sympy\\utilities\\runtests.py:1783: SyntaxWarning: invalid escape sequence '\\s'\r\n  want = re.sub('(?m)^%s\\s*?$' % re.escape(pdoctest.BLANKLINE_MARKER),\r\n.\\sympy\\utilities\\runtests.py:1787: SyntaxWarning: invalid escape sequence '\\s'\r\n  got = re.sub('(?m)^\\s*?$', '', got)\r\n.\\sympy\\vector\\dyadic.py:260: SyntaxWarning: invalid escape sequence '\\m'\r\n  _latex_form = '(\\mathbf{\\hat{0}}|\\mathbf{\\hat{0}})'\r\n.\\sympy\\vector\\vector.py:453: SyntaxWarning: invalid escape sequence '\\m'\r\n  _latex_form = '\\mathbf{\\hat{0}}'\r\n""}, ""future_test"": {""returncode"": 4, ""timed_out"": false, ""duration_seconds"": 2.582, ""stdout_sha256"": ""f52e6a0000d6175dd020ef2d157a0401d74b7b7ceb9d0fa69e2abdb80837fc9d"", ""stderr_sha256"": ""923e6a695c5a62e34c0e212e7c22e3e2132051c1e24b5fa6a13ec7bde3e48c31"", ""stdout_head"": ""\r\nno tests ran in 0.01s\r\n"", ""stderr_head"": ""ERROR: file or directory not found: test_Derivative\r\n\r\n"", ""stdout_tail"": ""\r\nno tests ran in 0.01s\r\n"", ""stderr_tail"": ""ERROR: file or directory not found: test_Derivative\r\n\r\n""}}","Provider-free 30-task five-checkpoint replay frame. Rows combine the d7 feasibility frame with 30/90/180/365-day human and OrcaLoca replays. The evaluator is F2P-only and fixed-method; no survival, semantic, behavioral, adaptation, or causal estimate is promoted."
sympy__sympy-12171,issue_resolution,sympy/sympy,python,ca6ef27272be31c9dc3753ede9232c39df9a75d8,human,NA,NA,NA,sympy__sympy-12171-d90,NA,NA,90,checkpoint_replay_completed,True,0.0,NA,NA,NA,NA,NA,build_or_future_test_failure,7d8917b0b45932d6c495906a7e6ea4b0dc9ed72b,SWE-bench Lite local record; F2P-only pilot,44ff6d656d8ce81cf1010326235df148a0146a8e736aad4186d597e272f66243,False,278c050255dc4f5942338de97b986560cb6794b8,exact_changed_line_match,"future repository FAIL_TO_PASS node IDs only; no test patch injection, PASS_TO_PASS, augmented, or behavioral check","{""build"": {""returncode"": 0, ""timed_out"": false, ""duration_seconds"": 36.606, ""stdout_sha256"": ""e3b0c44298fc1c149afbf4c8996fb92427ae41e4649b934ca495991b7852b855"", ""stderr_sha256"": ""3a154efa9897472ba2d7ceb5e75ce6307594d8ee28a6c3e31f2f851f92ad675c"", ""stdout_head"": """", ""stderr_head"": "".\\doc\\ext\\docscrape.py:287: SyntaxWarning: invalid escape sequence '\\w'\r\n  if re.compile('^([\\w., ]+=)?\\s*[\\w\\.]+\\(.*\\)$').match(summary_str):\r\n.\\doc\\ext\\docscrape.py:341: SyntaxWarning: invalid escape sequence '\\*'\r\n  return [self['Signature'].replace('*', '\\*')] + ['']\r\n.\\doc\\ext\\docscrape.py:469: SyntaxWarning: invalid escape sequence '\\*'\r\n  argspec = argspec.replace('*', '\\*')\r\n.\\doc\\ext\\docscrape.py:487: SyntaxWarning: invalid escape sequence '\\*'\r\n  signature = self['Signature'].replace('*', '\\*')\r\n.\\examples\\intermediate\\mplot2d.py:23: SyntaxWarning: invalid escape sequence '\\S'\r\n  warnings.filterwarnings(\""ignore\"", \""Could not match \\S\"")\r\n.\\examples\\intermediate\\mplot3d.py:22: SyntaxWarning: invalid escape sequence '\\S'\r\n  warnings.filterwarnings(\""ignore\"", \""Could not match \\S\"")\r\n.\\examples\\intermediate\\sample.py:4: SyntaxWarning: invalid escape sequence '\\m'\r\n  See examples\\mplot2d.py and examples\\mplot3d.py for usable 2d and 3d\r\n.\\examples\\intermediate\\sample.py:16: SyntaxWarning: invalid escape sequence '\\m'\r\n  syntax. See examples\\mplot2d.py.\r\n.\\examples\\intermediate\\sample.py:47: SyntaxWarning: invalid escape sequence '\\m'\r\n  syntax. See examples\\mplot3d.py.\r\n.\\examples\\intermediate\\vandermonde.py:121: SyntaxWarning: invalid escape sequence '\\s'\r\n  print(\""Computing the determinant and comparing to \\sum_{0<i<j<=3}(a_j - a_i)\"")\r\n.\\examples\\intermediate\\vandermonde.py:130: SyntaxWarning: invalid escape sequence '\\s'\r\n  \\sum   = %(sum)s\r\n.\\sympy\\calculus\\finite_diff.py:425: SyntaxWarning: invalid escape sequence '\\*'\r\n  \\*symbols : differentiate with respect to symbols\r\n.\\sympy\\calculus\\util.py:473: SyntaxWarning: invalid escape sequence '\\l'\r\n  `\\langle a, b\\rangle = \\{x \\in \\mathbb{R} \\mid a \\le x \\le b\\}`\r\n.\\sympy\\combinatorics\\fp_groups.py:862: SyntaxWarning: invalid escape sequence '\\l'\r\n  `0, 1, , \\ldots, n`. \""Standardize\"" reorders the elements of `\\Omega`\r\n.\\sympy\\combinatorics\\perm_groups.py:1275: SyntaxWarning: invalid escape sequence '\\i'\r\n  by all commutators `[g, h] = hgh^{-1}g^{-1}` for `g, h\\in G` ; it is\r\n.\\sympy\\combinatorics\\perm_groups.py:1772: SyntaxWarning: invalid escape sequence '\\{'\r\n  minimal_block to search for blocks of the form `\\{0, k\\}` for ``k``\r\n.\\sympy\\combinatorics\\perm_groups.py:2992: SyntaxWarning: invalid escape sequence '\\{'\r\n  A generating set `S = \\{g_1, g_2, ..., g_t\\}` for a permutation group\r\n.\\sympy\\combinatorics\\perm_groups.py:3276: SyntaxWarning: invalid escape sequence '\\O'\r\n  A permutation group `G` act"", ""stdout_tail"": """", ""stderr_tail"": ""'\r\n  >>> print(rawlines(s)) # the \\\\ appears as \\ when printed\r\n.\\sympy\\utilities\\runtests.py:542: SyntaxWarning: invalid escape sequence '\\*'\r\n  Runs doctests in all \\*.py files in the sympy directory which match\r\n.\\sympy\\utilities\\runtests.py:1329: SyntaxWarning: invalid escape sequence '\\*'\r\n  Returns the list of \\*.py files (default) from which docstrings\r\n.\\sympy\\utilities\\runtests.py:1575: SyntaxWarning: invalid escape sequence '\\d'\r\n  matches = re.findall(\""line \\d+\"", name)\r\n.\\sympy\\utilities\\runtests.py:1783: SyntaxWarning: invalid escape sequence '\\s'\r\n  want = re.sub('(?m)^%s\\s*?$' % re.escape(pdoctest.BLANKLINE_MARKER),\r\n.\\sympy\\utilities\\runtests.py:1787: SyntaxWarning: invalid escape sequence '\\s'\r\n  got = re.sub('(?m)^\\s*?$', '', got)\r\n.\\sympy\\vector\\dyadic.py:260: SyntaxWarning: invalid escape sequence '\\m'\r\n  _latex_form = '(\\mathbf{\\hat{0}}|\\mathbf{\\hat{0}})'\r\n.\\sympy\\vector\\vector.py:453: SyntaxWarning: invalid escape sequence '\\m'\r\n  _latex_form = '\\mathbf{\\hat{0}}'\r\n""}, ""future_test"": {""returncode"": 4, ""timed_out"": false, ""duration_seconds"": 6.118, ""stdout_sha256"": ""29a59873eecb9dd6322758ab1174ce5b8bee391503b1fac4afe497769b47f9e9"", ""stderr_sha256"": ""923e6a695c5a62e34c0e212e7c22e3e2132051c1e24b5fa6a13ec7bde3e48c31"", ""stdout_head"": ""\r\nno tests ran in 0.02s\r\n"", ""stderr_head"": ""ERROR: file or directory not found: test_Derivative\r\n\r\n"", ""stdout_tail"": ""\r\nno tests ran in 0.02s\r\n"", ""stderr_tail"": ""ERROR: file or directory not found: test_Derivative\r\n\r\n""}}","Provider-free 30-task five-checkpoint replay frame. Rows combine the d7 feasibility frame with 30/90/180/365-day human and OrcaLoca replays. The evaluator is F2P-only and fixed-method; no survival, semantic, behavioral, adaptation, or causal estimate is promoted."
sympy__sympy-12171,issue_resolution,sympy/sympy,python,ca6ef27272be31c9dc3753ede9232c39df9a75d8,OrcaLoca,NA,NA,NA,sympy__sympy-12171-d90,NA,NA,90,checkpoint_replay_completed,True,0.0,NA,NA,NA,NA,NA,build_or_future_test_failure,7d8917b0b45932d6c495906a7e6ea4b0dc9ed72b,SWE-bench Lite local record; F2P-only pilot,5e519a2c639d495eea609be17f3d1da73ada64bf541cf8ef9fb6f4dfe7ecddf8,True,278c050255dc4f5942338de97b986560cb6794b8,exact_changed_line_match,"future repository FAIL_TO_PASS node IDs only; no test patch injection, PASS_TO_PASS, augmented, or behavioral check","{""build"": {""returncode"": 0, ""timed_out"": false, ""duration_seconds"": 48.646, ""stdout_sha256"": ""e3b0c44298fc1c149afbf4c8996fb92427ae41e4649b934ca495991b7852b855"", ""stderr_sha256"": ""3a154efa9897472ba2d7ceb5e75ce6307594d8ee28a6c3e31f2f851f92ad675c"", ""stdout_head"": """", ""stderr_head"": "".\\doc\\ext\\docscrape.py:287: SyntaxWarning: invalid escape sequence '\\w'\r\n  if re.compile('^([\\w., ]+=)?\\s*[\\w\\.]+\\(.*\\)$').match(summary_str):\r\n.\\doc\\ext\\docscrape.py:341: SyntaxWarning: invalid escape sequence '\\*'\r\n  return [self['Signature'].replace('*', '\\*')] + ['']\r\n.\\doc\\ext\\docscrape.py:469: SyntaxWarning: invalid escape sequence '\\*'\r\n  argspec = argspec.replace('*', '\\*')\r\n.\\doc\\ext\\docscrape.py:487: SyntaxWarning: invalid escape sequence '\\*'\r\n  signature = self['Signature'].replace('*', '\\*')\r\n.\\examples\\intermediate\\mplot2d.py:23: SyntaxWarning: invalid escape sequence '\\S'\r\n  warnings.filterwarnings(\""ignore\"", \""Could not match \\S\"")\r\n.\\examples\\intermediate\\mplot3d.py:22: SyntaxWarning: invalid escape sequence '\\S'\r\n  warnings.filterwarnings(\""ignore\"", \""Could not match \\S\"")\r\n.\\examples\\intermediate\\sample.py:4: SyntaxWarning: invalid escape sequence '\\m'\r\n  See examples\\mplot2d.py and examples\\mplot3d.py for usable 2d and 3d\r\n.\\examples\\intermediate\\sample.py:16: SyntaxWarning: invalid escape sequence '\\m'\r\n  syntax. See examples\\mplot2d.py.\r\n.\\examples\\intermediate\\sample.py:47: SyntaxWarning: invalid escape sequence '\\m'\r\n  syntax. See examples\\mplot3d.py.\r\n.\\examples\\intermediate\\vandermonde.py:121: SyntaxWarning: invalid escape sequence '\\s'\r\n  print(\""Computing the determinant and comparing to \\sum_{0<i<j<=3}(a_j - a_i)\"")\r\n.\\examples\\intermediate\\vandermonde.py:130: SyntaxWarning: invalid escape sequence '\\s'\r\n  \\sum   = %(sum)s\r\n.\\sympy\\calculus\\finite_diff.py:425: SyntaxWarning: invalid escape sequence '\\*'\r\n  \\*symbols : differentiate with respect to symbols\r\n.\\sympy\\calculus\\util.py:473: SyntaxWarning: invalid escape sequence '\\l'\r\n  `\\langle a, b\\rangle = \\{x \\in \\mathbb{R} \\mid a \\le x \\le b\\}`\r\n.\\sympy\\combinatorics\\fp_groups.py:862: SyntaxWarning: invalid escape sequence '\\l'\r\n  `0, 1, , \\ldots, n`. \""Standardize\"" reorders the elements of `\\Omega`\r\n.\\sympy\\combinatorics\\perm_groups.py:1275: SyntaxWarning: invalid escape sequence '\\i'\r\n  by all commutators `[g, h] = hgh^{-1}g^{-1}` for `g, h\\in G` ; it is\r\n.\\sympy\\combinatorics\\perm_groups.py:1772: SyntaxWarning: invalid escape sequence '\\{'\r\n  minimal_block to search for blocks of the form `\\{0, k\\}` for ``k``\r\n.\\sympy\\combinatorics\\perm_groups.py:2992: SyntaxWarning: invalid escape sequence '\\{'\r\n  A generating set `S = \\{g_1, g_2, ..., g_t\\}` for a permutation group\r\n.\\sympy\\combinatorics\\perm_groups.py:3276: SyntaxWarning: invalid escape sequence '\\O'\r\n  A permutation group `G` act"", ""stdout_tail"": """", ""stderr_tail"": ""'\r\n  >>> print(rawlines(s)) # the \\\\ appears as \\ when printed\r\n.\\sympy\\utilities\\runtests.py:542: SyntaxWarning: invalid escape sequence '\\*'\r\n  Runs doctests in all \\*.py files in the sympy directory which match\r\n.\\sympy\\utilities\\runtests.py:1329: SyntaxWarning: invalid escape sequence '\\*'\r\n  Returns the list of \\*.py files (default) from which docstrings\r\n.\\sympy\\utilities\\runtests.py:1575: SyntaxWarning: invalid escape sequence '\\d'\r\n  matches = re.findall(\""line \\d+\"", name)\r\n.\\sympy\\utilities\\runtests.py:1783: SyntaxWarning: invalid escape sequence '\\s'\r\n  want = re.sub('(?m)^%s\\s*?$' % re.escape(pdoctest.BLANKLINE_MARKER),\r\n.\\sympy\\utilities\\runtests.py:1787: SyntaxWarning: invalid escape sequence '\\s'\r\n  got = re.sub('(?m)^\\s*?$', '', got)\r\n.\\sympy\\vector\\dyadic.py:260: SyntaxWarning: invalid escape sequence '\\m'\r\n  _latex_form = '(\\mathbf{\\hat{0}}|\\mathbf{\\hat{0}})'\r\n.\\sympy\\vector\\vector.py:453: SyntaxWarning: invalid escape sequence '\\m'\r\n  _latex_form = '\\mathbf{\\hat{0}}'\r\n""}, ""future_test"": {""returncode"": 4, ""timed_out"": false, ""duration_seconds"": 5.23, ""stdout_sha256"": ""f52e6a0000d6175dd020ef2d157a0401d74b7b7ceb9d0fa69e2abdb80837fc9d"", ""stderr_sha256"": ""923e6a695c5a62e34c0e212e7c22e3e2132051c1e24b5fa6a13ec7bde3e48c31"", ""stdout_head"": ""\r\nno tests ran in 0.01s\r\n"", ""stderr_head"": ""ERROR: file or directory not found: test_Derivative\r\n\r\n"", ""stdout_tail"": ""\r\nno tests ran in 0.01s\r\n"", ""stderr_tail"": ""ERROR: file or directory not found: test_Derivative\r\n\r\n""}}","Provider-free 30-task five-checkpoint replay frame. Rows combine the d7 feasibility frame with 30/90/180/365-day human and OrcaLoca replays. The evaluator is F2P-only and fixed-method; no survival, semantic, behavioral, adaptation, or causal estimate is promoted."
sympy__sympy-12171,issue_resolution,sympy/sympy,python,ca6ef27272be31c9dc3753ede9232c39df9a75d8,human,NA,NA,NA,sympy__sympy-12171-d180,NA,NA,180,future_textual_conflict,NA,NA,NA,True,NA,NA,NA,evolution_incompatibility,662cfb818e865f580e18b59efbb3540c34232beb,SWE-bench Lite local record; F2P-only pilot,44ff6d656d8ce81cf1010326235df148a0146a8e736aad4186d597e272f66243,False,278c050255dc4f5942338de97b986560cb6794b8,exact_changed_line_match,NA,"b678d8103e48fdb1af335dbf0080b3d5366f2d17: error: sympy/physics/units/systems/si.py: already exists in working directory
","Provider-free 30-task five-checkpoint replay frame. Rows combine the d7 feasibility frame with 30/90/180/365-day human and OrcaLoca replays. The evaluator is F2P-only and fixed-method; no survival, semantic, behavioral, adaptation, or causal estimate is promoted."
sympy__sympy-12171,issue_resolution,sympy/sympy,python,ca6ef27272be31c9dc3753ede9232c39df9a75d8,OrcaLoca,NA,NA,NA,sympy__sympy-12171-d180,NA,NA,180,future_textual_conflict,NA,NA,NA,True,NA,NA,NA,evolution_incompatibility,662cfb818e865f580e18b59efbb3540c34232beb,SWE-bench Lite local record; F2P-only pilot,5e519a2c639d495eea609be17f3d1da73ada64bf541cf8ef9fb6f4dfe7ecddf8,True,278c050255dc4f5942338de97b986560cb6794b8,exact_changed_line_match,NA,"b678d8103e48fdb1af335dbf0080b3d5366f2d17: error: sympy/physics/units/systems/si.py: already exists in working directory
","Provider-free 30-task five-checkpoint replay frame. Rows combine the d7 feasibility frame with 30/90/180/365-day human and OrcaLoca replays. The evaluator is F2P-only and fixed-method; no survival, semantic, behavioral, adaptation, or causal estimate is promoted."
sympy__sympy-12171,issue_resolution,sympy/sympy,python,ca6ef27272be31c9dc3753ede9232c39df9a75d8,human,NA,NA,NA,sympy__sympy-12171-d365,NA,NA,365,future_textual_conflict,NA,NA,NA,True,NA,NA,NA,evolution_incompatibility,84a58dd33abb1de9e9cf5b06e2a50d01477831c1,SWE-bench Lite local record; F2P-only pilot,44ff6d656d8ce81cf1010326235df148a0146a8e736aad4186d597e272f66243,False,278c050255dc4f5942338de97b986560cb6794b8,exact_changed_line_match,NA,"b678d8103e48fdb1af335dbf0080b3d5366f2d17: error: sympy/physics/units/systems/si.py: already exists in working directory
","Provider-free 30-task five-checkpoint replay frame. Rows combine the d7 feasibility frame with 30/90/180/365-day human and OrcaLoca replays. The evaluator is F2P-only and fixed-method; no survival, semantic, behavioral, adaptation, or causal estimate is promoted."
sympy__sympy-12171,issue_resolution,sympy/sympy,python,ca6ef27272be31c9dc3753ede9232c39df9a75d8,OrcaLoca,NA,NA,NA,sympy__sympy-12171-d365,NA,NA,365,future_textual_conflict,NA,NA,NA,True,NA,NA,NA,evolution_incompatibility,84a58dd33abb1de9e9cf5b06e2a50d01477831c1,SWE-bench Lite local record; F2P-only pilot,5e519a2c639d495eea609be17f3d1da73ada64bf541cf8ef9fb6f4dfe7ecddf8,True,278c050255dc4f5942338de97b986560cb6794b8,exact_changed_line_match,NA,"b678d8103e48fdb1af335dbf0080b3d5366f2d17: error: sympy/physics/units/systems/si.py: already exists in working directory
","Provider-free 30-task five-checkpoint replay frame. Rows combine the d7 feasibility frame with 30/90/180/365-day human and OrcaLoca replays. The evaluator is F2P-only and fixed-method; no survival, semantic, behavioral, adaptation, or causal estimate is promoted."
astropy__astropy-14995,issue_resolution,astropy/astropy,python,b16c7d12ccbc7b2d20364b89fb44285bcbfede54,human,NA,NA,NA,astropy__astropy-14995-d30,NA,NA,30,checkpoint_replay_completed,True,0.0,NA,NA,NA,NA,NA,build_or_future_test_failure,bb0e1f61719a3be6ccddb802a3044ae5f264405b,SWE-bench Lite local record; F2P-only pilot,370b3ff97b3a0627c29b74cf0b60bae46fe75edcd35a8d121c2dbe0f0421899a,False,c0702dae400e4a3445afcb62e65e298b9d2f7465,exact_changed_line_match,"future repository FAIL_TO_PASS node IDs only; no test patch injection, PASS_TO_PASS, augmented, or behavioral check","{""build"": {""returncode"": 0, ""timed_out"": false, ""duration_seconds"": 34.913, ""stdout_sha256"": ""e3b0c44298fc1c149afbf4c8996fb92427ae41e4649b934ca495991b7852b855"", ""stderr_sha256"": ""e3b0c44298fc1c149afbf4c8996fb92427ae41e4649b934ca495991b7852b855"", ""stdout_head"": """", ""stderr_head"": """", ""stdout_tail"": """", ""stderr_tail"": """"}, ""future_test"": {""returncode"": 4, ""timed_out"": false, ""duration_seconds"": 4.185, ""stdout_sha256"": ""e3b0c44298fc1c149afbf4c8996fb92427ae41e4649b934ca495991b7852b855"", ""stderr_sha256"": ""1166e7251437a38688a57e46412d9c96ce873529436412bbe3da4fef23dd179d"", ""stdout_head"": """", ""stderr_head"": ""ImportError while loading conftest '[LOCAL_DRIVE]/lossoracc\\analysis_outputs\\work2_30_task_multicheckpoint_replay_20260901_isolated\\scratch\\task_3oela0aj\\branch_human\\conftest.py'.\r\nconftest.py:9: in <module>\r\n    import hypothesis\r\nE   ModuleNotFoundError: No module named 'hypothesis'\r\n"", ""stdout_tail"": """", ""stderr_tail"": ""ImportError while loading conftest '[LOCAL_DRIVE]/lossoracc\\analysis_outputs\\work2_30_task_multicheckpoint_replay_20260901_isolated\\scratch\\task_3oela0aj\\branch_human\\conftest.py'.\r\nconftest.py:9: in <module>\r\n    import hypothesis\r\nE   ModuleNotFoundError: No module named 'hypothesis'\r\n""}}","Provider-free 30-task five-checkpoint replay frame. Rows combine the d7 feasibility frame with 30/90/180/365-day human and OrcaLoca replays. The evaluator is F2P-only and fixed-method; no survival, semantic, behavioral, adaptation, or causal estimate is promoted."
astropy__astropy-14995,issue_resolution,astropy/astropy,python,b16c7d12ccbc7b2d20364b89fb44285bcbfede54,OrcaLoca,NA,NA,NA,astropy__astropy-14995-d30,NA,NA,30,future_textual_conflict,NA,NA,NA,True,NA,NA,NA,evolution_incompatibility,bb0e1f61719a3be6ccddb802a3044ae5f264405b,SWE-bench Lite local record; F2P-only pilot,7b99818a61f962d9fc42bb239368c86fe2fc3cd3866ffcfa153c94779881054e,True,c0702dae400e4a3445afcb62e65e298b9d2f7465,exact_changed_line_match,NA,"fa84475a5ae8f821b3034e0c95ea18be01c75012: error: patch failed: astropy/nddata/mixins/ndarithmetic.py:520
error: astropy/nddata/mixins/ndarithmetic.py: patch does not apply
","Provider-free 30-task five-checkpoint replay frame. Rows combine the d7 feasibility frame with 30/90/180/365-day human and OrcaLoca replays. The evaluator is F2P-only and fixed-method; no survival, semantic, behavioral, adaptation, or causal estimate is promoted."
astropy__astropy-14995,issue_resolution,astropy/astropy,python,b16c7d12ccbc7b2d20364b89fb44285bcbfede54,human,NA,NA,NA,astropy__astropy-14995-d90,NA,NA,90,source_unavailable_during_replay,NA,NA,NA,NA,NA,NA,NA,source_or_environment_failure,568e2e32072cbb89f9edaa52c6c0ec440a46f1ac,SWE-bench Lite local record; F2P-only pilot,370b3ff97b3a0627c29b74cf0b60bae46fe75edcd35a8d121c2dbe0f0421899a,False,c0702dae400e4a3445afcb62e65e298b9d2f7465,exact_changed_line_match,NA,291414a3b600a12738762b7c50bfc6709f3cbf13: available,"Provider-free 30-task five-checkpoint replay frame. Rows combine the d7 feasibility frame with 30/90/180/365-day human and OrcaLoca replays. The evaluator is F2P-only and fixed-method; no survival, semantic, behavioral, adaptation, or causal estimate is promoted."
astropy__astropy-14995,issue_resolution,astropy/astropy,python,b16c7d12ccbc7b2d20364b89fb44285bcbfede54,OrcaLoca,NA,NA,NA,astropy__astropy-14995-d90,NA,NA,90,future_textual_conflict,NA,NA,NA,True,NA,NA,NA,evolution_incompatibility,568e2e32072cbb89f9edaa52c6c0ec440a46f1ac,SWE-bench Lite local record; F2P-only pilot,7b99818a61f962d9fc42bb239368c86fe2fc3cd3866ffcfa153c94779881054e,True,c0702dae400e4a3445afcb62e65e298b9d2f7465,exact_changed_line_match,NA,"fa84475a5ae8f821b3034e0c95ea18be01c75012: error: patch failed: astropy/nddata/mixins/ndarithmetic.py:520
error: astropy/nddata/mixins/ndarithmetic.py: patch does not apply
","Provider-free 30-task five-checkpoint replay frame. Rows combine the d7 feasibility frame with 30/90/180/365-day human and OrcaLoca replays. The evaluator is F2P-only and fixed-method; no survival, semantic, behavioral, adaptation, or causal estimate is promoted."
astropy__astropy-14995,issue_resolution,astropy/astropy,python,b16c7d12ccbc7b2d20364b89fb44285bcbfede54,human,NA,NA,NA,astropy__astropy-14995-d180,NA,NA,180,source_unavailable_during_replay,NA,NA,NA,NA,NA,NA,NA,source_or_environment_failure,6568d90661f12a144ec9a2ccc814a3e2eaaf8a82,SWE-bench Lite local record; F2P-only pilot,370b3ff97b3a0627c29b74cf0b60bae46fe75edcd35a8d121c2dbe0f0421899a,False,c0702dae400e4a3445afcb62e65e298b9d2f7465,exact_changed_line_match,NA,291414a3b600a12738762b7c50bfc6709f3cbf13: available,"Provider-free 30-task five-checkpoint replay frame. Rows combine the d7 feasibility frame with 30/90/180/365-day human and OrcaLoca replays. The evaluator is F2P-only and fixed-method; no survival, semantic, behavioral, adaptation, or causal estimate is promoted."
astropy__astropy-14995,issue_resolution,astropy/astropy,python,b16c7d12ccbc7b2d20364b89fb44285bcbfede54,OrcaLoca,NA,NA,NA,astropy__astropy-14995-d180,NA,NA,180,future_textual_conflict,NA,NA,NA,True,NA,NA,NA,evolution_incompatibility,6568d90661f12a144ec9a2ccc814a3e2eaaf8a82,SWE-bench Lite local record; F2P-only pilot,7b99818a61f962d9fc42bb239368c86fe2fc3cd3866ffcfa153c94779881054e,True,c0702dae400e4a3445afcb62e65e298b9d2f7465,exact_changed_line_match,NA,"fa84475a5ae8f821b3034e0c95ea18be01c75012: error: patch failed: astropy/nddata/mixins/ndarithmetic.py:520
error: astropy/nddata/mixins/ndarithmetic.py: patch does not apply
","Provider-free 30-task five-checkpoint replay frame. Rows combine the d7 feasibility frame with 30/90/180/365-day human and OrcaLoca replays. The evaluator is F2P-only and fixed-method; no survival, semantic, behavioral, adaptation, or causal estimate is promoted."
astropy__astropy-14995,issue_resolution,astropy/astropy,python,b16c7d12ccbc7b2d20364b89fb44285bcbfede54,human,NA,NA,NA,astropy__astropy-14995-d365,NA,NA,365,source_unavailable_during_replay,NA,NA,NA,NA,NA,NA,NA,source_or_environment_failure,49127d6650cd2ccd076b88a8219d87166e5c57cb,SWE-bench Lite local record; F2P-only pilot,370b3ff97b3a0627c29b74cf0b60bae46fe75edcd35a8d121c2dbe0f0421899a,False,c0702dae400e4a3445afcb62e65e298b9d2f7465,exact_changed_line_match,NA,291414a3b600a12738762b7c50bfc6709f3cbf13: available,"Provider-free 30-task five-checkpoint replay frame. Rows combine the d7 feasibility frame with 30/90/180/365-day human and OrcaLoca replays. The evaluator is F2P-only and fixed-method; no survival, semantic, behavioral, adaptation, or causal estimate is promoted."
astropy__astropy-14995,issue_resolution,astropy/astropy,python,b16c7d12ccbc7b2d20364b89fb44285bcbfede54,OrcaLoca,NA,NA,NA,astropy__astropy-14995-d365,NA,NA,365,future_textual_conflict,NA,NA,NA,True,NA,NA,NA,evolution_incompatibility,49127d6650cd2ccd076b88a8219d87166e5c57cb,SWE-bench Lite local record; F2P-only pilot,7b99818a61f962d9fc42bb239368c86fe2fc3cd3866ffcfa153c94779881054e,True,c0702dae400e4a3445afcb62e65e298b9d2f7465,exact_changed_line_match,NA,"fa84475a5ae8f821b3034e0c95ea18be01c75012: error: patch failed: astropy/nddata/mixins/ndarithmetic.py:520
error: astropy/nddata/mixins/ndarithmetic.py: patch does not apply
","Provider-free 30-task five-checkpoint replay frame. Rows combine the d7 feasibility frame with 30/90/180/365-day human and OrcaLoca replays. The evaluator is F2P-only and fixed-method; no survival, semantic, behavioral, adaptation, or causal estimate is promoted."
matplotlib__matplotlib-23476,issue_resolution,matplotlib/matplotlib,python,33a0599711d26dc2b79f851c6daed4947df7c167,human,NA,NA,NA,matplotlib__matplotlib-23476-d30,NA,NA,30,future_textual_conflict,NA,NA,NA,True,NA,NA,NA,evolution_incompatibility,5773bf9a5ce11b7ba0c9bc1d6693ad99a39426cb,SWE-bench Lite local record; F2P-only pilot,0d25d0202773e4f51f9b66bd1264428152e9c3e8ef71cb953ce0440eed7dcc60,False,330124862b46dc003ff3e38427efcc9000b9d7ab,exact_changed_line_match,NA,"a33a6fd1ad4b2fdeafc3367620b2146dcfc08ad6: error: patch failed: lib/matplotlib/tests/baseline_images/test_mathtext/mathtext_cm_77.pdf:1
error: lib/matplotlib/tests/baseline_images/test_mathtext/mathtext_cm_77.pdf: patch does not apply
error: patch failed: lib/matplotlib/tests/baseline_images/test_mathtext/mathtext_dejavusans_77.pdf:1
error: lib/matplotlib/tests/baseline_images/test_mathtext/mathtext_dejavusans_77.pdf: patch does not apply
error: patch failed: lib/matplotlib/tests/baseline_images/test_mathtext/mathtext_dejavuserif_77.pdf:1
error: lib/matplotlib/tests/baseline_images/test_mathtext/mathtext_dejavuserif_77.pdf: patch does not apply
error: patch failed: lib/matplotlib/tests/baseline_images/test_mathtext/mathtext_stix_77.pdf:1
error: lib/matplotlib/tests/baseline_images/test_mathtext/mathtext_stix_77.pdf: patch does not apply
error: patch failed: lib/matplotlib/tests/baseline_images/test_mathtext/mathtext_stixsans_77.pdf:1
error: lib/matplotlib/tests/baseline_images/test_mathtext/mathtext_stixsans_77.pdf: patch does not apply
","Provider-free 30-task five-checkpoint replay frame. Rows combine the d7 feasibility frame with 30/90/180/365-day human and OrcaLoca replays. The evaluator is F2P-only and fixed-method; no survival, semantic, behavioral, adaptation, or causal estimate is promoted."
matplotlib__matplotlib-23476,issue_resolution,matplotlib/matplotlib,python,33a0599711d26dc2b79f851c6daed4947df7c167,OrcaLoca,NA,NA,NA,matplotlib__matplotlib-23476-d30,NA,NA,30,future_textual_conflict,NA,NA,NA,True,NA,NA,NA,evolution_incompatibility,5773bf9a5ce11b7ba0c9bc1d6693ad99a39426cb,SWE-bench Lite local record; F2P-only pilot,aec756a20ae8b04ec6c6cf2ddf07d0cb0a76bd456e0c5264473de823d0d9731e,True,330124862b46dc003ff3e38427efcc9000b9d7ab,exact_changed_line_match,NA,"a33a6fd1ad4b2fdeafc3367620b2146dcfc08ad6: error: patch failed: lib/matplotlib/tests/baseline_images/test_mathtext/mathtext_cm_77.pdf:1
error: lib/matplotlib/tests/baseline_images/test_mathtext/mathtext_cm_77.pdf: patch does not apply
error: patch failed: lib/matplotlib/tests/baseline_images/test_mathtext/mathtext_dejavusans_77.pdf:1
error: lib/matplotlib/tests/baseline_images/test_mathtext/mathtext_dejavusans_77.pdf: patch does not apply
error: patch failed: lib/matplotlib/tests/baseline_images/test_mathtext/mathtext_dejavuserif_77.pdf:1
error: lib/matplotlib/tests/baseline_images/test_mathtext/mathtext_dejavuserif_77.pdf: patch does not apply
error: patch failed: lib/matplotlib/tests/baseline_images/test_mathtext/mathtext_stix_77.pdf:1
error: lib/matplotlib/tests/baseline_images/test_mathtext/mathtext_stix_77.pdf: patch does not apply
error: patch failed: lib/matplotlib/tests/baseline_images/test_mathtext/mathtext_stixsans_77.pdf:1
error: lib/matplotlib/tests/baseline_images/test_mathtext/mathtext_stixsans_77.pdf: patch does not apply
","Provider-free 30-task five-checkpoint replay frame. Rows combine the d7 feasibility frame with 30/90/180/365-day human and OrcaLoca replays. The evaluator is F2P-only and fixed-method; no survival, semantic, behavioral, adaptation, or causal estimate is promoted."
matplotlib__matplotlib-23476,issue_resolution,matplotlib/matplotlib,python,33a0599711d26dc2b79f851c6daed4947df7c167,human,NA,NA,NA,matplotlib__matplotlib-23476-d90,NA,NA,90,future_textual_conflict,NA,NA,NA,True,NA,NA,NA,evolution_incompatibility,407e8d89a6221cb7ae149f41d49ea5873bd518f7,SWE-bench Lite local record; F2P-only pilot,0d25d0202773e4f51f9b66bd1264428152e9c3e8ef71cb953ce0440eed7dcc60,False,330124862b46dc003ff3e38427efcc9000b9d7ab,exact_changed_line_match,NA,"a33a6fd1ad4b2fdeafc3367620b2146dcfc08ad6: error: patch failed: lib/matplotlib/tests/baseline_images/test_mathtext/mathtext_cm_77.pdf:1
error: lib/matplotlib/tests/baseline_images/test_mathtext/mathtext_cm_77.pdf: patch does not apply
error: patch failed: lib/matplotlib/tests/baseline_images/test_mathtext/mathtext_dejavusans_77.pdf:1
error: lib/matplotlib/tests/baseline_images/test_mathtext/mathtext_dejavusans_77.pdf: patch does not apply
error: patch failed: lib/matplotlib/tests/baseline_images/test_mathtext/mathtext_dejavuserif_77.pdf:1
error: lib/matplotlib/tests/baseline_images/test_mathtext/mathtext_dejavuserif_77.pdf: patch does not apply
error: patch failed: lib/matplotlib/tests/baseline_images/test_mathtext/mathtext_stix_77.pdf:1
error: lib/matplotlib/tests/baseline_images/test_mathtext/mathtext_stix_77.pdf: patch does not apply
error: patch failed: lib/matplotlib/tests/baseline_images/test_mathtext/mathtext_stixsans_77.pdf:1
error: lib/matplotlib/tests/baseline_images/test_mathtext/mathtext_stixsans_77.pdf: patch does not apply
","Provider-free 30-task five-checkpoint replay frame. Rows combine the d7 feasibility frame with 30/90/180/365-day human and OrcaLoca replays. The evaluator is F2P-only and fixed-method; no survival, semantic, behavioral, adaptation, or causal estimate is promoted."
matplotlib__matplotlib-23476,issue_resolution,matplotlib/matplotlib,python,33a0599711d26dc2b79f851c6daed4947df7c167,OrcaLoca,NA,NA,NA,matplotlib__matplotlib-23476-d90,NA,NA,90,future_textual_conflict,NA,NA,NA,True,NA,NA,NA,evolution_incompatibility,407e8d89a6221cb7ae149f41d49ea5873bd518f7,SWE-bench Lite local record; F2P-only pilot,aec756a20ae8b04ec6c6cf2ddf07d0cb0a76bd456e0c5264473de823d0d9731e,True,330124862b46dc003ff3e38427efcc9000b9d7ab,exact_changed_line_match,NA,"a33a6fd1ad4b2fdeafc3367620b2146dcfc08ad6: error: patch failed: lib/matplotlib/tests/baseline_images/test_mathtext/mathtext_cm_77.pdf:1
error: lib/matplotlib/tests/baseline_images/test_mathtext/mathtext_cm_77.pdf: patch does not apply
error: patch failed: lib/matplotlib/tests/baseline_images/test_mathtext/mathtext_dejavusans_77.pdf:1
error: lib/matplotlib/tests/baseline_images/test_mathtext/mathtext_dejavusans_77.pdf: patch does not apply
error: patch failed: lib/matplotlib/tests/baseline_images/test_mathtext/mathtext_dejavuserif_77.pdf:1
error: lib/matplotlib/tests/baseline_images/test_mathtext/mathtext_dejavuserif_77.pdf: patch does not apply
error: patch failed: lib/matplotlib/tests/baseline_images/test_mathtext/mathtext_stix_77.pdf:1
error: lib/matplotlib/tests/baseline_images/test_mathtext/mathtext_stix_77.pdf: patch does not apply
error: patch failed: lib/matplotlib/tests/baseline_images/test_mathtext/mathtext_stixsans_77.pdf:1
error: lib/matplotlib/tests/baseline_images/test_mathtext/mathtext_stixsans_77.pdf: patch does not apply
","Provider-free 30-task five-checkpoint replay frame. Rows combine the d7 feasibility frame with 30/90/180/365-day human and OrcaLoca replays. The evaluator is F2P-only and fixed-method; no survival, semantic, behavioral, adaptation, or causal estimate is promoted."
matplotlib__matplotlib-23476,issue_resolution,matplotlib/matplotlib,python,33a0599711d26dc2b79f851c6daed4947df7c167,human,NA,NA,NA,matplotlib__matplotlib-23476-d180,NA,NA,180,future_textual_conflict,NA,NA,NA,True,NA,NA,NA,evolution_incompatibility,6d95491ea272db702f50493a01297db27f278d4a,SWE-bench Lite local record; F2P-only pilot,0d25d0202773e4f51f9b66bd1264428152e9c3e8ef71cb953ce0440eed7dcc60,False,330124862b46dc003ff3e38427efcc9000b9d7ab,exact_changed_line_match,NA,"a33a6fd1ad4b2fdeafc3367620b2146dcfc08ad6: error: patch failed: lib/matplotlib/tests/baseline_images/test_mathtext/mathtext_cm_77.pdf:1
error: lib/matplotlib/tests/baseline_images/test_mathtext/mathtext_cm_77.pdf: patch does not apply
error: patch failed: lib/matplotlib/tests/baseline_images/test_mathtext/mathtext_dejavusans_77.pdf:1
error: lib/matplotlib/tests/baseline_images/test_mathtext/mathtext_dejavusans_77.pdf: patch does not apply
error: patch failed: lib/matplotlib/tests/baseline_images/test_mathtext/mathtext_dejavuserif_77.pdf:1
error: lib/matplotlib/tests/baseline_images/test_mathtext/mathtext_dejavuserif_77.pdf: patch does not apply
error: patch failed: lib/matplotlib/tests/baseline_images/test_mathtext/mathtext_stix_77.pdf:1
error: lib/matplotlib/tests/baseline_images/test_mathtext/mathtext_stix_77.pdf: patch does not apply
error: patch failed: lib/matplotlib/tests/baseline_images/test_mathtext/mathtext_stixsans_77.pdf:1
error: lib/matplotlib/tests/baseline_images/test_mathtext/mathtext_stixsans_77.pdf: patch does not apply
","Provider-free 30-task five-checkpoint replay frame. Rows combine the d7 feasibility frame with 30/90/180/365-day human and OrcaLoca replays. The evaluator is F2P-only and fixed-method; no survival, semantic, behavioral, adaptation, or causal estimate is promoted."
matplotlib__matplotlib-23476,issue_resolution,matplotlib/matplotlib,python,33a0599711d26dc2b79f851c6daed4947df7c167,OrcaLoca,NA,NA,NA,matplotlib__matplotlib-23476-d180,NA,NA,180,future_textual_conflict,NA,NA,NA,True,NA,NA,NA,evolution_incompatibility,6d95491ea272db702f50493a01297db27f278d4a,SWE-bench Lite local record; F2P-only pilot,aec756a20ae8b04ec6c6cf2ddf07d0cb0a76bd456e0c5264473de823d0d9731e,True,330124862b46dc003ff3e38427efcc9000b9d7ab,exact_changed_line_match,NA,"a33a6fd1ad4b2fdeafc3367620b2146dcfc08ad6: error: patch failed: lib/matplotlib/tests/baseline_images/test_mathtext/mathtext_cm_77.pdf:1
error: lib/matplotlib/tests/baseline_images/test_mathtext/mathtext_cm_77.pdf: patch does not apply
error: patch failed: lib/matplotlib/tests/baseline_images/test_mathtext/mathtext_dejavusans_77.pdf:1
error: lib/matplotlib/tests/baseline_images/test_mathtext/mathtext_dejavusans_77.pdf: patch does not apply
error: patch failed: lib/matplotlib/tests/baseline_images/test_mathtext/mathtext_dejavuserif_77.pdf:1
error: lib/matplotlib/tests/baseline_images/test_mathtext/mathtext_dejavuserif_77.pdf: patch does not apply
error: patch failed: lib/matplotlib/tests/baseline_images/test_mathtext/mathtext_stix_77.pdf:1
error: lib/matplotlib/tests/baseline_images/test_mathtext/mathtext_stix_77.pdf: patch does not apply
error: patch failed: lib/matplotlib/tests/baseline_images/test_mathtext/mathtext_stixsans_77.pdf:1
error: lib/matplotlib/tests/baseline_images/test_mathtext/mathtext_stixsans_77.pdf: patch does not apply
","Provider-free 30-task five-checkpoint replay frame. Rows combine the d7 feasibility frame with 30/90/180/365-day human and OrcaLoca replays. The evaluator is F2P-only and fixed-method; no survival, semantic, behavioral, adaptation, or causal estimate is promoted."
matplotlib__matplotlib-23476,issue_resolution,matplotlib/matplotlib,python,33a0599711d26dc2b79f851c6daed4947df7c167,human,NA,NA,NA,matplotlib__matplotlib-23476-d365,NA,NA,365,future_textual_conflict,NA,NA,NA,True,NA,NA,NA,evolution_incompatibility,6eeede6a1a96272c9f87ea2a0774baa79f8503b6,SWE-bench Lite local record; F2P-only pilot,0d25d0202773e4f51f9b66bd1264428152e9c3e8ef71cb953ce0440eed7dcc60,False,330124862b46dc003ff3e38427efcc9000b9d7ab,exact_changed_line_match,NA,"a33a6fd1ad4b2fdeafc3367620b2146dcfc08ad6: error: patch failed: lib/matplotlib/tests/baseline_images/test_mathtext/mathtext_cm_77.pdf:1
error: lib/matplotlib/tests/baseline_images/test_mathtext/mathtext_cm_77.pdf: patch does not apply
error: patch failed: lib/matplotlib/tests/baseline_images/test_mathtext/mathtext_dejavusans_77.pdf:1
error: lib/matplotlib/tests/baseline_images/test_mathtext/mathtext_dejavusans_77.pdf: patch does not apply
error: patch failed: lib/matplotlib/tests/baseline_images/test_mathtext/mathtext_dejavuserif_77.pdf:1
error: lib/matplotlib/tests/baseline_images/test_mathtext/mathtext_dejavuserif_77.pdf: patch does not apply
error: patch failed: lib/matplotlib/tests/baseline_images/test_mathtext/mathtext_stix_77.pdf:1
error: lib/matplotlib/tests/baseline_images/test_mathtext/mathtext_stix_77.pdf: patch does not apply
error: patch failed: lib/matplotlib/tests/baseline_images/test_mathtext/mathtext_stixsans_77.pdf:1
error: lib/matplotlib/tests/baseline_images/test_mathtext/mathtext_stixsans_77.pdf: patch does not apply
","Provider-free 30-task five-checkpoint replay frame. Rows combine the d7 feasibility frame with 30/90/180/365-day human and OrcaLoca replays. The evaluator is F2P-only and fixed-method; no survival, semantic, behavioral, adaptation, or causal estimate is promoted."
matplotlib__matplotlib-23476,issue_resolution,matplotlib/matplotlib,python,33a0599711d26dc2b79f851c6daed4947df7c167,OrcaLoca,NA,NA,NA,matplotlib__matplotlib-23476-d365,NA,NA,365,future_textual_conflict,NA,NA,NA,True,NA,NA,NA,evolution_incompatibility,6eeede6a1a96272c9f87ea2a0774baa79f8503b6,SWE-bench Lite local record; F2P-only pilot,aec756a20ae8b04ec6c6cf2ddf07d0cb0a76bd456e0c5264473de823d0d9731e,True,330124862b46dc003ff3e38427efcc9000b9d7ab,exact_changed_line_match,NA,"a33a6fd1ad4b2fdeafc3367620b2146dcfc08ad6: error: patch failed: lib/matplotlib/tests/baseline_images/test_mathtext/mathtext_cm_77.pdf:1
error: lib/matplotlib/tests/baseline_images/test_mathtext/mathtext_cm_77.pdf: patch does not apply
error: patch failed: lib/matplotlib/tests/baseline_images/test_mathtext/mathtext_dejavusans_77.pdf:1
error: lib/matplotlib/tests/baseline_images/test_mathtext/mathtext_dejavusans_77.pdf: patch does not apply
error: patch failed: lib/matplotlib/tests/baseline_images/test_mathtext/mathtext_dejavuserif_77.pdf:1
error: lib/matplotlib/tests/baseline_images/test_mathtext/mathtext_dejavuserif_77.pdf: patch does not apply
error: patch failed: lib/matplotlib/tests/baseline_images/test_mathtext/mathtext_stix_77.pdf:1
error: lib/matplotlib/tests/baseline_images/test_mathtext/mathtext_stix_77.pdf: patch does not apply
error: patch failed: lib/matplotlib/tests/baseline_images/test_mathtext/mathtext_stixsans_77.pdf:1
error: lib/matplotlib/tests/baseline_images/test_mathtext/mathtext_stixsans_77.pdf: patch does not apply
","Provider-free 30-task five-checkpoint replay frame. Rows combine the d7 feasibility frame with 30/90/180/365-day human and OrcaLoca replays. The evaluator is F2P-only and fixed-method; no survival, semantic, behavioral, adaptation, or causal estimate is promoted."
matplotlib__matplotlib-23562,issue_resolution,matplotlib/matplotlib,python,29a86636a9c45ab5ac4d80ac76eaee497f460dce,human,NA,NA,NA,matplotlib__matplotlib-23562-d30,NA,NA,30,future_textual_conflict,NA,NA,NA,True,NA,NA,NA,evolution_incompatibility,4ad86c8ed5e3dc6cd426abdfe73346f6502787ba,SWE-bench Lite local record; F2P-only pilot,3b180488c3529ec12b650e953281a79f4e3c0f6a107c461374dc807ab53a4f98,False,1fd71a5d23c0856f8005b9f82828d4b7c11b4734,exact_changed_line_match,NA,"a68f21f589b1747cccf30d2f9bd460bacf397003: error: patch failed: .git_archival.txt:1
error: .git_archival.txt: patch does not apply
","Provider-free 30-task five-checkpoint replay frame. Rows combine the d7 feasibility frame with 30/90/180/365-day human and OrcaLoca replays. The evaluator is F2P-only and fixed-method; no survival, semantic, behavioral, adaptation, or causal estimate is promoted."
matplotlib__matplotlib-23562,issue_resolution,matplotlib/matplotlib,python,29a86636a9c45ab5ac4d80ac76eaee497f460dce,OrcaLoca,NA,NA,NA,matplotlib__matplotlib-23562-d30,NA,NA,30,future_textual_conflict,NA,NA,NA,True,NA,NA,NA,evolution_incompatibility,4ad86c8ed5e3dc6cd426abdfe73346f6502787ba,SWE-bench Lite local record; F2P-only pilot,acc841c5c8b4fadaa6837aa663164c29c098f0cf73ce98541c4f665580ffa0ef,True,1fd71a5d23c0856f8005b9f82828d4b7c11b4734,exact_changed_line_match,NA,"a68f21f589b1747cccf30d2f9bd460bacf397003: error: patch failed: .git_archival.txt:1
error: .git_archival.txt: patch does not apply
","Provider-free 30-task five-checkpoint replay frame. Rows combine the d7 feasibility frame with 30/90/180/365-day human and OrcaLoca replays. The evaluator is F2P-only and fixed-method; no survival, semantic, behavioral, adaptation, or causal estimate is promoted."
matplotlib__matplotlib-23562,issue_resolution,matplotlib/matplotlib,python,29a86636a9c45ab5ac4d80ac76eaee497f460dce,human,NA,NA,NA,matplotlib__matplotlib-23562-d90,NA,NA,90,future_textual_conflict,NA,NA,NA,True,NA,NA,NA,evolution_incompatibility,6c09a56fa6f3f3c0cb5160af7207bf628c43405b,SWE-bench Lite local record; F2P-only pilot,3b180488c3529ec12b650e953281a79f4e3c0f6a107c461374dc807ab53a4f98,False,1fd71a5d23c0856f8005b9f82828d4b7c11b4734,exact_changed_line_match,NA,"a68f21f589b1747cccf30d2f9bd460bacf397003: error: patch failed: .git_archival.txt:1
error: .git_archival.txt: patch does not apply
","Provider-free 30-task five-checkpoint replay frame. Rows combine the d7 feasibility frame with 30/90/180/365-day human and OrcaLoca replays. The evaluator is F2P-only and fixed-method; no survival, semantic, behavioral, adaptation, or causal estimate is promoted."
matplotlib__matplotlib-23562,issue_resolution,matplotlib/matplotlib,python,29a86636a9c45ab5ac4d80ac76eaee497f460dce,OrcaLoca,NA,NA,NA,matplotlib__matplotlib-23562-d90,NA,NA,90,future_textual_conflict,NA,NA,NA,True,NA,NA,NA,evolution_incompatibility,6c09a56fa6f3f3c0cb5160af7207bf628c43405b,SWE-bench Lite local record; F2P-only pilot,acc841c5c8b4fadaa6837aa663164c29c098f0cf73ce98541c4f665580ffa0ef,True,1fd71a5d23c0856f8005b9f82828d4b7c11b4734,exact_changed_line_match,NA,"a68f21f589b1747cccf30d2f9bd460bacf397003: error: patch failed: .git_archival.txt:1
error: .git_archival.txt: patch does not apply
","Provider-free 30-task five-checkpoint replay frame. Rows combine the d7 feasibility frame with 30/90/180/365-day human and OrcaLoca replays. The evaluator is F2P-only and fixed-method; no survival, semantic, behavioral, adaptation, or causal estimate is promoted."
matplotlib__matplotlib-23562,issue_resolution,matplotlib/matplotlib,python,29a86636a9c45ab5ac4d80ac76eaee497f460dce,human,NA,NA,NA,matplotlib__matplotlib-23562-d180,NA,NA,180,future_textual_conflict,NA,NA,NA,True,NA,NA,NA,evolution_incompatibility,faf88bf807b9266263459afe01770814b7603d07,SWE-bench Lite local record; F2P-only pilot,3b180488c3529ec12b650e953281a79f4e3c0f6a107c461374dc807ab53a4f98,False,1fd71a5d23c0856f8005b9f82828d4b7c11b4734,exact_changed_line_match,NA,"a68f21f589b1747cccf30d2f9bd460bacf397003: error: patch failed: .git_archival.txt:1
error: .git_archival.txt: patch does not apply
","Provider-free 30-task five-checkpoint replay frame. Rows combine the d7 feasibility frame with 30/90/180/365-day human and OrcaLoca replays. The evaluator is F2P-only and fixed-method; no survival, semantic, behavioral, adaptation, or causal estimate is promoted."
matplotlib__matplotlib-23562,issue_resolution,matplotlib/matplotlib,python,29a86636a9c45ab5ac4d80ac76eaee497f460dce,OrcaLoca,NA,NA,NA,matplotlib__matplotlib-23562-d180,NA,NA,180,future_textual_conflict,NA,NA,NA,True,NA,NA,NA,evolution_incompatibility,faf88bf807b9266263459afe01770814b7603d07,SWE-bench Lite local record; F2P-only pilot,acc841c5c8b4fadaa6837aa663164c29c098f0cf73ce98541c4f665580ffa0ef,True,1fd71a5d23c0856f8005b9f82828d4b7c11b4734,exact_changed_line_match,NA,"a68f21f589b1747cccf30d2f9bd460bacf397003: error: patch failed: .git_archival.txt:1
error: .git_archival.txt: patch does not apply
","Provider-free 30-task five-checkpoint replay frame. Rows combine the d7 feasibility frame with 30/90/180/365-day human and OrcaLoca replays. The evaluator is F2P-only and fixed-method; no survival, semantic, behavioral, adaptation, or causal estimate is promoted."
matplotlib__matplotlib-23562,issue_resolution,matplotlib/matplotlib,python,29a86636a9c45ab5ac4d80ac76eaee497f460dce,human,NA,NA,NA,matplotlib__matplotlib-23562-d365,NA,NA,365,future_textual_conflict,NA,NA,NA,True,NA,NA,NA,evolution_incompatibility,5140177a69f4bfc195975aa24f244e97e2ff1ab6,SWE-bench Lite local record; F2P-only pilot,3b180488c3529ec12b650e953281a79f4e3c0f6a107c461374dc807ab53a4f98,False,1fd71a5d23c0856f8005b9f82828d4b7c11b4734,exact_changed_line_match,NA,"a68f21f589b1747cccf30d2f9bd460bacf397003: error: patch failed: .git_archival.txt:1
error: .git_archival.txt: patch does not apply
","Provider-free 30-task five-checkpoint replay frame. Rows combine the d7 feasibility frame with 30/90/180/365-day human and OrcaLoca replays. The evaluator is F2P-only and fixed-method; no survival, semantic, behavioral, adaptation, or causal estimate is promoted."
matplotlib__matplotlib-23562,issue_resolution,matplotlib/matplotlib,python,29a86636a9c45ab5ac4d80ac76eaee497f460dce,OrcaLoca,NA,NA,NA,matplotlib__matplotlib-23562-d365,NA,NA,365,future_textual_conflict,NA,NA,NA,True,NA,NA,NA,evolution_incompatibility,5140177a69f4bfc195975aa24f244e97e2ff1ab6,SWE-bench Lite local record; F2P-only pilot,acc841c5c8b4fadaa6837aa663164c29c098f0cf73ce98541c4f665580ffa0ef,True,1fd71a5d23c0856f8005b9f82828d4b7c11b4734,exact_changed_line_match,NA,"a68f21f589b1747cccf30d2f9bd460bacf397003: error: patch failed: .git_archival.txt:1
error: .git_archival.txt: patch does not apply
","Provider-free 30-task five-checkpoint replay frame. Rows combine the d7 feasibility frame with 30/90/180/365-day human and OrcaLoca replays. The evaluator is F2P-only and fixed-method; no survival, semantic, behavioral, adaptation, or causal estimate is promoted."
mwaskom__seaborn-3407,issue_resolution,mwaskom/seaborn,python,515286e02be3e4c0ff2ef4addb34a53c4a676ee4,human,NA,NA,NA,mwaskom__seaborn-3407-d30,NA,NA,30,checkpoint_replay_completed,True,0.0,NA,NA,NA,NA,NA,build_or_future_test_failure,3ef2a0f9580e5a4715be878c73751454089c945d,SWE-bench Lite local record; F2P-only pilot,a1d60cf5bd6ca42f45bbd89aef9d736758cdf9ca4c81357efddf7fb78a942b1a,False,7780305bae63d8be3416858ac35f6fa706bab4d6,exact_changed_line_match,"future repository FAIL_TO_PASS node IDs only; no test patch injection, PASS_TO_PASS, augmented, or behavioral check","{""build"": {""returncode"": 0, ""timed_out"": false, ""duration_seconds"": 6.323, ""stdout_sha256"": ""e3b0c44298fc1c149afbf4c8996fb92427ae41e4649b934ca495991b7852b855"", ""stderr_sha256"": ""9fba11ff97e771248f80b155196722b30e5ad83f0c1118d40d00203bba35f1e4"", ""stdout_head"": """", ""stderr_head"": "".\\doc\\conf.py:99: SyntaxWarning: invalid escape sequence '\\s'\r\n  .. |API| replace:: :raw-html:`<span class=\""badge badge-api\"">API</span>` :raw-latex:`{\\small\\sc [API]}`\r\n"", ""stdout_tail"": """", ""stderr_tail"": "".\\doc\\conf.py:99: SyntaxWarning: invalid escape sequence '\\s'\r\n  .. |API| replace:: :raw-html:`<span class=\""badge badge-api\"">API</span>` :raw-latex:`{\\small\\sc [API]}`\r\n""}, ""future_test"": {""returncode"": 4, ""timed_out"": false, ""duration_seconds"": 16.203, ""stdout_sha256"": ""61565e74cfdab9cbd572b187910ba82af81988575adb8bae3fab7bf42c250441"", ""stderr_sha256"": ""530b1faa9ab6ff77f73399acb7ab9beb80ca374d914b248199216dc8796d7392"", ""stdout_head"": ""\r\n=================================== ERRORS ====================================\r\n___________________ ERROR collecting tests/test_axisgrid.py ___________________\r\nImportError while importing test module '[LOCAL_DRIVE]/lossoracc\\analysis_outputs\\work2_30_task_multicheckpoint_replay_20260901_isolated\\scratch\\task_pv43h1uz\\branch_human\\tests\\test_axisgrid.py'.\r\nHint: make sure your test modules/packages have valid Python names.\r\nTraceback:\r\nD:\\python13\\Lib\\importlib\\__init__.py:88: in import_module\r\n    return _bootstrap._gcd_import(name[level:], package, level)\r\n           ^^^^^^^^^^^^^^^^^^^^^^^^^^^^^^^^^^^^^^^^^^^^^^^^^^^^\r\ntests\\test_axisgrid.py:3: in <module>\r\n    import matplotlib as mpl\r\nE   ModuleNotFoundError: No module named 'matplotlib'\r\n=========================== short test summary info ===========================\r\nERROR tests/test_axisgrid.py\r\n1 error in 1.29s\r\n"", ""stderr_head"": ""ERROR: found no collectors for [LOCAL_DRIVE]/lossoracc\\analysis_outputs\\work2_30_task_multicheckpoint_replay_20260901_isolated\\scratch\\task_pv43h1uz\\branch_human\\tests\\test_axisgrid.py::TestPairGrid::test_pairplot_column_multiindex\r\n\r\n"", ""stdout_tail"": ""\r\n=================================== ERRORS ====================================\r\n___________________ ERROR collecting tests/test_axisgrid.py ___________________\r\nImportError while importing test module '[LOCAL_DRIVE]/lossoracc\\analysis_outputs\\work2_30_task_multicheckpoint_replay_20260901_isolated\\scratch\\task_pv43h1uz\\branch_human\\tests\\test_axisgrid.py'.\r\nHint: make sure your test modules/packages have valid Python names.\r\nTraceback:\r\nD:\\python13\\Lib\\importlib\\__init__.py:88: in import_module\r\n    return _bootstrap._gcd_import(name[level:], package, level)\r\n           ^^^^^^^^^^^^^^^^^^^^^^^^^^^^^^^^^^^^^^^^^^^^^^^^^^^^\r\ntests\\test_axisgrid.py:3: in <module>\r\n    import matplotlib as mpl\r\nE   ModuleNotFoundError: No module named 'matplotlib'\r\n=========================== short test summary info ===========================\r\nERROR tests/test_axisgrid.py\r\n1 error in 1.29s\r\n"", ""stderr_tail"": ""ERROR: found no collectors for [LOCAL_DRIVE]/lossoracc\\analysis_outputs\\work2_30_task_multicheckpoint_replay_20260901_isolated\\scratch\\task_pv43h1uz\\branch_human\\tests\\test_axisgrid.py::TestPairGrid::test_pairplot_column_multiindex\r\n\r\n""}}","Provider-free 30-task five-checkpoint replay frame. Rows combine the d7 feasibility frame with 30/90/180/365-day human and OrcaLoca replays. The evaluator is F2P-only and fixed-method; no survival, semantic, behavioral, adaptation, or causal estimate is promoted."
mwaskom__seaborn-3407,issue_resolution,mwaskom/seaborn,python,515286e02be3e4c0ff2ef4addb34a53c4a676ee4,OrcaLoca,NA,NA,NA,mwaskom__seaborn-3407-d30,NA,NA,30,checkpoint_replay_completed,True,0.0,NA,NA,NA,NA,NA,build_or_future_test_failure,3ef2a0f9580e5a4715be878c73751454089c945d,SWE-bench Lite local record; F2P-only pilot,a38c0171ff34abc9c3fe344e6dcf9299cfe0e22e6d60c69dffeacec930d4b769,True,7780305bae63d8be3416858ac35f6fa706bab4d6,exact_changed_line_match,"future repository FAIL_TO_PASS node IDs only; no test patch injection, PASS_TO_PASS, augmented, or behavioral check","{""build"": {""returncode"": 0, ""timed_out"": false, ""duration_seconds"": 9.99, ""stdout_sha256"": ""e3b0c44298fc1c149afbf4c8996fb92427ae41e4649b934ca495991b7852b855"", ""stderr_sha256"": ""9fba11ff97e771248f80b155196722b30e5ad83f0c1118d40d00203bba35f1e4"", ""stdout_head"": """", ""stderr_head"": "".\\doc\\conf.py:99: SyntaxWarning: invalid escape sequence '\\s'\r\n  .. |API| replace:: :raw-html:`<span class=\""badge badge-api\"">API</span>` :raw-latex:`{\\small\\sc [API]}`\r\n"", ""stdout_tail"": """", ""stderr_tail"": "".\\doc\\conf.py:99: SyntaxWarning: invalid escape sequence '\\s'\r\n  .. |API| replace:: :raw-html:`<span class=\""badge badge-api\"">API</span>` :raw-latex:`{\\small\\sc [API]}`\r\n""}, ""future_test"": {""returncode"": 4, ""timed_out"": false, ""duration_seconds"": 20.451, ""stdout_sha256"": ""9cd2873b35f02440d7e488baaf3310a378062cfecc13d51c2a8470c73492ecb7"", ""stderr_sha256"": ""66c4c6db702606b7cb98ca9f124862025179c732bd987f8260f595abc75226b4"", ""stdout_head"": ""\r\n=================================== ERRORS ====================================\r\n___________________ ERROR collecting tests/test_axisgrid.py ___________________\r\nImportError while importing test module '[LOCAL_DRIVE]/lossoracc\\analysis_outputs\\work2_30_task_multicheckpoint_replay_20260901_isolated\\scratch\\task_pv43h1uz\\branch_OrcaLoca\\tests\\test_axisgrid.py'.\r\nHint: make sure your test modules/packages have valid Python names.\r\nTraceback:\r\nD:\\python13\\Lib\\importlib\\__init__.py:88: in import_module\r\n    return _bootstrap._gcd_import(name[level:], package, level)\r\n           ^^^^^^^^^^^^^^^^^^^^^^^^^^^^^^^^^^^^^^^^^^^^^^^^^^^^\r\ntests\\test_axisgrid.py:3: in <module>\r\n    import matplotlib as mpl\r\nE   ModuleNotFoundError: No module named 'matplotlib'\r\n=========================== short test summary info ===========================\r\nERROR tests/test_axisgrid.py\r\n1 error in 1.34s\r\n"", ""stderr_head"": ""ERROR: found no collectors for [LOCAL_DRIVE]/lossoracc\\analysis_outputs\\work2_30_task_multicheckpoint_replay_20260901_isolated\\scratch\\task_pv43h1uz\\branch_OrcaLoca\\tests\\test_axisgrid.py::TestPairGrid::test_pairplot_column_multiindex\r\n\r\n"", ""stdout_tail"": ""\r\n=================================== ERRORS ====================================\r\n___________________ ERROR collecting tests/test_axisgrid.py ___________________\r\nImportError while importing test module '[LOCAL_DRIVE]/lossoracc\\analysis_outputs\\work2_30_task_multicheckpoint_replay_20260901_isolated\\scratch\\task_pv43h1uz\\branch_OrcaLoca\\tests\\test_axisgrid.py'.\r\nHint: make sure your test modules/packages have valid Python names.\r\nTraceback:\r\nD:\\python13\\Lib\\importlib\\__init__.py:88: in import_module\r\n    return _bootstrap._gcd_import(name[level:], package, level)\r\n           ^^^^^^^^^^^^^^^^^^^^^^^^^^^^^^^^^^^^^^^^^^^^^^^^^^^^\r\ntests\\test_axisgrid.py:3: in <module>\r\n    import matplotlib as mpl\r\nE   ModuleNotFoundError: No module named 'matplotlib'\r\n=========================== short test summary info ===========================\r\nERROR tests/test_axisgrid.py\r\n1 error in 1.34s\r\n"", ""stderr_tail"": ""ERROR: found no collectors for [LOCAL_DRIVE]/lossoracc\\analysis_outputs\\work2_30_task_multicheckpoint_replay_20260901_isolated\\scratch\\task_pv43h1uz\\branch_OrcaLoca\\tests\\test_axisgrid.py::TestPairGrid::test_pairplot_column_multiindex\r\n\r\n""}}","Provider-free 30-task five-checkpoint replay frame. Rows combine the d7 feasibility frame with 30/90/180/365-day human and OrcaLoca replays. The evaluator is F2P-only and fixed-method; no survival, semantic, behavioral, adaptation, or causal estimate is promoted."
mwaskom__seaborn-3407,issue_resolution,mwaskom/seaborn,python,515286e02be3e4c0ff2ef4addb34a53c4a676ee4,human,NA,NA,NA,mwaskom__seaborn-3407-d90,NA,NA,90,checkpoint_replay_completed,True,0.0,NA,NA,NA,NA,NA,build_or_future_test_failure,1f788201822941a3aca7fedf0bcd49d16ebc313b,SWE-bench Lite local record; F2P-only pilot,a1d60cf5bd6ca42f45bbd89aef9d736758cdf9ca4c81357efddf7fb78a942b1a,False,7780305bae63d8be3416858ac35f6fa706bab4d6,exact_changed_line_match,"future repository FAIL_TO_PASS node IDs only; no test patch injection, PASS_TO_PASS, augmented, or behavioral check","{""build"": {""returncode"": 0, ""timed_out"": false, ""duration_seconds"": 5.939, ""stdout_sha256"": ""e3b0c44298fc1c149afbf4c8996fb92427ae41e4649b934ca495991b7852b855"", ""stderr_sha256"": ""9fba11ff97e771248f80b155196722b30e5ad83f0c1118d40d00203bba35f1e4"", ""stdout_head"": """", ""stderr_head"": "".\\doc\\conf.py:99: SyntaxWarning: invalid escape sequence '\\s'\r\n  .. |API| replace:: :raw-html:`<span class=\""badge badge-api\"">API</span>` :raw-latex:`{\\small\\sc [API]}`\r\n"", ""stdout_tail"": """", ""stderr_tail"": "".\\doc\\conf.py:99: SyntaxWarning: invalid escape sequence '\\s'\r\n  .. |API| replace:: :raw-html:`<span class=\""badge badge-api\"">API</span>` :raw-latex:`{\\small\\sc [API]}`\r\n""}, ""future_test"": {""returncode"": 4, ""timed_out"": false, ""duration_seconds"": 8.154, ""stdout_sha256"": ""3e617608d635a6948b8a1bf7704cfb306355a2e9ad7fec82bccc738477932ec7"", ""stderr_sha256"": ""84ef21c0ca4d852f28208d9ec0fd2f21a753e9b677eff087cb9bf2f5ea54b165"", ""stdout_head"": ""\r\n=================================== ERRORS ====================================\r\n___________________ ERROR collecting tests/test_axisgrid.py ___________________\r\nImportError while importing test module '[LOCAL_DRIVE]/lossoracc\\analysis_outputs\\work2_30_task_multicheckpoint_replay_20260901_isolated\\scratch\\task_iul7rkd3\\branch_human\\tests\\test_axisgrid.py'.\r\nHint: make sure your test modules/packages have valid Python names.\r\nTraceback:\r\nD:\\python13\\Lib\\importlib\\__init__.py:88: in import_module\r\n    return _bootstrap._gcd_import(name[level:], package, level)\r\n           ^^^^^^^^^^^^^^^^^^^^^^^^^^^^^^^^^^^^^^^^^^^^^^^^^^^^\r\ntests\\test_axisgrid.py:3: in <module>\r\n    import matplotlib as mpl\r\nE   ModuleNotFoundError: No module named 'matplotlib'\r\n=========================== short test summary info ===========================\r\nERROR tests/test_axisgrid.py\r\n1 error in 0.74s\r\n"", ""stderr_head"": ""ERROR: found no collectors for [LOCAL_DRIVE]/lossoracc\\analysis_outputs\\work2_30_task_multicheckpoint_replay_20260901_isolated\\scratch\\task_iul7rkd3\\branch_human\\tests\\test_axisgrid.py::TestPairGrid::test_pairplot_column_multiindex\r\n\r\n"", ""stdout_tail"": ""\r\n=================================== ERRORS ====================================\r\n___________________ ERROR collecting tests/test_axisgrid.py ___________________\r\nImportError while importing test module '[LOCAL_DRIVE]/lossoracc\\analysis_outputs\\work2_30_task_multicheckpoint_replay_20260901_isolated\\scratch\\task_iul7rkd3\\branch_human\\tests\\test_axisgrid.py'.\r\nHint: make sure your test modules/packages have valid Python names.\r\nTraceback:\r\nD:\\python13\\Lib\\importlib\\__init__.py:88: in import_module\r\n    return _bootstrap._gcd_import(name[level:], package, level)\r\n           ^^^^^^^^^^^^^^^^^^^^^^^^^^^^^^^^^^^^^^^^^^^^^^^^^^^^\r\ntests\\test_axisgrid.py:3: in <module>\r\n    import matplotlib as mpl\r\nE   ModuleNotFoundError: No module named 'matplotlib'\r\n=========================== short test summary info ===========================\r\nERROR tests/test_axisgrid.py\r\n1 error in 0.74s\r\n"", ""stderr_tail"": ""ERROR: found no collectors for [LOCAL_DRIVE]/lossoracc\\analysis_outputs\\work2_30_task_multicheckpoint_replay_20260901_isolated\\scratch\\task_iul7rkd3\\branch_human\\tests\\test_axisgrid.py::TestPairGrid::test_pairplot_column_multiindex\r\n\r\n""}}","Provider-free 30-task five-checkpoint replay frame. Rows combine the d7 feasibility frame with 30/90/180/365-day human and OrcaLoca replays. The evaluator is F2P-only and fixed-method; no survival, semantic, behavioral, adaptation, or causal estimate is promoted."
mwaskom__seaborn-3407,issue_resolution,mwaskom/seaborn,python,515286e02be3e4c0ff2ef4addb34a53c4a676ee4,OrcaLoca,NA,NA,NA,mwaskom__seaborn-3407-d90,NA,NA,90,checkpoint_replay_completed,True,0.0,NA,NA,NA,NA,NA,build_or_future_test_failure,1f788201822941a3aca7fedf0bcd49d16ebc313b,SWE-bench Lite local record; F2P-only pilot,a38c0171ff34abc9c3fe344e6dcf9299cfe0e22e6d60c69dffeacec930d4b769,True,7780305bae63d8be3416858ac35f6fa706bab4d6,exact_changed_line_match,"future repository FAIL_TO_PASS node IDs only; no test patch injection, PASS_TO_PASS, augmented, or behavioral check","{""build"": {""returncode"": 0, ""timed_out"": false, ""duration_seconds"": 11.438, ""stdout_sha256"": ""e3b0c44298fc1c149afbf4c8996fb92427ae41e4649b934ca495991b7852b855"", ""stderr_sha256"": ""9fba11ff97e771248f80b155196722b30e5ad83f0c1118d40d00203bba35f1e4"", ""stdout_head"": """", ""stderr_head"": "".\\doc\\conf.py:99: SyntaxWarning: invalid escape sequence '\\s'\r\n  .. |API| replace:: :raw-html:`<span class=\""badge badge-api\"">API</span>` :raw-latex:`{\\small\\sc [API]}`\r\n"", ""stdout_tail"": """", ""stderr_tail"": "".\\doc\\conf.py:99: SyntaxWarning: invalid escape sequence '\\s'\r\n  .. |API| replace:: :raw-html:`<span class=\""badge badge-api\"">API</span>` :raw-latex:`{\\small\\sc [API]}`\r\n""}, ""future_test"": {""returncode"": 4, ""timed_out"": false, ""duration_seconds"": 9.663, ""stdout_sha256"": ""5a8246a82941af0a757ce0e5f7d099057aa94ef96735143760a11ca1700d3049"", ""stderr_sha256"": ""37e0af67ee3f7985d044747a4538621fb9414dc66d312dba9af09fb9aea0434b"", ""stdout_head"": ""\r\n=================================== ERRORS ====================================\r\n___________________ ERROR collecting tests/test_axisgrid.py ___________________\r\nImportError while importing test module '[LOCAL_DRIVE]/lossoracc\\analysis_outputs\\work2_30_task_multicheckpoint_replay_20260901_isolated\\scratch\\task_iul7rkd3\\branch_OrcaLoca\\tests\\test_axisgrid.py'.\r\nHint: make sure your test modules/packages have valid Python names.\r\nTraceback:\r\nD:\\python13\\Lib\\importlib\\__init__.py:88: in import_module\r\n    return _bootstrap._gcd_import(name[level:], package, level)\r\n           ^^^^^^^^^^^^^^^^^^^^^^^^^^^^^^^^^^^^^^^^^^^^^^^^^^^^\r\ntests\\test_axisgrid.py:3: in <module>\r\n    import matplotlib as mpl\r\nE   ModuleNotFoundError: No module named 'matplotlib'\r\n=========================== short test summary info ===========================\r\nERROR tests/test_axisgrid.py\r\n1 error in 0.76s\r\n"", ""stderr_head"": ""ERROR: found no collectors for [LOCAL_DRIVE]/lossoracc\\analysis_outputs\\work2_30_task_multicheckpoint_replay_20260901_isolated\\scratch\\task_iul7rkd3\\branch_OrcaLoca\\tests\\test_axisgrid.py::TestPairGrid::test_pairplot_column_multiindex\r\n\r\n"", ""stdout_tail"": ""\r\n=================================== ERRORS ====================================\r\n___________________ ERROR collecting tests/test_axisgrid.py ___________________\r\nImportError while importing test module '[LOCAL_DRIVE]/lossoracc\\analysis_outputs\\work2_30_task_multicheckpoint_replay_20260901_isolated\\scratch\\task_iul7rkd3\\branch_OrcaLoca\\tests\\test_axisgrid.py'.\r\nHint: make sure your test modules/packages have valid Python names.\r\nTraceback:\r\nD:\\python13\\Lib\\importlib\\__init__.py:88: in import_module\r\n    return _bootstrap._gcd_import(name[level:], package, level)\r\n           ^^^^^^^^^^^^^^^^^^^^^^^^^^^^^^^^^^^^^^^^^^^^^^^^^^^^\r\ntests\\test_axisgrid.py:3: in <module>\r\n    import matplotlib as mpl\r\nE   ModuleNotFoundError: No module named 'matplotlib'\r\n=========================== short test summary info ===========================\r\nERROR tests/test_axisgrid.py\r\n1 error in 0.76s\r\n"", ""stderr_tail"": ""ERROR: found no collectors for [LOCAL_DRIVE]/lossoracc\\analysis_outputs\\work2_30_task_multicheckpoint_replay_20260901_isolated\\scratch\\task_iul7rkd3\\branch_OrcaLoca\\tests\\test_axisgrid.py::TestPairGrid::test_pairplot_column_multiindex\r\n\r\n""}}","Provider-free 30-task five-checkpoint replay frame. Rows combine the d7 feasibility frame with 30/90/180/365-day human and OrcaLoca replays. The evaluator is F2P-only and fixed-method; no survival, semantic, behavioral, adaptation, or causal estimate is promoted."
mwaskom__seaborn-3407,issue_resolution,mwaskom/seaborn,python,515286e02be3e4c0ff2ef4addb34a53c4a676ee4,human,NA,NA,NA,mwaskom__seaborn-3407-d180,NA,NA,180,checkpoint_replay_completed,True,0.0,NA,NA,NA,NA,NA,build_or_future_test_failure,d8476676a066c137ac43d50ad49b3ee586ea580f,SWE-bench Lite local record; F2P-only pilot,a1d60cf5bd6ca42f45bbd89aef9d736758cdf9ca4c81357efddf7fb78a942b1a,False,7780305bae63d8be3416858ac35f6fa706bab4d6,exact_changed_line_match,"future repository FAIL_TO_PASS node IDs only; no test patch injection, PASS_TO_PASS, augmented, or behavioral check","{""build"": {""returncode"": 0, ""timed_out"": false, ""duration_seconds"": 8.203, ""stdout_sha256"": ""e3b0c44298fc1c149afbf4c8996fb92427ae41e4649b934ca495991b7852b855"", ""stderr_sha256"": ""9fba11ff97e771248f80b155196722b30e5ad83f0c1118d40d00203bba35f1e4"", ""stdout_head"": """", ""stderr_head"": "".\\doc\\conf.py:99: SyntaxWarning: invalid escape sequence '\\s'\r\n  .. |API| replace:: :raw-html:`<span class=\""badge badge-api\"">API</span>` :raw-latex:`{\\small\\sc [API]}`\r\n"", ""stdout_tail"": """", ""stderr_tail"": "".\\doc\\conf.py:99: SyntaxWarning: invalid escape sequence '\\s'\r\n  .. |API| replace:: :raw-html:`<span class=\""badge badge-api\"">API</span>` :raw-latex:`{\\small\\sc [API]}`\r\n""}, ""future_test"": {""returncode"": 4, ""timed_out"": false, ""duration_seconds"": 8.492, ""stdout_sha256"": ""7aa472743538123e00e630d5c3ab46ab7a172c4ea5a9406f9d9ea5e44cdb1aef"", ""stderr_sha256"": ""2dd1d0dd3757c5eece0be335674d2dc60bb52e42af04031db17b94fdd774a6c5"", ""stdout_head"": ""\r\n=================================== ERRORS ====================================\r\n___________________ ERROR collecting tests/test_axisgrid.py ___________________\r\nImportError while importing test module '[LOCAL_DRIVE]/lossoracc\\analysis_outputs\\work2_30_task_multicheckpoint_replay_20260901_isolated\\scratch\\task_81uktubp\\branch_human\\tests\\test_axisgrid.py'.\r\nHint: make sure your test modules/packages have valid Python names.\r\nTraceback:\r\nD:\\python13\\Lib\\importlib\\__init__.py:88: in import_module\r\n    return _bootstrap._gcd_import(name[level:], package, level)\r\n           ^^^^^^^^^^^^^^^^^^^^^^^^^^^^^^^^^^^^^^^^^^^^^^^^^^^^\r\ntests\\test_axisgrid.py:3: in <module>\r\n    import matplotlib as mpl\r\nE   ModuleNotFoundError: No module named 'matplotlib'\r\n=========================== short test summary info ===========================\r\nERROR tests/test_axisgrid.py\r\n1 error in 0.61s\r\n"", ""stderr_head"": ""ERROR: found no collectors for [LOCAL_DRIVE]/lossoracc\\analysis_outputs\\work2_30_task_multicheckpoint_replay_20260901_isolated\\scratch\\task_81uktubp\\branch_human\\tests\\test_axisgrid.py::TestPairGrid::test_pairplot_column_multiindex\r\n\r\n"", ""stdout_tail"": ""\r\n=================================== ERRORS ====================================\r\n___________________ ERROR collecting tests/test_axisgrid.py ___________________\r\nImportError while importing test module '[LOCAL_DRIVE]/lossoracc\\analysis_outputs\\work2_30_task_multicheckpoint_replay_20260901_isolated\\scratch\\task_81uktubp\\branch_human\\tests\\test_axisgrid.py'.\r\nHint: make sure your test modules/packages have valid Python names.\r\nTraceback:\r\nD:\\python13\\Lib\\importlib\\__init__.py:88: in import_module\r\n    return _bootstrap._gcd_import(name[level:], package, level)\r\n           ^^^^^^^^^^^^^^^^^^^^^^^^^^^^^^^^^^^^^^^^^^^^^^^^^^^^\r\ntests\\test_axisgrid.py:3: in <module>\r\n    import matplotlib as mpl\r\nE   ModuleNotFoundError: No module named 'matplotlib'\r\n=========================== short test summary info ===========================\r\nERROR tests/test_axisgrid.py\r\n1 error in 0.61s\r\n"", ""stderr_tail"": ""ERROR: found no collectors for [LOCAL_DRIVE]/lossoracc\\analysis_outputs\\work2_30_task_multicheckpoint_replay_20260901_isolated\\scratch\\task_81uktubp\\branch_human\\tests\\test_axisgrid.py::TestPairGrid::test_pairplot_column_multiindex\r\n\r\n""}}","Provider-free 30-task five-checkpoint replay frame. Rows combine the d7 feasibility frame with 30/90/180/365-day human and OrcaLoca replays. The evaluator is F2P-only and fixed-method; no survival, semantic, behavioral, adaptation, or causal estimate is promoted."
mwaskom__seaborn-3407,issue_resolution,mwaskom/seaborn,python,515286e02be3e4c0ff2ef4addb34a53c4a676ee4,OrcaLoca,NA,NA,NA,mwaskom__seaborn-3407-d180,NA,NA,180,checkpoint_replay_completed,True,0.0,NA,NA,NA,NA,NA,build_or_future_test_failure,d8476676a066c137ac43d50ad49b3ee586ea580f,SWE-bench Lite local record; F2P-only pilot,a38c0171ff34abc9c3fe344e6dcf9299cfe0e22e6d60c69dffeacec930d4b769,True,7780305bae63d8be3416858ac35f6fa706bab4d6,exact_changed_line_match,"future repository FAIL_TO_PASS node IDs only; no test patch injection, PASS_TO_PASS, augmented, or behavioral check","{""build"": {""returncode"": 0, ""timed_out"": false, ""duration_seconds"": 6.776, ""stdout_sha256"": ""e3b0c44298fc1c149afbf4c8996fb92427ae41e4649b934ca495991b7852b855"", ""stderr_sha256"": ""9fba11ff97e771248f80b155196722b30e5ad83f0c1118d40d00203bba35f1e4"", ""stdout_head"": """", ""stderr_head"": "".\\doc\\conf.py:99: SyntaxWarning: invalid escape sequence '\\s'\r\n  .. |API| replace:: :raw-html:`<span class=\""badge badge-api\"">API</span>` :raw-latex:`{\\small\\sc [API]}`\r\n"", ""stdout_tail"": """", ""stderr_tail"": "".\\doc\\conf.py:99: SyntaxWarning: invalid escape sequence '\\s'\r\n  .. |API| replace:: :raw-html:`<span class=\""badge badge-api\"">API</span>` :raw-latex:`{\\small\\sc [API]}`\r\n""}, ""future_test"": {""returncode"": 4, ""timed_out"": false, ""duration_seconds"": 10.748, ""stdout_sha256"": ""7ef0bfdef2de2c1e6e8cb7f3738fc0d4a5d32950afc862f88fd86db70d8f575b"", ""stderr_sha256"": ""286c9365abedb55e9f69619546038c8047c306c6edf43d41407b12c2ebbf23e0"", ""stdout_head"": ""\r\n=================================== ERRORS ====================================\r\n___________________ ERROR collecting tests/test_axisgrid.py ___________________\r\nImportError while importing test module '[LOCAL_DRIVE]/lossoracc\\analysis_outputs\\work2_30_task_multicheckpoint_replay_20260901_isolated\\scratch\\task_81uktubp\\branch_OrcaLoca\\tests\\test_axisgrid.py'.\r\nHint: make sure your test modules/packages have valid Python names.\r\nTraceback:\r\nD:\\python13\\Lib\\importlib\\__init__.py:88: in import_module\r\n    return _bootstrap._gcd_import(name[level:], package, level)\r\n           ^^^^^^^^^^^^^^^^^^^^^^^^^^^^^^^^^^^^^^^^^^^^^^^^^^^^\r\ntests\\test_axisgrid.py:3: in <module>\r\n    import matplotlib as mpl\r\nE   ModuleNotFoundError: No module named 'matplotlib'\r\n=========================== short test summary info ===========================\r\nERROR tests/test_axisgrid.py\r\n1 error in 0.58s\r\n"", ""stderr_head"": ""ERROR: found no collectors for [LOCAL_DRIVE]/lossoracc\\analysis_outputs\\work2_30_task_multicheckpoint_replay_20260901_isolated\\scratch\\task_81uktubp\\branch_OrcaLoca\\tests\\test_axisgrid.py::TestPairGrid::test_pairplot_column_multiindex\r\n\r\n"", ""stdout_tail"": ""\r\n=================================== ERRORS ====================================\r\n___________________ ERROR collecting tests/test_axisgrid.py ___________________\r\nImportError while importing test module '[LOCAL_DRIVE]/lossoracc\\analysis_outputs\\work2_30_task_multicheckpoint_replay_20260901_isolated\\scratch\\task_81uktubp\\branch_OrcaLoca\\tests\\test_axisgrid.py'.\r\nHint: make sure your test modules/packages have valid Python names.\r\nTraceback:\r\nD:\\python13\\Lib\\importlib\\__init__.py:88: in import_module\r\n    return _bootstrap._gcd_import(name[level:], package, level)\r\n           ^^^^^^^^^^^^^^^^^^^^^^^^^^^^^^^^^^^^^^^^^^^^^^^^^^^^\r\ntests\\test_axisgrid.py:3: in <module>\r\n    import matplotlib as mpl\r\nE   ModuleNotFoundError: No module named 'matplotlib'\r\n=========================== short test summary info ===========================\r\nERROR tests/test_axisgrid.py\r\n1 error in 0.58s\r\n"", ""stderr_tail"": ""ERROR: found no collectors for [LOCAL_DRIVE]/lossoracc\\analysis_outputs\\work2_30_task_multicheckpoint_replay_20260901_isolated\\scratch\\task_81uktubp\\branch_OrcaLoca\\tests\\test_axisgrid.py::TestPairGrid::test_pairplot_column_multiindex\r\n\r\n""}}","Provider-free 30-task five-checkpoint replay frame. Rows combine the d7 feasibility frame with 30/90/180/365-day human and OrcaLoca replays. The evaluator is F2P-only and fixed-method; no survival, semantic, behavioral, adaptation, or causal estimate is promoted."
mwaskom__seaborn-3407,issue_resolution,mwaskom/seaborn,python,515286e02be3e4c0ff2ef4addb34a53c4a676ee4,human,NA,NA,NA,mwaskom__seaborn-3407-d365,NA,NA,365,checkpoint_replay_completed,True,0.0,NA,NA,NA,NA,NA,build_or_future_test_failure,2f5ea60930b96b461107a564ee706aca9d00a6d3,SWE-bench Lite local record; F2P-only pilot,a1d60cf5bd6ca42f45bbd89aef9d736758cdf9ca4c81357efddf7fb78a942b1a,False,7780305bae63d8be3416858ac35f6fa706bab4d6,exact_changed_line_match,"future repository FAIL_TO_PASS node IDs only; no test patch injection, PASS_TO_PASS, augmented, or behavioral check","{""build"": {""returncode"": 0, ""timed_out"": false, ""duration_seconds"": 7.108, ""stdout_sha256"": ""e3b0c44298fc1c149afbf4c8996fb92427ae41e4649b934ca495991b7852b855"", ""stderr_sha256"": ""e3b0c44298fc1c149afbf4c8996fb92427ae41e4649b934ca495991b7852b855"", ""stdout_head"": """", ""stderr_head"": """", ""stdout_tail"": """", ""stderr_tail"": """"}, ""future_test"": {""returncode"": 4, ""timed_out"": false, ""duration_seconds"": 15.083, ""stdout_sha256"": ""016e94b8c0fa1728236eb0ea387209e533510d14a696fb9ce94f48be412b0a83"", ""stderr_sha256"": ""822f70dcc14ec6f3706db6b6615dec92989137902886aa1b12c72789af3bff88"", ""stdout_head"": ""\r\n=================================== ERRORS ====================================\r\n___________________ ERROR collecting tests/test_axisgrid.py ___________________\r\nImportError while importing test module '[LOCAL_DRIVE]/lossoracc\\analysis_outputs\\work2_30_task_multicheckpoint_replay_20260901_isolated\\scratch\\task_xjsekgvf\\branch_human\\tests\\test_axisgrid.py'.\r\nHint: make sure your test modules/packages have valid Python names.\r\nTraceback:\r\nD:\\python13\\Lib\\importlib\\__init__.py:88: in import_module\r\n    return _bootstrap._gcd_import(name[level:], package, level)\r\n           ^^^^^^^^^^^^^^^^^^^^^^^^^^^^^^^^^^^^^^^^^^^^^^^^^^^^\r\ntests\\test_axisgrid.py:3: in <module>\r\n    import matplotlib as mpl\r\nE   ModuleNotFoundError: No module named 'matplotlib'\r\n=========================== short test summary info ===========================\r\nERROR tests/test_axisgrid.py\r\n1 error in 0.66s\r\n"", ""stderr_head"": ""ERROR: found no collectors for [LOCAL_DRIVE]/lossoracc\\analysis_outputs\\work2_30_task_multicheckpoint_replay_20260901_isolated\\scratch\\task_xjsekgvf\\branch_human\\tests\\test_axisgrid.py::TestPairGrid::test_pairplot_column_multiindex\r\n\r\n"", ""stdout_tail"": ""\r\n=================================== ERRORS ====================================\r\n___________________ ERROR collecting tests/test_axisgrid.py ___________________\r\nImportError while importing test module '[LOCAL_DRIVE]/lossoracc\\analysis_outputs\\work2_30_task_multicheckpoint_replay_20260901_isolated\\scratch\\task_xjsekgvf\\branch_human\\tests\\test_axisgrid.py'.\r\nHint: make sure your test modules/packages have valid Python names.\r\nTraceback:\r\nD:\\python13\\Lib\\importlib\\__init__.py:88: in import_module\r\n    return _bootstrap._gcd_import(name[level:], package, level)\r\n           ^^^^^^^^^^^^^^^^^^^^^^^^^^^^^^^^^^^^^^^^^^^^^^^^^^^^\r\ntests\\test_axisgrid.py:3: in <module>\r\n    import matplotlib as mpl\r\nE   ModuleNotFoundError: No module named 'matplotlib'\r\n=========================== short test summary info ===========================\r\nERROR tests/test_axisgrid.py\r\n1 error in 0.66s\r\n"", ""stderr_tail"": ""ERROR: found no collectors for [LOCAL_DRIVE]/lossoracc\\analysis_outputs\\work2_30_task_multicheckpoint_replay_20260901_isolated\\scratch\\task_xjsekgvf\\branch_human\\tests\\test_axisgrid.py::TestPairGrid::test_pairplot_column_multiindex\r\n\r\n""}}","Provider-free 30-task five-checkpoint replay frame. Rows combine the d7 feasibility frame with 30/90/180/365-day human and OrcaLoca replays. The evaluator is F2P-only and fixed-method; no survival, semantic, behavioral, adaptation, or causal estimate is promoted."
mwaskom__seaborn-3407,issue_resolution,mwaskom/seaborn,python,515286e02be3e4c0ff2ef4addb34a53c4a676ee4,OrcaLoca,NA,NA,NA,mwaskom__seaborn-3407-d365,NA,NA,365,checkpoint_replay_completed,True,0.0,NA,NA,NA,NA,NA,build_or_future_test_failure,2f5ea60930b96b461107a564ee706aca9d00a6d3,SWE-bench Lite local record; F2P-only pilot,a38c0171ff34abc9c3fe344e6dcf9299cfe0e22e6d60c69dffeacec930d4b769,True,7780305bae63d8be3416858ac35f6fa706bab4d6,exact_changed_line_match,"future repository FAIL_TO_PASS node IDs only; no test patch injection, PASS_TO_PASS, augmented, or behavioral check","{""build"": {""returncode"": 0, ""timed_out"": false, ""duration_seconds"": 4.458, ""stdout_sha256"": ""e3b0c44298fc1c149afbf4c8996fb92427ae41e4649b934ca495991b7852b855"", ""stderr_sha256"": ""e3b0c44298fc1c149afbf4c8996fb92427ae41e4649b934ca495991b7852b855"", ""stdout_head"": """", ""stderr_head"": """", ""stdout_tail"": """", ""stderr_tail"": """"}, ""future_test"": {""returncode"": 4, ""timed_out"": false, ""duration_seconds"": 25.072, ""stdout_sha256"": ""125f82e59eb633cde81f6b2f96a6ab82de40010ef1ff6c5126d6d7dd34c0aa9d"", ""stderr_sha256"": ""1ac8e5666c5e6eef4c5d28b5026ed364ffe582883423bab20258a885c509e488"", ""stdout_head"": ""\r\n=================================== ERRORS ====================================\r\n___________________ ERROR collecting tests/test_axisgrid.py ___________________\r\nImportError while importing test module '[LOCAL_DRIVE]/lossoracc\\analysis_outputs\\work2_30_task_multicheckpoint_replay_20260901_isolated\\scratch\\task_xjsekgvf\\branch_OrcaLoca\\tests\\test_axisgrid.py'.\r\nHint: make sure your test modules/packages have valid Python names.\r\nTraceback:\r\nD:\\python13\\Lib\\importlib\\__init__.py:88: in import_module\r\n    return _bootstrap._gcd_import(name[level:], package, level)\r\n           ^^^^^^^^^^^^^^^^^^^^^^^^^^^^^^^^^^^^^^^^^^^^^^^^^^^^\r\ntests\\test_axisgrid.py:3: in <module>\r\n    import matplotlib as mpl\r\nE   ModuleNotFoundError: No module named 'matplotlib'\r\n=========================== short test summary info ===========================\r\nERROR tests/test_axisgrid.py\r\n1 error in 1.44s\r\n"", ""stderr_head"": ""ERROR: found no collectors for [LOCAL_DRIVE]/lossoracc\\analysis_outputs\\work2_30_task_multicheckpoint_replay_20260901_isolated\\scratch\\task_xjsekgvf\\branch_OrcaLoca\\tests\\test_axisgrid.py::TestPairGrid::test_pairplot_column_multiindex\r\n\r\n"", ""stdout_tail"": ""\r\n=================================== ERRORS ====================================\r\n___________________ ERROR collecting tests/test_axisgrid.py ___________________\r\nImportError while importing test module '[LOCAL_DRIVE]/lossoracc\\analysis_outputs\\work2_30_task_multicheckpoint_replay_20260901_isolated\\scratch\\task_xjsekgvf\\branch_OrcaLoca\\tests\\test_axisgrid.py'.\r\nHint: make sure your test modules/packages have valid Python names.\r\nTraceback:\r\nD:\\python13\\Lib\\importlib\\__init__.py:88: in import_module\r\n    return _bootstrap._gcd_import(name[level:], package, level)\r\n           ^^^^^^^^^^^^^^^^^^^^^^^^^^^^^^^^^^^^^^^^^^^^^^^^^^^^\r\ntests\\test_axisgrid.py:3: in <module>\r\n    import matplotlib as mpl\r\nE   ModuleNotFoundError: No module named 'matplotlib'\r\n=========================== short test summary info ===========================\r\nERROR tests/test_axisgrid.py\r\n1 error in 1.44s\r\n"", ""stderr_tail"": ""ERROR: found no collectors for [LOCAL_DRIVE]/lossoracc\\analysis_outputs\\work2_30_task_multicheckpoint_replay_20260901_isolated\\scratch\\task_xjsekgvf\\branch_OrcaLoca\\tests\\test_axisgrid.py::TestPairGrid::test_pairplot_column_multiindex\r\n\r\n""}}","Provider-free 30-task five-checkpoint replay frame. Rows combine the d7 feasibility frame with 30/90/180/365-day human and OrcaLoca replays. The evaluator is F2P-only and fixed-method; no survival, semantic, behavioral, adaptation, or causal estimate is promoted."
scikit-learn__scikit-learn-11040,issue_resolution,scikit-learn/scikit-learn,python,96a02f3934952d486589dddd3f00b40d5a5ab5f2,human,NA,NA,NA,scikit-learn__scikit-learn-11040-d30,NA,NA,30,checkpoint_replay_completed,True,0.0,NA,NA,NA,NA,NA,build_or_future_test_failure,cb3c704fa12ff42d15bac7e241208df3d58c3cf8,SWE-bench Lite local record; F2P-only pilot,d770bda380b128a8d911b61f4694928eba0685d0585a1c7a32f0f28b05aaa7b2,False,5763284ef9e04ffc52cf759a59bdc6bb81107616,exact_changed_line_match,"future repository FAIL_TO_PASS node IDs only; no test patch injection, PASS_TO_PASS, augmented, or behavioral check","{""build"": {""returncode"": 0, ""timed_out"": false, ""duration_seconds"": 22.356, ""stdout_sha256"": ""e3b0c44298fc1c149afbf4c8996fb92427ae41e4649b934ca495991b7852b855"", ""stderr_sha256"": ""c84198da0ebd74c4280fa69acd0b43dccbb98a6808a6229d05c6d54ce1586699"", ""stdout_head"": """", ""stderr_head"": "".\\benchmarks\\bench_plot_randomized_svd.py:242: SyntaxWarning: \""is not\"" with 'str' literal. Did you mean \""!=\""?\r\n  if method is not 'fbpca':\r\n.\\examples\\applications\\svm_gui.py:171: SyntaxWarning: invalid escape sequence '\\e'\r\n  self.ax.text(-20, -60, \""RBF: $\\exp (-\\gamma \\| u-v \\|^2)$\"")\r\n.\\examples\\applications\\svm_gui.py:172: SyntaxWarning: invalid escape sequence '\\g'\r\n  self.ax.text(10, -60, \""Poly: $(\\gamma \\, u^T v + r)^d$\"")\r\n.\\examples\\decomposition\\plot_kernel_pca.py:67: SyntaxWarning: invalid escape sequence '\\p'\r\n  plt.xlabel(\""1st principal component in space induced by $\\phi$\"")\r\n.\\examples\\ensemble\\plot_adaboost_multiclass.py:11: SyntaxWarning: invalid escape sequence '\\c'\r\n  of the :math:`\\chi^2` distribution).\r\n.\\examples\\ensemble\\plot_bias_variance.py:164: SyntaxWarning: invalid escape sequence '\\^'\r\n  plt.plot(X_test, y_predict[:, i], \""r\"", label=\""$\\^y(x)$\"")\r\n.\\examples\\ensemble\\plot_bias_variance.py:169: SyntaxWarning: invalid escape sequence '\\m'\r\n  label=\""$\\mathbb{E}_{LS} \\^y(x)$\"")\r\n.\\examples\\ensemble\\plot_gradient_boosting_quantile.py:67: SyntaxWarning: invalid escape sequence '\\,'\r\n  plt.plot(xx, f(xx), 'g:', label=u'$f(x) = x\\,\\sin(x)$')\r\n.\\examples\\gaussian_process\\plot_gpc_isoprobability.py:81: SyntaxWarning: invalid escape sequence '\\m'\r\n  cb.set_label('${\\\\rm \\mathbb{P}}\\left[\\widehat{G}(\\mathbf{x}) \\leq 0\\\\right]$')\r\n.\\examples\\gaussian_process\\plot_gpr_noisy_targets.py:65: SyntaxWarning: invalid escape sequence '\\,'\r\n  plt.plot(x, f(x), 'r:', label=u'$f(x) = x\\,\\sin(x)$')\r\n.\\examples\\gaussian_process\\plot_gpr_noisy_targets.py:101: SyntaxWarning: invalid escape sequence '\\,'\r\n  plt.plot(x, f(x), 'r:', label=u'$f(x) = x\\,\\sin(x)$')\r\n.\\examples\\model_selection\\plot_learning_curve.py:119: SyntaxWarning: invalid escape sequence '\\g'\r\n  title = \""Learning Curves (SVM, RBF kernel, $\\gamma=0.001$)\""\r\n.\\examples\\model_selection\\plot_validation_curve.py:36: SyntaxWarning: invalid escape sequence '\\g'\r\n  plt.xlabel(\""$\\gamma$\"")\r\n.\\examples\\preprocessing\\plot_power_transformer.py:103: SyntaxWarning: invalid escape sequence '\\l'\r\n  ax_trans.set_title('{} after Box-Cox, $\\lambda$ = {}'.format(name, lmbda),\r\n.\\examples\\svm\\plot_svm_scale_c.py:15: SyntaxWarning: invalid escape sequence '\\s'\r\n  C \\sum_{i=1, n} \\mathcal{L} (f(x_i), y_i) + \\Omega (w)\r\n.\\sklearn\\cluster\\tests\\test_k_means.py:885: SyntaxWarning: invalid escape sequence '\\('\r\n  msg = \""The shape of the initial centers \\(\\(4L?, 4L?\\)\\) \"" \\\r\n.\\sklearn\\cluster\\tests\\test_k_means.py:968: SyntaxW"", ""stdout_tail"": """", ""stderr_tail"": ""plot_svm_scale_c.py:15: SyntaxWarning: invalid escape sequence '\\s'\r\n  C \\sum_{i=1, n} \\mathcal{L} (f(x_i), y_i) + \\Omega (w)\r\n.\\sklearn\\cluster\\tests\\test_k_means.py:885: SyntaxWarning: invalid escape sequence '\\('\r\n  msg = \""The shape of the initial centers \\(\\(4L?, 4L?\\)\\) \"" \\\r\n.\\sklearn\\cluster\\tests\\test_k_means.py:968: SyntaxWarning: invalid escape sequence '\\('\r\n  assert_raises_regex(ValueError, 'len\\(sample_weight\\)', km.fit, X,\r\n.\\sklearn\\datasets\\lfw.py:174: SyntaxWarning: \""is\"" with 'int' literal. Did you mean \""==\""?\r\n  if img.ndim is 0:\r\n.\\sklearn\\model_selection\\tests\\test_search.py:855: SyntaxWarning: \""is not\"" with 'str' literal. Did you mean \""!=\""?\r\n  if k is not 'rank_test_score')\r\n.\\sklearn\\model_selection\\tests\\test_search.py:858: SyntaxWarning: \""is not\"" with 'str' literal. Did you mean \""!=\""?\r\n  k is not 'rank_test_score')\r\n.\\sklearn\\model_selection\\tests\\test_validation.py:1345: SyntaxWarning: \""is\"" with 'str' literal. Did you mean \""==\""?\r\n  if method is 'predict_proba':\r\n""}, ""future_test"": {""returncode"": 4, ""timed_out"": false, ""duration_seconds"": 4.066, ""stdout_sha256"": ""8feb197dcecfee2137eff35f22d7a3e6ec50ed77d3ac1cdeb65063a44afe0a5e"", ""stderr_sha256"": ""37371dd788ee3a6600c2d739207a181c4617dc08b0cbe1f4c6ac1781ad13ced8"", ""stdout_head"": ""\r\n=================================== ERRORS ====================================\r\n_________ ERROR collecting sklearn/neighbors/tests/test_neighbors.py __________\r\nImportError while importing test module '[LOCAL_DRIVE]/lossoracc\\analysis_outputs\\work2_30_task_multicheckpoint_replay_20260901_isolated\\scratch\\task_0od0acnv\\branch_human\\sklearn\\neighbors\\tests\\test_neighbors.py'.\r\nHint: make sure your test modules/packages have valid Python names.\r\nTraceback:\r\nsklearn\\__check_build\\__init__.py:44: in <module>\r\n    from ._check_build import check_build  # noqa\r\n    ^^^^^^^^^^^^^^^^^^^^^^^^^^^^^^^^^^^^^\r\nE   ModuleNotFoundError: No module named 'sklearn.__check_build._check_build'\r\n\r\nDuring handling of the above exception, another exception occurred:\r\nD:\\python13\\Lib\\importlib\\__init__.py:88: in import_module\r\n    return _bootstrap._gcd_import(name[level:], package, level)\r\n           ^^^^^^^^^^^^^^^^^^^^^^^^^^^^^^^^^^^^^^^^^^^^^^^^^^^^\r\nsklearn\\__init__.py:63: in <module>\r\n    from . import __check_build\r\nsklearn\\__check_build\\__init__.py:46: in <module>\r\n    raise_build_error(e)\r\nsklearn\\__check_build\\__init__.py:31: in raise_build_error\r\n    raise ImportError(\""\""\""%s\r\nE   ImportError: No module named 'sklearn.__check_build._check_build'\r\nE   ___________________________________________________________________________\r\nE   Contents of [LOCAL_DRIVE]/lossoracc\\analysis_outputs\\work2_30_task_multicheckpoint_replay_20260901_isolated\\scratch\\task_0od0acnv\\branch_human\\sklearn\\__check_build:\r\nE   setup.py                  _check_build.pyx          __init__.py\r\nE   __pycache__\r\nE   ___________________________________________________________________________\r\nE   It seems that scikit-learn has not been built correctly.\r\nE   \r\nE   If you have installed scikit-learn from source, please do not forget\r\nE   to build the package before using it: run `python setup.py install` or\r\nE   `make` in the source directory.\r\nE   \r\nE   If you have used an installer, please check that it is suited for your\r\nE   Python version, your operating system and your platform.\r\n=========================== short test summary info ===========================\r\nERROR sklearn/neighbors/tests/test_neighbors.py\r\n1 error in 0.21s\r\n"", ""stderr_head"": ""ERROR: found no collectors for [LOCAL_DRIVE]/lossoracc\\analysis_outputs\\work2_30_task_multicheckpoint_replay_20260901_isolated\\scratch\\task_0od0acnv\\branch_human\\sklearn\\neighbors\\tests\\test_neighbors.py::test_n_neighbors_datatype\r\n\r\n"", ""stdout_tail"": "" named 'sklearn.__check_build._check_build'\r\nE   ___________________________________________________________________________\r\nE   Contents of [LOCAL_DRIVE]/lossoracc\\analysis_outputs\\work2_30_task_multicheckpoint_replay_20260901_isolated\\scratch\\task_0od0acnv\\branch_human\\sklearn\\__check_build:\r\nE   setup.py                  _check_build.pyx          __init__.py\r\nE   __pycache__\r\nE   ___________________________________________________________________________\r\nE   It seems that scikit-learn has not been built correctly.\r\nE   \r\nE   If you have installed scikit-learn from source, please do not forget\r\nE   to build the package before using it: run `python setup.py install` or\r\nE   `make` in the source directory.\r\nE   \r\nE   If you have used an installer, please check that it is suited for your\r\nE   Python version, your operating system and your platform.\r\n=========================== short test summary info ===========================\r\nERROR sklearn/neighbors/tests/test_neighbors.py\r\n1 error in 0.21s\r\n"", ""stderr_tail"": ""ERROR: found no collectors for [LOCAL_DRIVE]/lossoracc\\analysis_outputs\\work2_30_task_multicheckpoint_replay_20260901_isolated\\scratch\\task_0od0acnv\\branch_human\\sklearn\\neighbors\\tests\\test_neighbors.py::test_n_neighbors_datatype\r\n\r\n""}}","Provider-free 30-task five-checkpoint replay frame. Rows combine the d7 feasibility frame with 30/90/180/365-day human and OrcaLoca replays. The evaluator is F2P-only and fixed-method; no survival, semantic, behavioral, adaptation, or causal estimate is promoted."
scikit-learn__scikit-learn-11040,issue_resolution,scikit-learn/scikit-learn,python,96a02f3934952d486589dddd3f00b40d5a5ab5f2,OrcaLoca,NA,NA,NA,scikit-learn__scikit-learn-11040-d30,NA,NA,30,checkpoint_replay_completed,True,0.0,NA,NA,NA,NA,NA,build_or_future_test_failure,cb3c704fa12ff42d15bac7e241208df3d58c3cf8,SWE-bench Lite local record; F2P-only pilot,268a7b1fcefca83185cd0db40131a40fd413027d6e043c0dd0a0f709e48ff62d,True,5763284ef9e04ffc52cf759a59bdc6bb81107616,exact_changed_line_match,"future repository FAIL_TO_PASS node IDs only; no test patch injection, PASS_TO_PASS, augmented, or behavioral check","{""build"": {""returncode"": 0, ""timed_out"": false, ""duration_seconds"": 17.331, ""stdout_sha256"": ""e3b0c44298fc1c149afbf4c8996fb92427ae41e4649b934ca495991b7852b855"", ""stderr_sha256"": ""c84198da0ebd74c4280fa69acd0b43dccbb98a6808a6229d05c6d54ce1586699"", ""stdout_head"": """", ""stderr_head"": "".\\benchmarks\\bench_plot_randomized_svd.py:242: SyntaxWarning: \""is not\"" with 'str' literal. Did you mean \""!=\""?\r\n  if method is not 'fbpca':\r\n.\\examples\\applications\\svm_gui.py:171: SyntaxWarning: invalid escape sequence '\\e'\r\n  self.ax.text(-20, -60, \""RBF: $\\exp (-\\gamma \\| u-v \\|^2)$\"")\r\n.\\examples\\applications\\svm_gui.py:172: SyntaxWarning: invalid escape sequence '\\g'\r\n  self.ax.text(10, -60, \""Poly: $(\\gamma \\, u^T v + r)^d$\"")\r\n.\\examples\\decomposition\\plot_kernel_pca.py:67: SyntaxWarning: invalid escape sequence '\\p'\r\n  plt.xlabel(\""1st principal component in space induced by $\\phi$\"")\r\n.\\examples\\ensemble\\plot_adaboost_multiclass.py:11: SyntaxWarning: invalid escape sequence '\\c'\r\n  of the :math:`\\chi^2` distribution).\r\n.\\examples\\ensemble\\plot_bias_variance.py:164: SyntaxWarning: invalid escape sequence '\\^'\r\n  plt.plot(X_test, y_predict[:, i], \""r\"", label=\""$\\^y(x)$\"")\r\n.\\examples\\ensemble\\plot_bias_variance.py:169: SyntaxWarning: invalid escape sequence '\\m'\r\n  label=\""$\\mathbb{E}_{LS} \\^y(x)$\"")\r\n.\\examples\\ensemble\\plot_gradient_boosting_quantile.py:67: SyntaxWarning: invalid escape sequence '\\,'\r\n  plt.plot(xx, f(xx), 'g:', label=u'$f(x) = x\\,\\sin(x)$')\r\n.\\examples\\gaussian_process\\plot_gpc_isoprobability.py:81: SyntaxWarning: invalid escape sequence '\\m'\r\n  cb.set_label('${\\\\rm \\mathbb{P}}\\left[\\widehat{G}(\\mathbf{x}) \\leq 0\\\\right]$')\r\n.\\examples\\gaussian_process\\plot_gpr_noisy_targets.py:65: SyntaxWarning: invalid escape sequence '\\,'\r\n  plt.plot(x, f(x), 'r:', label=u'$f(x) = x\\,\\sin(x)$')\r\n.\\examples\\gaussian_process\\plot_gpr_noisy_targets.py:101: SyntaxWarning: invalid escape sequence '\\,'\r\n  plt.plot(x, f(x), 'r:', label=u'$f(x) = x\\,\\sin(x)$')\r\n.\\examples\\model_selection\\plot_learning_curve.py:119: SyntaxWarning: invalid escape sequence '\\g'\r\n  title = \""Learning Curves (SVM, RBF kernel, $\\gamma=0.001$)\""\r\n.\\examples\\model_selection\\plot_validation_curve.py:36: SyntaxWarning: invalid escape sequence '\\g'\r\n  plt.xlabel(\""$\\gamma$\"")\r\n.\\examples\\preprocessing\\plot_power_transformer.py:103: SyntaxWarning: invalid escape sequence '\\l'\r\n  ax_trans.set_title('{} after Box-Cox, $\\lambda$ = {}'.format(name, lmbda),\r\n.\\examples\\svm\\plot_svm_scale_c.py:15: SyntaxWarning: invalid escape sequence '\\s'\r\n  C \\sum_{i=1, n} \\mathcal{L} (f(x_i), y_i) + \\Omega (w)\r\n.\\sklearn\\cluster\\tests\\test_k_means.py:885: SyntaxWarning: invalid escape sequence '\\('\r\n  msg = \""The shape of the initial centers \\(\\(4L?, 4L?\\)\\) \"" \\\r\n.\\sklearn\\cluster\\tests\\test_k_means.py:968: SyntaxW"", ""stdout_tail"": """", ""stderr_tail"": ""plot_svm_scale_c.py:15: SyntaxWarning: invalid escape sequence '\\s'\r\n  C \\sum_{i=1, n} \\mathcal{L} (f(x_i), y_i) + \\Omega (w)\r\n.\\sklearn\\cluster\\tests\\test_k_means.py:885: SyntaxWarning: invalid escape sequence '\\('\r\n  msg = \""The shape of the initial centers \\(\\(4L?, 4L?\\)\\) \"" \\\r\n.\\sklearn\\cluster\\tests\\test_k_means.py:968: SyntaxWarning: invalid escape sequence '\\('\r\n  assert_raises_regex(ValueError, 'len\\(sample_weight\\)', km.fit, X,\r\n.\\sklearn\\datasets\\lfw.py:174: SyntaxWarning: \""is\"" with 'int' literal. Did you mean \""==\""?\r\n  if img.ndim is 0:\r\n.\\sklearn\\model_selection\\tests\\test_search.py:855: SyntaxWarning: \""is not\"" with 'str' literal. Did you mean \""!=\""?\r\n  if k is not 'rank_test_score')\r\n.\\sklearn\\model_selection\\tests\\test_search.py:858: SyntaxWarning: \""is not\"" with 'str' literal. Did you mean \""!=\""?\r\n  k is not 'rank_test_score')\r\n.\\sklearn\\model_selection\\tests\\test_validation.py:1345: SyntaxWarning: \""is\"" with 'str' literal. Did you mean \""==\""?\r\n  if method is 'predict_proba':\r\n""}, ""future_test"": {""returncode"": 4, ""timed_out"": false, ""duration_seconds"": 4.34, ""stdout_sha256"": ""88ffcf1bb6350f5fc42b2977a8f2b6c78fba8634840a56f7fcf5e9e24b1c609b"", ""stderr_sha256"": ""f2d661d4f833b9a5e68762ec48288c7c809fa4291115d0975e3def615c333e61"", ""stdout_head"": ""\r\n=================================== ERRORS ====================================\r\n_________ ERROR collecting sklearn/neighbors/tests/test_neighbors.py __________\r\nImportError while importing test module '[LOCAL_DRIVE]/lossoracc\\analysis_outputs\\work2_30_task_multicheckpoint_replay_20260901_isolated\\scratch\\task_0od0acnv\\branch_OrcaLoca\\sklearn\\neighbors\\tests\\test_neighbors.py'.\r\nHint: make sure your test modules/packages have valid Python names.\r\nTraceback:\r\nsklearn\\__check_build\\__init__.py:44: in <module>\r\n    from ._check_build import check_build  # noqa\r\n    ^^^^^^^^^^^^^^^^^^^^^^^^^^^^^^^^^^^^^\r\nE   ModuleNotFoundError: No module named 'sklearn.__check_build._check_build'\r\n\r\nDuring handling of the above exception, another exception occurred:\r\nD:\\python13\\Lib\\importlib\\__init__.py:88: in import_module\r\n    return _bootstrap._gcd_import(name[level:], package, level)\r\n           ^^^^^^^^^^^^^^^^^^^^^^^^^^^^^^^^^^^^^^^^^^^^^^^^^^^^\r\nsklearn\\__init__.py:63: in <module>\r\n    from . import __check_build\r\nsklearn\\__check_build\\__init__.py:46: in <module>\r\n    raise_build_error(e)\r\nsklearn\\__check_build\\__init__.py:31: in raise_build_error\r\n    raise ImportError(\""\""\""%s\r\nE   ImportError: No module named 'sklearn.__check_build._check_build'\r\nE   ___________________________________________________________________________\r\nE   Contents of [LOCAL_DRIVE]/lossoracc\\analysis_outputs\\work2_30_task_multicheckpoint_replay_20260901_isolated\\scratch\\task_0od0acnv\\branch_OrcaLoca\\sklearn\\__check_build:\r\nE   setup.py                  _check_build.pyx          __init__.py\r\nE   __pycache__\r\nE   ___________________________________________________________________________\r\nE   It seems that scikit-learn has not been built correctly.\r\nE   \r\nE   If you have installed scikit-learn from source, please do not forget\r\nE   to build the package before using it: run `python setup.py install` or\r\nE   `make` in the source directory.\r\nE   \r\nE   If you have used an installer, please check that it is suited for your\r\nE   Python version, your operating system and your platform.\r\n=========================== short test summary info ===========================\r\nERROR sklearn/neighbors/tests/test_neighbors.py\r\n1 error in 0.19s\r\n"", ""stderr_head"": ""ERROR: found no collectors for [LOCAL_DRIVE]/lossoracc\\analysis_outputs\\work2_30_task_multicheckpoint_replay_20260901_isolated\\scratch\\task_0od0acnv\\branch_OrcaLoca\\sklearn\\neighbors\\tests\\test_neighbors.py::test_n_neighbors_datatype\r\n\r\n"", ""stdout_tail"": ""med 'sklearn.__check_build._check_build'\r\nE   ___________________________________________________________________________\r\nE   Contents of [LOCAL_DRIVE]/lossoracc\\analysis_outputs\\work2_30_task_multicheckpoint_replay_20260901_isolated\\scratch\\task_0od0acnv\\branch_OrcaLoca\\sklearn\\__check_build:\r\nE   setup.py                  _check_build.pyx          __init__.py\r\nE   __pycache__\r\nE   ___________________________________________________________________________\r\nE   It seems that scikit-learn has not been built correctly.\r\nE   \r\nE   If you have installed scikit-learn from source, please do not forget\r\nE   to build the package before using it: run `python setup.py install` or\r\nE   `make` in the source directory.\r\nE   \r\nE   If you have used an installer, please check that it is suited for your\r\nE   Python version, your operating system and your platform.\r\n=========================== short test summary info ===========================\r\nERROR sklearn/neighbors/tests/test_neighbors.py\r\n1 error in 0.19s\r\n"", ""stderr_tail"": ""ERROR: found no collectors for [LOCAL_DRIVE]/lossoracc\\analysis_outputs\\work2_30_task_multicheckpoint_replay_20260901_isolated\\scratch\\task_0od0acnv\\branch_OrcaLoca\\sklearn\\neighbors\\tests\\test_neighbors.py::test_n_neighbors_datatype\r\n\r\n""}}","Provider-free 30-task five-checkpoint replay frame. Rows combine the d7 feasibility frame with 30/90/180/365-day human and OrcaLoca replays. The evaluator is F2P-only and fixed-method; no survival, semantic, behavioral, adaptation, or causal estimate is promoted."
scikit-learn__scikit-learn-11040,issue_resolution,scikit-learn/scikit-learn,python,96a02f3934952d486589dddd3f00b40d5a5ab5f2,human,NA,NA,NA,scikit-learn__scikit-learn-11040-d90,NA,NA,90,checkpoint_replay_completed,True,0.0,NA,NA,NA,NA,NA,build_or_future_test_failure,f1c967883b0ab5efe06a205a404ec6899abc5048,SWE-bench Lite local record; F2P-only pilot,d770bda380b128a8d911b61f4694928eba0685d0585a1c7a32f0f28b05aaa7b2,False,5763284ef9e04ffc52cf759a59bdc6bb81107616,exact_changed_line_match,"future repository FAIL_TO_PASS node IDs only; no test patch injection, PASS_TO_PASS, augmented, or behavioral check","{""build"": {""returncode"": 0, ""timed_out"": false, ""duration_seconds"": 21.578, ""stdout_sha256"": ""e3b0c44298fc1c149afbf4c8996fb92427ae41e4649b934ca495991b7852b855"", ""stderr_sha256"": ""6b2cb268de786dfdb90dd7bba947de22eab52691b1e2d306077cfc472dc41335"", ""stdout_head"": """", ""stderr_head"": "".\\benchmarks\\bench_plot_randomized_svd.py:242: SyntaxWarning: \""is not\"" with 'str' literal. Did you mean \""!=\""?\r\n  if method is not 'fbpca':\r\n.\\examples\\applications\\svm_gui.py:171: SyntaxWarning: invalid escape sequence '\\e'\r\n  self.ax.text(-20, -60, \""RBF: $\\exp (-\\gamma \\| u-v \\|^2)$\"")\r\n.\\examples\\applications\\svm_gui.py:172: SyntaxWarning: invalid escape sequence '\\g'\r\n  self.ax.text(10, -60, \""Poly: $(\\gamma \\, u^T v + r)^d$\"")\r\n.\\examples\\decomposition\\plot_kernel_pca.py:67: SyntaxWarning: invalid escape sequence '\\p'\r\n  plt.xlabel(\""1st principal component in space induced by $\\phi$\"")\r\n.\\examples\\ensemble\\plot_adaboost_multiclass.py:11: SyntaxWarning: invalid escape sequence '\\c'\r\n  of the :math:`\\chi^2` distribution).\r\n.\\examples\\ensemble\\plot_bias_variance.py:164: SyntaxWarning: invalid escape sequence '\\^'\r\n  plt.plot(X_test, y_predict[:, i], \""r\"", label=\""$\\^y(x)$\"")\r\n.\\examples\\ensemble\\plot_bias_variance.py:169: SyntaxWarning: invalid escape sequence '\\m'\r\n  label=\""$\\mathbb{E}_{LS} \\^y(x)$\"")\r\n.\\examples\\ensemble\\plot_gradient_boosting_quantile.py:67: SyntaxWarning: invalid escape sequence '\\,'\r\n  plt.plot(xx, f(xx), 'g:', label=u'$f(x) = x\\,\\sin(x)$')\r\n.\\examples\\gaussian_process\\plot_gpc_isoprobability.py:81: SyntaxWarning: invalid escape sequence '\\m'\r\n  cb.set_label('${\\\\rm \\mathbb{P}}\\left[\\widehat{G}(\\mathbf{x}) \\leq 0\\\\right]$')\r\n.\\examples\\gaussian_process\\plot_gpr_noisy_targets.py:65: SyntaxWarning: invalid escape sequence '\\,'\r\n  plt.plot(x, f(x), 'r:', label=u'$f(x) = x\\,\\sin(x)$')\r\n.\\examples\\gaussian_process\\plot_gpr_noisy_targets.py:101: SyntaxWarning: invalid escape sequence '\\,'\r\n  plt.plot(x, f(x), 'r:', label=u'$f(x) = x\\,\\sin(x)$')\r\n.\\examples\\model_selection\\plot_learning_curve.py:119: SyntaxWarning: invalid escape sequence '\\g'\r\n  title = \""Learning Curves (SVM, RBF kernel, $\\gamma=0.001$)\""\r\n.\\examples\\model_selection\\plot_validation_curve.py:36: SyntaxWarning: invalid escape sequence '\\g'\r\n  plt.xlabel(\""$\\gamma$\"")\r\n.\\examples\\preprocessing\\plot_map_data_to_normal.py:130: SyntaxWarning: invalid escape sequence '\\l'\r\n  title += '\\n$\\lambda$ = {}'.format(lmbda)\r\n.\\examples\\svm\\plot_svm_scale_c.py:15: SyntaxWarning: invalid escape sequence '\\s'\r\n  C \\sum_{i=1, n} \\mathcal{L} (f(x_i), y_i) + \\Omega (w)\r\n.\\sklearn\\cluster\\tests\\test_k_means.py:888: SyntaxWarning: invalid escape sequence '\\('\r\n  msg = \""The shape of the initial centers \\(\\(4L?, 4L?\\)\\) \"" \\\r\n.\\sklearn\\cluster\\tests\\test_k_means.py:972: SyntaxWarning: invalid escape sequence "", ""stdout_tail"": """", ""stderr_tail"": ""al. Did you mean \""==\""?\r\n  if n_splits is 'warn':\r\n.\\sklearn\\model_selection\\_split.py:496: SyntaxWarning: \""is\"" with 'str' literal. Did you mean \""==\""?\r\n  if n_splits is 'warn':\r\n.\\sklearn\\model_selection\\_split.py:597: SyntaxWarning: \""is\"" with 'str' literal. Did you mean \""==\""?\r\n  if n_splits is 'warn':\r\n.\\sklearn\\model_selection\\_split.py:751: SyntaxWarning: \""is\"" with 'str' literal. Did you mean \""==\""?\r\n  if n_splits is 'warn':\r\n.\\sklearn\\model_selection\\_split.py:1942: SyntaxWarning: \""is\"" with 'str' literal. Did you mean \""==\""?\r\n  if cv is 'warn':\r\n.\\sklearn\\model_selection\\tests\\test_search.py:886: SyntaxWarning: \""is not\"" with 'str' literal. Did you mean \""!=\""?\r\n  if k is not 'rank_test_score')\r\n.\\sklearn\\model_selection\\tests\\test_search.py:889: SyntaxWarning: \""is not\"" with 'str' literal. Did you mean \""!=\""?\r\n  k is not 'rank_test_score')\r\n.\\sklearn\\model_selection\\tests\\test_validation.py:1373: SyntaxWarning: \""is\"" with 'str' literal. Did you mean \""==\""?\r\n  if method is 'predict_proba':\r\n""}, ""future_test"": {""returncode"": 4, ""timed_out"": false, ""duration_seconds"": 4.821, ""stdout_sha256"": ""d7316649a02b3211a42dfeb918e3e5426ad3a7200fb8f66f2a2be8a9eaa36fc8"", ""stderr_sha256"": ""abc28d00ef9f9f7f2433d28432bd05f5849329322050edc2077edaf86ed5eecb"", ""stdout_head"": ""\r\n=================================== ERRORS ====================================\r\n_________ ERROR collecting sklearn/neighbors/tests/test_neighbors.py __________\r\nImportError while importing test module '[LOCAL_DRIVE]/lossoracc\\analysis_outputs\\work2_30_task_multicheckpoint_replay_20260901_isolated\\scratch\\task_fatw2ryd\\branch_human\\sklearn\\neighbors\\tests\\test_neighbors.py'.\r\nHint: make sure your test modules/packages have valid Python names.\r\nTraceback:\r\nsklearn\\__check_build\\__init__.py:44: in <module>\r\n    from ._check_build import check_build  # noqa\r\n    ^^^^^^^^^^^^^^^^^^^^^^^^^^^^^^^^^^^^^\r\nE   ModuleNotFoundError: No module named 'sklearn.__check_build._check_build'\r\n\r\nDuring handling of the above exception, another exception occurred:\r\nD:\\python13\\Lib\\importlib\\__init__.py:88: in import_module\r\n    return _bootstrap._gcd_import(name[level:], package, level)\r\n           ^^^^^^^^^^^^^^^^^^^^^^^^^^^^^^^^^^^^^^^^^^^^^^^^^^^^\r\nsklearn\\__init__.py:63: in <module>\r\n    from . import __check_build\r\nsklearn\\__check_build\\__init__.py:46: in <module>\r\n    raise_build_error(e)\r\nsklearn\\__check_build\\__init__.py:31: in raise_build_error\r\n    raise ImportError(\""\""\""%s\r\nE   ImportError: No module named 'sklearn.__check_build._check_build'\r\nE   ___________________________________________________________________________\r\nE   Contents of [LOCAL_DRIVE]/lossoracc\\analysis_outputs\\work2_30_task_multicheckpoint_replay_20260901_isolated\\scratch\\task_fatw2ryd\\branch_human\\sklearn\\__check_build:\r\nE   setup.py                  _check_build.pyx          __init__.py\r\nE   __pycache__\r\nE   ___________________________________________________________________________\r\nE   It seems that scikit-learn has not been built correctly.\r\nE   \r\nE   If you have installed scikit-learn from source, please do not forget\r\nE   to build the package before using it: run `python setup.py install` or\r\nE   `make` in the source directory.\r\nE   \r\nE   If you have used an installer, please check that it is suited for your\r\nE   Python version, your operating system and your platform.\r\n=========================== short test summary info ===========================\r\nERROR sklearn/neighbors/tests/test_neighbors.py\r\n1 error in 0.27s\r\n"", ""stderr_head"": ""ERROR: found no collectors for [LOCAL_DRIVE]/lossoracc\\analysis_outputs\\work2_30_task_multicheckpoint_replay_20260901_isolated\\scratch\\task_fatw2ryd\\branch_human\\sklearn\\neighbors\\tests\\test_neighbors.py::test_n_neighbors_datatype\r\n\r\n"", ""stdout_tail"": "" named 'sklearn.__check_build._check_build'\r\nE   ___________________________________________________________________________\r\nE   Contents of [LOCAL_DRIVE]/lossoracc\\analysis_outputs\\work2_30_task_multicheckpoint_replay_20260901_isolated\\scratch\\task_fatw2ryd\\branch_human\\sklearn\\__check_build:\r\nE   setup.py                  _check_build.pyx          __init__.py\r\nE   __pycache__\r\nE   ___________________________________________________________________________\r\nE   It seems that scikit-learn has not been built correctly.\r\nE   \r\nE   If you have installed scikit-learn from source, please do not forget\r\nE   to build the package before using it: run `python setup.py install` or\r\nE   `make` in the source directory.\r\nE   \r\nE   If you have used an installer, please check that it is suited for your\r\nE   Python version, your operating system and your platform.\r\n=========================== short test summary info ===========================\r\nERROR sklearn/neighbors/tests/test_neighbors.py\r\n1 error in 0.27s\r\n"", ""stderr_tail"": ""ERROR: found no collectors for [LOCAL_DRIVE]/lossoracc\\analysis_outputs\\work2_30_task_multicheckpoint_replay_20260901_isolated\\scratch\\task_fatw2ryd\\branch_human\\sklearn\\neighbors\\tests\\test_neighbors.py::test_n_neighbors_datatype\r\n\r\n""}}","Provider-free 30-task five-checkpoint replay frame. Rows combine the d7 feasibility frame with 30/90/180/365-day human and OrcaLoca replays. The evaluator is F2P-only and fixed-method; no survival, semantic, behavioral, adaptation, or causal estimate is promoted."
scikit-learn__scikit-learn-11040,issue_resolution,scikit-learn/scikit-learn,python,96a02f3934952d486589dddd3f00b40d5a5ab5f2,OrcaLoca,NA,NA,NA,scikit-learn__scikit-learn-11040-d90,NA,NA,90,checkpoint_replay_completed,True,0.0,NA,NA,NA,NA,NA,build_or_future_test_failure,f1c967883b0ab5efe06a205a404ec6899abc5048,SWE-bench Lite local record; F2P-only pilot,268a7b1fcefca83185cd0db40131a40fd413027d6e043c0dd0a0f709e48ff62d,True,5763284ef9e04ffc52cf759a59bdc6bb81107616,exact_changed_line_match,"future repository FAIL_TO_PASS node IDs only; no test patch injection, PASS_TO_PASS, augmented, or behavioral check","{""build"": {""returncode"": 0, ""timed_out"": false, ""duration_seconds"": 14.003, ""stdout_sha256"": ""e3b0c44298fc1c149afbf4c8996fb92427ae41e4649b934ca495991b7852b855"", ""stderr_sha256"": ""6b2cb268de786dfdb90dd7bba947de22eab52691b1e2d306077cfc472dc41335"", ""stdout_head"": """", ""stderr_head"": "".\\benchmarks\\bench_plot_randomized_svd.py:242: SyntaxWarning: \""is not\"" with 'str' literal. Did you mean \""!=\""?\r\n  if method is not 'fbpca':\r\n.\\examples\\applications\\svm_gui.py:171: SyntaxWarning: invalid escape sequence '\\e'\r\n  self.ax.text(-20, -60, \""RBF: $\\exp (-\\gamma \\| u-v \\|^2)$\"")\r\n.\\examples\\applications\\svm_gui.py:172: SyntaxWarning: invalid escape sequence '\\g'\r\n  self.ax.text(10, -60, \""Poly: $(\\gamma \\, u^T v + r)^d$\"")\r\n.\\examples\\decomposition\\plot_kernel_pca.py:67: SyntaxWarning: invalid escape sequence '\\p'\r\n  plt.xlabel(\""1st principal component in space induced by $\\phi$\"")\r\n.\\examples\\ensemble\\plot_adaboost_multiclass.py:11: SyntaxWarning: invalid escape sequence '\\c'\r\n  of the :math:`\\chi^2` distribution).\r\n.\\examples\\ensemble\\plot_bias_variance.py:164: SyntaxWarning: invalid escape sequence '\\^'\r\n  plt.plot(X_test, y_predict[:, i], \""r\"", label=\""$\\^y(x)$\"")\r\n.\\examples\\ensemble\\plot_bias_variance.py:169: SyntaxWarning: invalid escape sequence '\\m'\r\n  label=\""$\\mathbb{E}_{LS} \\^y(x)$\"")\r\n.\\examples\\ensemble\\plot_gradient_boosting_quantile.py:67: SyntaxWarning: invalid escape sequence '\\,'\r\n  plt.plot(xx, f(xx), 'g:', label=u'$f(x) = x\\,\\sin(x)$')\r\n.\\examples\\gaussian_process\\plot_gpc_isoprobability.py:81: SyntaxWarning: invalid escape sequence '\\m'\r\n  cb.set_label('${\\\\rm \\mathbb{P}}\\left[\\widehat{G}(\\mathbf{x}) \\leq 0\\\\right]$')\r\n.\\examples\\gaussian_process\\plot_gpr_noisy_targets.py:65: SyntaxWarning: invalid escape sequence '\\,'\r\n  plt.plot(x, f(x), 'r:', label=u'$f(x) = x\\,\\sin(x)$')\r\n.\\examples\\gaussian_process\\plot_gpr_noisy_targets.py:101: SyntaxWarning: invalid escape sequence '\\,'\r\n  plt.plot(x, f(x), 'r:', label=u'$f(x) = x\\,\\sin(x)$')\r\n.\\examples\\model_selection\\plot_learning_curve.py:119: SyntaxWarning: invalid escape sequence '\\g'\r\n  title = \""Learning Curves (SVM, RBF kernel, $\\gamma=0.001$)\""\r\n.\\examples\\model_selection\\plot_validation_curve.py:36: SyntaxWarning: invalid escape sequence '\\g'\r\n  plt.xlabel(\""$\\gamma$\"")\r\n.\\examples\\preprocessing\\plot_map_data_to_normal.py:130: SyntaxWarning: invalid escape sequence '\\l'\r\n  title += '\\n$\\lambda$ = {}'.format(lmbda)\r\n.\\examples\\svm\\plot_svm_scale_c.py:15: SyntaxWarning: invalid escape sequence '\\s'\r\n  C \\sum_{i=1, n} \\mathcal{L} (f(x_i), y_i) + \\Omega (w)\r\n.\\sklearn\\cluster\\tests\\test_k_means.py:888: SyntaxWarning: invalid escape sequence '\\('\r\n  msg = \""The shape of the initial centers \\(\\(4L?, 4L?\\)\\) \"" \\\r\n.\\sklearn\\cluster\\tests\\test_k_means.py:972: SyntaxWarning: invalid escape sequence "", ""stdout_tail"": """", ""stderr_tail"": ""al. Did you mean \""==\""?\r\n  if n_splits is 'warn':\r\n.\\sklearn\\model_selection\\_split.py:496: SyntaxWarning: \""is\"" with 'str' literal. Did you mean \""==\""?\r\n  if n_splits is 'warn':\r\n.\\sklearn\\model_selection\\_split.py:597: SyntaxWarning: \""is\"" with 'str' literal. Did you mean \""==\""?\r\n  if n_splits is 'warn':\r\n.\\sklearn\\model_selection\\_split.py:751: SyntaxWarning: \""is\"" with 'str' literal. Did you mean \""==\""?\r\n  if n_splits is 'warn':\r\n.\\sklearn\\model_selection\\_split.py:1942: SyntaxWarning: \""is\"" with 'str' literal. Did you mean \""==\""?\r\n  if cv is 'warn':\r\n.\\sklearn\\model_selection\\tests\\test_search.py:886: SyntaxWarning: \""is not\"" with 'str' literal. Did you mean \""!=\""?\r\n  if k is not 'rank_test_score')\r\n.\\sklearn\\model_selection\\tests\\test_search.py:889: SyntaxWarning: \""is not\"" with 'str' literal. Did you mean \""!=\""?\r\n  k is not 'rank_test_score')\r\n.\\sklearn\\model_selection\\tests\\test_validation.py:1373: SyntaxWarning: \""is\"" with 'str' literal. Did you mean \""==\""?\r\n  if method is 'predict_proba':\r\n""}, ""future_test"": {""returncode"": 4, ""timed_out"": false, ""duration_seconds"": 3.861, ""stdout_sha256"": ""7a9aeae4c2f423cbedf108c36245eedb36c7338d1bdc300a2e171c51c68b3f56"", ""stderr_sha256"": ""edfd23bd4b4b6a4c72bac664832146c0062a9333e198409cd59fdd35ed8c977c"", ""stdout_head"": ""\r\n=================================== ERRORS ====================================\r\n_________ ERROR collecting sklearn/neighbors/tests/test_neighbors.py __________\r\nImportError while importing test module '[LOCAL_DRIVE]/lossoracc\\analysis_outputs\\work2_30_task_multicheckpoint_replay_20260901_isolated\\scratch\\task_fatw2ryd\\branch_OrcaLoca\\sklearn\\neighbors\\tests\\test_neighbors.py'.\r\nHint: make sure your test modules/packages have valid Python names.\r\nTraceback:\r\nsklearn\\__check_build\\__init__.py:44: in <module>\r\n    from ._check_build import check_build  # noqa\r\n    ^^^^^^^^^^^^^^^^^^^^^^^^^^^^^^^^^^^^^\r\nE   ModuleNotFoundError: No module named 'sklearn.__check_build._check_build'\r\n\r\nDuring handling of the above exception, another exception occurred:\r\nD:\\python13\\Lib\\importlib\\__init__.py:88: in import_module\r\n    return _bootstrap._gcd_import(name[level:], package, level)\r\n           ^^^^^^^^^^^^^^^^^^^^^^^^^^^^^^^^^^^^^^^^^^^^^^^^^^^^\r\nsklearn\\__init__.py:63: in <module>\r\n    from . import __check_build\r\nsklearn\\__check_build\\__init__.py:46: in <module>\r\n    raise_build_error(e)\r\nsklearn\\__check_build\\__init__.py:31: in raise_build_error\r\n    raise ImportError(\""\""\""%s\r\nE   ImportError: No module named 'sklearn.__check_build._check_build'\r\nE   ___________________________________________________________________________\r\nE   Contents of [LOCAL_DRIVE]/lossoracc\\analysis_outputs\\work2_30_task_multicheckpoint_replay_20260901_isolated\\scratch\\task_fatw2ryd\\branch_OrcaLoca\\sklearn\\__check_build:\r\nE   setup.py                  _check_build.pyx          __init__.py\r\nE   __pycache__\r\nE   ___________________________________________________________________________\r\nE   It seems that scikit-learn has not been built correctly.\r\nE   \r\nE   If you have installed scikit-learn from source, please do not forget\r\nE   to build the package before using it: run `python setup.py install` or\r\nE   `make` in the source directory.\r\nE   \r\nE   If you have used an installer, please check that it is suited for your\r\nE   Python version, your operating system and your platform.\r\n=========================== short test summary info ===========================\r\nERROR sklearn/neighbors/tests/test_neighbors.py\r\n1 error in 0.20s\r\n"", ""stderr_head"": ""ERROR: found no collectors for [LOCAL_DRIVE]/lossoracc\\analysis_outputs\\work2_30_task_multicheckpoint_replay_20260901_isolated\\scratch\\task_fatw2ryd\\branch_OrcaLoca\\sklearn\\neighbors\\tests\\test_neighbors.py::test_n_neighbors_datatype\r\n\r\n"", ""stdout_tail"": ""med 'sklearn.__check_build._check_build'\r\nE   ___________________________________________________________________________\r\nE   Contents of [LOCAL_DRIVE]/lossoracc\\analysis_outputs\\work2_30_task_multicheckpoint_replay_20260901_isolated\\scratch\\task_fatw2ryd\\branch_OrcaLoca\\sklearn\\__check_build:\r\nE   setup.py                  _check_build.pyx          __init__.py\r\nE   __pycache__\r\nE   ___________________________________________________________________________\r\nE   It seems that scikit-learn has not been built correctly.\r\nE   \r\nE   If you have installed scikit-learn from source, please do not forget\r\nE   to build the package before using it: run `python setup.py install` or\r\nE   `make` in the source directory.\r\nE   \r\nE   If you have used an installer, please check that it is suited for your\r\nE   Python version, your operating system and your platform.\r\n=========================== short test summary info ===========================\r\nERROR sklearn/neighbors/tests/test_neighbors.py\r\n1 error in 0.20s\r\n"", ""stderr_tail"": ""ERROR: found no collectors for [LOCAL_DRIVE]/lossoracc\\analysis_outputs\\work2_30_task_multicheckpoint_replay_20260901_isolated\\scratch\\task_fatw2ryd\\branch_OrcaLoca\\sklearn\\neighbors\\tests\\test_neighbors.py::test_n_neighbors_datatype\r\n\r\n""}}","Provider-free 30-task five-checkpoint replay frame. Rows combine the d7 feasibility frame with 30/90/180/365-day human and OrcaLoca replays. The evaluator is F2P-only and fixed-method; no survival, semantic, behavioral, adaptation, or causal estimate is promoted."
scikit-learn__scikit-learn-11040,issue_resolution,scikit-learn/scikit-learn,python,96a02f3934952d486589dddd3f00b40d5a5ab5f2,human,NA,NA,NA,scikit-learn__scikit-learn-11040-d180,NA,NA,180,future_textual_conflict,NA,NA,NA,True,NA,NA,NA,evolution_incompatibility,dc883c7d9e64bd78854c63435c666af880043d76,SWE-bench Lite local record; F2P-only pilot,d770bda380b128a8d911b61f4694928eba0685d0585a1c7a32f0f28b05aaa7b2,False,5763284ef9e04ffc52cf759a59bdc6bb81107616,exact_changed_line_match,NA,"5bcd84be205ebfba6bb625615d3d1de6390a42cb: error: patch failed: sklearn/neighbors/tests/test_neighbors.py:128
error: sklearn/neighbors/tests/test_neighbors.py: patch does not apply
","Provider-free 30-task five-checkpoint replay frame. Rows combine the d7 feasibility frame with 30/90/180/365-day human and OrcaLoca replays. The evaluator is F2P-only and fixed-method; no survival, semantic, behavioral, adaptation, or causal estimate is promoted."
scikit-learn__scikit-learn-11040,issue_resolution,scikit-learn/scikit-learn,python,96a02f3934952d486589dddd3f00b40d5a5ab5f2,OrcaLoca,NA,NA,NA,scikit-learn__scikit-learn-11040-d180,NA,NA,180,future_textual_conflict,NA,NA,NA,True,NA,NA,NA,evolution_incompatibility,dc883c7d9e64bd78854c63435c666af880043d76,SWE-bench Lite local record; F2P-only pilot,268a7b1fcefca83185cd0db40131a40fd413027d6e043c0dd0a0f709e48ff62d,True,5763284ef9e04ffc52cf759a59bdc6bb81107616,exact_changed_line_match,NA,"40e6c43cb49d6c1eb56faa46ca0ffa40ab6228b8: warning: sklearn/cluster/optics_.py has type 100644, expected 100755
error: patch failed: sklearn/neighbors/base.py:109
error: sklearn/neighbors/base.py: patch does not apply
","Provider-free 30-task five-checkpoint replay frame. Rows combine the d7 feasibility frame with 30/90/180/365-day human and OrcaLoca replays. The evaluator is F2P-only and fixed-method; no survival, semantic, behavioral, adaptation, or causal estimate is promoted."
scikit-learn__scikit-learn-11040,issue_resolution,scikit-learn/scikit-learn,python,96a02f3934952d486589dddd3f00b40d5a5ab5f2,human,NA,NA,NA,scikit-learn__scikit-learn-11040-d365,NA,NA,365,future_textual_conflict,NA,NA,NA,True,NA,NA,NA,evolution_incompatibility,5d168ddaaa54d477bedcc135890b8cddbe248b23,SWE-bench Lite local record; F2P-only pilot,d770bda380b128a8d911b61f4694928eba0685d0585a1c7a32f0f28b05aaa7b2,False,5763284ef9e04ffc52cf759a59bdc6bb81107616,exact_changed_line_match,NA,"5bcd84be205ebfba6bb625615d3d1de6390a42cb: error: patch failed: sklearn/neighbors/tests/test_neighbors.py:128
error: sklearn/neighbors/tests/test_neighbors.py: patch does not apply
","Provider-free 30-task five-checkpoint replay frame. Rows combine the d7 feasibility frame with 30/90/180/365-day human and OrcaLoca replays. The evaluator is F2P-only and fixed-method; no survival, semantic, behavioral, adaptation, or causal estimate is promoted."
scikit-learn__scikit-learn-11040,issue_resolution,scikit-learn/scikit-learn,python,96a02f3934952d486589dddd3f00b40d5a5ab5f2,OrcaLoca,NA,NA,NA,scikit-learn__scikit-learn-11040-d365,NA,NA,365,future_textual_conflict,NA,NA,NA,True,NA,NA,NA,evolution_incompatibility,5d168ddaaa54d477bedcc135890b8cddbe248b23,SWE-bench Lite local record; F2P-only pilot,268a7b1fcefca83185cd0db40131a40fd413027d6e043c0dd0a0f709e48ff62d,True,5763284ef9e04ffc52cf759a59bdc6bb81107616,exact_changed_line_match,NA,"40e6c43cb49d6c1eb56faa46ca0ffa40ab6228b8: warning: sklearn/cluster/optics_.py has type 100644, expected 100755
error: patch failed: sklearn/neighbors/base.py:109
error: sklearn/neighbors/base.py: patch does not apply
","Provider-free 30-task five-checkpoint replay frame. Rows combine the d7 feasibility frame with 30/90/180/365-day human and OrcaLoca replays. The evaluator is F2P-only and fixed-method; no survival, semantic, behavioral, adaptation, or causal estimate is promoted."
