pilot_task_id,replicate,control_config,treatment_config,ranking_layer,metric,control_value,treatment_value,delta_treatment_minus_control,claim_boundary
phase1_v2_task_001,1,solver_only,solver_plus_observe_only_shenji,raw,FileHit@1,1.0,1.0,0.0,Descriptive same-task same-replicate comparison; not a randomized causal estimate.
phase1_v2_task_001,2,solver_only,solver_plus_observe_only_shenji,raw,FileHit@1,1.0,1.0,0.0,Descriptive same-task same-replicate comparison; not a randomized causal estimate.
phase1_v2_task_001,3,solver_only,solver_plus_observe_only_shenji,raw,FileHit@1,1.0,1.0,0.0,Descriptive same-task same-replicate comparison; not a randomized causal estimate.
phase1_v2_task_002,1,solver_only,solver_plus_observe_only_shenji,raw,FileHit@1,1.0,1.0,0.0,Descriptive same-task same-replicate comparison; not a randomized causal estimate.
phase1_v2_task_002,2,solver_only,solver_plus_observe_only_shenji,raw,FileHit@1,1.0,1.0,0.0,Descriptive same-task same-replicate comparison; not a randomized causal estimate.
phase1_v2_task_003,1,solver_only,solver_plus_observe_only_shenji,raw,FileHit@1,1.0,1.0,0.0,Descriptive same-task same-replicate comparison; not a randomized causal estimate.
phase1_v2_task_003,2,solver_only,solver_plus_observe_only_shenji,raw,FileHit@1,1.0,1.0,0.0,Descriptive same-task same-replicate comparison; not a randomized causal estimate.
phase1_v2_task_004,1,solver_only,solver_plus_observe_only_shenji,raw,FileHit@1,1.0,1.0,0.0,Descriptive same-task same-replicate comparison; not a randomized causal estimate.
phase1_v2_task_004,2,solver_only,solver_plus_observe_only_shenji,raw,FileHit@1,1.0,1.0,0.0,Descriptive same-task same-replicate comparison; not a randomized causal estimate.
phase1_v2_task_004,3,solver_only,solver_plus_observe_only_shenji,raw,FileHit@1,1.0,1.0,0.0,Descriptive same-task same-replicate comparison; not a randomized causal estimate.
phase1_v2_task_005,1,solver_only,solver_plus_observe_only_shenji,raw,FileHit@1,1.0,1.0,0.0,Descriptive same-task same-replicate comparison; not a randomized causal estimate.
phase1_v2_task_005,2,solver_only,solver_plus_observe_only_shenji,raw,FileHit@1,1.0,1.0,0.0,Descriptive same-task same-replicate comparison; not a randomized causal estimate.
phase1_v2_task_006,1,solver_only,solver_plus_observe_only_shenji,raw,FileHit@1,1.0,1.0,0.0,Descriptive same-task same-replicate comparison; not a randomized causal estimate.
phase1_v2_task_006,2,solver_only,solver_plus_observe_only_shenji,raw,FileHit@1,1.0,1.0,0.0,Descriptive same-task same-replicate comparison; not a randomized causal estimate.
phase1_v2_task_007,1,solver_only,solver_plus_observe_only_shenji,raw,FileHit@1,1.0,1.0,0.0,Descriptive same-task same-replicate comparison; not a randomized causal estimate.
phase1_v2_task_007,2,solver_only,solver_plus_observe_only_shenji,raw,FileHit@1,1.0,1.0,0.0,Descriptive same-task same-replicate comparison; not a randomized causal estimate.
phase1_v2_task_008,1,solver_only,solver_plus_observe_only_shenji,raw,FileHit@1,1.0,1.0,0.0,Descriptive same-task same-replicate comparison; not a randomized causal estimate.
phase1_v2_task_008,2,solver_only,solver_plus_observe_only_shenji,raw,FileHit@1,1.0,1.0,0.0,Descriptive same-task same-replicate comparison; not a randomized causal estimate.
phase1_v2_task_009,1,solver_only,solver_plus_observe_only_shenji,raw,FileHit@1,1.0,1.0,0.0,Descriptive same-task same-replicate comparison; not a randomized causal estimate.
phase1_v2_task_009,2,solver_only,solver_plus_observe_only_shenji,raw,FileHit@1,1.0,1.0,0.0,Descriptive same-task same-replicate comparison; not a randomized causal estimate.
phase1_v2_task_010,1,solver_only,solver_plus_observe_only_shenji,raw,FileHit@1,1.0,1.0,0.0,Descriptive same-task same-replicate comparison; not a randomized causal estimate.
phase1_v2_task_010,2,solver_only,solver_plus_observe_only_shenji,raw,FileHit@1,1.0,1.0,0.0,Descriptive same-task same-replicate comparison; not a randomized causal estimate.
phase1_v2_task_011,1,solver_only,solver_plus_observe_only_shenji,raw,FileHit@1,1.0,1.0,0.0,Descriptive same-task same-replicate comparison; not a randomized causal estimate.
phase1_v2_task_011,2,solver_only,solver_plus_observe_only_shenji,raw,FileHit@1,1.0,1.0,0.0,Descriptive same-task same-replicate comparison; not a randomized causal estimate.
phase1_v2_task_011,3,solver_only,solver_plus_observe_only_shenji,raw,FileHit@1,1.0,1.0,0.0,Descriptive same-task same-replicate comparison; not a randomized causal estimate.
phase1_v2_task_012,1,solver_only,solver_plus_observe_only_shenji,raw,FileHit@1,1.0,1.0,0.0,Descriptive same-task same-replicate comparison; not a randomized causal estimate.
phase1_v2_task_012,2,solver_only,solver_plus_observe_only_shenji,raw,FileHit@1,1.0,1.0,0.0,Descriptive same-task same-replicate comparison; not a randomized causal estimate.
phase1_v2_task_013,1,solver_only,solver_plus_observe_only_shenji,raw,FileHit@1,1.0,1.0,0.0,Descriptive same-task same-replicate comparison; not a randomized causal estimate.
phase1_v2_task_013,2,solver_only,solver_plus_observe_only_shenji,raw,FileHit@1,1.0,1.0,0.0,Descriptive same-task same-replicate comparison; not a randomized causal estimate.
phase1_v2_task_014,1,solver_only,solver_plus_observe_only_shenji,raw,FileHit@1,1.0,1.0,0.0,Descriptive same-task same-replicate comparison; not a randomized causal estimate.
phase1_v2_task_001,1,solver_only,solver_plus_observe_only_shenji,raw,FileHit@3,1.0,1.0,0.0,Descriptive same-task same-replicate comparison; not a randomized causal estimate.
phase1_v2_task_001,2,solver_only,solver_plus_observe_only_shenji,raw,FileHit@3,1.0,1.0,0.0,Descriptive same-task same-replicate comparison; not a randomized causal estimate.
phase1_v2_task_001,3,solver_only,solver_plus_observe_only_shenji,raw,FileHit@3,1.0,1.0,0.0,Descriptive same-task same-replicate comparison; not a randomized causal estimate.
phase1_v2_task_002,1,solver_only,solver_plus_observe_only_shenji,raw,FileHit@3,1.0,1.0,0.0,Descriptive same-task same-replicate comparison; not a randomized causal estimate.
phase1_v2_task_002,2,solver_only,solver_plus_observe_only_shenji,raw,FileHit@3,1.0,1.0,0.0,Descriptive same-task same-replicate comparison; not a randomized causal estimate.
phase1_v2_task_003,1,solver_only,solver_plus_observe_only_shenji,raw,FileHit@3,1.0,1.0,0.0,Descriptive same-task same-replicate comparison; not a randomized causal estimate.
phase1_v2_task_003,2,solver_only,solver_plus_observe_only_shenji,raw,FileHit@3,1.0,1.0,0.0,Descriptive same-task same-replicate comparison; not a randomized causal estimate.
phase1_v2_task_004,1,solver_only,solver_plus_observe_only_shenji,raw,FileHit@3,1.0,1.0,0.0,Descriptive same-task same-replicate comparison; not a randomized causal estimate.
phase1_v2_task_004,2,solver_only,solver_plus_observe_only_shenji,raw,FileHit@3,1.0,1.0,0.0,Descriptive same-task same-replicate comparison; not a randomized causal estimate.
phase1_v2_task_004,3,solver_only,solver_plus_observe_only_shenji,raw,FileHit@3,1.0,1.0,0.0,Descriptive same-task same-replicate comparison; not a randomized causal estimate.
phase1_v2_task_005,1,solver_only,solver_plus_observe_only_shenji,raw,FileHit@3,1.0,1.0,0.0,Descriptive same-task same-replicate comparison; not a randomized causal estimate.
phase1_v2_task_005,2,solver_only,solver_plus_observe_only_shenji,raw,FileHit@3,1.0,1.0,0.0,Descriptive same-task same-replicate comparison; not a randomized causal estimate.
phase1_v2_task_006,1,solver_only,solver_plus_observe_only_shenji,raw,FileHit@3,1.0,1.0,0.0,Descriptive same-task same-replicate comparison; not a randomized causal estimate.
phase1_v2_task_006,2,solver_only,solver_plus_observe_only_shenji,raw,FileHit@3,1.0,1.0,0.0,Descriptive same-task same-replicate comparison; not a randomized causal estimate.
phase1_v2_task_007,1,solver_only,solver_plus_observe_only_shenji,raw,FileHit@3,1.0,1.0,0.0,Descriptive same-task same-replicate comparison; not a randomized causal estimate.
phase1_v2_task_007,2,solver_only,solver_plus_observe_only_shenji,raw,FileHit@3,1.0,1.0,0.0,Descriptive same-task same-replicate comparison; not a randomized causal estimate.
phase1_v2_task_008,1,solver_only,solver_plus_observe_only_shenji,raw,FileHit@3,1.0,1.0,0.0,Descriptive same-task same-replicate comparison; not a randomized causal estimate.
phase1_v2_task_008,2,solver_only,solver_plus_observe_only_shenji,raw,FileHit@3,1.0,1.0,0.0,Descriptive same-task same-replicate comparison; not a randomized causal estimate.
phase1_v2_task_009,1,solver_only,solver_plus_observe_only_shenji,raw,FileHit@3,1.0,1.0,0.0,Descriptive same-task same-replicate comparison; not a randomized causal estimate.
phase1_v2_task_009,2,solver_only,solver_plus_observe_only_shenji,raw,FileHit@3,1.0,1.0,0.0,Descriptive same-task same-replicate comparison; not a randomized causal estimate.
phase1_v2_task_010,1,solver_only,solver_plus_observe_only_shenji,raw,FileHit@3,1.0,1.0,0.0,Descriptive same-task same-replicate comparison; not a randomized causal estimate.
phase1_v2_task_010,2,solver_only,solver_plus_observe_only_shenji,raw,FileHit@3,1.0,1.0,0.0,Descriptive same-task same-replicate comparison; not a randomized causal estimate.
phase1_v2_task_011,1,solver_only,solver_plus_observe_only_shenji,raw,FileHit@3,1.0,1.0,0.0,Descriptive same-task same-replicate comparison; not a randomized causal estimate.
phase1_v2_task_011,2,solver_only,solver_plus_observe_only_shenji,raw,FileHit@3,1.0,1.0,0.0,Descriptive same-task same-replicate comparison; not a randomized causal estimate.
phase1_v2_task_011,3,solver_only,solver_plus_observe_only_shenji,raw,FileHit@3,1.0,1.0,0.0,Descriptive same-task same-replicate comparison; not a randomized causal estimate.
phase1_v2_task_012,1,solver_only,solver_plus_observe_only_shenji,raw,FileHit@3,1.0,1.0,0.0,Descriptive same-task same-replicate comparison; not a randomized causal estimate.
phase1_v2_task_012,2,solver_only,solver_plus_observe_only_shenji,raw,FileHit@3,1.0,1.0,0.0,Descriptive same-task same-replicate comparison; not a randomized causal estimate.
phase1_v2_task_013,1,solver_only,solver_plus_observe_only_shenji,raw,FileHit@3,1.0,1.0,0.0,Descriptive same-task same-replicate comparison; not a randomized causal estimate.
phase1_v2_task_013,2,solver_only,solver_plus_observe_only_shenji,raw,FileHit@3,1.0,1.0,0.0,Descriptive same-task same-replicate comparison; not a randomized causal estimate.
phase1_v2_task_014,1,solver_only,solver_plus_observe_only_shenji,raw,FileHit@3,1.0,1.0,0.0,Descriptive same-task same-replicate comparison; not a randomized causal estimate.
phase1_v2_task_001,1,solver_only,solver_plus_observe_only_shenji,raw,FileHit@5,1.0,1.0,0.0,Descriptive same-task same-replicate comparison; not a randomized causal estimate.
phase1_v2_task_001,2,solver_only,solver_plus_observe_only_shenji,raw,FileHit@5,1.0,1.0,0.0,Descriptive same-task same-replicate comparison; not a randomized causal estimate.
phase1_v2_task_001,3,solver_only,solver_plus_observe_only_shenji,raw,FileHit@5,1.0,1.0,0.0,Descriptive same-task same-replicate comparison; not a randomized causal estimate.
phase1_v2_task_002,1,solver_only,solver_plus_observe_only_shenji,raw,FileHit@5,1.0,1.0,0.0,Descriptive same-task same-replicate comparison; not a randomized causal estimate.
phase1_v2_task_002,2,solver_only,solver_plus_observe_only_shenji,raw,FileHit@5,1.0,1.0,0.0,Descriptive same-task same-replicate comparison; not a randomized causal estimate.
phase1_v2_task_003,1,solver_only,solver_plus_observe_only_shenji,raw,FileHit@5,1.0,1.0,0.0,Descriptive same-task same-replicate comparison; not a randomized causal estimate.
phase1_v2_task_003,2,solver_only,solver_plus_observe_only_shenji,raw,FileHit@5,1.0,1.0,0.0,Descriptive same-task same-replicate comparison; not a randomized causal estimate.
phase1_v2_task_004,1,solver_only,solver_plus_observe_only_shenji,raw,FileHit@5,1.0,1.0,0.0,Descriptive same-task same-replicate comparison; not a randomized causal estimate.
phase1_v2_task_004,2,solver_only,solver_plus_observe_only_shenji,raw,FileHit@5,1.0,1.0,0.0,Descriptive same-task same-replicate comparison; not a randomized causal estimate.
phase1_v2_task_004,3,solver_only,solver_plus_observe_only_shenji,raw,FileHit@5,1.0,1.0,0.0,Descriptive same-task same-replicate comparison; not a randomized causal estimate.
phase1_v2_task_005,1,solver_only,solver_plus_observe_only_shenji,raw,FileHit@5,1.0,1.0,0.0,Descriptive same-task same-replicate comparison; not a randomized causal estimate.
phase1_v2_task_005,2,solver_only,solver_plus_observe_only_shenji,raw,FileHit@5,1.0,1.0,0.0,Descriptive same-task same-replicate comparison; not a randomized causal estimate.
phase1_v2_task_006,1,solver_only,solver_plus_observe_only_shenji,raw,FileHit@5,1.0,1.0,0.0,Descriptive same-task same-replicate comparison; not a randomized causal estimate.
phase1_v2_task_006,2,solver_only,solver_plus_observe_only_shenji,raw,FileHit@5,1.0,1.0,0.0,Descriptive same-task same-replicate comparison; not a randomized causal estimate.
phase1_v2_task_007,1,solver_only,solver_plus_observe_only_shenji,raw,FileHit@5,1.0,1.0,0.0,Descriptive same-task same-replicate comparison; not a randomized causal estimate.
phase1_v2_task_007,2,solver_only,solver_plus_observe_only_shenji,raw,FileHit@5,1.0,1.0,0.0,Descriptive same-task same-replicate comparison; not a randomized causal estimate.
phase1_v2_task_008,1,solver_only,solver_plus_observe_only_shenji,raw,FileHit@5,1.0,1.0,0.0,Descriptive same-task same-replicate comparison; not a randomized causal estimate.
phase1_v2_task_008,2,solver_only,solver_plus_observe_only_shenji,raw,FileHit@5,1.0,1.0,0.0,Descriptive same-task same-replicate comparison; not a randomized causal estimate.
phase1_v2_task_009,1,solver_only,solver_plus_observe_only_shenji,raw,FileHit@5,1.0,1.0,0.0,Descriptive same-task same-replicate comparison; not a randomized causal estimate.
phase1_v2_task_009,2,solver_only,solver_plus_observe_only_shenji,raw,FileHit@5,1.0,1.0,0.0,Descriptive same-task same-replicate comparison; not a randomized causal estimate.
phase1_v2_task_010,1,solver_only,solver_plus_observe_only_shenji,raw,FileHit@5,1.0,1.0,0.0,Descriptive same-task same-replicate comparison; not a randomized causal estimate.
phase1_v2_task_010,2,solver_only,solver_plus_observe_only_shenji,raw,FileHit@5,1.0,1.0,0.0,Descriptive same-task same-replicate comparison; not a randomized causal estimate.
phase1_v2_task_011,1,solver_only,solver_plus_observe_only_shenji,raw,FileHit@5,1.0,1.0,0.0,Descriptive same-task same-replicate comparison; not a randomized causal estimate.
phase1_v2_task_011,2,solver_only,solver_plus_observe_only_shenji,raw,FileHit@5,1.0,1.0,0.0,Descriptive same-task same-replicate comparison; not a randomized causal estimate.
phase1_v2_task_011,3,solver_only,solver_plus_observe_only_shenji,raw,FileHit@5,1.0,1.0,0.0,Descriptive same-task same-replicate comparison; not a randomized causal estimate.
phase1_v2_task_012,1,solver_only,solver_plus_observe_only_shenji,raw,FileHit@5,1.0,1.0,0.0,Descriptive same-task same-replicate comparison; not a randomized causal estimate.
phase1_v2_task_012,2,solver_only,solver_plus_observe_only_shenji,raw,FileHit@5,1.0,1.0,0.0,Descriptive same-task same-replicate comparison; not a randomized causal estimate.
phase1_v2_task_013,1,solver_only,solver_plus_observe_only_shenji,raw,FileHit@5,1.0,1.0,0.0,Descriptive same-task same-replicate comparison; not a randomized causal estimate.
phase1_v2_task_013,2,solver_only,solver_plus_observe_only_shenji,raw,FileHit@5,1.0,1.0,0.0,Descriptive same-task same-replicate comparison; not a randomized causal estimate.
phase1_v2_task_014,1,solver_only,solver_plus_observe_only_shenji,raw,FileHit@5,1.0,1.0,0.0,Descriptive same-task same-replicate comparison; not a randomized causal estimate.
phase1_v2_task_001,1,solver_only,solver_plus_observe_only_shenji,raw,FileHit@6,1.0,1.0,0.0,Descriptive same-task same-replicate comparison; not a randomized causal estimate.
phase1_v2_task_001,2,solver_only,solver_plus_observe_only_shenji,raw,FileHit@6,1.0,1.0,0.0,Descriptive same-task same-replicate comparison; not a randomized causal estimate.
phase1_v2_task_001,3,solver_only,solver_plus_observe_only_shenji,raw,FileHit@6,1.0,1.0,0.0,Descriptive same-task same-replicate comparison; not a randomized causal estimate.
phase1_v2_task_002,1,solver_only,solver_plus_observe_only_shenji,raw,FileHit@6,1.0,1.0,0.0,Descriptive same-task same-replicate comparison; not a randomized causal estimate.
phase1_v2_task_002,2,solver_only,solver_plus_observe_only_shenji,raw,FileHit@6,1.0,1.0,0.0,Descriptive same-task same-replicate comparison; not a randomized causal estimate.
phase1_v2_task_003,1,solver_only,solver_plus_observe_only_shenji,raw,FileHit@6,1.0,1.0,0.0,Descriptive same-task same-replicate comparison; not a randomized causal estimate.
phase1_v2_task_003,2,solver_only,solver_plus_observe_only_shenji,raw,FileHit@6,1.0,1.0,0.0,Descriptive same-task same-replicate comparison; not a randomized causal estimate.
phase1_v2_task_004,1,solver_only,solver_plus_observe_only_shenji,raw,FileHit@6,1.0,1.0,0.0,Descriptive same-task same-replicate comparison; not a randomized causal estimate.
phase1_v2_task_004,2,solver_only,solver_plus_observe_only_shenji,raw,FileHit@6,1.0,1.0,0.0,Descriptive same-task same-replicate comparison; not a randomized causal estimate.
phase1_v2_task_004,3,solver_only,solver_plus_observe_only_shenji,raw,FileHit@6,1.0,1.0,0.0,Descriptive same-task same-replicate comparison; not a randomized causal estimate.
phase1_v2_task_005,1,solver_only,solver_plus_observe_only_shenji,raw,FileHit@6,1.0,1.0,0.0,Descriptive same-task same-replicate comparison; not a randomized causal estimate.
phase1_v2_task_005,2,solver_only,solver_plus_observe_only_shenji,raw,FileHit@6,1.0,1.0,0.0,Descriptive same-task same-replicate comparison; not a randomized causal estimate.
phase1_v2_task_006,1,solver_only,solver_plus_observe_only_shenji,raw,FileHit@6,1.0,1.0,0.0,Descriptive same-task same-replicate comparison; not a randomized causal estimate.
phase1_v2_task_006,2,solver_only,solver_plus_observe_only_shenji,raw,FileHit@6,1.0,1.0,0.0,Descriptive same-task same-replicate comparison; not a randomized causal estimate.
phase1_v2_task_007,1,solver_only,solver_plus_observe_only_shenji,raw,FileHit@6,1.0,1.0,0.0,Descriptive same-task same-replicate comparison; not a randomized causal estimate.
phase1_v2_task_007,2,solver_only,solver_plus_observe_only_shenji,raw,FileHit@6,1.0,1.0,0.0,Descriptive same-task same-replicate comparison; not a randomized causal estimate.
phase1_v2_task_008,1,solver_only,solver_plus_observe_only_shenji,raw,FileHit@6,1.0,1.0,0.0,Descriptive same-task same-replicate comparison; not a randomized causal estimate.
phase1_v2_task_008,2,solver_only,solver_plus_observe_only_shenji,raw,FileHit@6,1.0,1.0,0.0,Descriptive same-task same-replicate comparison; not a randomized causal estimate.
phase1_v2_task_009,1,solver_only,solver_plus_observe_only_shenji,raw,FileHit@6,1.0,1.0,0.0,Descriptive same-task same-replicate comparison; not a randomized causal estimate.
phase1_v2_task_009,2,solver_only,solver_plus_observe_only_shenji,raw,FileHit@6,1.0,1.0,0.0,Descriptive same-task same-replicate comparison; not a randomized causal estimate.
phase1_v2_task_010,1,solver_only,solver_plus_observe_only_shenji,raw,FileHit@6,1.0,1.0,0.0,Descriptive same-task same-replicate comparison; not a randomized causal estimate.
phase1_v2_task_010,2,solver_only,solver_plus_observe_only_shenji,raw,FileHit@6,1.0,1.0,0.0,Descriptive same-task same-replicate comparison; not a randomized causal estimate.
phase1_v2_task_011,1,solver_only,solver_plus_observe_only_shenji,raw,FileHit@6,1.0,1.0,0.0,Descriptive same-task same-replicate comparison; not a randomized causal estimate.
phase1_v2_task_011,2,solver_only,solver_plus_observe_only_shenji,raw,FileHit@6,1.0,1.0,0.0,Descriptive same-task same-replicate comparison; not a randomized causal estimate.
phase1_v2_task_011,3,solver_only,solver_plus_observe_only_shenji,raw,FileHit@6,1.0,1.0,0.0,Descriptive same-task same-replicate comparison; not a randomized causal estimate.
phase1_v2_task_012,1,solver_only,solver_plus_observe_only_shenji,raw,FileHit@6,1.0,1.0,0.0,Descriptive same-task same-replicate comparison; not a randomized causal estimate.
phase1_v2_task_012,2,solver_only,solver_plus_observe_only_shenji,raw,FileHit@6,1.0,1.0,0.0,Descriptive same-task same-replicate comparison; not a randomized causal estimate.
phase1_v2_task_013,1,solver_only,solver_plus_observe_only_shenji,raw,FileHit@6,1.0,1.0,0.0,Descriptive same-task same-replicate comparison; not a randomized causal estimate.
phase1_v2_task_013,2,solver_only,solver_plus_observe_only_shenji,raw,FileHit@6,1.0,1.0,0.0,Descriptive same-task same-replicate comparison; not a randomized causal estimate.
phase1_v2_task_014,1,solver_only,solver_plus_observe_only_shenji,raw,FileHit@6,1.0,1.0,0.0,Descriptive same-task same-replicate comparison; not a randomized causal estimate.
phase1_v2_task_001,1,solver_only,solver_plus_observe_only_shenji,raw,MRR@3,1.0,1.0,0.0,Descriptive same-task same-replicate comparison; not a randomized causal estimate.
phase1_v2_task_001,2,solver_only,solver_plus_observe_only_shenji,raw,MRR@3,1.0,1.0,0.0,Descriptive same-task same-replicate comparison; not a randomized causal estimate.
phase1_v2_task_001,3,solver_only,solver_plus_observe_only_shenji,raw,MRR@3,1.0,1.0,0.0,Descriptive same-task same-replicate comparison; not a randomized causal estimate.
phase1_v2_task_002,1,solver_only,solver_plus_observe_only_shenji,raw,MRR@3,1.0,1.0,0.0,Descriptive same-task same-replicate comparison; not a randomized causal estimate.
phase1_v2_task_002,2,solver_only,solver_plus_observe_only_shenji,raw,MRR@3,1.0,1.0,0.0,Descriptive same-task same-replicate comparison; not a randomized causal estimate.
phase1_v2_task_003,1,solver_only,solver_plus_observe_only_shenji,raw,MRR@3,1.0,1.0,0.0,Descriptive same-task same-replicate comparison; not a randomized causal estimate.
phase1_v2_task_003,2,solver_only,solver_plus_observe_only_shenji,raw,MRR@3,1.0,1.0,0.0,Descriptive same-task same-replicate comparison; not a randomized causal estimate.
phase1_v2_task_004,1,solver_only,solver_plus_observe_only_shenji,raw,MRR@3,1.0,1.0,0.0,Descriptive same-task same-replicate comparison; not a randomized causal estimate.
phase1_v2_task_004,2,solver_only,solver_plus_observe_only_shenji,raw,MRR@3,1.0,1.0,0.0,Descriptive same-task same-replicate comparison; not a randomized causal estimate.
phase1_v2_task_004,3,solver_only,solver_plus_observe_only_shenji,raw,MRR@3,1.0,1.0,0.0,Descriptive same-task same-replicate comparison; not a randomized causal estimate.
phase1_v2_task_005,1,solver_only,solver_plus_observe_only_shenji,raw,MRR@3,1.0,1.0,0.0,Descriptive same-task same-replicate comparison; not a randomized causal estimate.
phase1_v2_task_005,2,solver_only,solver_plus_observe_only_shenji,raw,MRR@3,1.0,1.0,0.0,Descriptive same-task same-replicate comparison; not a randomized causal estimate.
phase1_v2_task_006,1,solver_only,solver_plus_observe_only_shenji,raw,MRR@3,1.0,1.0,0.0,Descriptive same-task same-replicate comparison; not a randomized causal estimate.
phase1_v2_task_006,2,solver_only,solver_plus_observe_only_shenji,raw,MRR@3,1.0,1.0,0.0,Descriptive same-task same-replicate comparison; not a randomized causal estimate.
phase1_v2_task_007,1,solver_only,solver_plus_observe_only_shenji,raw,MRR@3,1.0,1.0,0.0,Descriptive same-task same-replicate comparison; not a randomized causal estimate.
phase1_v2_task_007,2,solver_only,solver_plus_observe_only_shenji,raw,MRR@3,1.0,1.0,0.0,Descriptive same-task same-replicate comparison; not a randomized causal estimate.
phase1_v2_task_008,1,solver_only,solver_plus_observe_only_shenji,raw,MRR@3,1.0,1.0,0.0,Descriptive same-task same-replicate comparison; not a randomized causal estimate.
phase1_v2_task_008,2,solver_only,solver_plus_observe_only_shenji,raw,MRR@3,1.0,1.0,0.0,Descriptive same-task same-replicate comparison; not a randomized causal estimate.
phase1_v2_task_009,1,solver_only,solver_plus_observe_only_shenji,raw,MRR@3,1.0,1.0,0.0,Descriptive same-task same-replicate comparison; not a randomized causal estimate.
phase1_v2_task_009,2,solver_only,solver_plus_observe_only_shenji,raw,MRR@3,1.0,1.0,0.0,Descriptive same-task same-replicate comparison; not a randomized causal estimate.
phase1_v2_task_010,1,solver_only,solver_plus_observe_only_shenji,raw,MRR@3,1.0,1.0,0.0,Descriptive same-task same-replicate comparison; not a randomized causal estimate.
phase1_v2_task_010,2,solver_only,solver_plus_observe_only_shenji,raw,MRR@3,1.0,1.0,0.0,Descriptive same-task same-replicate comparison; not a randomized causal estimate.
phase1_v2_task_011,1,solver_only,solver_plus_observe_only_shenji,raw,MRR@3,1.0,1.0,0.0,Descriptive same-task same-replicate comparison; not a randomized causal estimate.
phase1_v2_task_011,2,solver_only,solver_plus_observe_only_shenji,raw,MRR@3,1.0,1.0,0.0,Descriptive same-task same-replicate comparison; not a randomized causal estimate.
phase1_v2_task_011,3,solver_only,solver_plus_observe_only_shenji,raw,MRR@3,1.0,1.0,0.0,Descriptive same-task same-replicate comparison; not a randomized causal estimate.
phase1_v2_task_012,1,solver_only,solver_plus_observe_only_shenji,raw,MRR@3,1.0,1.0,0.0,Descriptive same-task same-replicate comparison; not a randomized causal estimate.
phase1_v2_task_012,2,solver_only,solver_plus_observe_only_shenji,raw,MRR@3,1.0,1.0,0.0,Descriptive same-task same-replicate comparison; not a randomized causal estimate.
phase1_v2_task_013,1,solver_only,solver_plus_observe_only_shenji,raw,MRR@3,1.0,1.0,0.0,Descriptive same-task same-replicate comparison; not a randomized causal estimate.
phase1_v2_task_013,2,solver_only,solver_plus_observe_only_shenji,raw,MRR@3,1.0,1.0,0.0,Descriptive same-task same-replicate comparison; not a randomized causal estimate.
phase1_v2_task_014,1,solver_only,solver_plus_observe_only_shenji,raw,MRR@3,1.0,1.0,0.0,Descriptive same-task same-replicate comparison; not a randomized causal estimate.
phase1_v2_task_001,1,solver_only,solver_plus_observe_only_shenji,raw,MultiFileRecall@6,0.25,0.5,0.25,Descriptive same-task same-replicate comparison; not a randomized causal estimate.
phase1_v2_task_001,2,solver_only,solver_plus_observe_only_shenji,raw,MultiFileRecall@6,0.25,0.75,0.5,Descriptive same-task same-replicate comparison; not a randomized causal estimate.
phase1_v2_task_001,3,solver_only,solver_plus_observe_only_shenji,raw,MultiFileRecall@6,0.5,0.5,0.0,Descriptive same-task same-replicate comparison; not a randomized causal estimate.
phase1_v2_task_002,1,solver_only,solver_plus_observe_only_shenji,raw,MultiFileRecall@6,0.5,0.5,0.0,Descriptive same-task same-replicate comparison; not a randomized causal estimate.
phase1_v2_task_002,2,solver_only,solver_plus_observe_only_shenji,raw,MultiFileRecall@6,0.5,0.5,0.0,Descriptive same-task same-replicate comparison; not a randomized causal estimate.
phase1_v2_task_003,1,solver_only,solver_plus_observe_only_shenji,raw,MultiFileRecall@6,0.285714,0.142857,-0.142857,Descriptive same-task same-replicate comparison; not a randomized causal estimate.
phase1_v2_task_003,2,solver_only,solver_plus_observe_only_shenji,raw,MultiFileRecall@6,0.142857,0.142857,0.0,Descriptive same-task same-replicate comparison; not a randomized causal estimate.
phase1_v2_task_004,1,solver_only,solver_plus_observe_only_shenji,raw,MultiFileRecall@6,0.25,0.25,0.0,Descriptive same-task same-replicate comparison; not a randomized causal estimate.
phase1_v2_task_004,2,solver_only,solver_plus_observe_only_shenji,raw,MultiFileRecall@6,0.25,0.25,0.0,Descriptive same-task same-replicate comparison; not a randomized causal estimate.
phase1_v2_task_004,3,solver_only,solver_plus_observe_only_shenji,raw,MultiFileRecall@6,0.25,0.25,0.0,Descriptive same-task same-replicate comparison; not a randomized causal estimate.
phase1_v2_task_005,1,solver_only,solver_plus_observe_only_shenji,raw,MultiFileRecall@6,0.5,0.333333,-0.166667,Descriptive same-task same-replicate comparison; not a randomized causal estimate.
phase1_v2_task_005,2,solver_only,solver_plus_observe_only_shenji,raw,MultiFileRecall@6,0.5,0.5,0.0,Descriptive same-task same-replicate comparison; not a randomized causal estimate.
phase1_v2_task_006,1,solver_only,solver_plus_observe_only_shenji,raw,MultiFileRecall@6,1.0,1.0,0.0,Descriptive same-task same-replicate comparison; not a randomized causal estimate.
phase1_v2_task_006,2,solver_only,solver_plus_observe_only_shenji,raw,MultiFileRecall@6,1.0,1.0,0.0,Descriptive same-task same-replicate comparison; not a randomized causal estimate.
phase1_v2_task_007,1,solver_only,solver_plus_observe_only_shenji,raw,MultiFileRecall@6,0.5,0.5,0.0,Descriptive same-task same-replicate comparison; not a randomized causal estimate.
phase1_v2_task_007,2,solver_only,solver_plus_observe_only_shenji,raw,MultiFileRecall@6,0.5,0.5,0.0,Descriptive same-task same-replicate comparison; not a randomized causal estimate.
phase1_v2_task_008,1,solver_only,solver_plus_observe_only_shenji,raw,MultiFileRecall@6,0.4,0.4,0.0,Descriptive same-task same-replicate comparison; not a randomized causal estimate.
phase1_v2_task_008,2,solver_only,solver_plus_observe_only_shenji,raw,MultiFileRecall@6,0.4,0.4,0.0,Descriptive same-task same-replicate comparison; not a randomized causal estimate.
phase1_v2_task_009,1,solver_only,solver_plus_observe_only_shenji,raw,MultiFileRecall@6,0.5,0.5,0.0,Descriptive same-task same-replicate comparison; not a randomized causal estimate.
phase1_v2_task_009,2,solver_only,solver_plus_observe_only_shenji,raw,MultiFileRecall@6,0.5,0.5,0.0,Descriptive same-task same-replicate comparison; not a randomized causal estimate.
phase1_v2_task_010,1,solver_only,solver_plus_observe_only_shenji,raw,MultiFileRecall@6,0.5,0.5,0.0,Descriptive same-task same-replicate comparison; not a randomized causal estimate.
phase1_v2_task_010,2,solver_only,solver_plus_observe_only_shenji,raw,MultiFileRecall@6,0.5,0.5,0.0,Descriptive same-task same-replicate comparison; not a randomized causal estimate.
phase1_v2_task_011,1,solver_only,solver_plus_observe_only_shenji,raw,MultiFileRecall@6,0.571429,0.571429,0.0,Descriptive same-task same-replicate comparison; not a randomized causal estimate.
phase1_v2_task_011,2,solver_only,solver_plus_observe_only_shenji,raw,MultiFileRecall@6,0.571429,0.428571,-0.142858,Descriptive same-task same-replicate comparison; not a randomized causal estimate.
phase1_v2_task_011,3,solver_only,solver_plus_observe_only_shenji,raw,MultiFileRecall@6,0.571429,0.428571,-0.142858,Descriptive same-task same-replicate comparison; not a randomized causal estimate.
phase1_v2_task_012,1,solver_only,solver_plus_observe_only_shenji,raw,MultiFileRecall@6,0.5,0.5,0.0,Descriptive same-task same-replicate comparison; not a randomized causal estimate.
phase1_v2_task_012,2,solver_only,solver_plus_observe_only_shenji,raw,MultiFileRecall@6,0.5,0.5,0.0,Descriptive same-task same-replicate comparison; not a randomized causal estimate.
phase1_v2_task_013,1,solver_only,solver_plus_observe_only_shenji,raw,MultiFileRecall@6,0.25,0.25,0.0,Descriptive same-task same-replicate comparison; not a randomized causal estimate.
phase1_v2_task_013,2,solver_only,solver_plus_observe_only_shenji,raw,MultiFileRecall@6,0.25,0.25,0.0,Descriptive same-task same-replicate comparison; not a randomized causal estimate.
phase1_v2_task_014,1,solver_only,solver_plus_observe_only_shenji,raw,MultiFileRecall@6,0.666667,0.333333,-0.333334,Descriptive same-task same-replicate comparison; not a randomized causal estimate.
phase1_v2_task_001,1,solver_only,solver_plus_observe_only_shenji,audit,FileHit@1,1.0,1.0,0.0,Descriptive same-task same-replicate comparison; not a randomized causal estimate.
phase1_v2_task_001,2,solver_only,solver_plus_observe_only_shenji,audit,FileHit@1,1.0,1.0,0.0,Descriptive same-task same-replicate comparison; not a randomized causal estimate.
phase1_v2_task_001,3,solver_only,solver_plus_observe_only_shenji,audit,FileHit@1,1.0,1.0,0.0,Descriptive same-task same-replicate comparison; not a randomized causal estimate.
phase1_v2_task_002,1,solver_only,solver_plus_observe_only_shenji,audit,FileHit@1,1.0,1.0,0.0,Descriptive same-task same-replicate comparison; not a randomized causal estimate.
phase1_v2_task_002,2,solver_only,solver_plus_observe_only_shenji,audit,FileHit@1,1.0,1.0,0.0,Descriptive same-task same-replicate comparison; not a randomized causal estimate.
phase1_v2_task_003,1,solver_only,solver_plus_observe_only_shenji,audit,FileHit@1,1.0,1.0,0.0,Descriptive same-task same-replicate comparison; not a randomized causal estimate.
phase1_v2_task_003,2,solver_only,solver_plus_observe_only_shenji,audit,FileHit@1,1.0,1.0,0.0,Descriptive same-task same-replicate comparison; not a randomized causal estimate.
phase1_v2_task_004,1,solver_only,solver_plus_observe_only_shenji,audit,FileHit@1,1.0,1.0,0.0,Descriptive same-task same-replicate comparison; not a randomized causal estimate.
phase1_v2_task_004,2,solver_only,solver_plus_observe_only_shenji,audit,FileHit@1,1.0,1.0,0.0,Descriptive same-task same-replicate comparison; not a randomized causal estimate.
phase1_v2_task_004,3,solver_only,solver_plus_observe_only_shenji,audit,FileHit@1,1.0,1.0,0.0,Descriptive same-task same-replicate comparison; not a randomized causal estimate.
phase1_v2_task_005,1,solver_only,solver_plus_observe_only_shenji,audit,FileHit@1,1.0,1.0,0.0,Descriptive same-task same-replicate comparison; not a randomized causal estimate.
phase1_v2_task_005,2,solver_only,solver_plus_observe_only_shenji,audit,FileHit@1,1.0,1.0,0.0,Descriptive same-task same-replicate comparison; not a randomized causal estimate.
phase1_v2_task_006,1,solver_only,solver_plus_observe_only_shenji,audit,FileHit@1,1.0,1.0,0.0,Descriptive same-task same-replicate comparison; not a randomized causal estimate.
phase1_v2_task_006,2,solver_only,solver_plus_observe_only_shenji,audit,FileHit@1,1.0,1.0,0.0,Descriptive same-task same-replicate comparison; not a randomized causal estimate.
phase1_v2_task_007,1,solver_only,solver_plus_observe_only_shenji,audit,FileHit@1,1.0,1.0,0.0,Descriptive same-task same-replicate comparison; not a randomized causal estimate.
phase1_v2_task_007,2,solver_only,solver_plus_observe_only_shenji,audit,FileHit@1,1.0,1.0,0.0,Descriptive same-task same-replicate comparison; not a randomized causal estimate.
phase1_v2_task_008,1,solver_only,solver_plus_observe_only_shenji,audit,FileHit@1,1.0,1.0,0.0,Descriptive same-task same-replicate comparison; not a randomized causal estimate.
phase1_v2_task_008,2,solver_only,solver_plus_observe_only_shenji,audit,FileHit@1,1.0,1.0,0.0,Descriptive same-task same-replicate comparison; not a randomized causal estimate.
phase1_v2_task_009,1,solver_only,solver_plus_observe_only_shenji,audit,FileHit@1,1.0,1.0,0.0,Descriptive same-task same-replicate comparison; not a randomized causal estimate.
phase1_v2_task_009,2,solver_only,solver_plus_observe_only_shenji,audit,FileHit@1,1.0,1.0,0.0,Descriptive same-task same-replicate comparison; not a randomized causal estimate.
phase1_v2_task_010,1,solver_only,solver_plus_observe_only_shenji,audit,FileHit@1,1.0,1.0,0.0,Descriptive same-task same-replicate comparison; not a randomized causal estimate.
phase1_v2_task_010,2,solver_only,solver_plus_observe_only_shenji,audit,FileHit@1,1.0,1.0,0.0,Descriptive same-task same-replicate comparison; not a randomized causal estimate.
phase1_v2_task_011,1,solver_only,solver_plus_observe_only_shenji,audit,FileHit@1,1.0,1.0,0.0,Descriptive same-task same-replicate comparison; not a randomized causal estimate.
phase1_v2_task_011,2,solver_only,solver_plus_observe_only_shenji,audit,FileHit@1,1.0,1.0,0.0,Descriptive same-task same-replicate comparison; not a randomized causal estimate.
phase1_v2_task_011,3,solver_only,solver_plus_observe_only_shenji,audit,FileHit@1,1.0,1.0,0.0,Descriptive same-task same-replicate comparison; not a randomized causal estimate.
phase1_v2_task_012,1,solver_only,solver_plus_observe_only_shenji,audit,FileHit@1,1.0,1.0,0.0,Descriptive same-task same-replicate comparison; not a randomized causal estimate.
phase1_v2_task_012,2,solver_only,solver_plus_observe_only_shenji,audit,FileHit@1,1.0,1.0,0.0,Descriptive same-task same-replicate comparison; not a randomized causal estimate.
phase1_v2_task_013,1,solver_only,solver_plus_observe_only_shenji,audit,FileHit@1,1.0,1.0,0.0,Descriptive same-task same-replicate comparison; not a randomized causal estimate.
phase1_v2_task_013,2,solver_only,solver_plus_observe_only_shenji,audit,FileHit@1,1.0,1.0,0.0,Descriptive same-task same-replicate comparison; not a randomized causal estimate.
phase1_v2_task_014,1,solver_only,solver_plus_observe_only_shenji,audit,FileHit@1,1.0,1.0,0.0,Descriptive same-task same-replicate comparison; not a randomized causal estimate.
phase1_v2_task_001,1,solver_only,solver_plus_observe_only_shenji,audit,FileHit@3,1.0,1.0,0.0,Descriptive same-task same-replicate comparison; not a randomized causal estimate.
phase1_v2_task_001,2,solver_only,solver_plus_observe_only_shenji,audit,FileHit@3,1.0,1.0,0.0,Descriptive same-task same-replicate comparison; not a randomized causal estimate.
phase1_v2_task_001,3,solver_only,solver_plus_observe_only_shenji,audit,FileHit@3,1.0,1.0,0.0,Descriptive same-task same-replicate comparison; not a randomized causal estimate.
phase1_v2_task_002,1,solver_only,solver_plus_observe_only_shenji,audit,FileHit@3,1.0,1.0,0.0,Descriptive same-task same-replicate comparison; not a randomized causal estimate.
phase1_v2_task_002,2,solver_only,solver_plus_observe_only_shenji,audit,FileHit@3,1.0,1.0,0.0,Descriptive same-task same-replicate comparison; not a randomized causal estimate.
phase1_v2_task_003,1,solver_only,solver_plus_observe_only_shenji,audit,FileHit@3,1.0,1.0,0.0,Descriptive same-task same-replicate comparison; not a randomized causal estimate.
phase1_v2_task_003,2,solver_only,solver_plus_observe_only_shenji,audit,FileHit@3,1.0,1.0,0.0,Descriptive same-task same-replicate comparison; not a randomized causal estimate.
phase1_v2_task_004,1,solver_only,solver_plus_observe_only_shenji,audit,FileHit@3,1.0,1.0,0.0,Descriptive same-task same-replicate comparison; not a randomized causal estimate.
phase1_v2_task_004,2,solver_only,solver_plus_observe_only_shenji,audit,FileHit@3,1.0,1.0,0.0,Descriptive same-task same-replicate comparison; not a randomized causal estimate.
phase1_v2_task_004,3,solver_only,solver_plus_observe_only_shenji,audit,FileHit@3,1.0,1.0,0.0,Descriptive same-task same-replicate comparison; not a randomized causal estimate.
phase1_v2_task_005,1,solver_only,solver_plus_observe_only_shenji,audit,FileHit@3,1.0,1.0,0.0,Descriptive same-task same-replicate comparison; not a randomized causal estimate.
phase1_v2_task_005,2,solver_only,solver_plus_observe_only_shenji,audit,FileHit@3,1.0,1.0,0.0,Descriptive same-task same-replicate comparison; not a randomized causal estimate.
phase1_v2_task_006,1,solver_only,solver_plus_observe_only_shenji,audit,FileHit@3,1.0,1.0,0.0,Descriptive same-task same-replicate comparison; not a randomized causal estimate.
phase1_v2_task_006,2,solver_only,solver_plus_observe_only_shenji,audit,FileHit@3,1.0,1.0,0.0,Descriptive same-task same-replicate comparison; not a randomized causal estimate.
phase1_v2_task_007,1,solver_only,solver_plus_observe_only_shenji,audit,FileHit@3,1.0,1.0,0.0,Descriptive same-task same-replicate comparison; not a randomized causal estimate.
phase1_v2_task_007,2,solver_only,solver_plus_observe_only_shenji,audit,FileHit@3,1.0,1.0,0.0,Descriptive same-task same-replicate comparison; not a randomized causal estimate.
phase1_v2_task_008,1,solver_only,solver_plus_observe_only_shenji,audit,FileHit@3,1.0,1.0,0.0,Descriptive same-task same-replicate comparison; not a randomized causal estimate.
phase1_v2_task_008,2,solver_only,solver_plus_observe_only_shenji,audit,FileHit@3,1.0,1.0,0.0,Descriptive same-task same-replicate comparison; not a randomized causal estimate.
phase1_v2_task_009,1,solver_only,solver_plus_observe_only_shenji,audit,FileHit@3,1.0,1.0,0.0,Descriptive same-task same-replicate comparison; not a randomized causal estimate.
phase1_v2_task_009,2,solver_only,solver_plus_observe_only_shenji,audit,FileHit@3,1.0,1.0,0.0,Descriptive same-task same-replicate comparison; not a randomized causal estimate.
phase1_v2_task_010,1,solver_only,solver_plus_observe_only_shenji,audit,FileHit@3,1.0,1.0,0.0,Descriptive same-task same-replicate comparison; not a randomized causal estimate.
phase1_v2_task_010,2,solver_only,solver_plus_observe_only_shenji,audit,FileHit@3,1.0,1.0,0.0,Descriptive same-task same-replicate comparison; not a randomized causal estimate.
phase1_v2_task_011,1,solver_only,solver_plus_observe_only_shenji,audit,FileHit@3,1.0,1.0,0.0,Descriptive same-task same-replicate comparison; not a randomized causal estimate.
phase1_v2_task_011,2,solver_only,solver_plus_observe_only_shenji,audit,FileHit@3,1.0,1.0,0.0,Descriptive same-task same-replicate comparison; not a randomized causal estimate.
phase1_v2_task_011,3,solver_only,solver_plus_observe_only_shenji,audit,FileHit@3,1.0,1.0,0.0,Descriptive same-task same-replicate comparison; not a randomized causal estimate.
phase1_v2_task_012,1,solver_only,solver_plus_observe_only_shenji,audit,FileHit@3,1.0,1.0,0.0,Descriptive same-task same-replicate comparison; not a randomized causal estimate.
phase1_v2_task_012,2,solver_only,solver_plus_observe_only_shenji,audit,FileHit@3,1.0,1.0,0.0,Descriptive same-task same-replicate comparison; not a randomized causal estimate.
phase1_v2_task_013,1,solver_only,solver_plus_observe_only_shenji,audit,FileHit@3,1.0,1.0,0.0,Descriptive same-task same-replicate comparison; not a randomized causal estimate.
phase1_v2_task_013,2,solver_only,solver_plus_observe_only_shenji,audit,FileHit@3,1.0,1.0,0.0,Descriptive same-task same-replicate comparison; not a randomized causal estimate.
phase1_v2_task_014,1,solver_only,solver_plus_observe_only_shenji,audit,FileHit@3,1.0,1.0,0.0,Descriptive same-task same-replicate comparison; not a randomized causal estimate.
phase1_v2_task_001,1,solver_only,solver_plus_observe_only_shenji,audit,FileHit@5,1.0,1.0,0.0,Descriptive same-task same-replicate comparison; not a randomized causal estimate.
phase1_v2_task_001,2,solver_only,solver_plus_observe_only_shenji,audit,FileHit@5,1.0,1.0,0.0,Descriptive same-task same-replicate comparison; not a randomized causal estimate.
phase1_v2_task_001,3,solver_only,solver_plus_observe_only_shenji,audit,FileHit@5,1.0,1.0,0.0,Descriptive same-task same-replicate comparison; not a randomized causal estimate.
phase1_v2_task_002,1,solver_only,solver_plus_observe_only_shenji,audit,FileHit@5,1.0,1.0,0.0,Descriptive same-task same-replicate comparison; not a randomized causal estimate.
phase1_v2_task_002,2,solver_only,solver_plus_observe_only_shenji,audit,FileHit@5,1.0,1.0,0.0,Descriptive same-task same-replicate comparison; not a randomized causal estimate.
phase1_v2_task_003,1,solver_only,solver_plus_observe_only_shenji,audit,FileHit@5,1.0,1.0,0.0,Descriptive same-task same-replicate comparison; not a randomized causal estimate.
phase1_v2_task_003,2,solver_only,solver_plus_observe_only_shenji,audit,FileHit@5,1.0,1.0,0.0,Descriptive same-task same-replicate comparison; not a randomized causal estimate.
phase1_v2_task_004,1,solver_only,solver_plus_observe_only_shenji,audit,FileHit@5,1.0,1.0,0.0,Descriptive same-task same-replicate comparison; not a randomized causal estimate.
phase1_v2_task_004,2,solver_only,solver_plus_observe_only_shenji,audit,FileHit@5,1.0,1.0,0.0,Descriptive same-task same-replicate comparison; not a randomized causal estimate.
phase1_v2_task_004,3,solver_only,solver_plus_observe_only_shenji,audit,FileHit@5,1.0,1.0,0.0,Descriptive same-task same-replicate comparison; not a randomized causal estimate.
phase1_v2_task_005,1,solver_only,solver_plus_observe_only_shenji,audit,FileHit@5,1.0,1.0,0.0,Descriptive same-task same-replicate comparison; not a randomized causal estimate.
phase1_v2_task_005,2,solver_only,solver_plus_observe_only_shenji,audit,FileHit@5,1.0,1.0,0.0,Descriptive same-task same-replicate comparison; not a randomized causal estimate.
phase1_v2_task_006,1,solver_only,solver_plus_observe_only_shenji,audit,FileHit@5,1.0,1.0,0.0,Descriptive same-task same-replicate comparison; not a randomized causal estimate.
phase1_v2_task_006,2,solver_only,solver_plus_observe_only_shenji,audit,FileHit@5,1.0,1.0,0.0,Descriptive same-task same-replicate comparison; not a randomized causal estimate.
phase1_v2_task_007,1,solver_only,solver_plus_observe_only_shenji,audit,FileHit@5,1.0,1.0,0.0,Descriptive same-task same-replicate comparison; not a randomized causal estimate.
phase1_v2_task_007,2,solver_only,solver_plus_observe_only_shenji,audit,FileHit@5,1.0,1.0,0.0,Descriptive same-task same-replicate comparison; not a randomized causal estimate.
phase1_v2_task_008,1,solver_only,solver_plus_observe_only_shenji,audit,FileHit@5,1.0,1.0,0.0,Descriptive same-task same-replicate comparison; not a randomized causal estimate.
phase1_v2_task_008,2,solver_only,solver_plus_observe_only_shenji,audit,FileHit@5,1.0,1.0,0.0,Descriptive same-task same-replicate comparison; not a randomized causal estimate.
phase1_v2_task_009,1,solver_only,solver_plus_observe_only_shenji,audit,FileHit@5,1.0,1.0,0.0,Descriptive same-task same-replicate comparison; not a randomized causal estimate.
phase1_v2_task_009,2,solver_only,solver_plus_observe_only_shenji,audit,FileHit@5,1.0,1.0,0.0,Descriptive same-task same-replicate comparison; not a randomized causal estimate.
phase1_v2_task_010,1,solver_only,solver_plus_observe_only_shenji,audit,FileHit@5,1.0,1.0,0.0,Descriptive same-task same-replicate comparison; not a randomized causal estimate.
phase1_v2_task_010,2,solver_only,solver_plus_observe_only_shenji,audit,FileHit@5,1.0,1.0,0.0,Descriptive same-task same-replicate comparison; not a randomized causal estimate.
phase1_v2_task_011,1,solver_only,solver_plus_observe_only_shenji,audit,FileHit@5,1.0,1.0,0.0,Descriptive same-task same-replicate comparison; not a randomized causal estimate.
phase1_v2_task_011,2,solver_only,solver_plus_observe_only_shenji,audit,FileHit@5,1.0,1.0,0.0,Descriptive same-task same-replicate comparison; not a randomized causal estimate.
phase1_v2_task_011,3,solver_only,solver_plus_observe_only_shenji,audit,FileHit@5,1.0,1.0,0.0,Descriptive same-task same-replicate comparison; not a randomized causal estimate.
phase1_v2_task_012,1,solver_only,solver_plus_observe_only_shenji,audit,FileHit@5,1.0,1.0,0.0,Descriptive same-task same-replicate comparison; not a randomized causal estimate.
phase1_v2_task_012,2,solver_only,solver_plus_observe_only_shenji,audit,FileHit@5,1.0,1.0,0.0,Descriptive same-task same-replicate comparison; not a randomized causal estimate.
phase1_v2_task_013,1,solver_only,solver_plus_observe_only_shenji,audit,FileHit@5,1.0,1.0,0.0,Descriptive same-task same-replicate comparison; not a randomized causal estimate.
phase1_v2_task_013,2,solver_only,solver_plus_observe_only_shenji,audit,FileHit@5,1.0,1.0,0.0,Descriptive same-task same-replicate comparison; not a randomized causal estimate.
phase1_v2_task_014,1,solver_only,solver_plus_observe_only_shenji,audit,FileHit@5,1.0,1.0,0.0,Descriptive same-task same-replicate comparison; not a randomized causal estimate.
phase1_v2_task_001,1,solver_only,solver_plus_observe_only_shenji,audit,FileHit@6,1.0,1.0,0.0,Descriptive same-task same-replicate comparison; not a randomized causal estimate.
phase1_v2_task_001,2,solver_only,solver_plus_observe_only_shenji,audit,FileHit@6,1.0,1.0,0.0,Descriptive same-task same-replicate comparison; not a randomized causal estimate.
phase1_v2_task_001,3,solver_only,solver_plus_observe_only_shenji,audit,FileHit@6,1.0,1.0,0.0,Descriptive same-task same-replicate comparison; not a randomized causal estimate.
phase1_v2_task_002,1,solver_only,solver_plus_observe_only_shenji,audit,FileHit@6,1.0,1.0,0.0,Descriptive same-task same-replicate comparison; not a randomized causal estimate.
phase1_v2_task_002,2,solver_only,solver_plus_observe_only_shenji,audit,FileHit@6,1.0,1.0,0.0,Descriptive same-task same-replicate comparison; not a randomized causal estimate.
phase1_v2_task_003,1,solver_only,solver_plus_observe_only_shenji,audit,FileHit@6,1.0,1.0,0.0,Descriptive same-task same-replicate comparison; not a randomized causal estimate.
phase1_v2_task_003,2,solver_only,solver_plus_observe_only_shenji,audit,FileHit@6,1.0,1.0,0.0,Descriptive same-task same-replicate comparison; not a randomized causal estimate.
phase1_v2_task_004,1,solver_only,solver_plus_observe_only_shenji,audit,FileHit@6,1.0,1.0,0.0,Descriptive same-task same-replicate comparison; not a randomized causal estimate.
phase1_v2_task_004,2,solver_only,solver_plus_observe_only_shenji,audit,FileHit@6,1.0,1.0,0.0,Descriptive same-task same-replicate comparison; not a randomized causal estimate.
phase1_v2_task_004,3,solver_only,solver_plus_observe_only_shenji,audit,FileHit@6,1.0,1.0,0.0,Descriptive same-task same-replicate comparison; not a randomized causal estimate.
phase1_v2_task_005,1,solver_only,solver_plus_observe_only_shenji,audit,FileHit@6,1.0,1.0,0.0,Descriptive same-task same-replicate comparison; not a randomized causal estimate.
phase1_v2_task_005,2,solver_only,solver_plus_observe_only_shenji,audit,FileHit@6,1.0,1.0,0.0,Descriptive same-task same-replicate comparison; not a randomized causal estimate.
phase1_v2_task_006,1,solver_only,solver_plus_observe_only_shenji,audit,FileHit@6,1.0,1.0,0.0,Descriptive same-task same-replicate comparison; not a randomized causal estimate.
phase1_v2_task_006,2,solver_only,solver_plus_observe_only_shenji,audit,FileHit@6,1.0,1.0,0.0,Descriptive same-task same-replicate comparison; not a randomized causal estimate.
phase1_v2_task_007,1,solver_only,solver_plus_observe_only_shenji,audit,FileHit@6,1.0,1.0,0.0,Descriptive same-task same-replicate comparison; not a randomized causal estimate.
phase1_v2_task_007,2,solver_only,solver_plus_observe_only_shenji,audit,FileHit@6,1.0,1.0,0.0,Descriptive same-task same-replicate comparison; not a randomized causal estimate.
phase1_v2_task_008,1,solver_only,solver_plus_observe_only_shenji,audit,FileHit@6,1.0,1.0,0.0,Descriptive same-task same-replicate comparison; not a randomized causal estimate.
phase1_v2_task_008,2,solver_only,solver_plus_observe_only_shenji,audit,FileHit@6,1.0,1.0,0.0,Descriptive same-task same-replicate comparison; not a randomized causal estimate.
phase1_v2_task_009,1,solver_only,solver_plus_observe_only_shenji,audit,FileHit@6,1.0,1.0,0.0,Descriptive same-task same-replicate comparison; not a randomized causal estimate.
phase1_v2_task_009,2,solver_only,solver_plus_observe_only_shenji,audit,FileHit@6,1.0,1.0,0.0,Descriptive same-task same-replicate comparison; not a randomized causal estimate.
phase1_v2_task_010,1,solver_only,solver_plus_observe_only_shenji,audit,FileHit@6,1.0,1.0,0.0,Descriptive same-task same-replicate comparison; not a randomized causal estimate.
phase1_v2_task_010,2,solver_only,solver_plus_observe_only_shenji,audit,FileHit@6,1.0,1.0,0.0,Descriptive same-task same-replicate comparison; not a randomized causal estimate.
phase1_v2_task_011,1,solver_only,solver_plus_observe_only_shenji,audit,FileHit@6,1.0,1.0,0.0,Descriptive same-task same-replicate comparison; not a randomized causal estimate.
phase1_v2_task_011,2,solver_only,solver_plus_observe_only_shenji,audit,FileHit@6,1.0,1.0,0.0,Descriptive same-task same-replicate comparison; not a randomized causal estimate.
phase1_v2_task_011,3,solver_only,solver_plus_observe_only_shenji,audit,FileHit@6,1.0,1.0,0.0,Descriptive same-task same-replicate comparison; not a randomized causal estimate.
phase1_v2_task_012,1,solver_only,solver_plus_observe_only_shenji,audit,FileHit@6,1.0,1.0,0.0,Descriptive same-task same-replicate comparison; not a randomized causal estimate.
phase1_v2_task_012,2,solver_only,solver_plus_observe_only_shenji,audit,FileHit@6,1.0,1.0,0.0,Descriptive same-task same-replicate comparison; not a randomized causal estimate.
phase1_v2_task_013,1,solver_only,solver_plus_observe_only_shenji,audit,FileHit@6,1.0,1.0,0.0,Descriptive same-task same-replicate comparison; not a randomized causal estimate.
phase1_v2_task_013,2,solver_only,solver_plus_observe_only_shenji,audit,FileHit@6,1.0,1.0,0.0,Descriptive same-task same-replicate comparison; not a randomized causal estimate.
phase1_v2_task_014,1,solver_only,solver_plus_observe_only_shenji,audit,FileHit@6,1.0,1.0,0.0,Descriptive same-task same-replicate comparison; not a randomized causal estimate.
phase1_v2_task_001,1,solver_only,solver_plus_observe_only_shenji,audit,MRR@3,1.0,1.0,0.0,Descriptive same-task same-replicate comparison; not a randomized causal estimate.
phase1_v2_task_001,2,solver_only,solver_plus_observe_only_shenji,audit,MRR@3,1.0,1.0,0.0,Descriptive same-task same-replicate comparison; not a randomized causal estimate.
phase1_v2_task_001,3,solver_only,solver_plus_observe_only_shenji,audit,MRR@3,1.0,1.0,0.0,Descriptive same-task same-replicate comparison; not a randomized causal estimate.
phase1_v2_task_002,1,solver_only,solver_plus_observe_only_shenji,audit,MRR@3,1.0,1.0,0.0,Descriptive same-task same-replicate comparison; not a randomized causal estimate.
phase1_v2_task_002,2,solver_only,solver_plus_observe_only_shenji,audit,MRR@3,1.0,1.0,0.0,Descriptive same-task same-replicate comparison; not a randomized causal estimate.
phase1_v2_task_003,1,solver_only,solver_plus_observe_only_shenji,audit,MRR@3,1.0,1.0,0.0,Descriptive same-task same-replicate comparison; not a randomized causal estimate.
phase1_v2_task_003,2,solver_only,solver_plus_observe_only_shenji,audit,MRR@3,1.0,1.0,0.0,Descriptive same-task same-replicate comparison; not a randomized causal estimate.
phase1_v2_task_004,1,solver_only,solver_plus_observe_only_shenji,audit,MRR@3,1.0,1.0,0.0,Descriptive same-task same-replicate comparison; not a randomized causal estimate.
phase1_v2_task_004,2,solver_only,solver_plus_observe_only_shenji,audit,MRR@3,1.0,1.0,0.0,Descriptive same-task same-replicate comparison; not a randomized causal estimate.
phase1_v2_task_004,3,solver_only,solver_plus_observe_only_shenji,audit,MRR@3,1.0,1.0,0.0,Descriptive same-task same-replicate comparison; not a randomized causal estimate.
phase1_v2_task_005,1,solver_only,solver_plus_observe_only_shenji,audit,MRR@3,1.0,1.0,0.0,Descriptive same-task same-replicate comparison; not a randomized causal estimate.
phase1_v2_task_005,2,solver_only,solver_plus_observe_only_shenji,audit,MRR@3,1.0,1.0,0.0,Descriptive same-task same-replicate comparison; not a randomized causal estimate.
phase1_v2_task_006,1,solver_only,solver_plus_observe_only_shenji,audit,MRR@3,1.0,1.0,0.0,Descriptive same-task same-replicate comparison; not a randomized causal estimate.
phase1_v2_task_006,2,solver_only,solver_plus_observe_only_shenji,audit,MRR@3,1.0,1.0,0.0,Descriptive same-task same-replicate comparison; not a randomized causal estimate.
phase1_v2_task_007,1,solver_only,solver_plus_observe_only_shenji,audit,MRR@3,1.0,1.0,0.0,Descriptive same-task same-replicate comparison; not a randomized causal estimate.
phase1_v2_task_007,2,solver_only,solver_plus_observe_only_shenji,audit,MRR@3,1.0,1.0,0.0,Descriptive same-task same-replicate comparison; not a randomized causal estimate.
phase1_v2_task_008,1,solver_only,solver_plus_observe_only_shenji,audit,MRR@3,1.0,1.0,0.0,Descriptive same-task same-replicate comparison; not a randomized causal estimate.
phase1_v2_task_008,2,solver_only,solver_plus_observe_only_shenji,audit,MRR@3,1.0,1.0,0.0,Descriptive same-task same-replicate comparison; not a randomized causal estimate.
phase1_v2_task_009,1,solver_only,solver_plus_observe_only_shenji,audit,MRR@3,1.0,1.0,0.0,Descriptive same-task same-replicate comparison; not a randomized causal estimate.
phase1_v2_task_009,2,solver_only,solver_plus_observe_only_shenji,audit,MRR@3,1.0,1.0,0.0,Descriptive same-task same-replicate comparison; not a randomized causal estimate.
phase1_v2_task_010,1,solver_only,solver_plus_observe_only_shenji,audit,MRR@3,1.0,1.0,0.0,Descriptive same-task same-replicate comparison; not a randomized causal estimate.
phase1_v2_task_010,2,solver_only,solver_plus_observe_only_shenji,audit,MRR@3,1.0,1.0,0.0,Descriptive same-task same-replicate comparison; not a randomized causal estimate.
phase1_v2_task_011,1,solver_only,solver_plus_observe_only_shenji,audit,MRR@3,1.0,1.0,0.0,Descriptive same-task same-replicate comparison; not a randomized causal estimate.
phase1_v2_task_011,2,solver_only,solver_plus_observe_only_shenji,audit,MRR@3,1.0,1.0,0.0,Descriptive same-task same-replicate comparison; not a randomized causal estimate.
phase1_v2_task_011,3,solver_only,solver_plus_observe_only_shenji,audit,MRR@3,1.0,1.0,0.0,Descriptive same-task same-replicate comparison; not a randomized causal estimate.
phase1_v2_task_012,1,solver_only,solver_plus_observe_only_shenji,audit,MRR@3,1.0,1.0,0.0,Descriptive same-task same-replicate comparison; not a randomized causal estimate.
phase1_v2_task_012,2,solver_only,solver_plus_observe_only_shenji,audit,MRR@3,1.0,1.0,0.0,Descriptive same-task same-replicate comparison; not a randomized causal estimate.
phase1_v2_task_013,1,solver_only,solver_plus_observe_only_shenji,audit,MRR@3,1.0,1.0,0.0,Descriptive same-task same-replicate comparison; not a randomized causal estimate.
phase1_v2_task_013,2,solver_only,solver_plus_observe_only_shenji,audit,MRR@3,1.0,1.0,0.0,Descriptive same-task same-replicate comparison; not a randomized causal estimate.
phase1_v2_task_014,1,solver_only,solver_plus_observe_only_shenji,audit,MRR@3,1.0,1.0,0.0,Descriptive same-task same-replicate comparison; not a randomized causal estimate.
phase1_v2_task_001,1,solver_only,solver_plus_observe_only_shenji,audit,MultiFileRecall@6,0.25,0.5,0.25,Descriptive same-task same-replicate comparison; not a randomized causal estimate.
phase1_v2_task_001,2,solver_only,solver_plus_observe_only_shenji,audit,MultiFileRecall@6,0.25,0.75,0.5,Descriptive same-task same-replicate comparison; not a randomized causal estimate.
phase1_v2_task_001,3,solver_only,solver_plus_observe_only_shenji,audit,MultiFileRecall@6,0.5,0.5,0.0,Descriptive same-task same-replicate comparison; not a randomized causal estimate.
phase1_v2_task_002,1,solver_only,solver_plus_observe_only_shenji,audit,MultiFileRecall@6,0.5,0.5,0.0,Descriptive same-task same-replicate comparison; not a randomized causal estimate.
phase1_v2_task_002,2,solver_only,solver_plus_observe_only_shenji,audit,MultiFileRecall@6,0.5,0.5,0.0,Descriptive same-task same-replicate comparison; not a randomized causal estimate.
phase1_v2_task_003,1,solver_only,solver_plus_observe_only_shenji,audit,MultiFileRecall@6,0.285714,0.142857,-0.142857,Descriptive same-task same-replicate comparison; not a randomized causal estimate.
phase1_v2_task_003,2,solver_only,solver_plus_observe_only_shenji,audit,MultiFileRecall@6,0.142857,0.142857,0.0,Descriptive same-task same-replicate comparison; not a randomized causal estimate.
phase1_v2_task_004,1,solver_only,solver_plus_observe_only_shenji,audit,MultiFileRecall@6,0.25,0.25,0.0,Descriptive same-task same-replicate comparison; not a randomized causal estimate.
phase1_v2_task_004,2,solver_only,solver_plus_observe_only_shenji,audit,MultiFileRecall@6,0.25,0.25,0.0,Descriptive same-task same-replicate comparison; not a randomized causal estimate.
phase1_v2_task_004,3,solver_only,solver_plus_observe_only_shenji,audit,MultiFileRecall@6,0.25,0.25,0.0,Descriptive same-task same-replicate comparison; not a randomized causal estimate.
phase1_v2_task_005,1,solver_only,solver_plus_observe_only_shenji,audit,MultiFileRecall@6,0.5,0.5,0.0,Descriptive same-task same-replicate comparison; not a randomized causal estimate.
phase1_v2_task_005,2,solver_only,solver_plus_observe_only_shenji,audit,MultiFileRecall@6,0.5,0.5,0.0,Descriptive same-task same-replicate comparison; not a randomized causal estimate.
phase1_v2_task_006,1,solver_only,solver_plus_observe_only_shenji,audit,MultiFileRecall@6,1.0,1.0,0.0,Descriptive same-task same-replicate comparison; not a randomized causal estimate.
phase1_v2_task_006,2,solver_only,solver_plus_observe_only_shenji,audit,MultiFileRecall@6,1.0,1.0,0.0,Descriptive same-task same-replicate comparison; not a randomized causal estimate.
phase1_v2_task_007,1,solver_only,solver_plus_observe_only_shenji,audit,MultiFileRecall@6,0.5,0.5,0.0,Descriptive same-task same-replicate comparison; not a randomized causal estimate.
phase1_v2_task_007,2,solver_only,solver_plus_observe_only_shenji,audit,MultiFileRecall@6,0.5,0.5,0.0,Descriptive same-task same-replicate comparison; not a randomized causal estimate.
phase1_v2_task_008,1,solver_only,solver_plus_observe_only_shenji,audit,MultiFileRecall@6,0.4,0.4,0.0,Descriptive same-task same-replicate comparison; not a randomized causal estimate.
phase1_v2_task_008,2,solver_only,solver_plus_observe_only_shenji,audit,MultiFileRecall@6,0.4,0.4,0.0,Descriptive same-task same-replicate comparison; not a randomized causal estimate.
phase1_v2_task_009,1,solver_only,solver_plus_observe_only_shenji,audit,MultiFileRecall@6,0.5,0.5,0.0,Descriptive same-task same-replicate comparison; not a randomized causal estimate.
phase1_v2_task_009,2,solver_only,solver_plus_observe_only_shenji,audit,MultiFileRecall@6,0.5,0.5,0.0,Descriptive same-task same-replicate comparison; not a randomized causal estimate.
phase1_v2_task_010,1,solver_only,solver_plus_observe_only_shenji,audit,MultiFileRecall@6,0.5,0.5,0.0,Descriptive same-task same-replicate comparison; not a randomized causal estimate.
phase1_v2_task_010,2,solver_only,solver_plus_observe_only_shenji,audit,MultiFileRecall@6,0.5,0.5,0.0,Descriptive same-task same-replicate comparison; not a randomized causal estimate.
phase1_v2_task_011,1,solver_only,solver_plus_observe_only_shenji,audit,MultiFileRecall@6,0.571429,0.571429,0.0,Descriptive same-task same-replicate comparison; not a randomized causal estimate.
phase1_v2_task_011,2,solver_only,solver_plus_observe_only_shenji,audit,MultiFileRecall@6,0.571429,0.428571,-0.142858,Descriptive same-task same-replicate comparison; not a randomized causal estimate.
phase1_v2_task_011,3,solver_only,solver_plus_observe_only_shenji,audit,MultiFileRecall@6,0.571429,0.428571,-0.142858,Descriptive same-task same-replicate comparison; not a randomized causal estimate.
phase1_v2_task_012,1,solver_only,solver_plus_observe_only_shenji,audit,MultiFileRecall@6,0.5,0.5,0.0,Descriptive same-task same-replicate comparison; not a randomized causal estimate.
phase1_v2_task_012,2,solver_only,solver_plus_observe_only_shenji,audit,MultiFileRecall@6,0.5,0.5,0.0,Descriptive same-task same-replicate comparison; not a randomized causal estimate.
phase1_v2_task_013,1,solver_only,solver_plus_observe_only_shenji,audit,MultiFileRecall@6,0.25,0.25,0.0,Descriptive same-task same-replicate comparison; not a randomized causal estimate.
phase1_v2_task_013,2,solver_only,solver_plus_observe_only_shenji,audit,MultiFileRecall@6,0.25,0.25,0.0,Descriptive same-task same-replicate comparison; not a randomized causal estimate.
phase1_v2_task_014,1,solver_only,solver_plus_observe_only_shenji,audit,MultiFileRecall@6,0.666667,0.333333,-0.333334,Descriptive same-task same-replicate comparison; not a randomized causal estimate.
phase1_v2_task_001,1,solver_only,solver_plus_observe_only_shenji,intervention,FileHit@1,1.0,1.0,0.0,Descriptive same-task same-replicate comparison; not a randomized causal estimate.
phase1_v2_task_001,2,solver_only,solver_plus_observe_only_shenji,intervention,FileHit@1,1.0,1.0,0.0,Descriptive same-task same-replicate comparison; not a randomized causal estimate.
phase1_v2_task_001,3,solver_only,solver_plus_observe_only_shenji,intervention,FileHit@1,1.0,1.0,0.0,Descriptive same-task same-replicate comparison; not a randomized causal estimate.
phase1_v2_task_002,1,solver_only,solver_plus_observe_only_shenji,intervention,FileHit@1,1.0,1.0,0.0,Descriptive same-task same-replicate comparison; not a randomized causal estimate.
phase1_v2_task_002,2,solver_only,solver_plus_observe_only_shenji,intervention,FileHit@1,1.0,1.0,0.0,Descriptive same-task same-replicate comparison; not a randomized causal estimate.
phase1_v2_task_003,1,solver_only,solver_plus_observe_only_shenji,intervention,FileHit@1,1.0,1.0,0.0,Descriptive same-task same-replicate comparison; not a randomized causal estimate.
phase1_v2_task_003,2,solver_only,solver_plus_observe_only_shenji,intervention,FileHit@1,1.0,1.0,0.0,Descriptive same-task same-replicate comparison; not a randomized causal estimate.
phase1_v2_task_004,1,solver_only,solver_plus_observe_only_shenji,intervention,FileHit@1,1.0,1.0,0.0,Descriptive same-task same-replicate comparison; not a randomized causal estimate.
phase1_v2_task_004,2,solver_only,solver_plus_observe_only_shenji,intervention,FileHit@1,1.0,1.0,0.0,Descriptive same-task same-replicate comparison; not a randomized causal estimate.
phase1_v2_task_004,3,solver_only,solver_plus_observe_only_shenji,intervention,FileHit@1,1.0,1.0,0.0,Descriptive same-task same-replicate comparison; not a randomized causal estimate.
phase1_v2_task_005,1,solver_only,solver_plus_observe_only_shenji,intervention,FileHit@1,1.0,1.0,0.0,Descriptive same-task same-replicate comparison; not a randomized causal estimate.
phase1_v2_task_005,2,solver_only,solver_plus_observe_only_shenji,intervention,FileHit@1,1.0,1.0,0.0,Descriptive same-task same-replicate comparison; not a randomized causal estimate.
phase1_v2_task_006,1,solver_only,solver_plus_observe_only_shenji,intervention,FileHit@1,1.0,1.0,0.0,Descriptive same-task same-replicate comparison; not a randomized causal estimate.
phase1_v2_task_006,2,solver_only,solver_plus_observe_only_shenji,intervention,FileHit@1,1.0,1.0,0.0,Descriptive same-task same-replicate comparison; not a randomized causal estimate.
phase1_v2_task_007,1,solver_only,solver_plus_observe_only_shenji,intervention,FileHit@1,1.0,1.0,0.0,Descriptive same-task same-replicate comparison; not a randomized causal estimate.
phase1_v2_task_007,2,solver_only,solver_plus_observe_only_shenji,intervention,FileHit@1,1.0,1.0,0.0,Descriptive same-task same-replicate comparison; not a randomized causal estimate.
phase1_v2_task_008,1,solver_only,solver_plus_observe_only_shenji,intervention,FileHit@1,1.0,1.0,0.0,Descriptive same-task same-replicate comparison; not a randomized causal estimate.
phase1_v2_task_008,2,solver_only,solver_plus_observe_only_shenji,intervention,FileHit@1,1.0,1.0,0.0,Descriptive same-task same-replicate comparison; not a randomized causal estimate.
phase1_v2_task_009,1,solver_only,solver_plus_observe_only_shenji,intervention,FileHit@1,1.0,1.0,0.0,Descriptive same-task same-replicate comparison; not a randomized causal estimate.
phase1_v2_task_009,2,solver_only,solver_plus_observe_only_shenji,intervention,FileHit@1,1.0,1.0,0.0,Descriptive same-task same-replicate comparison; not a randomized causal estimate.
phase1_v2_task_010,1,solver_only,solver_plus_observe_only_shenji,intervention,FileHit@1,1.0,1.0,0.0,Descriptive same-task same-replicate comparison; not a randomized causal estimate.
phase1_v2_task_010,2,solver_only,solver_plus_observe_only_shenji,intervention,FileHit@1,1.0,1.0,0.0,Descriptive same-task same-replicate comparison; not a randomized causal estimate.
phase1_v2_task_011,1,solver_only,solver_plus_observe_only_shenji,intervention,FileHit@1,1.0,1.0,0.0,Descriptive same-task same-replicate comparison; not a randomized causal estimate.
phase1_v2_task_011,2,solver_only,solver_plus_observe_only_shenji,intervention,FileHit@1,1.0,1.0,0.0,Descriptive same-task same-replicate comparison; not a randomized causal estimate.
phase1_v2_task_011,3,solver_only,solver_plus_observe_only_shenji,intervention,FileHit@1,1.0,1.0,0.0,Descriptive same-task same-replicate comparison; not a randomized causal estimate.
phase1_v2_task_012,1,solver_only,solver_plus_observe_only_shenji,intervention,FileHit@1,1.0,1.0,0.0,Descriptive same-task same-replicate comparison; not a randomized causal estimate.
phase1_v2_task_012,2,solver_only,solver_plus_observe_only_shenji,intervention,FileHit@1,1.0,1.0,0.0,Descriptive same-task same-replicate comparison; not a randomized causal estimate.
phase1_v2_task_013,1,solver_only,solver_plus_observe_only_shenji,intervention,FileHit@1,1.0,1.0,0.0,Descriptive same-task same-replicate comparison; not a randomized causal estimate.
phase1_v2_task_013,2,solver_only,solver_plus_observe_only_shenji,intervention,FileHit@1,1.0,1.0,0.0,Descriptive same-task same-replicate comparison; not a randomized causal estimate.
phase1_v2_task_014,1,solver_only,solver_plus_observe_only_shenji,intervention,FileHit@1,1.0,1.0,0.0,Descriptive same-task same-replicate comparison; not a randomized causal estimate.
phase1_v2_task_001,1,solver_only,solver_plus_observe_only_shenji,intervention,FileHit@3,1.0,1.0,0.0,Descriptive same-task same-replicate comparison; not a randomized causal estimate.
phase1_v2_task_001,2,solver_only,solver_plus_observe_only_shenji,intervention,FileHit@3,1.0,1.0,0.0,Descriptive same-task same-replicate comparison; not a randomized causal estimate.
phase1_v2_task_001,3,solver_only,solver_plus_observe_only_shenji,intervention,FileHit@3,1.0,1.0,0.0,Descriptive same-task same-replicate comparison; not a randomized causal estimate.
phase1_v2_task_002,1,solver_only,solver_plus_observe_only_shenji,intervention,FileHit@3,1.0,1.0,0.0,Descriptive same-task same-replicate comparison; not a randomized causal estimate.
phase1_v2_task_002,2,solver_only,solver_plus_observe_only_shenji,intervention,FileHit@3,1.0,1.0,0.0,Descriptive same-task same-replicate comparison; not a randomized causal estimate.
phase1_v2_task_003,1,solver_only,solver_plus_observe_only_shenji,intervention,FileHit@3,1.0,1.0,0.0,Descriptive same-task same-replicate comparison; not a randomized causal estimate.
phase1_v2_task_003,2,solver_only,solver_plus_observe_only_shenji,intervention,FileHit@3,1.0,1.0,0.0,Descriptive same-task same-replicate comparison; not a randomized causal estimate.
phase1_v2_task_004,1,solver_only,solver_plus_observe_only_shenji,intervention,FileHit@3,1.0,1.0,0.0,Descriptive same-task same-replicate comparison; not a randomized causal estimate.
phase1_v2_task_004,2,solver_only,solver_plus_observe_only_shenji,intervention,FileHit@3,1.0,1.0,0.0,Descriptive same-task same-replicate comparison; not a randomized causal estimate.
phase1_v2_task_004,3,solver_only,solver_plus_observe_only_shenji,intervention,FileHit@3,1.0,1.0,0.0,Descriptive same-task same-replicate comparison; not a randomized causal estimate.
phase1_v2_task_005,1,solver_only,solver_plus_observe_only_shenji,intervention,FileHit@3,1.0,1.0,0.0,Descriptive same-task same-replicate comparison; not a randomized causal estimate.
phase1_v2_task_005,2,solver_only,solver_plus_observe_only_shenji,intervention,FileHit@3,1.0,1.0,0.0,Descriptive same-task same-replicate comparison; not a randomized causal estimate.
phase1_v2_task_006,1,solver_only,solver_plus_observe_only_shenji,intervention,FileHit@3,1.0,1.0,0.0,Descriptive same-task same-replicate comparison; not a randomized causal estimate.
phase1_v2_task_006,2,solver_only,solver_plus_observe_only_shenji,intervention,FileHit@3,1.0,1.0,0.0,Descriptive same-task same-replicate comparison; not a randomized causal estimate.
phase1_v2_task_007,1,solver_only,solver_plus_observe_only_shenji,intervention,FileHit@3,1.0,1.0,0.0,Descriptive same-task same-replicate comparison; not a randomized causal estimate.
phase1_v2_task_007,2,solver_only,solver_plus_observe_only_shenji,intervention,FileHit@3,1.0,1.0,0.0,Descriptive same-task same-replicate comparison; not a randomized causal estimate.
phase1_v2_task_008,1,solver_only,solver_plus_observe_only_shenji,intervention,FileHit@3,1.0,1.0,0.0,Descriptive same-task same-replicate comparison; not a randomized causal estimate.
phase1_v2_task_008,2,solver_only,solver_plus_observe_only_shenji,intervention,FileHit@3,1.0,1.0,0.0,Descriptive same-task same-replicate comparison; not a randomized causal estimate.
phase1_v2_task_009,1,solver_only,solver_plus_observe_only_shenji,intervention,FileHit@3,1.0,1.0,0.0,Descriptive same-task same-replicate comparison; not a randomized causal estimate.
phase1_v2_task_009,2,solver_only,solver_plus_observe_only_shenji,intervention,FileHit@3,1.0,1.0,0.0,Descriptive same-task same-replicate comparison; not a randomized causal estimate.
phase1_v2_task_010,1,solver_only,solver_plus_observe_only_shenji,intervention,FileHit@3,1.0,1.0,0.0,Descriptive same-task same-replicate comparison; not a randomized causal estimate.
phase1_v2_task_010,2,solver_only,solver_plus_observe_only_shenji,intervention,FileHit@3,1.0,1.0,0.0,Descriptive same-task same-replicate comparison; not a randomized causal estimate.
phase1_v2_task_011,1,solver_only,solver_plus_observe_only_shenji,intervention,FileHit@3,1.0,1.0,0.0,Descriptive same-task same-replicate comparison; not a randomized causal estimate.
phase1_v2_task_011,2,solver_only,solver_plus_observe_only_shenji,intervention,FileHit@3,1.0,1.0,0.0,Descriptive same-task same-replicate comparison; not a randomized causal estimate.
phase1_v2_task_011,3,solver_only,solver_plus_observe_only_shenji,intervention,FileHit@3,1.0,1.0,0.0,Descriptive same-task same-replicate comparison; not a randomized causal estimate.
phase1_v2_task_012,1,solver_only,solver_plus_observe_only_shenji,intervention,FileHit@3,1.0,1.0,0.0,Descriptive same-task same-replicate comparison; not a randomized causal estimate.
phase1_v2_task_012,2,solver_only,solver_plus_observe_only_shenji,intervention,FileHit@3,1.0,1.0,0.0,Descriptive same-task same-replicate comparison; not a randomized causal estimate.
phase1_v2_task_013,1,solver_only,solver_plus_observe_only_shenji,intervention,FileHit@3,1.0,1.0,0.0,Descriptive same-task same-replicate comparison; not a randomized causal estimate.
phase1_v2_task_013,2,solver_only,solver_plus_observe_only_shenji,intervention,FileHit@3,1.0,1.0,0.0,Descriptive same-task same-replicate comparison; not a randomized causal estimate.
phase1_v2_task_014,1,solver_only,solver_plus_observe_only_shenji,intervention,FileHit@3,1.0,1.0,0.0,Descriptive same-task same-replicate comparison; not a randomized causal estimate.
phase1_v2_task_001,1,solver_only,solver_plus_observe_only_shenji,intervention,FileHit@5,1.0,1.0,0.0,Descriptive same-task same-replicate comparison; not a randomized causal estimate.
phase1_v2_task_001,2,solver_only,solver_plus_observe_only_shenji,intervention,FileHit@5,1.0,1.0,0.0,Descriptive same-task same-replicate comparison; not a randomized causal estimate.
phase1_v2_task_001,3,solver_only,solver_plus_observe_only_shenji,intervention,FileHit@5,1.0,1.0,0.0,Descriptive same-task same-replicate comparison; not a randomized causal estimate.
phase1_v2_task_002,1,solver_only,solver_plus_observe_only_shenji,intervention,FileHit@5,1.0,1.0,0.0,Descriptive same-task same-replicate comparison; not a randomized causal estimate.
phase1_v2_task_002,2,solver_only,solver_plus_observe_only_shenji,intervention,FileHit@5,1.0,1.0,0.0,Descriptive same-task same-replicate comparison; not a randomized causal estimate.
phase1_v2_task_003,1,solver_only,solver_plus_observe_only_shenji,intervention,FileHit@5,1.0,1.0,0.0,Descriptive same-task same-replicate comparison; not a randomized causal estimate.
phase1_v2_task_003,2,solver_only,solver_plus_observe_only_shenji,intervention,FileHit@5,1.0,1.0,0.0,Descriptive same-task same-replicate comparison; not a randomized causal estimate.
phase1_v2_task_004,1,solver_only,solver_plus_observe_only_shenji,intervention,FileHit@5,1.0,1.0,0.0,Descriptive same-task same-replicate comparison; not a randomized causal estimate.
phase1_v2_task_004,2,solver_only,solver_plus_observe_only_shenji,intervention,FileHit@5,1.0,1.0,0.0,Descriptive same-task same-replicate comparison; not a randomized causal estimate.
phase1_v2_task_004,3,solver_only,solver_plus_observe_only_shenji,intervention,FileHit@5,1.0,1.0,0.0,Descriptive same-task same-replicate comparison; not a randomized causal estimate.
phase1_v2_task_005,1,solver_only,solver_plus_observe_only_shenji,intervention,FileHit@5,1.0,1.0,0.0,Descriptive same-task same-replicate comparison; not a randomized causal estimate.
phase1_v2_task_005,2,solver_only,solver_plus_observe_only_shenji,intervention,FileHit@5,1.0,1.0,0.0,Descriptive same-task same-replicate comparison; not a randomized causal estimate.
phase1_v2_task_006,1,solver_only,solver_plus_observe_only_shenji,intervention,FileHit@5,1.0,1.0,0.0,Descriptive same-task same-replicate comparison; not a randomized causal estimate.
phase1_v2_task_006,2,solver_only,solver_plus_observe_only_shenji,intervention,FileHit@5,1.0,1.0,0.0,Descriptive same-task same-replicate comparison; not a randomized causal estimate.
phase1_v2_task_007,1,solver_only,solver_plus_observe_only_shenji,intervention,FileHit@5,1.0,1.0,0.0,Descriptive same-task same-replicate comparison; not a randomized causal estimate.
phase1_v2_task_007,2,solver_only,solver_plus_observe_only_shenji,intervention,FileHit@5,1.0,1.0,0.0,Descriptive same-task same-replicate comparison; not a randomized causal estimate.
phase1_v2_task_008,1,solver_only,solver_plus_observe_only_shenji,intervention,FileHit@5,1.0,1.0,0.0,Descriptive same-task same-replicate comparison; not a randomized causal estimate.
phase1_v2_task_008,2,solver_only,solver_plus_observe_only_shenji,intervention,FileHit@5,1.0,1.0,0.0,Descriptive same-task same-replicate comparison; not a randomized causal estimate.
phase1_v2_task_009,1,solver_only,solver_plus_observe_only_shenji,intervention,FileHit@5,1.0,1.0,0.0,Descriptive same-task same-replicate comparison; not a randomized causal estimate.
phase1_v2_task_009,2,solver_only,solver_plus_observe_only_shenji,intervention,FileHit@5,1.0,1.0,0.0,Descriptive same-task same-replicate comparison; not a randomized causal estimate.
phase1_v2_task_010,1,solver_only,solver_plus_observe_only_shenji,intervention,FileHit@5,1.0,1.0,0.0,Descriptive same-task same-replicate comparison; not a randomized causal estimate.
phase1_v2_task_010,2,solver_only,solver_plus_observe_only_shenji,intervention,FileHit@5,1.0,1.0,0.0,Descriptive same-task same-replicate comparison; not a randomized causal estimate.
phase1_v2_task_011,1,solver_only,solver_plus_observe_only_shenji,intervention,FileHit@5,1.0,1.0,0.0,Descriptive same-task same-replicate comparison; not a randomized causal estimate.
phase1_v2_task_011,2,solver_only,solver_plus_observe_only_shenji,intervention,FileHit@5,1.0,1.0,0.0,Descriptive same-task same-replicate comparison; not a randomized causal estimate.
phase1_v2_task_011,3,solver_only,solver_plus_observe_only_shenji,intervention,FileHit@5,1.0,1.0,0.0,Descriptive same-task same-replicate comparison; not a randomized causal estimate.
phase1_v2_task_012,1,solver_only,solver_plus_observe_only_shenji,intervention,FileHit@5,1.0,1.0,0.0,Descriptive same-task same-replicate comparison; not a randomized causal estimate.
phase1_v2_task_012,2,solver_only,solver_plus_observe_only_shenji,intervention,FileHit@5,1.0,1.0,0.0,Descriptive same-task same-replicate comparison; not a randomized causal estimate.
phase1_v2_task_013,1,solver_only,solver_plus_observe_only_shenji,intervention,FileHit@5,1.0,1.0,0.0,Descriptive same-task same-replicate comparison; not a randomized causal estimate.
phase1_v2_task_013,2,solver_only,solver_plus_observe_only_shenji,intervention,FileHit@5,1.0,1.0,0.0,Descriptive same-task same-replicate comparison; not a randomized causal estimate.
phase1_v2_task_014,1,solver_only,solver_plus_observe_only_shenji,intervention,FileHit@5,1.0,1.0,0.0,Descriptive same-task same-replicate comparison; not a randomized causal estimate.
phase1_v2_task_001,1,solver_only,solver_plus_observe_only_shenji,intervention,FileHit@6,1.0,1.0,0.0,Descriptive same-task same-replicate comparison; not a randomized causal estimate.
phase1_v2_task_001,2,solver_only,solver_plus_observe_only_shenji,intervention,FileHit@6,1.0,1.0,0.0,Descriptive same-task same-replicate comparison; not a randomized causal estimate.
phase1_v2_task_001,3,solver_only,solver_plus_observe_only_shenji,intervention,FileHit@6,1.0,1.0,0.0,Descriptive same-task same-replicate comparison; not a randomized causal estimate.
phase1_v2_task_002,1,solver_only,solver_plus_observe_only_shenji,intervention,FileHit@6,1.0,1.0,0.0,Descriptive same-task same-replicate comparison; not a randomized causal estimate.
phase1_v2_task_002,2,solver_only,solver_plus_observe_only_shenji,intervention,FileHit@6,1.0,1.0,0.0,Descriptive same-task same-replicate comparison; not a randomized causal estimate.
phase1_v2_task_003,1,solver_only,solver_plus_observe_only_shenji,intervention,FileHit@6,1.0,1.0,0.0,Descriptive same-task same-replicate comparison; not a randomized causal estimate.
phase1_v2_task_003,2,solver_only,solver_plus_observe_only_shenji,intervention,FileHit@6,1.0,1.0,0.0,Descriptive same-task same-replicate comparison; not a randomized causal estimate.
phase1_v2_task_004,1,solver_only,solver_plus_observe_only_shenji,intervention,FileHit@6,1.0,1.0,0.0,Descriptive same-task same-replicate comparison; not a randomized causal estimate.
phase1_v2_task_004,2,solver_only,solver_plus_observe_only_shenji,intervention,FileHit@6,1.0,1.0,0.0,Descriptive same-task same-replicate comparison; not a randomized causal estimate.
phase1_v2_task_004,3,solver_only,solver_plus_observe_only_shenji,intervention,FileHit@6,1.0,1.0,0.0,Descriptive same-task same-replicate comparison; not a randomized causal estimate.
phase1_v2_task_005,1,solver_only,solver_plus_observe_only_shenji,intervention,FileHit@6,1.0,1.0,0.0,Descriptive same-task same-replicate comparison; not a randomized causal estimate.
phase1_v2_task_005,2,solver_only,solver_plus_observe_only_shenji,intervention,FileHit@6,1.0,1.0,0.0,Descriptive same-task same-replicate comparison; not a randomized causal estimate.
phase1_v2_task_006,1,solver_only,solver_plus_observe_only_shenji,intervention,FileHit@6,1.0,1.0,0.0,Descriptive same-task same-replicate comparison; not a randomized causal estimate.
phase1_v2_task_006,2,solver_only,solver_plus_observe_only_shenji,intervention,FileHit@6,1.0,1.0,0.0,Descriptive same-task same-replicate comparison; not a randomized causal estimate.
phase1_v2_task_007,1,solver_only,solver_plus_observe_only_shenji,intervention,FileHit@6,1.0,1.0,0.0,Descriptive same-task same-replicate comparison; not a randomized causal estimate.
phase1_v2_task_007,2,solver_only,solver_plus_observe_only_shenji,intervention,FileHit@6,1.0,1.0,0.0,Descriptive same-task same-replicate comparison; not a randomized causal estimate.
phase1_v2_task_008,1,solver_only,solver_plus_observe_only_shenji,intervention,FileHit@6,1.0,1.0,0.0,Descriptive same-task same-replicate comparison; not a randomized causal estimate.
phase1_v2_task_008,2,solver_only,solver_plus_observe_only_shenji,intervention,FileHit@6,1.0,1.0,0.0,Descriptive same-task same-replicate comparison; not a randomized causal estimate.
phase1_v2_task_009,1,solver_only,solver_plus_observe_only_shenji,intervention,FileHit@6,1.0,1.0,0.0,Descriptive same-task same-replicate comparison; not a randomized causal estimate.
phase1_v2_task_009,2,solver_only,solver_plus_observe_only_shenji,intervention,FileHit@6,1.0,1.0,0.0,Descriptive same-task same-replicate comparison; not a randomized causal estimate.
phase1_v2_task_010,1,solver_only,solver_plus_observe_only_shenji,intervention,FileHit@6,1.0,1.0,0.0,Descriptive same-task same-replicate comparison; not a randomized causal estimate.
phase1_v2_task_010,2,solver_only,solver_plus_observe_only_shenji,intervention,FileHit@6,1.0,1.0,0.0,Descriptive same-task same-replicate comparison; not a randomized causal estimate.
phase1_v2_task_011,1,solver_only,solver_plus_observe_only_shenji,intervention,FileHit@6,1.0,1.0,0.0,Descriptive same-task same-replicate comparison; not a randomized causal estimate.
phase1_v2_task_011,2,solver_only,solver_plus_observe_only_shenji,intervention,FileHit@6,1.0,1.0,0.0,Descriptive same-task same-replicate comparison; not a randomized causal estimate.
phase1_v2_task_011,3,solver_only,solver_plus_observe_only_shenji,intervention,FileHit@6,1.0,1.0,0.0,Descriptive same-task same-replicate comparison; not a randomized causal estimate.
phase1_v2_task_012,1,solver_only,solver_plus_observe_only_shenji,intervention,FileHit@6,1.0,1.0,0.0,Descriptive same-task same-replicate comparison; not a randomized causal estimate.
phase1_v2_task_012,2,solver_only,solver_plus_observe_only_shenji,intervention,FileHit@6,1.0,1.0,0.0,Descriptive same-task same-replicate comparison; not a randomized causal estimate.
phase1_v2_task_013,1,solver_only,solver_plus_observe_only_shenji,intervention,FileHit@6,1.0,1.0,0.0,Descriptive same-task same-replicate comparison; not a randomized causal estimate.
phase1_v2_task_013,2,solver_only,solver_plus_observe_only_shenji,intervention,FileHit@6,1.0,1.0,0.0,Descriptive same-task same-replicate comparison; not a randomized causal estimate.
phase1_v2_task_014,1,solver_only,solver_plus_observe_only_shenji,intervention,FileHit@6,1.0,1.0,0.0,Descriptive same-task same-replicate comparison; not a randomized causal estimate.
phase1_v2_task_001,1,solver_only,solver_plus_observe_only_shenji,intervention,MRR@3,1.0,1.0,0.0,Descriptive same-task same-replicate comparison; not a randomized causal estimate.
phase1_v2_task_001,2,solver_only,solver_plus_observe_only_shenji,intervention,MRR@3,1.0,1.0,0.0,Descriptive same-task same-replicate comparison; not a randomized causal estimate.
phase1_v2_task_001,3,solver_only,solver_plus_observe_only_shenji,intervention,MRR@3,1.0,1.0,0.0,Descriptive same-task same-replicate comparison; not a randomized causal estimate.
phase1_v2_task_002,1,solver_only,solver_plus_observe_only_shenji,intervention,MRR@3,1.0,1.0,0.0,Descriptive same-task same-replicate comparison; not a randomized causal estimate.
phase1_v2_task_002,2,solver_only,solver_plus_observe_only_shenji,intervention,MRR@3,1.0,1.0,0.0,Descriptive same-task same-replicate comparison; not a randomized causal estimate.
phase1_v2_task_003,1,solver_only,solver_plus_observe_only_shenji,intervention,MRR@3,1.0,1.0,0.0,Descriptive same-task same-replicate comparison; not a randomized causal estimate.
phase1_v2_task_003,2,solver_only,solver_plus_observe_only_shenji,intervention,MRR@3,1.0,1.0,0.0,Descriptive same-task same-replicate comparison; not a randomized causal estimate.
phase1_v2_task_004,1,solver_only,solver_plus_observe_only_shenji,intervention,MRR@3,1.0,1.0,0.0,Descriptive same-task same-replicate comparison; not a randomized causal estimate.
phase1_v2_task_004,2,solver_only,solver_plus_observe_only_shenji,intervention,MRR@3,1.0,1.0,0.0,Descriptive same-task same-replicate comparison; not a randomized causal estimate.
phase1_v2_task_004,3,solver_only,solver_plus_observe_only_shenji,intervention,MRR@3,1.0,1.0,0.0,Descriptive same-task same-replicate comparison; not a randomized causal estimate.
phase1_v2_task_005,1,solver_only,solver_plus_observe_only_shenji,intervention,MRR@3,1.0,1.0,0.0,Descriptive same-task same-replicate comparison; not a randomized causal estimate.
phase1_v2_task_005,2,solver_only,solver_plus_observe_only_shenji,intervention,MRR@3,1.0,1.0,0.0,Descriptive same-task same-replicate comparison; not a randomized causal estimate.
phase1_v2_task_006,1,solver_only,solver_plus_observe_only_shenji,intervention,MRR@3,1.0,1.0,0.0,Descriptive same-task same-replicate comparison; not a randomized causal estimate.
phase1_v2_task_006,2,solver_only,solver_plus_observe_only_shenji,intervention,MRR@3,1.0,1.0,0.0,Descriptive same-task same-replicate comparison; not a randomized causal estimate.
phase1_v2_task_007,1,solver_only,solver_plus_observe_only_shenji,intervention,MRR@3,1.0,1.0,0.0,Descriptive same-task same-replicate comparison; not a randomized causal estimate.
phase1_v2_task_007,2,solver_only,solver_plus_observe_only_shenji,intervention,MRR@3,1.0,1.0,0.0,Descriptive same-task same-replicate comparison; not a randomized causal estimate.
phase1_v2_task_008,1,solver_only,solver_plus_observe_only_shenji,intervention,MRR@3,1.0,1.0,0.0,Descriptive same-task same-replicate comparison; not a randomized causal estimate.
phase1_v2_task_008,2,solver_only,solver_plus_observe_only_shenji,intervention,MRR@3,1.0,1.0,0.0,Descriptive same-task same-replicate comparison; not a randomized causal estimate.
phase1_v2_task_009,1,solver_only,solver_plus_observe_only_shenji,intervention,MRR@3,1.0,1.0,0.0,Descriptive same-task same-replicate comparison; not a randomized causal estimate.
phase1_v2_task_009,2,solver_only,solver_plus_observe_only_shenji,intervention,MRR@3,1.0,1.0,0.0,Descriptive same-task same-replicate comparison; not a randomized causal estimate.
phase1_v2_task_010,1,solver_only,solver_plus_observe_only_shenji,intervention,MRR@3,1.0,1.0,0.0,Descriptive same-task same-replicate comparison; not a randomized causal estimate.
phase1_v2_task_010,2,solver_only,solver_plus_observe_only_shenji,intervention,MRR@3,1.0,1.0,0.0,Descriptive same-task same-replicate comparison; not a randomized causal estimate.
phase1_v2_task_011,1,solver_only,solver_plus_observe_only_shenji,intervention,MRR@3,1.0,1.0,0.0,Descriptive same-task same-replicate comparison; not a randomized causal estimate.
phase1_v2_task_011,2,solver_only,solver_plus_observe_only_shenji,intervention,MRR@3,1.0,1.0,0.0,Descriptive same-task same-replicate comparison; not a randomized causal estimate.
phase1_v2_task_011,3,solver_only,solver_plus_observe_only_shenji,intervention,MRR@3,1.0,1.0,0.0,Descriptive same-task same-replicate comparison; not a randomized causal estimate.
phase1_v2_task_012,1,solver_only,solver_plus_observe_only_shenji,intervention,MRR@3,1.0,1.0,0.0,Descriptive same-task same-replicate comparison; not a randomized causal estimate.
phase1_v2_task_012,2,solver_only,solver_plus_observe_only_shenji,intervention,MRR@3,1.0,1.0,0.0,Descriptive same-task same-replicate comparison; not a randomized causal estimate.
phase1_v2_task_013,1,solver_only,solver_plus_observe_only_shenji,intervention,MRR@3,1.0,1.0,0.0,Descriptive same-task same-replicate comparison; not a randomized causal estimate.
phase1_v2_task_013,2,solver_only,solver_plus_observe_only_shenji,intervention,MRR@3,1.0,1.0,0.0,Descriptive same-task same-replicate comparison; not a randomized causal estimate.
phase1_v2_task_014,1,solver_only,solver_plus_observe_only_shenji,intervention,MRR@3,1.0,1.0,0.0,Descriptive same-task same-replicate comparison; not a randomized causal estimate.
phase1_v2_task_001,1,solver_only,solver_plus_observe_only_shenji,intervention,MultiFileRecall@6,0.25,0.5,0.25,Descriptive same-task same-replicate comparison; not a randomized causal estimate.
phase1_v2_task_001,2,solver_only,solver_plus_observe_only_shenji,intervention,MultiFileRecall@6,0.25,0.75,0.5,Descriptive same-task same-replicate comparison; not a randomized causal estimate.
phase1_v2_task_001,3,solver_only,solver_plus_observe_only_shenji,intervention,MultiFileRecall@6,0.5,0.5,0.0,Descriptive same-task same-replicate comparison; not a randomized causal estimate.
phase1_v2_task_002,1,solver_only,solver_plus_observe_only_shenji,intervention,MultiFileRecall@6,0.5,0.5,0.0,Descriptive same-task same-replicate comparison; not a randomized causal estimate.
phase1_v2_task_002,2,solver_only,solver_plus_observe_only_shenji,intervention,MultiFileRecall@6,0.5,0.5,0.0,Descriptive same-task same-replicate comparison; not a randomized causal estimate.
phase1_v2_task_003,1,solver_only,solver_plus_observe_only_shenji,intervention,MultiFileRecall@6,0.285714,0.142857,-0.142857,Descriptive same-task same-replicate comparison; not a randomized causal estimate.
phase1_v2_task_003,2,solver_only,solver_plus_observe_only_shenji,intervention,MultiFileRecall@6,0.142857,0.142857,0.0,Descriptive same-task same-replicate comparison; not a randomized causal estimate.
phase1_v2_task_004,1,solver_only,solver_plus_observe_only_shenji,intervention,MultiFileRecall@6,0.25,0.25,0.0,Descriptive same-task same-replicate comparison; not a randomized causal estimate.
phase1_v2_task_004,2,solver_only,solver_plus_observe_only_shenji,intervention,MultiFileRecall@6,0.25,0.25,0.0,Descriptive same-task same-replicate comparison; not a randomized causal estimate.
phase1_v2_task_004,3,solver_only,solver_plus_observe_only_shenji,intervention,MultiFileRecall@6,0.25,0.25,0.0,Descriptive same-task same-replicate comparison; not a randomized causal estimate.
phase1_v2_task_005,1,solver_only,solver_plus_observe_only_shenji,intervention,MultiFileRecall@6,0.5,0.5,0.0,Descriptive same-task same-replicate comparison; not a randomized causal estimate.
phase1_v2_task_005,2,solver_only,solver_plus_observe_only_shenji,intervention,MultiFileRecall@6,0.5,0.5,0.0,Descriptive same-task same-replicate comparison; not a randomized causal estimate.
phase1_v2_task_006,1,solver_only,solver_plus_observe_only_shenji,intervention,MultiFileRecall@6,1.0,1.0,0.0,Descriptive same-task same-replicate comparison; not a randomized causal estimate.
phase1_v2_task_006,2,solver_only,solver_plus_observe_only_shenji,intervention,MultiFileRecall@6,1.0,1.0,0.0,Descriptive same-task same-replicate comparison; not a randomized causal estimate.
phase1_v2_task_007,1,solver_only,solver_plus_observe_only_shenji,intervention,MultiFileRecall@6,0.5,0.5,0.0,Descriptive same-task same-replicate comparison; not a randomized causal estimate.
phase1_v2_task_007,2,solver_only,solver_plus_observe_only_shenji,intervention,MultiFileRecall@6,0.5,0.5,0.0,Descriptive same-task same-replicate comparison; not a randomized causal estimate.
phase1_v2_task_008,1,solver_only,solver_plus_observe_only_shenji,intervention,MultiFileRecall@6,0.4,0.4,0.0,Descriptive same-task same-replicate comparison; not a randomized causal estimate.
phase1_v2_task_008,2,solver_only,solver_plus_observe_only_shenji,intervention,MultiFileRecall@6,0.4,0.4,0.0,Descriptive same-task same-replicate comparison; not a randomized causal estimate.
phase1_v2_task_009,1,solver_only,solver_plus_observe_only_shenji,intervention,MultiFileRecall@6,0.5,0.5,0.0,Descriptive same-task same-replicate comparison; not a randomized causal estimate.
phase1_v2_task_009,2,solver_only,solver_plus_observe_only_shenji,intervention,MultiFileRecall@6,0.5,0.5,0.0,Descriptive same-task same-replicate comparison; not a randomized causal estimate.
phase1_v2_task_010,1,solver_only,solver_plus_observe_only_shenji,intervention,MultiFileRecall@6,0.5,0.5,0.0,Descriptive same-task same-replicate comparison; not a randomized causal estimate.
phase1_v2_task_010,2,solver_only,solver_plus_observe_only_shenji,intervention,MultiFileRecall@6,0.5,0.5,0.0,Descriptive same-task same-replicate comparison; not a randomized causal estimate.
phase1_v2_task_011,1,solver_only,solver_plus_observe_only_shenji,intervention,MultiFileRecall@6,0.571429,0.571429,0.0,Descriptive same-task same-replicate comparison; not a randomized causal estimate.
phase1_v2_task_011,2,solver_only,solver_plus_observe_only_shenji,intervention,MultiFileRecall@6,0.571429,0.428571,-0.142858,Descriptive same-task same-replicate comparison; not a randomized causal estimate.
phase1_v2_task_011,3,solver_only,solver_plus_observe_only_shenji,intervention,MultiFileRecall@6,0.571429,0.428571,-0.142858,Descriptive same-task same-replicate comparison; not a randomized causal estimate.
phase1_v2_task_012,1,solver_only,solver_plus_observe_only_shenji,intervention,MultiFileRecall@6,0.5,0.5,0.0,Descriptive same-task same-replicate comparison; not a randomized causal estimate.
phase1_v2_task_012,2,solver_only,solver_plus_observe_only_shenji,intervention,MultiFileRecall@6,0.5,0.5,0.0,Descriptive same-task same-replicate comparison; not a randomized causal estimate.
phase1_v2_task_013,1,solver_only,solver_plus_observe_only_shenji,intervention,MultiFileRecall@6,0.25,0.25,0.0,Descriptive same-task same-replicate comparison; not a randomized causal estimate.
phase1_v2_task_013,2,solver_only,solver_plus_observe_only_shenji,intervention,MultiFileRecall@6,0.25,0.25,0.0,Descriptive same-task same-replicate comparison; not a randomized causal estimate.
phase1_v2_task_014,1,solver_only,solver_plus_observe_only_shenji,intervention,MultiFileRecall@6,0.666667,0.333333,-0.333334,Descriptive same-task same-replicate comparison; not a randomized causal estimate.
phase1_v2_task_001,1,solver_only,solver_plus_end_of_run_audit,raw,FileHit@1,1.0,1.0,0.0,Descriptive same-task same-replicate comparison; not a randomized causal estimate.
phase1_v2_task_001,2,solver_only,solver_plus_end_of_run_audit,raw,FileHit@1,1.0,1.0,0.0,Descriptive same-task same-replicate comparison; not a randomized causal estimate.
phase1_v2_task_001,3,solver_only,solver_plus_end_of_run_audit,raw,FileHit@1,1.0,1.0,0.0,Descriptive same-task same-replicate comparison; not a randomized causal estimate.
phase1_v2_task_002,1,solver_only,solver_plus_end_of_run_audit,raw,FileHit@1,1.0,1.0,0.0,Descriptive same-task same-replicate comparison; not a randomized causal estimate.
phase1_v2_task_002,2,solver_only,solver_plus_end_of_run_audit,raw,FileHit@1,1.0,1.0,0.0,Descriptive same-task same-replicate comparison; not a randomized causal estimate.
phase1_v2_task_003,1,solver_only,solver_plus_end_of_run_audit,raw,FileHit@1,1.0,1.0,0.0,Descriptive same-task same-replicate comparison; not a randomized causal estimate.
phase1_v2_task_003,2,solver_only,solver_plus_end_of_run_audit,raw,FileHit@1,1.0,1.0,0.0,Descriptive same-task same-replicate comparison; not a randomized causal estimate.
phase1_v2_task_004,1,solver_only,solver_plus_end_of_run_audit,raw,FileHit@1,1.0,1.0,0.0,Descriptive same-task same-replicate comparison; not a randomized causal estimate.
phase1_v2_task_004,2,solver_only,solver_plus_end_of_run_audit,raw,FileHit@1,1.0,1.0,0.0,Descriptive same-task same-replicate comparison; not a randomized causal estimate.
phase1_v2_task_004,3,solver_only,solver_plus_end_of_run_audit,raw,FileHit@1,1.0,1.0,0.0,Descriptive same-task same-replicate comparison; not a randomized causal estimate.
phase1_v2_task_005,1,solver_only,solver_plus_end_of_run_audit,raw,FileHit@1,1.0,1.0,0.0,Descriptive same-task same-replicate comparison; not a randomized causal estimate.
phase1_v2_task_005,2,solver_only,solver_plus_end_of_run_audit,raw,FileHit@1,1.0,1.0,0.0,Descriptive same-task same-replicate comparison; not a randomized causal estimate.
phase1_v2_task_006,1,solver_only,solver_plus_end_of_run_audit,raw,FileHit@1,1.0,0.0,-1.0,Descriptive same-task same-replicate comparison; not a randomized causal estimate.
phase1_v2_task_006,2,solver_only,solver_plus_end_of_run_audit,raw,FileHit@1,1.0,0.0,-1.0,Descriptive same-task same-replicate comparison; not a randomized causal estimate.
phase1_v2_task_007,1,solver_only,solver_plus_end_of_run_audit,raw,FileHit@1,1.0,1.0,0.0,Descriptive same-task same-replicate comparison; not a randomized causal estimate.
phase1_v2_task_007,2,solver_only,solver_plus_end_of_run_audit,raw,FileHit@1,1.0,1.0,0.0,Descriptive same-task same-replicate comparison; not a randomized causal estimate.
phase1_v2_task_008,1,solver_only,solver_plus_end_of_run_audit,raw,FileHit@1,1.0,1.0,0.0,Descriptive same-task same-replicate comparison; not a randomized causal estimate.
phase1_v2_task_008,2,solver_only,solver_plus_end_of_run_audit,raw,FileHit@1,1.0,1.0,0.0,Descriptive same-task same-replicate comparison; not a randomized causal estimate.
phase1_v2_task_009,1,solver_only,solver_plus_end_of_run_audit,raw,FileHit@1,1.0,1.0,0.0,Descriptive same-task same-replicate comparison; not a randomized causal estimate.
phase1_v2_task_009,2,solver_only,solver_plus_end_of_run_audit,raw,FileHit@1,1.0,1.0,0.0,Descriptive same-task same-replicate comparison; not a randomized causal estimate.
phase1_v2_task_010,1,solver_only,solver_plus_end_of_run_audit,raw,FileHit@1,1.0,1.0,0.0,Descriptive same-task same-replicate comparison; not a randomized causal estimate.
phase1_v2_task_010,2,solver_only,solver_plus_end_of_run_audit,raw,FileHit@1,1.0,1.0,0.0,Descriptive same-task same-replicate comparison; not a randomized causal estimate.
phase1_v2_task_011,1,solver_only,solver_plus_end_of_run_audit,raw,FileHit@1,1.0,1.0,0.0,Descriptive same-task same-replicate comparison; not a randomized causal estimate.
phase1_v2_task_011,2,solver_only,solver_plus_end_of_run_audit,raw,FileHit@1,1.0,1.0,0.0,Descriptive same-task same-replicate comparison; not a randomized causal estimate.
phase1_v2_task_011,3,solver_only,solver_plus_end_of_run_audit,raw,FileHit@1,1.0,1.0,0.0,Descriptive same-task same-replicate comparison; not a randomized causal estimate.
phase1_v2_task_012,1,solver_only,solver_plus_end_of_run_audit,raw,FileHit@1,1.0,1.0,0.0,Descriptive same-task same-replicate comparison; not a randomized causal estimate.
phase1_v2_task_012,2,solver_only,solver_plus_end_of_run_audit,raw,FileHit@1,1.0,1.0,0.0,Descriptive same-task same-replicate comparison; not a randomized causal estimate.
phase1_v2_task_013,1,solver_only,solver_plus_end_of_run_audit,raw,FileHit@1,1.0,1.0,0.0,Descriptive same-task same-replicate comparison; not a randomized causal estimate.
phase1_v2_task_013,2,solver_only,solver_plus_end_of_run_audit,raw,FileHit@1,1.0,1.0,0.0,Descriptive same-task same-replicate comparison; not a randomized causal estimate.
phase1_v2_task_014,1,solver_only,solver_plus_end_of_run_audit,raw,FileHit@1,1.0,0.0,-1.0,Descriptive same-task same-replicate comparison; not a randomized causal estimate.
phase1_v2_task_001,1,solver_only,solver_plus_end_of_run_audit,raw,FileHit@3,1.0,1.0,0.0,Descriptive same-task same-replicate comparison; not a randomized causal estimate.
phase1_v2_task_001,2,solver_only,solver_plus_end_of_run_audit,raw,FileHit@3,1.0,1.0,0.0,Descriptive same-task same-replicate comparison; not a randomized causal estimate.
phase1_v2_task_001,3,solver_only,solver_plus_end_of_run_audit,raw,FileHit@3,1.0,1.0,0.0,Descriptive same-task same-replicate comparison; not a randomized causal estimate.
phase1_v2_task_002,1,solver_only,solver_plus_end_of_run_audit,raw,FileHit@3,1.0,1.0,0.0,Descriptive same-task same-replicate comparison; not a randomized causal estimate.
phase1_v2_task_002,2,solver_only,solver_plus_end_of_run_audit,raw,FileHit@3,1.0,1.0,0.0,Descriptive same-task same-replicate comparison; not a randomized causal estimate.
phase1_v2_task_003,1,solver_only,solver_plus_end_of_run_audit,raw,FileHit@3,1.0,1.0,0.0,Descriptive same-task same-replicate comparison; not a randomized causal estimate.
phase1_v2_task_003,2,solver_only,solver_plus_end_of_run_audit,raw,FileHit@3,1.0,1.0,0.0,Descriptive same-task same-replicate comparison; not a randomized causal estimate.
phase1_v2_task_004,1,solver_only,solver_plus_end_of_run_audit,raw,FileHit@3,1.0,1.0,0.0,Descriptive same-task same-replicate comparison; not a randomized causal estimate.
phase1_v2_task_004,2,solver_only,solver_plus_end_of_run_audit,raw,FileHit@3,1.0,1.0,0.0,Descriptive same-task same-replicate comparison; not a randomized causal estimate.
phase1_v2_task_004,3,solver_only,solver_plus_end_of_run_audit,raw,FileHit@3,1.0,1.0,0.0,Descriptive same-task same-replicate comparison; not a randomized causal estimate.
phase1_v2_task_005,1,solver_only,solver_plus_end_of_run_audit,raw,FileHit@3,1.0,1.0,0.0,Descriptive same-task same-replicate comparison; not a randomized causal estimate.
phase1_v2_task_005,2,solver_only,solver_plus_end_of_run_audit,raw,FileHit@3,1.0,1.0,0.0,Descriptive same-task same-replicate comparison; not a randomized causal estimate.
phase1_v2_task_006,1,solver_only,solver_plus_end_of_run_audit,raw,FileHit@3,1.0,0.0,-1.0,Descriptive same-task same-replicate comparison; not a randomized causal estimate.
phase1_v2_task_006,2,solver_only,solver_plus_end_of_run_audit,raw,FileHit@3,1.0,0.0,-1.0,Descriptive same-task same-replicate comparison; not a randomized causal estimate.
phase1_v2_task_007,1,solver_only,solver_plus_end_of_run_audit,raw,FileHit@3,1.0,1.0,0.0,Descriptive same-task same-replicate comparison; not a randomized causal estimate.
phase1_v2_task_007,2,solver_only,solver_plus_end_of_run_audit,raw,FileHit@3,1.0,1.0,0.0,Descriptive same-task same-replicate comparison; not a randomized causal estimate.
phase1_v2_task_008,1,solver_only,solver_plus_end_of_run_audit,raw,FileHit@3,1.0,1.0,0.0,Descriptive same-task same-replicate comparison; not a randomized causal estimate.
phase1_v2_task_008,2,solver_only,solver_plus_end_of_run_audit,raw,FileHit@3,1.0,1.0,0.0,Descriptive same-task same-replicate comparison; not a randomized causal estimate.
phase1_v2_task_009,1,solver_only,solver_plus_end_of_run_audit,raw,FileHit@3,1.0,1.0,0.0,Descriptive same-task same-replicate comparison; not a randomized causal estimate.
phase1_v2_task_009,2,solver_only,solver_plus_end_of_run_audit,raw,FileHit@3,1.0,1.0,0.0,Descriptive same-task same-replicate comparison; not a randomized causal estimate.
phase1_v2_task_010,1,solver_only,solver_plus_end_of_run_audit,raw,FileHit@3,1.0,1.0,0.0,Descriptive same-task same-replicate comparison; not a randomized causal estimate.
phase1_v2_task_010,2,solver_only,solver_plus_end_of_run_audit,raw,FileHit@3,1.0,1.0,0.0,Descriptive same-task same-replicate comparison; not a randomized causal estimate.
phase1_v2_task_011,1,solver_only,solver_plus_end_of_run_audit,raw,FileHit@3,1.0,1.0,0.0,Descriptive same-task same-replicate comparison; not a randomized causal estimate.
phase1_v2_task_011,2,solver_only,solver_plus_end_of_run_audit,raw,FileHit@3,1.0,1.0,0.0,Descriptive same-task same-replicate comparison; not a randomized causal estimate.
phase1_v2_task_011,3,solver_only,solver_plus_end_of_run_audit,raw,FileHit@3,1.0,1.0,0.0,Descriptive same-task same-replicate comparison; not a randomized causal estimate.
phase1_v2_task_012,1,solver_only,solver_plus_end_of_run_audit,raw,FileHit@3,1.0,1.0,0.0,Descriptive same-task same-replicate comparison; not a randomized causal estimate.
phase1_v2_task_012,2,solver_only,solver_plus_end_of_run_audit,raw,FileHit@3,1.0,1.0,0.0,Descriptive same-task same-replicate comparison; not a randomized causal estimate.
phase1_v2_task_013,1,solver_only,solver_plus_end_of_run_audit,raw,FileHit@3,1.0,1.0,0.0,Descriptive same-task same-replicate comparison; not a randomized causal estimate.
phase1_v2_task_013,2,solver_only,solver_plus_end_of_run_audit,raw,FileHit@3,1.0,1.0,0.0,Descriptive same-task same-replicate comparison; not a randomized causal estimate.
phase1_v2_task_014,1,solver_only,solver_plus_end_of_run_audit,raw,FileHit@3,1.0,1.0,0.0,Descriptive same-task same-replicate comparison; not a randomized causal estimate.
phase1_v2_task_001,1,solver_only,solver_plus_end_of_run_audit,raw,FileHit@5,1.0,1.0,0.0,Descriptive same-task same-replicate comparison; not a randomized causal estimate.
phase1_v2_task_001,2,solver_only,solver_plus_end_of_run_audit,raw,FileHit@5,1.0,1.0,0.0,Descriptive same-task same-replicate comparison; not a randomized causal estimate.
phase1_v2_task_001,3,solver_only,solver_plus_end_of_run_audit,raw,FileHit@5,1.0,1.0,0.0,Descriptive same-task same-replicate comparison; not a randomized causal estimate.
phase1_v2_task_002,1,solver_only,solver_plus_end_of_run_audit,raw,FileHit@5,1.0,1.0,0.0,Descriptive same-task same-replicate comparison; not a randomized causal estimate.
phase1_v2_task_002,2,solver_only,solver_plus_end_of_run_audit,raw,FileHit@5,1.0,1.0,0.0,Descriptive same-task same-replicate comparison; not a randomized causal estimate.
phase1_v2_task_003,1,solver_only,solver_plus_end_of_run_audit,raw,FileHit@5,1.0,1.0,0.0,Descriptive same-task same-replicate comparison; not a randomized causal estimate.
phase1_v2_task_003,2,solver_only,solver_plus_end_of_run_audit,raw,FileHit@5,1.0,1.0,0.0,Descriptive same-task same-replicate comparison; not a randomized causal estimate.
phase1_v2_task_004,1,solver_only,solver_plus_end_of_run_audit,raw,FileHit@5,1.0,1.0,0.0,Descriptive same-task same-replicate comparison; not a randomized causal estimate.
phase1_v2_task_004,2,solver_only,solver_plus_end_of_run_audit,raw,FileHit@5,1.0,1.0,0.0,Descriptive same-task same-replicate comparison; not a randomized causal estimate.
phase1_v2_task_004,3,solver_only,solver_plus_end_of_run_audit,raw,FileHit@5,1.0,1.0,0.0,Descriptive same-task same-replicate comparison; not a randomized causal estimate.
phase1_v2_task_005,1,solver_only,solver_plus_end_of_run_audit,raw,FileHit@5,1.0,1.0,0.0,Descriptive same-task same-replicate comparison; not a randomized causal estimate.
phase1_v2_task_005,2,solver_only,solver_plus_end_of_run_audit,raw,FileHit@5,1.0,1.0,0.0,Descriptive same-task same-replicate comparison; not a randomized causal estimate.
phase1_v2_task_006,1,solver_only,solver_plus_end_of_run_audit,raw,FileHit@5,1.0,0.0,-1.0,Descriptive same-task same-replicate comparison; not a randomized causal estimate.
phase1_v2_task_006,2,solver_only,solver_plus_end_of_run_audit,raw,FileHit@5,1.0,0.0,-1.0,Descriptive same-task same-replicate comparison; not a randomized causal estimate.
phase1_v2_task_007,1,solver_only,solver_plus_end_of_run_audit,raw,FileHit@5,1.0,1.0,0.0,Descriptive same-task same-replicate comparison; not a randomized causal estimate.
phase1_v2_task_007,2,solver_only,solver_plus_end_of_run_audit,raw,FileHit@5,1.0,1.0,0.0,Descriptive same-task same-replicate comparison; not a randomized causal estimate.
phase1_v2_task_008,1,solver_only,solver_plus_end_of_run_audit,raw,FileHit@5,1.0,1.0,0.0,Descriptive same-task same-replicate comparison; not a randomized causal estimate.
phase1_v2_task_008,2,solver_only,solver_plus_end_of_run_audit,raw,FileHit@5,1.0,1.0,0.0,Descriptive same-task same-replicate comparison; not a randomized causal estimate.
phase1_v2_task_009,1,solver_only,solver_plus_end_of_run_audit,raw,FileHit@5,1.0,1.0,0.0,Descriptive same-task same-replicate comparison; not a randomized causal estimate.
phase1_v2_task_009,2,solver_only,solver_plus_end_of_run_audit,raw,FileHit@5,1.0,1.0,0.0,Descriptive same-task same-replicate comparison; not a randomized causal estimate.
phase1_v2_task_010,1,solver_only,solver_plus_end_of_run_audit,raw,FileHit@5,1.0,1.0,0.0,Descriptive same-task same-replicate comparison; not a randomized causal estimate.
phase1_v2_task_010,2,solver_only,solver_plus_end_of_run_audit,raw,FileHit@5,1.0,1.0,0.0,Descriptive same-task same-replicate comparison; not a randomized causal estimate.
phase1_v2_task_011,1,solver_only,solver_plus_end_of_run_audit,raw,FileHit@5,1.0,1.0,0.0,Descriptive same-task same-replicate comparison; not a randomized causal estimate.
phase1_v2_task_011,2,solver_only,solver_plus_end_of_run_audit,raw,FileHit@5,1.0,1.0,0.0,Descriptive same-task same-replicate comparison; not a randomized causal estimate.
phase1_v2_task_011,3,solver_only,solver_plus_end_of_run_audit,raw,FileHit@5,1.0,1.0,0.0,Descriptive same-task same-replicate comparison; not a randomized causal estimate.
phase1_v2_task_012,1,solver_only,solver_plus_end_of_run_audit,raw,FileHit@5,1.0,1.0,0.0,Descriptive same-task same-replicate comparison; not a randomized causal estimate.
phase1_v2_task_012,2,solver_only,solver_plus_end_of_run_audit,raw,FileHit@5,1.0,1.0,0.0,Descriptive same-task same-replicate comparison; not a randomized causal estimate.
phase1_v2_task_013,1,solver_only,solver_plus_end_of_run_audit,raw,FileHit@5,1.0,1.0,0.0,Descriptive same-task same-replicate comparison; not a randomized causal estimate.
phase1_v2_task_013,2,solver_only,solver_plus_end_of_run_audit,raw,FileHit@5,1.0,1.0,0.0,Descriptive same-task same-replicate comparison; not a randomized causal estimate.
phase1_v2_task_014,1,solver_only,solver_plus_end_of_run_audit,raw,FileHit@5,1.0,1.0,0.0,Descriptive same-task same-replicate comparison; not a randomized causal estimate.
phase1_v2_task_001,1,solver_only,solver_plus_end_of_run_audit,raw,FileHit@6,1.0,1.0,0.0,Descriptive same-task same-replicate comparison; not a randomized causal estimate.
phase1_v2_task_001,2,solver_only,solver_plus_end_of_run_audit,raw,FileHit@6,1.0,1.0,0.0,Descriptive same-task same-replicate comparison; not a randomized causal estimate.
phase1_v2_task_001,3,solver_only,solver_plus_end_of_run_audit,raw,FileHit@6,1.0,1.0,0.0,Descriptive same-task same-replicate comparison; not a randomized causal estimate.
phase1_v2_task_002,1,solver_only,solver_plus_end_of_run_audit,raw,FileHit@6,1.0,1.0,0.0,Descriptive same-task same-replicate comparison; not a randomized causal estimate.
phase1_v2_task_002,2,solver_only,solver_plus_end_of_run_audit,raw,FileHit@6,1.0,1.0,0.0,Descriptive same-task same-replicate comparison; not a randomized causal estimate.
phase1_v2_task_003,1,solver_only,solver_plus_end_of_run_audit,raw,FileHit@6,1.0,1.0,0.0,Descriptive same-task same-replicate comparison; not a randomized causal estimate.
phase1_v2_task_003,2,solver_only,solver_plus_end_of_run_audit,raw,FileHit@6,1.0,1.0,0.0,Descriptive same-task same-replicate comparison; not a randomized causal estimate.
phase1_v2_task_004,1,solver_only,solver_plus_end_of_run_audit,raw,FileHit@6,1.0,1.0,0.0,Descriptive same-task same-replicate comparison; not a randomized causal estimate.
phase1_v2_task_004,2,solver_only,solver_plus_end_of_run_audit,raw,FileHit@6,1.0,1.0,0.0,Descriptive same-task same-replicate comparison; not a randomized causal estimate.
phase1_v2_task_004,3,solver_only,solver_plus_end_of_run_audit,raw,FileHit@6,1.0,1.0,0.0,Descriptive same-task same-replicate comparison; not a randomized causal estimate.
phase1_v2_task_005,1,solver_only,solver_plus_end_of_run_audit,raw,FileHit@6,1.0,1.0,0.0,Descriptive same-task same-replicate comparison; not a randomized causal estimate.
phase1_v2_task_005,2,solver_only,solver_plus_end_of_run_audit,raw,FileHit@6,1.0,1.0,0.0,Descriptive same-task same-replicate comparison; not a randomized causal estimate.
phase1_v2_task_006,1,solver_only,solver_plus_end_of_run_audit,raw,FileHit@6,1.0,0.0,-1.0,Descriptive same-task same-replicate comparison; not a randomized causal estimate.
phase1_v2_task_006,2,solver_only,solver_plus_end_of_run_audit,raw,FileHit@6,1.0,0.0,-1.0,Descriptive same-task same-replicate comparison; not a randomized causal estimate.
phase1_v2_task_007,1,solver_only,solver_plus_end_of_run_audit,raw,FileHit@6,1.0,1.0,0.0,Descriptive same-task same-replicate comparison; not a randomized causal estimate.
phase1_v2_task_007,2,solver_only,solver_plus_end_of_run_audit,raw,FileHit@6,1.0,1.0,0.0,Descriptive same-task same-replicate comparison; not a randomized causal estimate.
phase1_v2_task_008,1,solver_only,solver_plus_end_of_run_audit,raw,FileHit@6,1.0,1.0,0.0,Descriptive same-task same-replicate comparison; not a randomized causal estimate.
phase1_v2_task_008,2,solver_only,solver_plus_end_of_run_audit,raw,FileHit@6,1.0,1.0,0.0,Descriptive same-task same-replicate comparison; not a randomized causal estimate.
phase1_v2_task_009,1,solver_only,solver_plus_end_of_run_audit,raw,FileHit@6,1.0,1.0,0.0,Descriptive same-task same-replicate comparison; not a randomized causal estimate.
phase1_v2_task_009,2,solver_only,solver_plus_end_of_run_audit,raw,FileHit@6,1.0,1.0,0.0,Descriptive same-task same-replicate comparison; not a randomized causal estimate.
phase1_v2_task_010,1,solver_only,solver_plus_end_of_run_audit,raw,FileHit@6,1.0,1.0,0.0,Descriptive same-task same-replicate comparison; not a randomized causal estimate.
phase1_v2_task_010,2,solver_only,solver_plus_end_of_run_audit,raw,FileHit@6,1.0,1.0,0.0,Descriptive same-task same-replicate comparison; not a randomized causal estimate.
phase1_v2_task_011,1,solver_only,solver_plus_end_of_run_audit,raw,FileHit@6,1.0,1.0,0.0,Descriptive same-task same-replicate comparison; not a randomized causal estimate.
phase1_v2_task_011,2,solver_only,solver_plus_end_of_run_audit,raw,FileHit@6,1.0,1.0,0.0,Descriptive same-task same-replicate comparison; not a randomized causal estimate.
phase1_v2_task_011,3,solver_only,solver_plus_end_of_run_audit,raw,FileHit@6,1.0,1.0,0.0,Descriptive same-task same-replicate comparison; not a randomized causal estimate.
phase1_v2_task_012,1,solver_only,solver_plus_end_of_run_audit,raw,FileHit@6,1.0,1.0,0.0,Descriptive same-task same-replicate comparison; not a randomized causal estimate.
phase1_v2_task_012,2,solver_only,solver_plus_end_of_run_audit,raw,FileHit@6,1.0,1.0,0.0,Descriptive same-task same-replicate comparison; not a randomized causal estimate.
phase1_v2_task_013,1,solver_only,solver_plus_end_of_run_audit,raw,FileHit@6,1.0,1.0,0.0,Descriptive same-task same-replicate comparison; not a randomized causal estimate.
phase1_v2_task_013,2,solver_only,solver_plus_end_of_run_audit,raw,FileHit@6,1.0,1.0,0.0,Descriptive same-task same-replicate comparison; not a randomized causal estimate.
phase1_v2_task_014,1,solver_only,solver_plus_end_of_run_audit,raw,FileHit@6,1.0,1.0,0.0,Descriptive same-task same-replicate comparison; not a randomized causal estimate.
phase1_v2_task_001,1,solver_only,solver_plus_end_of_run_audit,raw,MRR@3,1.0,1.0,0.0,Descriptive same-task same-replicate comparison; not a randomized causal estimate.
phase1_v2_task_001,2,solver_only,solver_plus_end_of_run_audit,raw,MRR@3,1.0,1.0,0.0,Descriptive same-task same-replicate comparison; not a randomized causal estimate.
phase1_v2_task_001,3,solver_only,solver_plus_end_of_run_audit,raw,MRR@3,1.0,1.0,0.0,Descriptive same-task same-replicate comparison; not a randomized causal estimate.
phase1_v2_task_002,1,solver_only,solver_plus_end_of_run_audit,raw,MRR@3,1.0,1.0,0.0,Descriptive same-task same-replicate comparison; not a randomized causal estimate.
phase1_v2_task_002,2,solver_only,solver_plus_end_of_run_audit,raw,MRR@3,1.0,1.0,0.0,Descriptive same-task same-replicate comparison; not a randomized causal estimate.
phase1_v2_task_003,1,solver_only,solver_plus_end_of_run_audit,raw,MRR@3,1.0,1.0,0.0,Descriptive same-task same-replicate comparison; not a randomized causal estimate.
phase1_v2_task_003,2,solver_only,solver_plus_end_of_run_audit,raw,MRR@3,1.0,1.0,0.0,Descriptive same-task same-replicate comparison; not a randomized causal estimate.
phase1_v2_task_004,1,solver_only,solver_plus_end_of_run_audit,raw,MRR@3,1.0,1.0,0.0,Descriptive same-task same-replicate comparison; not a randomized causal estimate.
phase1_v2_task_004,2,solver_only,solver_plus_end_of_run_audit,raw,MRR@3,1.0,1.0,0.0,Descriptive same-task same-replicate comparison; not a randomized causal estimate.
phase1_v2_task_004,3,solver_only,solver_plus_end_of_run_audit,raw,MRR@3,1.0,1.0,0.0,Descriptive same-task same-replicate comparison; not a randomized causal estimate.
phase1_v2_task_005,1,solver_only,solver_plus_end_of_run_audit,raw,MRR@3,1.0,1.0,0.0,Descriptive same-task same-replicate comparison; not a randomized causal estimate.
phase1_v2_task_005,2,solver_only,solver_plus_end_of_run_audit,raw,MRR@3,1.0,1.0,0.0,Descriptive same-task same-replicate comparison; not a randomized causal estimate.
phase1_v2_task_006,1,solver_only,solver_plus_end_of_run_audit,raw,MRR@3,1.0,0.0,-1.0,Descriptive same-task same-replicate comparison; not a randomized causal estimate.
phase1_v2_task_006,2,solver_only,solver_plus_end_of_run_audit,raw,MRR@3,1.0,0.0,-1.0,Descriptive same-task same-replicate comparison; not a randomized causal estimate.
phase1_v2_task_007,1,solver_only,solver_plus_end_of_run_audit,raw,MRR@3,1.0,1.0,0.0,Descriptive same-task same-replicate comparison; not a randomized causal estimate.
phase1_v2_task_007,2,solver_only,solver_plus_end_of_run_audit,raw,MRR@3,1.0,1.0,0.0,Descriptive same-task same-replicate comparison; not a randomized causal estimate.
phase1_v2_task_008,1,solver_only,solver_plus_end_of_run_audit,raw,MRR@3,1.0,1.0,0.0,Descriptive same-task same-replicate comparison; not a randomized causal estimate.
phase1_v2_task_008,2,solver_only,solver_plus_end_of_run_audit,raw,MRR@3,1.0,1.0,0.0,Descriptive same-task same-replicate comparison; not a randomized causal estimate.
phase1_v2_task_009,1,solver_only,solver_plus_end_of_run_audit,raw,MRR@3,1.0,1.0,0.0,Descriptive same-task same-replicate comparison; not a randomized causal estimate.
phase1_v2_task_009,2,solver_only,solver_plus_end_of_run_audit,raw,MRR@3,1.0,1.0,0.0,Descriptive same-task same-replicate comparison; not a randomized causal estimate.
phase1_v2_task_010,1,solver_only,solver_plus_end_of_run_audit,raw,MRR@3,1.0,1.0,0.0,Descriptive same-task same-replicate comparison; not a randomized causal estimate.
phase1_v2_task_010,2,solver_only,solver_plus_end_of_run_audit,raw,MRR@3,1.0,1.0,0.0,Descriptive same-task same-replicate comparison; not a randomized causal estimate.
phase1_v2_task_011,1,solver_only,solver_plus_end_of_run_audit,raw,MRR@3,1.0,1.0,0.0,Descriptive same-task same-replicate comparison; not a randomized causal estimate.
phase1_v2_task_011,2,solver_only,solver_plus_end_of_run_audit,raw,MRR@3,1.0,1.0,0.0,Descriptive same-task same-replicate comparison; not a randomized causal estimate.
phase1_v2_task_011,3,solver_only,solver_plus_end_of_run_audit,raw,MRR@3,1.0,1.0,0.0,Descriptive same-task same-replicate comparison; not a randomized causal estimate.
phase1_v2_task_012,1,solver_only,solver_plus_end_of_run_audit,raw,MRR@3,1.0,1.0,0.0,Descriptive same-task same-replicate comparison; not a randomized causal estimate.
phase1_v2_task_012,2,solver_only,solver_plus_end_of_run_audit,raw,MRR@3,1.0,1.0,0.0,Descriptive same-task same-replicate comparison; not a randomized causal estimate.
phase1_v2_task_013,1,solver_only,solver_plus_end_of_run_audit,raw,MRR@3,1.0,1.0,0.0,Descriptive same-task same-replicate comparison; not a randomized causal estimate.
phase1_v2_task_013,2,solver_only,solver_plus_end_of_run_audit,raw,MRR@3,1.0,1.0,0.0,Descriptive same-task same-replicate comparison; not a randomized causal estimate.
phase1_v2_task_014,1,solver_only,solver_plus_end_of_run_audit,raw,MRR@3,1.0,0.333333,-0.666667,Descriptive same-task same-replicate comparison; not a randomized causal estimate.
phase1_v2_task_001,1,solver_only,solver_plus_end_of_run_audit,raw,MultiFileRecall@6,0.25,0.25,0.0,Descriptive same-task same-replicate comparison; not a randomized causal estimate.
phase1_v2_task_001,2,solver_only,solver_plus_end_of_run_audit,raw,MultiFileRecall@6,0.25,0.5,0.25,Descriptive same-task same-replicate comparison; not a randomized causal estimate.
phase1_v2_task_001,3,solver_only,solver_plus_end_of_run_audit,raw,MultiFileRecall@6,0.5,0.25,-0.25,Descriptive same-task same-replicate comparison; not a randomized causal estimate.
phase1_v2_task_002,1,solver_only,solver_plus_end_of_run_audit,raw,MultiFileRecall@6,0.5,0.5,0.0,Descriptive same-task same-replicate comparison; not a randomized causal estimate.
phase1_v2_task_002,2,solver_only,solver_plus_end_of_run_audit,raw,MultiFileRecall@6,0.5,0.5,0.0,Descriptive same-task same-replicate comparison; not a randomized causal estimate.
phase1_v2_task_003,1,solver_only,solver_plus_end_of_run_audit,raw,MultiFileRecall@6,0.285714,0.142857,-0.142857,Descriptive same-task same-replicate comparison; not a randomized causal estimate.
phase1_v2_task_003,2,solver_only,solver_plus_end_of_run_audit,raw,MultiFileRecall@6,0.142857,0.142857,0.0,Descriptive same-task same-replicate comparison; not a randomized causal estimate.
phase1_v2_task_004,1,solver_only,solver_plus_end_of_run_audit,raw,MultiFileRecall@6,0.25,0.25,0.0,Descriptive same-task same-replicate comparison; not a randomized causal estimate.
phase1_v2_task_004,2,solver_only,solver_plus_end_of_run_audit,raw,MultiFileRecall@6,0.25,0.25,0.0,Descriptive same-task same-replicate comparison; not a randomized causal estimate.
phase1_v2_task_004,3,solver_only,solver_plus_end_of_run_audit,raw,MultiFileRecall@6,0.25,0.25,0.0,Descriptive same-task same-replicate comparison; not a randomized causal estimate.
phase1_v2_task_005,1,solver_only,solver_plus_end_of_run_audit,raw,MultiFileRecall@6,0.5,0.5,0.0,Descriptive same-task same-replicate comparison; not a randomized causal estimate.
phase1_v2_task_005,2,solver_only,solver_plus_end_of_run_audit,raw,MultiFileRecall@6,0.5,0.5,0.0,Descriptive same-task same-replicate comparison; not a randomized causal estimate.
phase1_v2_task_006,1,solver_only,solver_plus_end_of_run_audit,raw,MultiFileRecall@6,1.0,0.0,-1.0,Descriptive same-task same-replicate comparison; not a randomized causal estimate.
phase1_v2_task_006,2,solver_only,solver_plus_end_of_run_audit,raw,MultiFileRecall@6,1.0,0.0,-1.0,Descriptive same-task same-replicate comparison; not a randomized causal estimate.
phase1_v2_task_007,1,solver_only,solver_plus_end_of_run_audit,raw,MultiFileRecall@6,0.5,0.5,0.0,Descriptive same-task same-replicate comparison; not a randomized causal estimate.
phase1_v2_task_007,2,solver_only,solver_plus_end_of_run_audit,raw,MultiFileRecall@6,0.5,0.5,0.0,Descriptive same-task same-replicate comparison; not a randomized causal estimate.
phase1_v2_task_008,1,solver_only,solver_plus_end_of_run_audit,raw,MultiFileRecall@6,0.4,0.4,0.0,Descriptive same-task same-replicate comparison; not a randomized causal estimate.
phase1_v2_task_008,2,solver_only,solver_plus_end_of_run_audit,raw,MultiFileRecall@6,0.4,0.4,0.0,Descriptive same-task same-replicate comparison; not a randomized causal estimate.
phase1_v2_task_009,1,solver_only,solver_plus_end_of_run_audit,raw,MultiFileRecall@6,0.5,0.5,0.0,Descriptive same-task same-replicate comparison; not a randomized causal estimate.
phase1_v2_task_009,2,solver_only,solver_plus_end_of_run_audit,raw,MultiFileRecall@6,0.5,0.5,0.0,Descriptive same-task same-replicate comparison; not a randomized causal estimate.
phase1_v2_task_010,1,solver_only,solver_plus_end_of_run_audit,raw,MultiFileRecall@6,0.5,0.5,0.0,Descriptive same-task same-replicate comparison; not a randomized causal estimate.
phase1_v2_task_010,2,solver_only,solver_plus_end_of_run_audit,raw,MultiFileRecall@6,0.5,0.5,0.0,Descriptive same-task same-replicate comparison; not a randomized causal estimate.
phase1_v2_task_011,1,solver_only,solver_plus_end_of_run_audit,raw,MultiFileRecall@6,0.571429,0.571429,0.0,Descriptive same-task same-replicate comparison; not a randomized causal estimate.
phase1_v2_task_011,2,solver_only,solver_plus_end_of_run_audit,raw,MultiFileRecall@6,0.571429,0.428571,-0.142858,Descriptive same-task same-replicate comparison; not a randomized causal estimate.
phase1_v2_task_011,3,solver_only,solver_plus_end_of_run_audit,raw,MultiFileRecall@6,0.571429,0.571429,0.0,Descriptive same-task same-replicate comparison; not a randomized causal estimate.
phase1_v2_task_012,1,solver_only,solver_plus_end_of_run_audit,raw,MultiFileRecall@6,0.5,0.5,0.0,Descriptive same-task same-replicate comparison; not a randomized causal estimate.
phase1_v2_task_012,2,solver_only,solver_plus_end_of_run_audit,raw,MultiFileRecall@6,0.5,0.5,0.0,Descriptive same-task same-replicate comparison; not a randomized causal estimate.
phase1_v2_task_013,1,solver_only,solver_plus_end_of_run_audit,raw,MultiFileRecall@6,0.25,0.25,0.0,Descriptive same-task same-replicate comparison; not a randomized causal estimate.
phase1_v2_task_013,2,solver_only,solver_plus_end_of_run_audit,raw,MultiFileRecall@6,0.25,0.25,0.0,Descriptive same-task same-replicate comparison; not a randomized causal estimate.
phase1_v2_task_014,1,solver_only,solver_plus_end_of_run_audit,raw,MultiFileRecall@6,0.666667,0.333333,-0.333334,Descriptive same-task same-replicate comparison; not a randomized causal estimate.
phase1_v2_task_001,1,solver_only,solver_plus_end_of_run_audit,audit,FileHit@1,1.0,1.0,0.0,Descriptive same-task same-replicate comparison; not a randomized causal estimate.
phase1_v2_task_001,2,solver_only,solver_plus_end_of_run_audit,audit,FileHit@1,1.0,1.0,0.0,Descriptive same-task same-replicate comparison; not a randomized causal estimate.
phase1_v2_task_001,3,solver_only,solver_plus_end_of_run_audit,audit,FileHit@1,1.0,1.0,0.0,Descriptive same-task same-replicate comparison; not a randomized causal estimate.
phase1_v2_task_002,1,solver_only,solver_plus_end_of_run_audit,audit,FileHit@1,1.0,1.0,0.0,Descriptive same-task same-replicate comparison; not a randomized causal estimate.
phase1_v2_task_002,2,solver_only,solver_plus_end_of_run_audit,audit,FileHit@1,1.0,1.0,0.0,Descriptive same-task same-replicate comparison; not a randomized causal estimate.
phase1_v2_task_003,1,solver_only,solver_plus_end_of_run_audit,audit,FileHit@1,1.0,1.0,0.0,Descriptive same-task same-replicate comparison; not a randomized causal estimate.
phase1_v2_task_003,2,solver_only,solver_plus_end_of_run_audit,audit,FileHit@1,1.0,1.0,0.0,Descriptive same-task same-replicate comparison; not a randomized causal estimate.
phase1_v2_task_004,1,solver_only,solver_plus_end_of_run_audit,audit,FileHit@1,1.0,1.0,0.0,Descriptive same-task same-replicate comparison; not a randomized causal estimate.
phase1_v2_task_004,2,solver_only,solver_plus_end_of_run_audit,audit,FileHit@1,1.0,1.0,0.0,Descriptive same-task same-replicate comparison; not a randomized causal estimate.
phase1_v2_task_004,3,solver_only,solver_plus_end_of_run_audit,audit,FileHit@1,1.0,1.0,0.0,Descriptive same-task same-replicate comparison; not a randomized causal estimate.
phase1_v2_task_005,1,solver_only,solver_plus_end_of_run_audit,audit,FileHit@1,1.0,1.0,0.0,Descriptive same-task same-replicate comparison; not a randomized causal estimate.
phase1_v2_task_005,2,solver_only,solver_plus_end_of_run_audit,audit,FileHit@1,1.0,1.0,0.0,Descriptive same-task same-replicate comparison; not a randomized causal estimate.
phase1_v2_task_006,1,solver_only,solver_plus_end_of_run_audit,audit,FileHit@1,1.0,0.0,-1.0,Descriptive same-task same-replicate comparison; not a randomized causal estimate.
phase1_v2_task_006,2,solver_only,solver_plus_end_of_run_audit,audit,FileHit@1,1.0,0.0,-1.0,Descriptive same-task same-replicate comparison; not a randomized causal estimate.
phase1_v2_task_007,1,solver_only,solver_plus_end_of_run_audit,audit,FileHit@1,1.0,1.0,0.0,Descriptive same-task same-replicate comparison; not a randomized causal estimate.
phase1_v2_task_007,2,solver_only,solver_plus_end_of_run_audit,audit,FileHit@1,1.0,1.0,0.0,Descriptive same-task same-replicate comparison; not a randomized causal estimate.
phase1_v2_task_008,1,solver_only,solver_plus_end_of_run_audit,audit,FileHit@1,1.0,1.0,0.0,Descriptive same-task same-replicate comparison; not a randomized causal estimate.
phase1_v2_task_008,2,solver_only,solver_plus_end_of_run_audit,audit,FileHit@1,1.0,1.0,0.0,Descriptive same-task same-replicate comparison; not a randomized causal estimate.
phase1_v2_task_009,1,solver_only,solver_plus_end_of_run_audit,audit,FileHit@1,1.0,1.0,0.0,Descriptive same-task same-replicate comparison; not a randomized causal estimate.
phase1_v2_task_009,2,solver_only,solver_plus_end_of_run_audit,audit,FileHit@1,1.0,1.0,0.0,Descriptive same-task same-replicate comparison; not a randomized causal estimate.
phase1_v2_task_010,1,solver_only,solver_plus_end_of_run_audit,audit,FileHit@1,1.0,1.0,0.0,Descriptive same-task same-replicate comparison; not a randomized causal estimate.
phase1_v2_task_010,2,solver_only,solver_plus_end_of_run_audit,audit,FileHit@1,1.0,1.0,0.0,Descriptive same-task same-replicate comparison; not a randomized causal estimate.
phase1_v2_task_011,1,solver_only,solver_plus_end_of_run_audit,audit,FileHit@1,1.0,1.0,0.0,Descriptive same-task same-replicate comparison; not a randomized causal estimate.
phase1_v2_task_011,2,solver_only,solver_plus_end_of_run_audit,audit,FileHit@1,1.0,1.0,0.0,Descriptive same-task same-replicate comparison; not a randomized causal estimate.
phase1_v2_task_011,3,solver_only,solver_plus_end_of_run_audit,audit,FileHit@1,1.0,1.0,0.0,Descriptive same-task same-replicate comparison; not a randomized causal estimate.
phase1_v2_task_012,1,solver_only,solver_plus_end_of_run_audit,audit,FileHit@1,1.0,1.0,0.0,Descriptive same-task same-replicate comparison; not a randomized causal estimate.
phase1_v2_task_012,2,solver_only,solver_plus_end_of_run_audit,audit,FileHit@1,1.0,1.0,0.0,Descriptive same-task same-replicate comparison; not a randomized causal estimate.
phase1_v2_task_013,1,solver_only,solver_plus_end_of_run_audit,audit,FileHit@1,1.0,1.0,0.0,Descriptive same-task same-replicate comparison; not a randomized causal estimate.
phase1_v2_task_013,2,solver_only,solver_plus_end_of_run_audit,audit,FileHit@1,1.0,1.0,0.0,Descriptive same-task same-replicate comparison; not a randomized causal estimate.
phase1_v2_task_014,1,solver_only,solver_plus_end_of_run_audit,audit,FileHit@1,1.0,0.0,-1.0,Descriptive same-task same-replicate comparison; not a randomized causal estimate.
phase1_v2_task_001,1,solver_only,solver_plus_end_of_run_audit,audit,FileHit@3,1.0,1.0,0.0,Descriptive same-task same-replicate comparison; not a randomized causal estimate.
phase1_v2_task_001,2,solver_only,solver_plus_end_of_run_audit,audit,FileHit@3,1.0,1.0,0.0,Descriptive same-task same-replicate comparison; not a randomized causal estimate.
phase1_v2_task_001,3,solver_only,solver_plus_end_of_run_audit,audit,FileHit@3,1.0,1.0,0.0,Descriptive same-task same-replicate comparison; not a randomized causal estimate.
phase1_v2_task_002,1,solver_only,solver_plus_end_of_run_audit,audit,FileHit@3,1.0,1.0,0.0,Descriptive same-task same-replicate comparison; not a randomized causal estimate.
phase1_v2_task_002,2,solver_only,solver_plus_end_of_run_audit,audit,FileHit@3,1.0,1.0,0.0,Descriptive same-task same-replicate comparison; not a randomized causal estimate.
phase1_v2_task_003,1,solver_only,solver_plus_end_of_run_audit,audit,FileHit@3,1.0,1.0,0.0,Descriptive same-task same-replicate comparison; not a randomized causal estimate.
phase1_v2_task_003,2,solver_only,solver_plus_end_of_run_audit,audit,FileHit@3,1.0,1.0,0.0,Descriptive same-task same-replicate comparison; not a randomized causal estimate.
phase1_v2_task_004,1,solver_only,solver_plus_end_of_run_audit,audit,FileHit@3,1.0,1.0,0.0,Descriptive same-task same-replicate comparison; not a randomized causal estimate.
phase1_v2_task_004,2,solver_only,solver_plus_end_of_run_audit,audit,FileHit@3,1.0,1.0,0.0,Descriptive same-task same-replicate comparison; not a randomized causal estimate.
phase1_v2_task_004,3,solver_only,solver_plus_end_of_run_audit,audit,FileHit@3,1.0,1.0,0.0,Descriptive same-task same-replicate comparison; not a randomized causal estimate.
phase1_v2_task_005,1,solver_only,solver_plus_end_of_run_audit,audit,FileHit@3,1.0,1.0,0.0,Descriptive same-task same-replicate comparison; not a randomized causal estimate.
phase1_v2_task_005,2,solver_only,solver_plus_end_of_run_audit,audit,FileHit@3,1.0,1.0,0.0,Descriptive same-task same-replicate comparison; not a randomized causal estimate.
phase1_v2_task_006,1,solver_only,solver_plus_end_of_run_audit,audit,FileHit@3,1.0,0.0,-1.0,Descriptive same-task same-replicate comparison; not a randomized causal estimate.
phase1_v2_task_006,2,solver_only,solver_plus_end_of_run_audit,audit,FileHit@3,1.0,0.0,-1.0,Descriptive same-task same-replicate comparison; not a randomized causal estimate.
phase1_v2_task_007,1,solver_only,solver_plus_end_of_run_audit,audit,FileHit@3,1.0,1.0,0.0,Descriptive same-task same-replicate comparison; not a randomized causal estimate.
phase1_v2_task_007,2,solver_only,solver_plus_end_of_run_audit,audit,FileHit@3,1.0,1.0,0.0,Descriptive same-task same-replicate comparison; not a randomized causal estimate.
phase1_v2_task_008,1,solver_only,solver_plus_end_of_run_audit,audit,FileHit@3,1.0,1.0,0.0,Descriptive same-task same-replicate comparison; not a randomized causal estimate.
phase1_v2_task_008,2,solver_only,solver_plus_end_of_run_audit,audit,FileHit@3,1.0,1.0,0.0,Descriptive same-task same-replicate comparison; not a randomized causal estimate.
phase1_v2_task_009,1,solver_only,solver_plus_end_of_run_audit,audit,FileHit@3,1.0,1.0,0.0,Descriptive same-task same-replicate comparison; not a randomized causal estimate.
phase1_v2_task_009,2,solver_only,solver_plus_end_of_run_audit,audit,FileHit@3,1.0,1.0,0.0,Descriptive same-task same-replicate comparison; not a randomized causal estimate.
phase1_v2_task_010,1,solver_only,solver_plus_end_of_run_audit,audit,FileHit@3,1.0,1.0,0.0,Descriptive same-task same-replicate comparison; not a randomized causal estimate.
phase1_v2_task_010,2,solver_only,solver_plus_end_of_run_audit,audit,FileHit@3,1.0,1.0,0.0,Descriptive same-task same-replicate comparison; not a randomized causal estimate.
phase1_v2_task_011,1,solver_only,solver_plus_end_of_run_audit,audit,FileHit@3,1.0,1.0,0.0,Descriptive same-task same-replicate comparison; not a randomized causal estimate.
phase1_v2_task_011,2,solver_only,solver_plus_end_of_run_audit,audit,FileHit@3,1.0,1.0,0.0,Descriptive same-task same-replicate comparison; not a randomized causal estimate.
phase1_v2_task_011,3,solver_only,solver_plus_end_of_run_audit,audit,FileHit@3,1.0,1.0,0.0,Descriptive same-task same-replicate comparison; not a randomized causal estimate.
phase1_v2_task_012,1,solver_only,solver_plus_end_of_run_audit,audit,FileHit@3,1.0,1.0,0.0,Descriptive same-task same-replicate comparison; not a randomized causal estimate.
phase1_v2_task_012,2,solver_only,solver_plus_end_of_run_audit,audit,FileHit@3,1.0,1.0,0.0,Descriptive same-task same-replicate comparison; not a randomized causal estimate.
phase1_v2_task_013,1,solver_only,solver_plus_end_of_run_audit,audit,FileHit@3,1.0,1.0,0.0,Descriptive same-task same-replicate comparison; not a randomized causal estimate.
phase1_v2_task_013,2,solver_only,solver_plus_end_of_run_audit,audit,FileHit@3,1.0,1.0,0.0,Descriptive same-task same-replicate comparison; not a randomized causal estimate.
phase1_v2_task_014,1,solver_only,solver_plus_end_of_run_audit,audit,FileHit@3,1.0,1.0,0.0,Descriptive same-task same-replicate comparison; not a randomized causal estimate.
phase1_v2_task_001,1,solver_only,solver_plus_end_of_run_audit,audit,FileHit@5,1.0,1.0,0.0,Descriptive same-task same-replicate comparison; not a randomized causal estimate.
phase1_v2_task_001,2,solver_only,solver_plus_end_of_run_audit,audit,FileHit@5,1.0,1.0,0.0,Descriptive same-task same-replicate comparison; not a randomized causal estimate.
phase1_v2_task_001,3,solver_only,solver_plus_end_of_run_audit,audit,FileHit@5,1.0,1.0,0.0,Descriptive same-task same-replicate comparison; not a randomized causal estimate.
phase1_v2_task_002,1,solver_only,solver_plus_end_of_run_audit,audit,FileHit@5,1.0,1.0,0.0,Descriptive same-task same-replicate comparison; not a randomized causal estimate.
phase1_v2_task_002,2,solver_only,solver_plus_end_of_run_audit,audit,FileHit@5,1.0,1.0,0.0,Descriptive same-task same-replicate comparison; not a randomized causal estimate.
phase1_v2_task_003,1,solver_only,solver_plus_end_of_run_audit,audit,FileHit@5,1.0,1.0,0.0,Descriptive same-task same-replicate comparison; not a randomized causal estimate.
phase1_v2_task_003,2,solver_only,solver_plus_end_of_run_audit,audit,FileHit@5,1.0,1.0,0.0,Descriptive same-task same-replicate comparison; not a randomized causal estimate.
phase1_v2_task_004,1,solver_only,solver_plus_end_of_run_audit,audit,FileHit@5,1.0,1.0,0.0,Descriptive same-task same-replicate comparison; not a randomized causal estimate.
phase1_v2_task_004,2,solver_only,solver_plus_end_of_run_audit,audit,FileHit@5,1.0,1.0,0.0,Descriptive same-task same-replicate comparison; not a randomized causal estimate.
phase1_v2_task_004,3,solver_only,solver_plus_end_of_run_audit,audit,FileHit@5,1.0,1.0,0.0,Descriptive same-task same-replicate comparison; not a randomized causal estimate.
phase1_v2_task_005,1,solver_only,solver_plus_end_of_run_audit,audit,FileHit@5,1.0,1.0,0.0,Descriptive same-task same-replicate comparison; not a randomized causal estimate.
phase1_v2_task_005,2,solver_only,solver_plus_end_of_run_audit,audit,FileHit@5,1.0,1.0,0.0,Descriptive same-task same-replicate comparison; not a randomized causal estimate.
phase1_v2_task_006,1,solver_only,solver_plus_end_of_run_audit,audit,FileHit@5,1.0,0.0,-1.0,Descriptive same-task same-replicate comparison; not a randomized causal estimate.
phase1_v2_task_006,2,solver_only,solver_plus_end_of_run_audit,audit,FileHit@5,1.0,0.0,-1.0,Descriptive same-task same-replicate comparison; not a randomized causal estimate.
phase1_v2_task_007,1,solver_only,solver_plus_end_of_run_audit,audit,FileHit@5,1.0,1.0,0.0,Descriptive same-task same-replicate comparison; not a randomized causal estimate.
phase1_v2_task_007,2,solver_only,solver_plus_end_of_run_audit,audit,FileHit@5,1.0,1.0,0.0,Descriptive same-task same-replicate comparison; not a randomized causal estimate.
phase1_v2_task_008,1,solver_only,solver_plus_end_of_run_audit,audit,FileHit@5,1.0,1.0,0.0,Descriptive same-task same-replicate comparison; not a randomized causal estimate.
phase1_v2_task_008,2,solver_only,solver_plus_end_of_run_audit,audit,FileHit@5,1.0,1.0,0.0,Descriptive same-task same-replicate comparison; not a randomized causal estimate.
phase1_v2_task_009,1,solver_only,solver_plus_end_of_run_audit,audit,FileHit@5,1.0,1.0,0.0,Descriptive same-task same-replicate comparison; not a randomized causal estimate.
phase1_v2_task_009,2,solver_only,solver_plus_end_of_run_audit,audit,FileHit@5,1.0,1.0,0.0,Descriptive same-task same-replicate comparison; not a randomized causal estimate.
phase1_v2_task_010,1,solver_only,solver_plus_end_of_run_audit,audit,FileHit@5,1.0,1.0,0.0,Descriptive same-task same-replicate comparison; not a randomized causal estimate.
phase1_v2_task_010,2,solver_only,solver_plus_end_of_run_audit,audit,FileHit@5,1.0,1.0,0.0,Descriptive same-task same-replicate comparison; not a randomized causal estimate.
phase1_v2_task_011,1,solver_only,solver_plus_end_of_run_audit,audit,FileHit@5,1.0,1.0,0.0,Descriptive same-task same-replicate comparison; not a randomized causal estimate.
phase1_v2_task_011,2,solver_only,solver_plus_end_of_run_audit,audit,FileHit@5,1.0,1.0,0.0,Descriptive same-task same-replicate comparison; not a randomized causal estimate.
phase1_v2_task_011,3,solver_only,solver_plus_end_of_run_audit,audit,FileHit@5,1.0,1.0,0.0,Descriptive same-task same-replicate comparison; not a randomized causal estimate.
phase1_v2_task_012,1,solver_only,solver_plus_end_of_run_audit,audit,FileHit@5,1.0,1.0,0.0,Descriptive same-task same-replicate comparison; not a randomized causal estimate.
phase1_v2_task_012,2,solver_only,solver_plus_end_of_run_audit,audit,FileHit@5,1.0,1.0,0.0,Descriptive same-task same-replicate comparison; not a randomized causal estimate.
phase1_v2_task_013,1,solver_only,solver_plus_end_of_run_audit,audit,FileHit@5,1.0,1.0,0.0,Descriptive same-task same-replicate comparison; not a randomized causal estimate.
phase1_v2_task_013,2,solver_only,solver_plus_end_of_run_audit,audit,FileHit@5,1.0,1.0,0.0,Descriptive same-task same-replicate comparison; not a randomized causal estimate.
phase1_v2_task_014,1,solver_only,solver_plus_end_of_run_audit,audit,FileHit@5,1.0,1.0,0.0,Descriptive same-task same-replicate comparison; not a randomized causal estimate.
phase1_v2_task_001,1,solver_only,solver_plus_end_of_run_audit,audit,FileHit@6,1.0,1.0,0.0,Descriptive same-task same-replicate comparison; not a randomized causal estimate.
phase1_v2_task_001,2,solver_only,solver_plus_end_of_run_audit,audit,FileHit@6,1.0,1.0,0.0,Descriptive same-task same-replicate comparison; not a randomized causal estimate.
phase1_v2_task_001,3,solver_only,solver_plus_end_of_run_audit,audit,FileHit@6,1.0,1.0,0.0,Descriptive same-task same-replicate comparison; not a randomized causal estimate.
phase1_v2_task_002,1,solver_only,solver_plus_end_of_run_audit,audit,FileHit@6,1.0,1.0,0.0,Descriptive same-task same-replicate comparison; not a randomized causal estimate.
phase1_v2_task_002,2,solver_only,solver_plus_end_of_run_audit,audit,FileHit@6,1.0,1.0,0.0,Descriptive same-task same-replicate comparison; not a randomized causal estimate.
phase1_v2_task_003,1,solver_only,solver_plus_end_of_run_audit,audit,FileHit@6,1.0,1.0,0.0,Descriptive same-task same-replicate comparison; not a randomized causal estimate.
phase1_v2_task_003,2,solver_only,solver_plus_end_of_run_audit,audit,FileHit@6,1.0,1.0,0.0,Descriptive same-task same-replicate comparison; not a randomized causal estimate.
phase1_v2_task_004,1,solver_only,solver_plus_end_of_run_audit,audit,FileHit@6,1.0,1.0,0.0,Descriptive same-task same-replicate comparison; not a randomized causal estimate.
phase1_v2_task_004,2,solver_only,solver_plus_end_of_run_audit,audit,FileHit@6,1.0,1.0,0.0,Descriptive same-task same-replicate comparison; not a randomized causal estimate.
phase1_v2_task_004,3,solver_only,solver_plus_end_of_run_audit,audit,FileHit@6,1.0,1.0,0.0,Descriptive same-task same-replicate comparison; not a randomized causal estimate.
phase1_v2_task_005,1,solver_only,solver_plus_end_of_run_audit,audit,FileHit@6,1.0,1.0,0.0,Descriptive same-task same-replicate comparison; not a randomized causal estimate.
phase1_v2_task_005,2,solver_only,solver_plus_end_of_run_audit,audit,FileHit@6,1.0,1.0,0.0,Descriptive same-task same-replicate comparison; not a randomized causal estimate.
phase1_v2_task_006,1,solver_only,solver_plus_end_of_run_audit,audit,FileHit@6,1.0,0.0,-1.0,Descriptive same-task same-replicate comparison; not a randomized causal estimate.
phase1_v2_task_006,2,solver_only,solver_plus_end_of_run_audit,audit,FileHit@6,1.0,0.0,-1.0,Descriptive same-task same-replicate comparison; not a randomized causal estimate.
phase1_v2_task_007,1,solver_only,solver_plus_end_of_run_audit,audit,FileHit@6,1.0,1.0,0.0,Descriptive same-task same-replicate comparison; not a randomized causal estimate.
phase1_v2_task_007,2,solver_only,solver_plus_end_of_run_audit,audit,FileHit@6,1.0,1.0,0.0,Descriptive same-task same-replicate comparison; not a randomized causal estimate.
phase1_v2_task_008,1,solver_only,solver_plus_end_of_run_audit,audit,FileHit@6,1.0,1.0,0.0,Descriptive same-task same-replicate comparison; not a randomized causal estimate.
phase1_v2_task_008,2,solver_only,solver_plus_end_of_run_audit,audit,FileHit@6,1.0,1.0,0.0,Descriptive same-task same-replicate comparison; not a randomized causal estimate.
phase1_v2_task_009,1,solver_only,solver_plus_end_of_run_audit,audit,FileHit@6,1.0,1.0,0.0,Descriptive same-task same-replicate comparison; not a randomized causal estimate.
phase1_v2_task_009,2,solver_only,solver_plus_end_of_run_audit,audit,FileHit@6,1.0,1.0,0.0,Descriptive same-task same-replicate comparison; not a randomized causal estimate.
phase1_v2_task_010,1,solver_only,solver_plus_end_of_run_audit,audit,FileHit@6,1.0,1.0,0.0,Descriptive same-task same-replicate comparison; not a randomized causal estimate.
phase1_v2_task_010,2,solver_only,solver_plus_end_of_run_audit,audit,FileHit@6,1.0,1.0,0.0,Descriptive same-task same-replicate comparison; not a randomized causal estimate.
phase1_v2_task_011,1,solver_only,solver_plus_end_of_run_audit,audit,FileHit@6,1.0,1.0,0.0,Descriptive same-task same-replicate comparison; not a randomized causal estimate.
phase1_v2_task_011,2,solver_only,solver_plus_end_of_run_audit,audit,FileHit@6,1.0,1.0,0.0,Descriptive same-task same-replicate comparison; not a randomized causal estimate.
phase1_v2_task_011,3,solver_only,solver_plus_end_of_run_audit,audit,FileHit@6,1.0,1.0,0.0,Descriptive same-task same-replicate comparison; not a randomized causal estimate.
phase1_v2_task_012,1,solver_only,solver_plus_end_of_run_audit,audit,FileHit@6,1.0,1.0,0.0,Descriptive same-task same-replicate comparison; not a randomized causal estimate.
phase1_v2_task_012,2,solver_only,solver_plus_end_of_run_audit,audit,FileHit@6,1.0,1.0,0.0,Descriptive same-task same-replicate comparison; not a randomized causal estimate.
phase1_v2_task_013,1,solver_only,solver_plus_end_of_run_audit,audit,FileHit@6,1.0,1.0,0.0,Descriptive same-task same-replicate comparison; not a randomized causal estimate.
phase1_v2_task_013,2,solver_only,solver_plus_end_of_run_audit,audit,FileHit@6,1.0,1.0,0.0,Descriptive same-task same-replicate comparison; not a randomized causal estimate.
phase1_v2_task_014,1,solver_only,solver_plus_end_of_run_audit,audit,FileHit@6,1.0,1.0,0.0,Descriptive same-task same-replicate comparison; not a randomized causal estimate.
phase1_v2_task_001,1,solver_only,solver_plus_end_of_run_audit,audit,MRR@3,1.0,1.0,0.0,Descriptive same-task same-replicate comparison; not a randomized causal estimate.
phase1_v2_task_001,2,solver_only,solver_plus_end_of_run_audit,audit,MRR@3,1.0,1.0,0.0,Descriptive same-task same-replicate comparison; not a randomized causal estimate.
phase1_v2_task_001,3,solver_only,solver_plus_end_of_run_audit,audit,MRR@3,1.0,1.0,0.0,Descriptive same-task same-replicate comparison; not a randomized causal estimate.
phase1_v2_task_002,1,solver_only,solver_plus_end_of_run_audit,audit,MRR@3,1.0,1.0,0.0,Descriptive same-task same-replicate comparison; not a randomized causal estimate.
phase1_v2_task_002,2,solver_only,solver_plus_end_of_run_audit,audit,MRR@3,1.0,1.0,0.0,Descriptive same-task same-replicate comparison; not a randomized causal estimate.
phase1_v2_task_003,1,solver_only,solver_plus_end_of_run_audit,audit,MRR@3,1.0,1.0,0.0,Descriptive same-task same-replicate comparison; not a randomized causal estimate.
phase1_v2_task_003,2,solver_only,solver_plus_end_of_run_audit,audit,MRR@3,1.0,1.0,0.0,Descriptive same-task same-replicate comparison; not a randomized causal estimate.
phase1_v2_task_004,1,solver_only,solver_plus_end_of_run_audit,audit,MRR@3,1.0,1.0,0.0,Descriptive same-task same-replicate comparison; not a randomized causal estimate.
phase1_v2_task_004,2,solver_only,solver_plus_end_of_run_audit,audit,MRR@3,1.0,1.0,0.0,Descriptive same-task same-replicate comparison; not a randomized causal estimate.
phase1_v2_task_004,3,solver_only,solver_plus_end_of_run_audit,audit,MRR@3,1.0,1.0,0.0,Descriptive same-task same-replicate comparison; not a randomized causal estimate.
phase1_v2_task_005,1,solver_only,solver_plus_end_of_run_audit,audit,MRR@3,1.0,1.0,0.0,Descriptive same-task same-replicate comparison; not a randomized causal estimate.
phase1_v2_task_005,2,solver_only,solver_plus_end_of_run_audit,audit,MRR@3,1.0,1.0,0.0,Descriptive same-task same-replicate comparison; not a randomized causal estimate.
phase1_v2_task_006,1,solver_only,solver_plus_end_of_run_audit,audit,MRR@3,1.0,0.0,-1.0,Descriptive same-task same-replicate comparison; not a randomized causal estimate.
phase1_v2_task_006,2,solver_only,solver_plus_end_of_run_audit,audit,MRR@3,1.0,0.0,-1.0,Descriptive same-task same-replicate comparison; not a randomized causal estimate.
phase1_v2_task_007,1,solver_only,solver_plus_end_of_run_audit,audit,MRR@3,1.0,1.0,0.0,Descriptive same-task same-replicate comparison; not a randomized causal estimate.
phase1_v2_task_007,2,solver_only,solver_plus_end_of_run_audit,audit,MRR@3,1.0,1.0,0.0,Descriptive same-task same-replicate comparison; not a randomized causal estimate.
phase1_v2_task_008,1,solver_only,solver_plus_end_of_run_audit,audit,MRR@3,1.0,1.0,0.0,Descriptive same-task same-replicate comparison; not a randomized causal estimate.
phase1_v2_task_008,2,solver_only,solver_plus_end_of_run_audit,audit,MRR@3,1.0,1.0,0.0,Descriptive same-task same-replicate comparison; not a randomized causal estimate.
phase1_v2_task_009,1,solver_only,solver_plus_end_of_run_audit,audit,MRR@3,1.0,1.0,0.0,Descriptive same-task same-replicate comparison; not a randomized causal estimate.
phase1_v2_task_009,2,solver_only,solver_plus_end_of_run_audit,audit,MRR@3,1.0,1.0,0.0,Descriptive same-task same-replicate comparison; not a randomized causal estimate.
phase1_v2_task_010,1,solver_only,solver_plus_end_of_run_audit,audit,MRR@3,1.0,1.0,0.0,Descriptive same-task same-replicate comparison; not a randomized causal estimate.
phase1_v2_task_010,2,solver_only,solver_plus_end_of_run_audit,audit,MRR@3,1.0,1.0,0.0,Descriptive same-task same-replicate comparison; not a randomized causal estimate.
phase1_v2_task_011,1,solver_only,solver_plus_end_of_run_audit,audit,MRR@3,1.0,1.0,0.0,Descriptive same-task same-replicate comparison; not a randomized causal estimate.
phase1_v2_task_011,2,solver_only,solver_plus_end_of_run_audit,audit,MRR@3,1.0,1.0,0.0,Descriptive same-task same-replicate comparison; not a randomized causal estimate.
phase1_v2_task_011,3,solver_only,solver_plus_end_of_run_audit,audit,MRR@3,1.0,1.0,0.0,Descriptive same-task same-replicate comparison; not a randomized causal estimate.
phase1_v2_task_012,1,solver_only,solver_plus_end_of_run_audit,audit,MRR@3,1.0,1.0,0.0,Descriptive same-task same-replicate comparison; not a randomized causal estimate.
phase1_v2_task_012,2,solver_only,solver_plus_end_of_run_audit,audit,MRR@3,1.0,1.0,0.0,Descriptive same-task same-replicate comparison; not a randomized causal estimate.
phase1_v2_task_013,1,solver_only,solver_plus_end_of_run_audit,audit,MRR@3,1.0,1.0,0.0,Descriptive same-task same-replicate comparison; not a randomized causal estimate.
phase1_v2_task_013,2,solver_only,solver_plus_end_of_run_audit,audit,MRR@3,1.0,1.0,0.0,Descriptive same-task same-replicate comparison; not a randomized causal estimate.
phase1_v2_task_014,1,solver_only,solver_plus_end_of_run_audit,audit,MRR@3,1.0,0.333333,-0.666667,Descriptive same-task same-replicate comparison; not a randomized causal estimate.
phase1_v2_task_001,1,solver_only,solver_plus_end_of_run_audit,audit,MultiFileRecall@6,0.25,0.25,0.0,Descriptive same-task same-replicate comparison; not a randomized causal estimate.
phase1_v2_task_001,2,solver_only,solver_plus_end_of_run_audit,audit,MultiFileRecall@6,0.25,0.5,0.25,Descriptive same-task same-replicate comparison; not a randomized causal estimate.
phase1_v2_task_001,3,solver_only,solver_plus_end_of_run_audit,audit,MultiFileRecall@6,0.5,0.25,-0.25,Descriptive same-task same-replicate comparison; not a randomized causal estimate.
phase1_v2_task_002,1,solver_only,solver_plus_end_of_run_audit,audit,MultiFileRecall@6,0.5,0.5,0.0,Descriptive same-task same-replicate comparison; not a randomized causal estimate.
phase1_v2_task_002,2,solver_only,solver_plus_end_of_run_audit,audit,MultiFileRecall@6,0.5,0.5,0.0,Descriptive same-task same-replicate comparison; not a randomized causal estimate.
phase1_v2_task_003,1,solver_only,solver_plus_end_of_run_audit,audit,MultiFileRecall@6,0.285714,0.142857,-0.142857,Descriptive same-task same-replicate comparison; not a randomized causal estimate.
phase1_v2_task_003,2,solver_only,solver_plus_end_of_run_audit,audit,MultiFileRecall@6,0.142857,0.142857,0.0,Descriptive same-task same-replicate comparison; not a randomized causal estimate.
phase1_v2_task_004,1,solver_only,solver_plus_end_of_run_audit,audit,MultiFileRecall@6,0.25,0.25,0.0,Descriptive same-task same-replicate comparison; not a randomized causal estimate.
phase1_v2_task_004,2,solver_only,solver_plus_end_of_run_audit,audit,MultiFileRecall@6,0.25,0.25,0.0,Descriptive same-task same-replicate comparison; not a randomized causal estimate.
phase1_v2_task_004,3,solver_only,solver_plus_end_of_run_audit,audit,MultiFileRecall@6,0.25,0.25,0.0,Descriptive same-task same-replicate comparison; not a randomized causal estimate.
phase1_v2_task_005,1,solver_only,solver_plus_end_of_run_audit,audit,MultiFileRecall@6,0.5,0.5,0.0,Descriptive same-task same-replicate comparison; not a randomized causal estimate.
phase1_v2_task_005,2,solver_only,solver_plus_end_of_run_audit,audit,MultiFileRecall@6,0.5,0.5,0.0,Descriptive same-task same-replicate comparison; not a randomized causal estimate.
phase1_v2_task_006,1,solver_only,solver_plus_end_of_run_audit,audit,MultiFileRecall@6,1.0,0.0,-1.0,Descriptive same-task same-replicate comparison; not a randomized causal estimate.
phase1_v2_task_006,2,solver_only,solver_plus_end_of_run_audit,audit,MultiFileRecall@6,1.0,0.0,-1.0,Descriptive same-task same-replicate comparison; not a randomized causal estimate.
phase1_v2_task_007,1,solver_only,solver_plus_end_of_run_audit,audit,MultiFileRecall@6,0.5,0.5,0.0,Descriptive same-task same-replicate comparison; not a randomized causal estimate.
phase1_v2_task_007,2,solver_only,solver_plus_end_of_run_audit,audit,MultiFileRecall@6,0.5,0.5,0.0,Descriptive same-task same-replicate comparison; not a randomized causal estimate.
phase1_v2_task_008,1,solver_only,solver_plus_end_of_run_audit,audit,MultiFileRecall@6,0.4,0.4,0.0,Descriptive same-task same-replicate comparison; not a randomized causal estimate.
phase1_v2_task_008,2,solver_only,solver_plus_end_of_run_audit,audit,MultiFileRecall@6,0.4,0.4,0.0,Descriptive same-task same-replicate comparison; not a randomized causal estimate.
phase1_v2_task_009,1,solver_only,solver_plus_end_of_run_audit,audit,MultiFileRecall@6,0.5,0.5,0.0,Descriptive same-task same-replicate comparison; not a randomized causal estimate.
phase1_v2_task_009,2,solver_only,solver_plus_end_of_run_audit,audit,MultiFileRecall@6,0.5,0.5,0.0,Descriptive same-task same-replicate comparison; not a randomized causal estimate.
phase1_v2_task_010,1,solver_only,solver_plus_end_of_run_audit,audit,MultiFileRecall@6,0.5,0.5,0.0,Descriptive same-task same-replicate comparison; not a randomized causal estimate.
phase1_v2_task_010,2,solver_only,solver_plus_end_of_run_audit,audit,MultiFileRecall@6,0.5,0.5,0.0,Descriptive same-task same-replicate comparison; not a randomized causal estimate.
phase1_v2_task_011,1,solver_only,solver_plus_end_of_run_audit,audit,MultiFileRecall@6,0.571429,0.571429,0.0,Descriptive same-task same-replicate comparison; not a randomized causal estimate.
phase1_v2_task_011,2,solver_only,solver_plus_end_of_run_audit,audit,MultiFileRecall@6,0.571429,0.428571,-0.142858,Descriptive same-task same-replicate comparison; not a randomized causal estimate.
phase1_v2_task_011,3,solver_only,solver_plus_end_of_run_audit,audit,MultiFileRecall@6,0.571429,0.571429,0.0,Descriptive same-task same-replicate comparison; not a randomized causal estimate.
phase1_v2_task_012,1,solver_only,solver_plus_end_of_run_audit,audit,MultiFileRecall@6,0.5,0.5,0.0,Descriptive same-task same-replicate comparison; not a randomized causal estimate.
phase1_v2_task_012,2,solver_only,solver_plus_end_of_run_audit,audit,MultiFileRecall@6,0.5,0.5,0.0,Descriptive same-task same-replicate comparison; not a randomized causal estimate.
phase1_v2_task_013,1,solver_only,solver_plus_end_of_run_audit,audit,MultiFileRecall@6,0.25,0.25,0.0,Descriptive same-task same-replicate comparison; not a randomized causal estimate.
phase1_v2_task_013,2,solver_only,solver_plus_end_of_run_audit,audit,MultiFileRecall@6,0.25,0.25,0.0,Descriptive same-task same-replicate comparison; not a randomized causal estimate.
phase1_v2_task_014,1,solver_only,solver_plus_end_of_run_audit,audit,MultiFileRecall@6,0.666667,0.333333,-0.333334,Descriptive same-task same-replicate comparison; not a randomized causal estimate.
phase1_v2_task_001,1,solver_only,solver_plus_end_of_run_audit,intervention,FileHit@1,1.0,1.0,0.0,Descriptive same-task same-replicate comparison; not a randomized causal estimate.
phase1_v2_task_001,2,solver_only,solver_plus_end_of_run_audit,intervention,FileHit@1,1.0,1.0,0.0,Descriptive same-task same-replicate comparison; not a randomized causal estimate.
phase1_v2_task_001,3,solver_only,solver_plus_end_of_run_audit,intervention,FileHit@1,1.0,1.0,0.0,Descriptive same-task same-replicate comparison; not a randomized causal estimate.
phase1_v2_task_002,1,solver_only,solver_plus_end_of_run_audit,intervention,FileHit@1,1.0,1.0,0.0,Descriptive same-task same-replicate comparison; not a randomized causal estimate.
phase1_v2_task_002,2,solver_only,solver_plus_end_of_run_audit,intervention,FileHit@1,1.0,1.0,0.0,Descriptive same-task same-replicate comparison; not a randomized causal estimate.
phase1_v2_task_003,1,solver_only,solver_plus_end_of_run_audit,intervention,FileHit@1,1.0,1.0,0.0,Descriptive same-task same-replicate comparison; not a randomized causal estimate.
phase1_v2_task_003,2,solver_only,solver_plus_end_of_run_audit,intervention,FileHit@1,1.0,1.0,0.0,Descriptive same-task same-replicate comparison; not a randomized causal estimate.
phase1_v2_task_004,1,solver_only,solver_plus_end_of_run_audit,intervention,FileHit@1,1.0,1.0,0.0,Descriptive same-task same-replicate comparison; not a randomized causal estimate.
phase1_v2_task_004,2,solver_only,solver_plus_end_of_run_audit,intervention,FileHit@1,1.0,1.0,0.0,Descriptive same-task same-replicate comparison; not a randomized causal estimate.
phase1_v2_task_004,3,solver_only,solver_plus_end_of_run_audit,intervention,FileHit@1,1.0,1.0,0.0,Descriptive same-task same-replicate comparison; not a randomized causal estimate.
phase1_v2_task_005,1,solver_only,solver_plus_end_of_run_audit,intervention,FileHit@1,1.0,1.0,0.0,Descriptive same-task same-replicate comparison; not a randomized causal estimate.
phase1_v2_task_005,2,solver_only,solver_plus_end_of_run_audit,intervention,FileHit@1,1.0,1.0,0.0,Descriptive same-task same-replicate comparison; not a randomized causal estimate.
phase1_v2_task_006,1,solver_only,solver_plus_end_of_run_audit,intervention,FileHit@1,1.0,0.0,-1.0,Descriptive same-task same-replicate comparison; not a randomized causal estimate.
phase1_v2_task_006,2,solver_only,solver_plus_end_of_run_audit,intervention,FileHit@1,1.0,0.0,-1.0,Descriptive same-task same-replicate comparison; not a randomized causal estimate.
phase1_v2_task_007,1,solver_only,solver_plus_end_of_run_audit,intervention,FileHit@1,1.0,1.0,0.0,Descriptive same-task same-replicate comparison; not a randomized causal estimate.
phase1_v2_task_007,2,solver_only,solver_plus_end_of_run_audit,intervention,FileHit@1,1.0,1.0,0.0,Descriptive same-task same-replicate comparison; not a randomized causal estimate.
phase1_v2_task_008,1,solver_only,solver_plus_end_of_run_audit,intervention,FileHit@1,1.0,1.0,0.0,Descriptive same-task same-replicate comparison; not a randomized causal estimate.
phase1_v2_task_008,2,solver_only,solver_plus_end_of_run_audit,intervention,FileHit@1,1.0,1.0,0.0,Descriptive same-task same-replicate comparison; not a randomized causal estimate.
phase1_v2_task_009,1,solver_only,solver_plus_end_of_run_audit,intervention,FileHit@1,1.0,1.0,0.0,Descriptive same-task same-replicate comparison; not a randomized causal estimate.
phase1_v2_task_009,2,solver_only,solver_plus_end_of_run_audit,intervention,FileHit@1,1.0,1.0,0.0,Descriptive same-task same-replicate comparison; not a randomized causal estimate.
phase1_v2_task_010,1,solver_only,solver_plus_end_of_run_audit,intervention,FileHit@1,1.0,1.0,0.0,Descriptive same-task same-replicate comparison; not a randomized causal estimate.
phase1_v2_task_010,2,solver_only,solver_plus_end_of_run_audit,intervention,FileHit@1,1.0,1.0,0.0,Descriptive same-task same-replicate comparison; not a randomized causal estimate.
phase1_v2_task_011,1,solver_only,solver_plus_end_of_run_audit,intervention,FileHit@1,1.0,1.0,0.0,Descriptive same-task same-replicate comparison; not a randomized causal estimate.
phase1_v2_task_011,2,solver_only,solver_plus_end_of_run_audit,intervention,FileHit@1,1.0,1.0,0.0,Descriptive same-task same-replicate comparison; not a randomized causal estimate.
phase1_v2_task_011,3,solver_only,solver_plus_end_of_run_audit,intervention,FileHit@1,1.0,1.0,0.0,Descriptive same-task same-replicate comparison; not a randomized causal estimate.
phase1_v2_task_012,1,solver_only,solver_plus_end_of_run_audit,intervention,FileHit@1,1.0,1.0,0.0,Descriptive same-task same-replicate comparison; not a randomized causal estimate.
phase1_v2_task_012,2,solver_only,solver_plus_end_of_run_audit,intervention,FileHit@1,1.0,1.0,0.0,Descriptive same-task same-replicate comparison; not a randomized causal estimate.
phase1_v2_task_013,1,solver_only,solver_plus_end_of_run_audit,intervention,FileHit@1,1.0,1.0,0.0,Descriptive same-task same-replicate comparison; not a randomized causal estimate.
phase1_v2_task_013,2,solver_only,solver_plus_end_of_run_audit,intervention,FileHit@1,1.0,1.0,0.0,Descriptive same-task same-replicate comparison; not a randomized causal estimate.
phase1_v2_task_014,1,solver_only,solver_plus_end_of_run_audit,intervention,FileHit@1,1.0,0.0,-1.0,Descriptive same-task same-replicate comparison; not a randomized causal estimate.
phase1_v2_task_001,1,solver_only,solver_plus_end_of_run_audit,intervention,FileHit@3,1.0,1.0,0.0,Descriptive same-task same-replicate comparison; not a randomized causal estimate.
phase1_v2_task_001,2,solver_only,solver_plus_end_of_run_audit,intervention,FileHit@3,1.0,1.0,0.0,Descriptive same-task same-replicate comparison; not a randomized causal estimate.
phase1_v2_task_001,3,solver_only,solver_plus_end_of_run_audit,intervention,FileHit@3,1.0,1.0,0.0,Descriptive same-task same-replicate comparison; not a randomized causal estimate.
phase1_v2_task_002,1,solver_only,solver_plus_end_of_run_audit,intervention,FileHit@3,1.0,1.0,0.0,Descriptive same-task same-replicate comparison; not a randomized causal estimate.
phase1_v2_task_002,2,solver_only,solver_plus_end_of_run_audit,intervention,FileHit@3,1.0,1.0,0.0,Descriptive same-task same-replicate comparison; not a randomized causal estimate.
phase1_v2_task_003,1,solver_only,solver_plus_end_of_run_audit,intervention,FileHit@3,1.0,1.0,0.0,Descriptive same-task same-replicate comparison; not a randomized causal estimate.
phase1_v2_task_003,2,solver_only,solver_plus_end_of_run_audit,intervention,FileHit@3,1.0,1.0,0.0,Descriptive same-task same-replicate comparison; not a randomized causal estimate.
phase1_v2_task_004,1,solver_only,solver_plus_end_of_run_audit,intervention,FileHit@3,1.0,1.0,0.0,Descriptive same-task same-replicate comparison; not a randomized causal estimate.
phase1_v2_task_004,2,solver_only,solver_plus_end_of_run_audit,intervention,FileHit@3,1.0,1.0,0.0,Descriptive same-task same-replicate comparison; not a randomized causal estimate.
phase1_v2_task_004,3,solver_only,solver_plus_end_of_run_audit,intervention,FileHit@3,1.0,1.0,0.0,Descriptive same-task same-replicate comparison; not a randomized causal estimate.
phase1_v2_task_005,1,solver_only,solver_plus_end_of_run_audit,intervention,FileHit@3,1.0,1.0,0.0,Descriptive same-task same-replicate comparison; not a randomized causal estimate.
phase1_v2_task_005,2,solver_only,solver_plus_end_of_run_audit,intervention,FileHit@3,1.0,1.0,0.0,Descriptive same-task same-replicate comparison; not a randomized causal estimate.
phase1_v2_task_006,1,solver_only,solver_plus_end_of_run_audit,intervention,FileHit@3,1.0,0.0,-1.0,Descriptive same-task same-replicate comparison; not a randomized causal estimate.
phase1_v2_task_006,2,solver_only,solver_plus_end_of_run_audit,intervention,FileHit@3,1.0,0.0,-1.0,Descriptive same-task same-replicate comparison; not a randomized causal estimate.
phase1_v2_task_007,1,solver_only,solver_plus_end_of_run_audit,intervention,FileHit@3,1.0,1.0,0.0,Descriptive same-task same-replicate comparison; not a randomized causal estimate.
phase1_v2_task_007,2,solver_only,solver_plus_end_of_run_audit,intervention,FileHit@3,1.0,1.0,0.0,Descriptive same-task same-replicate comparison; not a randomized causal estimate.
phase1_v2_task_008,1,solver_only,solver_plus_end_of_run_audit,intervention,FileHit@3,1.0,1.0,0.0,Descriptive same-task same-replicate comparison; not a randomized causal estimate.
phase1_v2_task_008,2,solver_only,solver_plus_end_of_run_audit,intervention,FileHit@3,1.0,1.0,0.0,Descriptive same-task same-replicate comparison; not a randomized causal estimate.
phase1_v2_task_009,1,solver_only,solver_plus_end_of_run_audit,intervention,FileHit@3,1.0,1.0,0.0,Descriptive same-task same-replicate comparison; not a randomized causal estimate.
phase1_v2_task_009,2,solver_only,solver_plus_end_of_run_audit,intervention,FileHit@3,1.0,1.0,0.0,Descriptive same-task same-replicate comparison; not a randomized causal estimate.
phase1_v2_task_010,1,solver_only,solver_plus_end_of_run_audit,intervention,FileHit@3,1.0,1.0,0.0,Descriptive same-task same-replicate comparison; not a randomized causal estimate.
phase1_v2_task_010,2,solver_only,solver_plus_end_of_run_audit,intervention,FileHit@3,1.0,1.0,0.0,Descriptive same-task same-replicate comparison; not a randomized causal estimate.
phase1_v2_task_011,1,solver_only,solver_plus_end_of_run_audit,intervention,FileHit@3,1.0,1.0,0.0,Descriptive same-task same-replicate comparison; not a randomized causal estimate.
phase1_v2_task_011,2,solver_only,solver_plus_end_of_run_audit,intervention,FileHit@3,1.0,1.0,0.0,Descriptive same-task same-replicate comparison; not a randomized causal estimate.
phase1_v2_task_011,3,solver_only,solver_plus_end_of_run_audit,intervention,FileHit@3,1.0,1.0,0.0,Descriptive same-task same-replicate comparison; not a randomized causal estimate.
phase1_v2_task_012,1,solver_only,solver_plus_end_of_run_audit,intervention,FileHit@3,1.0,1.0,0.0,Descriptive same-task same-replicate comparison; not a randomized causal estimate.
phase1_v2_task_012,2,solver_only,solver_plus_end_of_run_audit,intervention,FileHit@3,1.0,1.0,0.0,Descriptive same-task same-replicate comparison; not a randomized causal estimate.
phase1_v2_task_013,1,solver_only,solver_plus_end_of_run_audit,intervention,FileHit@3,1.0,1.0,0.0,Descriptive same-task same-replicate comparison; not a randomized causal estimate.
phase1_v2_task_013,2,solver_only,solver_plus_end_of_run_audit,intervention,FileHit@3,1.0,1.0,0.0,Descriptive same-task same-replicate comparison; not a randomized causal estimate.
phase1_v2_task_014,1,solver_only,solver_plus_end_of_run_audit,intervention,FileHit@3,1.0,1.0,0.0,Descriptive same-task same-replicate comparison; not a randomized causal estimate.
phase1_v2_task_001,1,solver_only,solver_plus_end_of_run_audit,intervention,FileHit@5,1.0,1.0,0.0,Descriptive same-task same-replicate comparison; not a randomized causal estimate.
phase1_v2_task_001,2,solver_only,solver_plus_end_of_run_audit,intervention,FileHit@5,1.0,1.0,0.0,Descriptive same-task same-replicate comparison; not a randomized causal estimate.
phase1_v2_task_001,3,solver_only,solver_plus_end_of_run_audit,intervention,FileHit@5,1.0,1.0,0.0,Descriptive same-task same-replicate comparison; not a randomized causal estimate.
phase1_v2_task_002,1,solver_only,solver_plus_end_of_run_audit,intervention,FileHit@5,1.0,1.0,0.0,Descriptive same-task same-replicate comparison; not a randomized causal estimate.
phase1_v2_task_002,2,solver_only,solver_plus_end_of_run_audit,intervention,FileHit@5,1.0,1.0,0.0,Descriptive same-task same-replicate comparison; not a randomized causal estimate.
phase1_v2_task_003,1,solver_only,solver_plus_end_of_run_audit,intervention,FileHit@5,1.0,1.0,0.0,Descriptive same-task same-replicate comparison; not a randomized causal estimate.
phase1_v2_task_003,2,solver_only,solver_plus_end_of_run_audit,intervention,FileHit@5,1.0,1.0,0.0,Descriptive same-task same-replicate comparison; not a randomized causal estimate.
phase1_v2_task_004,1,solver_only,solver_plus_end_of_run_audit,intervention,FileHit@5,1.0,1.0,0.0,Descriptive same-task same-replicate comparison; not a randomized causal estimate.
phase1_v2_task_004,2,solver_only,solver_plus_end_of_run_audit,intervention,FileHit@5,1.0,1.0,0.0,Descriptive same-task same-replicate comparison; not a randomized causal estimate.
phase1_v2_task_004,3,solver_only,solver_plus_end_of_run_audit,intervention,FileHit@5,1.0,1.0,0.0,Descriptive same-task same-replicate comparison; not a randomized causal estimate.
phase1_v2_task_005,1,solver_only,solver_plus_end_of_run_audit,intervention,FileHit@5,1.0,1.0,0.0,Descriptive same-task same-replicate comparison; not a randomized causal estimate.
phase1_v2_task_005,2,solver_only,solver_plus_end_of_run_audit,intervention,FileHit@5,1.0,1.0,0.0,Descriptive same-task same-replicate comparison; not a randomized causal estimate.
phase1_v2_task_006,1,solver_only,solver_plus_end_of_run_audit,intervention,FileHit@5,1.0,0.0,-1.0,Descriptive same-task same-replicate comparison; not a randomized causal estimate.
phase1_v2_task_006,2,solver_only,solver_plus_end_of_run_audit,intervention,FileHit@5,1.0,0.0,-1.0,Descriptive same-task same-replicate comparison; not a randomized causal estimate.
phase1_v2_task_007,1,solver_only,solver_plus_end_of_run_audit,intervention,FileHit@5,1.0,1.0,0.0,Descriptive same-task same-replicate comparison; not a randomized causal estimate.
phase1_v2_task_007,2,solver_only,solver_plus_end_of_run_audit,intervention,FileHit@5,1.0,1.0,0.0,Descriptive same-task same-replicate comparison; not a randomized causal estimate.
phase1_v2_task_008,1,solver_only,solver_plus_end_of_run_audit,intervention,FileHit@5,1.0,1.0,0.0,Descriptive same-task same-replicate comparison; not a randomized causal estimate.
phase1_v2_task_008,2,solver_only,solver_plus_end_of_run_audit,intervention,FileHit@5,1.0,1.0,0.0,Descriptive same-task same-replicate comparison; not a randomized causal estimate.
phase1_v2_task_009,1,solver_only,solver_plus_end_of_run_audit,intervention,FileHit@5,1.0,1.0,0.0,Descriptive same-task same-replicate comparison; not a randomized causal estimate.
phase1_v2_task_009,2,solver_only,solver_plus_end_of_run_audit,intervention,FileHit@5,1.0,1.0,0.0,Descriptive same-task same-replicate comparison; not a randomized causal estimate.
phase1_v2_task_010,1,solver_only,solver_plus_end_of_run_audit,intervention,FileHit@5,1.0,1.0,0.0,Descriptive same-task same-replicate comparison; not a randomized causal estimate.
phase1_v2_task_010,2,solver_only,solver_plus_end_of_run_audit,intervention,FileHit@5,1.0,1.0,0.0,Descriptive same-task same-replicate comparison; not a randomized causal estimate.
phase1_v2_task_011,1,solver_only,solver_plus_end_of_run_audit,intervention,FileHit@5,1.0,1.0,0.0,Descriptive same-task same-replicate comparison; not a randomized causal estimate.
phase1_v2_task_011,2,solver_only,solver_plus_end_of_run_audit,intervention,FileHit@5,1.0,1.0,0.0,Descriptive same-task same-replicate comparison; not a randomized causal estimate.
phase1_v2_task_011,3,solver_only,solver_plus_end_of_run_audit,intervention,FileHit@5,1.0,1.0,0.0,Descriptive same-task same-replicate comparison; not a randomized causal estimate.
phase1_v2_task_012,1,solver_only,solver_plus_end_of_run_audit,intervention,FileHit@5,1.0,1.0,0.0,Descriptive same-task same-replicate comparison; not a randomized causal estimate.
phase1_v2_task_012,2,solver_only,solver_plus_end_of_run_audit,intervention,FileHit@5,1.0,1.0,0.0,Descriptive same-task same-replicate comparison; not a randomized causal estimate.
phase1_v2_task_013,1,solver_only,solver_plus_end_of_run_audit,intervention,FileHit@5,1.0,1.0,0.0,Descriptive same-task same-replicate comparison; not a randomized causal estimate.
phase1_v2_task_013,2,solver_only,solver_plus_end_of_run_audit,intervention,FileHit@5,1.0,1.0,0.0,Descriptive same-task same-replicate comparison; not a randomized causal estimate.
phase1_v2_task_014,1,solver_only,solver_plus_end_of_run_audit,intervention,FileHit@5,1.0,1.0,0.0,Descriptive same-task same-replicate comparison; not a randomized causal estimate.
phase1_v2_task_001,1,solver_only,solver_plus_end_of_run_audit,intervention,FileHit@6,1.0,1.0,0.0,Descriptive same-task same-replicate comparison; not a randomized causal estimate.
phase1_v2_task_001,2,solver_only,solver_plus_end_of_run_audit,intervention,FileHit@6,1.0,1.0,0.0,Descriptive same-task same-replicate comparison; not a randomized causal estimate.
phase1_v2_task_001,3,solver_only,solver_plus_end_of_run_audit,intervention,FileHit@6,1.0,1.0,0.0,Descriptive same-task same-replicate comparison; not a randomized causal estimate.
phase1_v2_task_002,1,solver_only,solver_plus_end_of_run_audit,intervention,FileHit@6,1.0,1.0,0.0,Descriptive same-task same-replicate comparison; not a randomized causal estimate.
phase1_v2_task_002,2,solver_only,solver_plus_end_of_run_audit,intervention,FileHit@6,1.0,1.0,0.0,Descriptive same-task same-replicate comparison; not a randomized causal estimate.
phase1_v2_task_003,1,solver_only,solver_plus_end_of_run_audit,intervention,FileHit@6,1.0,1.0,0.0,Descriptive same-task same-replicate comparison; not a randomized causal estimate.
phase1_v2_task_003,2,solver_only,solver_plus_end_of_run_audit,intervention,FileHit@6,1.0,1.0,0.0,Descriptive same-task same-replicate comparison; not a randomized causal estimate.
phase1_v2_task_004,1,solver_only,solver_plus_end_of_run_audit,intervention,FileHit@6,1.0,1.0,0.0,Descriptive same-task same-replicate comparison; not a randomized causal estimate.
phase1_v2_task_004,2,solver_only,solver_plus_end_of_run_audit,intervention,FileHit@6,1.0,1.0,0.0,Descriptive same-task same-replicate comparison; not a randomized causal estimate.
phase1_v2_task_004,3,solver_only,solver_plus_end_of_run_audit,intervention,FileHit@6,1.0,1.0,0.0,Descriptive same-task same-replicate comparison; not a randomized causal estimate.
phase1_v2_task_005,1,solver_only,solver_plus_end_of_run_audit,intervention,FileHit@6,1.0,1.0,0.0,Descriptive same-task same-replicate comparison; not a randomized causal estimate.
phase1_v2_task_005,2,solver_only,solver_plus_end_of_run_audit,intervention,FileHit@6,1.0,1.0,0.0,Descriptive same-task same-replicate comparison; not a randomized causal estimate.
phase1_v2_task_006,1,solver_only,solver_plus_end_of_run_audit,intervention,FileHit@6,1.0,0.0,-1.0,Descriptive same-task same-replicate comparison; not a randomized causal estimate.
phase1_v2_task_006,2,solver_only,solver_plus_end_of_run_audit,intervention,FileHit@6,1.0,0.0,-1.0,Descriptive same-task same-replicate comparison; not a randomized causal estimate.
phase1_v2_task_007,1,solver_only,solver_plus_end_of_run_audit,intervention,FileHit@6,1.0,1.0,0.0,Descriptive same-task same-replicate comparison; not a randomized causal estimate.
phase1_v2_task_007,2,solver_only,solver_plus_end_of_run_audit,intervention,FileHit@6,1.0,1.0,0.0,Descriptive same-task same-replicate comparison; not a randomized causal estimate.
phase1_v2_task_008,1,solver_only,solver_plus_end_of_run_audit,intervention,FileHit@6,1.0,1.0,0.0,Descriptive same-task same-replicate comparison; not a randomized causal estimate.
phase1_v2_task_008,2,solver_only,solver_plus_end_of_run_audit,intervention,FileHit@6,1.0,1.0,0.0,Descriptive same-task same-replicate comparison; not a randomized causal estimate.
phase1_v2_task_009,1,solver_only,solver_plus_end_of_run_audit,intervention,FileHit@6,1.0,1.0,0.0,Descriptive same-task same-replicate comparison; not a randomized causal estimate.
phase1_v2_task_009,2,solver_only,solver_plus_end_of_run_audit,intervention,FileHit@6,1.0,1.0,0.0,Descriptive same-task same-replicate comparison; not a randomized causal estimate.
phase1_v2_task_010,1,solver_only,solver_plus_end_of_run_audit,intervention,FileHit@6,1.0,1.0,0.0,Descriptive same-task same-replicate comparison; not a randomized causal estimate.
phase1_v2_task_010,2,solver_only,solver_plus_end_of_run_audit,intervention,FileHit@6,1.0,1.0,0.0,Descriptive same-task same-replicate comparison; not a randomized causal estimate.
phase1_v2_task_011,1,solver_only,solver_plus_end_of_run_audit,intervention,FileHit@6,1.0,1.0,0.0,Descriptive same-task same-replicate comparison; not a randomized causal estimate.
phase1_v2_task_011,2,solver_only,solver_plus_end_of_run_audit,intervention,FileHit@6,1.0,1.0,0.0,Descriptive same-task same-replicate comparison; not a randomized causal estimate.
phase1_v2_task_011,3,solver_only,solver_plus_end_of_run_audit,intervention,FileHit@6,1.0,1.0,0.0,Descriptive same-task same-replicate comparison; not a randomized causal estimate.
phase1_v2_task_012,1,solver_only,solver_plus_end_of_run_audit,intervention,FileHit@6,1.0,1.0,0.0,Descriptive same-task same-replicate comparison; not a randomized causal estimate.
phase1_v2_task_012,2,solver_only,solver_plus_end_of_run_audit,intervention,FileHit@6,1.0,1.0,0.0,Descriptive same-task same-replicate comparison; not a randomized causal estimate.
phase1_v2_task_013,1,solver_only,solver_plus_end_of_run_audit,intervention,FileHit@6,1.0,1.0,0.0,Descriptive same-task same-replicate comparison; not a randomized causal estimate.
phase1_v2_task_013,2,solver_only,solver_plus_end_of_run_audit,intervention,FileHit@6,1.0,1.0,0.0,Descriptive same-task same-replicate comparison; not a randomized causal estimate.
phase1_v2_task_014,1,solver_only,solver_plus_end_of_run_audit,intervention,FileHit@6,1.0,1.0,0.0,Descriptive same-task same-replicate comparison; not a randomized causal estimate.
phase1_v2_task_001,1,solver_only,solver_plus_end_of_run_audit,intervention,MRR@3,1.0,1.0,0.0,Descriptive same-task same-replicate comparison; not a randomized causal estimate.
phase1_v2_task_001,2,solver_only,solver_plus_end_of_run_audit,intervention,MRR@3,1.0,1.0,0.0,Descriptive same-task same-replicate comparison; not a randomized causal estimate.
phase1_v2_task_001,3,solver_only,solver_plus_end_of_run_audit,intervention,MRR@3,1.0,1.0,0.0,Descriptive same-task same-replicate comparison; not a randomized causal estimate.
phase1_v2_task_002,1,solver_only,solver_plus_end_of_run_audit,intervention,MRR@3,1.0,1.0,0.0,Descriptive same-task same-replicate comparison; not a randomized causal estimate.
phase1_v2_task_002,2,solver_only,solver_plus_end_of_run_audit,intervention,MRR@3,1.0,1.0,0.0,Descriptive same-task same-replicate comparison; not a randomized causal estimate.
phase1_v2_task_003,1,solver_only,solver_plus_end_of_run_audit,intervention,MRR@3,1.0,1.0,0.0,Descriptive same-task same-replicate comparison; not a randomized causal estimate.
phase1_v2_task_003,2,solver_only,solver_plus_end_of_run_audit,intervention,MRR@3,1.0,1.0,0.0,Descriptive same-task same-replicate comparison; not a randomized causal estimate.
phase1_v2_task_004,1,solver_only,solver_plus_end_of_run_audit,intervention,MRR@3,1.0,1.0,0.0,Descriptive same-task same-replicate comparison; not a randomized causal estimate.
phase1_v2_task_004,2,solver_only,solver_plus_end_of_run_audit,intervention,MRR@3,1.0,1.0,0.0,Descriptive same-task same-replicate comparison; not a randomized causal estimate.
phase1_v2_task_004,3,solver_only,solver_plus_end_of_run_audit,intervention,MRR@3,1.0,1.0,0.0,Descriptive same-task same-replicate comparison; not a randomized causal estimate.
phase1_v2_task_005,1,solver_only,solver_plus_end_of_run_audit,intervention,MRR@3,1.0,1.0,0.0,Descriptive same-task same-replicate comparison; not a randomized causal estimate.
phase1_v2_task_005,2,solver_only,solver_plus_end_of_run_audit,intervention,MRR@3,1.0,1.0,0.0,Descriptive same-task same-replicate comparison; not a randomized causal estimate.
phase1_v2_task_006,1,solver_only,solver_plus_end_of_run_audit,intervention,MRR@3,1.0,0.0,-1.0,Descriptive same-task same-replicate comparison; not a randomized causal estimate.
phase1_v2_task_006,2,solver_only,solver_plus_end_of_run_audit,intervention,MRR@3,1.0,0.0,-1.0,Descriptive same-task same-replicate comparison; not a randomized causal estimate.
phase1_v2_task_007,1,solver_only,solver_plus_end_of_run_audit,intervention,MRR@3,1.0,1.0,0.0,Descriptive same-task same-replicate comparison; not a randomized causal estimate.
phase1_v2_task_007,2,solver_only,solver_plus_end_of_run_audit,intervention,MRR@3,1.0,1.0,0.0,Descriptive same-task same-replicate comparison; not a randomized causal estimate.
phase1_v2_task_008,1,solver_only,solver_plus_end_of_run_audit,intervention,MRR@3,1.0,1.0,0.0,Descriptive same-task same-replicate comparison; not a randomized causal estimate.
phase1_v2_task_008,2,solver_only,solver_plus_end_of_run_audit,intervention,MRR@3,1.0,1.0,0.0,Descriptive same-task same-replicate comparison; not a randomized causal estimate.
phase1_v2_task_009,1,solver_only,solver_plus_end_of_run_audit,intervention,MRR@3,1.0,1.0,0.0,Descriptive same-task same-replicate comparison; not a randomized causal estimate.
phase1_v2_task_009,2,solver_only,solver_plus_end_of_run_audit,intervention,MRR@3,1.0,1.0,0.0,Descriptive same-task same-replicate comparison; not a randomized causal estimate.
phase1_v2_task_010,1,solver_only,solver_plus_end_of_run_audit,intervention,MRR@3,1.0,1.0,0.0,Descriptive same-task same-replicate comparison; not a randomized causal estimate.
phase1_v2_task_010,2,solver_only,solver_plus_end_of_run_audit,intervention,MRR@3,1.0,1.0,0.0,Descriptive same-task same-replicate comparison; not a randomized causal estimate.
phase1_v2_task_011,1,solver_only,solver_plus_end_of_run_audit,intervention,MRR@3,1.0,1.0,0.0,Descriptive same-task same-replicate comparison; not a randomized causal estimate.
phase1_v2_task_011,2,solver_only,solver_plus_end_of_run_audit,intervention,MRR@3,1.0,1.0,0.0,Descriptive same-task same-replicate comparison; not a randomized causal estimate.
phase1_v2_task_011,3,solver_only,solver_plus_end_of_run_audit,intervention,MRR@3,1.0,1.0,0.0,Descriptive same-task same-replicate comparison; not a randomized causal estimate.
phase1_v2_task_012,1,solver_only,solver_plus_end_of_run_audit,intervention,MRR@3,1.0,1.0,0.0,Descriptive same-task same-replicate comparison; not a randomized causal estimate.
phase1_v2_task_012,2,solver_only,solver_plus_end_of_run_audit,intervention,MRR@3,1.0,1.0,0.0,Descriptive same-task same-replicate comparison; not a randomized causal estimate.
phase1_v2_task_013,1,solver_only,solver_plus_end_of_run_audit,intervention,MRR@3,1.0,1.0,0.0,Descriptive same-task same-replicate comparison; not a randomized causal estimate.
phase1_v2_task_013,2,solver_only,solver_plus_end_of_run_audit,intervention,MRR@3,1.0,1.0,0.0,Descriptive same-task same-replicate comparison; not a randomized causal estimate.
phase1_v2_task_014,1,solver_only,solver_plus_end_of_run_audit,intervention,MRR@3,1.0,0.333333,-0.666667,Descriptive same-task same-replicate comparison; not a randomized causal estimate.
phase1_v2_task_001,1,solver_only,solver_plus_end_of_run_audit,intervention,MultiFileRecall@6,0.25,0.25,0.0,Descriptive same-task same-replicate comparison; not a randomized causal estimate.
phase1_v2_task_001,2,solver_only,solver_plus_end_of_run_audit,intervention,MultiFileRecall@6,0.25,0.5,0.25,Descriptive same-task same-replicate comparison; not a randomized causal estimate.
phase1_v2_task_001,3,solver_only,solver_plus_end_of_run_audit,intervention,MultiFileRecall@6,0.5,0.25,-0.25,Descriptive same-task same-replicate comparison; not a randomized causal estimate.
phase1_v2_task_002,1,solver_only,solver_plus_end_of_run_audit,intervention,MultiFileRecall@6,0.5,0.5,0.0,Descriptive same-task same-replicate comparison; not a randomized causal estimate.
phase1_v2_task_002,2,solver_only,solver_plus_end_of_run_audit,intervention,MultiFileRecall@6,0.5,0.5,0.0,Descriptive same-task same-replicate comparison; not a randomized causal estimate.
phase1_v2_task_003,1,solver_only,solver_plus_end_of_run_audit,intervention,MultiFileRecall@6,0.285714,0.142857,-0.142857,Descriptive same-task same-replicate comparison; not a randomized causal estimate.
phase1_v2_task_003,2,solver_only,solver_plus_end_of_run_audit,intervention,MultiFileRecall@6,0.142857,0.142857,0.0,Descriptive same-task same-replicate comparison; not a randomized causal estimate.
phase1_v2_task_004,1,solver_only,solver_plus_end_of_run_audit,intervention,MultiFileRecall@6,0.25,0.25,0.0,Descriptive same-task same-replicate comparison; not a randomized causal estimate.
phase1_v2_task_004,2,solver_only,solver_plus_end_of_run_audit,intervention,MultiFileRecall@6,0.25,0.25,0.0,Descriptive same-task same-replicate comparison; not a randomized causal estimate.
phase1_v2_task_004,3,solver_only,solver_plus_end_of_run_audit,intervention,MultiFileRecall@6,0.25,0.25,0.0,Descriptive same-task same-replicate comparison; not a randomized causal estimate.
phase1_v2_task_005,1,solver_only,solver_plus_end_of_run_audit,intervention,MultiFileRecall@6,0.5,0.5,0.0,Descriptive same-task same-replicate comparison; not a randomized causal estimate.
phase1_v2_task_005,2,solver_only,solver_plus_end_of_run_audit,intervention,MultiFileRecall@6,0.5,0.5,0.0,Descriptive same-task same-replicate comparison; not a randomized causal estimate.
phase1_v2_task_006,1,solver_only,solver_plus_end_of_run_audit,intervention,MultiFileRecall@6,1.0,0.0,-1.0,Descriptive same-task same-replicate comparison; not a randomized causal estimate.
phase1_v2_task_006,2,solver_only,solver_plus_end_of_run_audit,intervention,MultiFileRecall@6,1.0,0.0,-1.0,Descriptive same-task same-replicate comparison; not a randomized causal estimate.
phase1_v2_task_007,1,solver_only,solver_plus_end_of_run_audit,intervention,MultiFileRecall@6,0.5,0.5,0.0,Descriptive same-task same-replicate comparison; not a randomized causal estimate.
phase1_v2_task_007,2,solver_only,solver_plus_end_of_run_audit,intervention,MultiFileRecall@6,0.5,0.5,0.0,Descriptive same-task same-replicate comparison; not a randomized causal estimate.
phase1_v2_task_008,1,solver_only,solver_plus_end_of_run_audit,intervention,MultiFileRecall@6,0.4,0.4,0.0,Descriptive same-task same-replicate comparison; not a randomized causal estimate.
phase1_v2_task_008,2,solver_only,solver_plus_end_of_run_audit,intervention,MultiFileRecall@6,0.4,0.4,0.0,Descriptive same-task same-replicate comparison; not a randomized causal estimate.
phase1_v2_task_009,1,solver_only,solver_plus_end_of_run_audit,intervention,MultiFileRecall@6,0.5,0.5,0.0,Descriptive same-task same-replicate comparison; not a randomized causal estimate.
phase1_v2_task_009,2,solver_only,solver_plus_end_of_run_audit,intervention,MultiFileRecall@6,0.5,0.5,0.0,Descriptive same-task same-replicate comparison; not a randomized causal estimate.
phase1_v2_task_010,1,solver_only,solver_plus_end_of_run_audit,intervention,MultiFileRecall@6,0.5,0.5,0.0,Descriptive same-task same-replicate comparison; not a randomized causal estimate.
phase1_v2_task_010,2,solver_only,solver_plus_end_of_run_audit,intervention,MultiFileRecall@6,0.5,0.5,0.0,Descriptive same-task same-replicate comparison; not a randomized causal estimate.
phase1_v2_task_011,1,solver_only,solver_plus_end_of_run_audit,intervention,MultiFileRecall@6,0.571429,0.571429,0.0,Descriptive same-task same-replicate comparison; not a randomized causal estimate.
phase1_v2_task_011,2,solver_only,solver_plus_end_of_run_audit,intervention,MultiFileRecall@6,0.571429,0.428571,-0.142858,Descriptive same-task same-replicate comparison; not a randomized causal estimate.
phase1_v2_task_011,3,solver_only,solver_plus_end_of_run_audit,intervention,MultiFileRecall@6,0.571429,0.571429,0.0,Descriptive same-task same-replicate comparison; not a randomized causal estimate.
phase1_v2_task_012,1,solver_only,solver_plus_end_of_run_audit,intervention,MultiFileRecall@6,0.5,0.5,0.0,Descriptive same-task same-replicate comparison; not a randomized causal estimate.
phase1_v2_task_012,2,solver_only,solver_plus_end_of_run_audit,intervention,MultiFileRecall@6,0.5,0.5,0.0,Descriptive same-task same-replicate comparison; not a randomized causal estimate.
phase1_v2_task_013,1,solver_only,solver_plus_end_of_run_audit,intervention,MultiFileRecall@6,0.25,0.25,0.0,Descriptive same-task same-replicate comparison; not a randomized causal estimate.
phase1_v2_task_013,2,solver_only,solver_plus_end_of_run_audit,intervention,MultiFileRecall@6,0.25,0.25,0.0,Descriptive same-task same-replicate comparison; not a randomized causal estimate.
phase1_v2_task_014,1,solver_only,solver_plus_end_of_run_audit,intervention,MultiFileRecall@6,0.666667,0.333333,-0.333334,Descriptive same-task same-replicate comparison; not a randomized causal estimate.
phase1_v2_task_001,1,solver_only,solver_plus_online_generic_intervention,raw,FileHit@1,1.0,1.0,0.0,Descriptive same-task same-replicate comparison; not a randomized causal estimate.
phase1_v2_task_001,2,solver_only,solver_plus_online_generic_intervention,raw,FileHit@1,1.0,1.0,0.0,Descriptive same-task same-replicate comparison; not a randomized causal estimate.
phase1_v2_task_001,3,solver_only,solver_plus_online_generic_intervention,raw,FileHit@1,1.0,1.0,0.0,Descriptive same-task same-replicate comparison; not a randomized causal estimate.
phase1_v2_task_002,1,solver_only,solver_plus_online_generic_intervention,raw,FileHit@1,1.0,1.0,0.0,Descriptive same-task same-replicate comparison; not a randomized causal estimate.
phase1_v2_task_002,2,solver_only,solver_plus_online_generic_intervention,raw,FileHit@1,1.0,1.0,0.0,Descriptive same-task same-replicate comparison; not a randomized causal estimate.
phase1_v2_task_003,1,solver_only,solver_plus_online_generic_intervention,raw,FileHit@1,1.0,1.0,0.0,Descriptive same-task same-replicate comparison; not a randomized causal estimate.
phase1_v2_task_003,2,solver_only,solver_plus_online_generic_intervention,raw,FileHit@1,1.0,1.0,0.0,Descriptive same-task same-replicate comparison; not a randomized causal estimate.
phase1_v2_task_004,1,solver_only,solver_plus_online_generic_intervention,raw,FileHit@1,1.0,1.0,0.0,Descriptive same-task same-replicate comparison; not a randomized causal estimate.
phase1_v2_task_004,2,solver_only,solver_plus_online_generic_intervention,raw,FileHit@1,1.0,1.0,0.0,Descriptive same-task same-replicate comparison; not a randomized causal estimate.
phase1_v2_task_004,3,solver_only,solver_plus_online_generic_intervention,raw,FileHit@1,1.0,1.0,0.0,Descriptive same-task same-replicate comparison; not a randomized causal estimate.
phase1_v2_task_005,1,solver_only,solver_plus_online_generic_intervention,raw,FileHit@1,1.0,1.0,0.0,Descriptive same-task same-replicate comparison; not a randomized causal estimate.
phase1_v2_task_005,2,solver_only,solver_plus_online_generic_intervention,raw,FileHit@1,1.0,1.0,0.0,Descriptive same-task same-replicate comparison; not a randomized causal estimate.
phase1_v2_task_006,1,solver_only,solver_plus_online_generic_intervention,raw,FileHit@1,1.0,1.0,0.0,Descriptive same-task same-replicate comparison; not a randomized causal estimate.
phase1_v2_task_006,2,solver_only,solver_plus_online_generic_intervention,raw,FileHit@1,1.0,1.0,0.0,Descriptive same-task same-replicate comparison; not a randomized causal estimate.
phase1_v2_task_007,1,solver_only,solver_plus_online_generic_intervention,raw,FileHit@1,1.0,1.0,0.0,Descriptive same-task same-replicate comparison; not a randomized causal estimate.
phase1_v2_task_007,2,solver_only,solver_plus_online_generic_intervention,raw,FileHit@1,1.0,1.0,0.0,Descriptive same-task same-replicate comparison; not a randomized causal estimate.
phase1_v2_task_008,1,solver_only,solver_plus_online_generic_intervention,raw,FileHit@1,1.0,1.0,0.0,Descriptive same-task same-replicate comparison; not a randomized causal estimate.
phase1_v2_task_008,2,solver_only,solver_plus_online_generic_intervention,raw,FileHit@1,1.0,1.0,0.0,Descriptive same-task same-replicate comparison; not a randomized causal estimate.
phase1_v2_task_009,1,solver_only,solver_plus_online_generic_intervention,raw,FileHit@1,1.0,1.0,0.0,Descriptive same-task same-replicate comparison; not a randomized causal estimate.
phase1_v2_task_009,2,solver_only,solver_plus_online_generic_intervention,raw,FileHit@1,1.0,1.0,0.0,Descriptive same-task same-replicate comparison; not a randomized causal estimate.
phase1_v2_task_010,1,solver_only,solver_plus_online_generic_intervention,raw,FileHit@1,1.0,1.0,0.0,Descriptive same-task same-replicate comparison; not a randomized causal estimate.
phase1_v2_task_010,2,solver_only,solver_plus_online_generic_intervention,raw,FileHit@1,1.0,1.0,0.0,Descriptive same-task same-replicate comparison; not a randomized causal estimate.
phase1_v2_task_011,1,solver_only,solver_plus_online_generic_intervention,raw,FileHit@1,1.0,1.0,0.0,Descriptive same-task same-replicate comparison; not a randomized causal estimate.
phase1_v2_task_011,2,solver_only,solver_plus_online_generic_intervention,raw,FileHit@1,1.0,1.0,0.0,Descriptive same-task same-replicate comparison; not a randomized causal estimate.
phase1_v2_task_011,3,solver_only,solver_plus_online_generic_intervention,raw,FileHit@1,1.0,1.0,0.0,Descriptive same-task same-replicate comparison; not a randomized causal estimate.
phase1_v2_task_012,1,solver_only,solver_plus_online_generic_intervention,raw,FileHit@1,1.0,1.0,0.0,Descriptive same-task same-replicate comparison; not a randomized causal estimate.
phase1_v2_task_012,2,solver_only,solver_plus_online_generic_intervention,raw,FileHit@1,1.0,1.0,0.0,Descriptive same-task same-replicate comparison; not a randomized causal estimate.
phase1_v2_task_013,1,solver_only,solver_plus_online_generic_intervention,raw,FileHit@1,1.0,1.0,0.0,Descriptive same-task same-replicate comparison; not a randomized causal estimate.
phase1_v2_task_013,2,solver_only,solver_plus_online_generic_intervention,raw,FileHit@1,1.0,1.0,0.0,Descriptive same-task same-replicate comparison; not a randomized causal estimate.
phase1_v2_task_014,1,solver_only,solver_plus_online_generic_intervention,raw,FileHit@1,1.0,0.0,-1.0,Descriptive same-task same-replicate comparison; not a randomized causal estimate.
phase1_v2_task_001,1,solver_only,solver_plus_online_generic_intervention,raw,FileHit@3,1.0,1.0,0.0,Descriptive same-task same-replicate comparison; not a randomized causal estimate.
phase1_v2_task_001,2,solver_only,solver_plus_online_generic_intervention,raw,FileHit@3,1.0,1.0,0.0,Descriptive same-task same-replicate comparison; not a randomized causal estimate.
phase1_v2_task_001,3,solver_only,solver_plus_online_generic_intervention,raw,FileHit@3,1.0,1.0,0.0,Descriptive same-task same-replicate comparison; not a randomized causal estimate.
phase1_v2_task_002,1,solver_only,solver_plus_online_generic_intervention,raw,FileHit@3,1.0,1.0,0.0,Descriptive same-task same-replicate comparison; not a randomized causal estimate.
phase1_v2_task_002,2,solver_only,solver_plus_online_generic_intervention,raw,FileHit@3,1.0,1.0,0.0,Descriptive same-task same-replicate comparison; not a randomized causal estimate.
phase1_v2_task_003,1,solver_only,solver_plus_online_generic_intervention,raw,FileHit@3,1.0,1.0,0.0,Descriptive same-task same-replicate comparison; not a randomized causal estimate.
phase1_v2_task_003,2,solver_only,solver_plus_online_generic_intervention,raw,FileHit@3,1.0,1.0,0.0,Descriptive same-task same-replicate comparison; not a randomized causal estimate.
phase1_v2_task_004,1,solver_only,solver_plus_online_generic_intervention,raw,FileHit@3,1.0,1.0,0.0,Descriptive same-task same-replicate comparison; not a randomized causal estimate.
phase1_v2_task_004,2,solver_only,solver_plus_online_generic_intervention,raw,FileHit@3,1.0,1.0,0.0,Descriptive same-task same-replicate comparison; not a randomized causal estimate.
phase1_v2_task_004,3,solver_only,solver_plus_online_generic_intervention,raw,FileHit@3,1.0,1.0,0.0,Descriptive same-task same-replicate comparison; not a randomized causal estimate.
phase1_v2_task_005,1,solver_only,solver_plus_online_generic_intervention,raw,FileHit@3,1.0,1.0,0.0,Descriptive same-task same-replicate comparison; not a randomized causal estimate.
phase1_v2_task_005,2,solver_only,solver_plus_online_generic_intervention,raw,FileHit@3,1.0,1.0,0.0,Descriptive same-task same-replicate comparison; not a randomized causal estimate.
phase1_v2_task_006,1,solver_only,solver_plus_online_generic_intervention,raw,FileHit@3,1.0,1.0,0.0,Descriptive same-task same-replicate comparison; not a randomized causal estimate.
phase1_v2_task_006,2,solver_only,solver_plus_online_generic_intervention,raw,FileHit@3,1.0,1.0,0.0,Descriptive same-task same-replicate comparison; not a randomized causal estimate.
phase1_v2_task_007,1,solver_only,solver_plus_online_generic_intervention,raw,FileHit@3,1.0,1.0,0.0,Descriptive same-task same-replicate comparison; not a randomized causal estimate.
phase1_v2_task_007,2,solver_only,solver_plus_online_generic_intervention,raw,FileHit@3,1.0,1.0,0.0,Descriptive same-task same-replicate comparison; not a randomized causal estimate.
phase1_v2_task_008,1,solver_only,solver_plus_online_generic_intervention,raw,FileHit@3,1.0,1.0,0.0,Descriptive same-task same-replicate comparison; not a randomized causal estimate.
phase1_v2_task_008,2,solver_only,solver_plus_online_generic_intervention,raw,FileHit@3,1.0,1.0,0.0,Descriptive same-task same-replicate comparison; not a randomized causal estimate.
phase1_v2_task_009,1,solver_only,solver_plus_online_generic_intervention,raw,FileHit@3,1.0,1.0,0.0,Descriptive same-task same-replicate comparison; not a randomized causal estimate.
phase1_v2_task_009,2,solver_only,solver_plus_online_generic_intervention,raw,FileHit@3,1.0,1.0,0.0,Descriptive same-task same-replicate comparison; not a randomized causal estimate.
phase1_v2_task_010,1,solver_only,solver_plus_online_generic_intervention,raw,FileHit@3,1.0,1.0,0.0,Descriptive same-task same-replicate comparison; not a randomized causal estimate.
phase1_v2_task_010,2,solver_only,solver_plus_online_generic_intervention,raw,FileHit@3,1.0,1.0,0.0,Descriptive same-task same-replicate comparison; not a randomized causal estimate.
phase1_v2_task_011,1,solver_only,solver_plus_online_generic_intervention,raw,FileHit@3,1.0,1.0,0.0,Descriptive same-task same-replicate comparison; not a randomized causal estimate.
phase1_v2_task_011,2,solver_only,solver_plus_online_generic_intervention,raw,FileHit@3,1.0,1.0,0.0,Descriptive same-task same-replicate comparison; not a randomized causal estimate.
phase1_v2_task_011,3,solver_only,solver_plus_online_generic_intervention,raw,FileHit@3,1.0,1.0,0.0,Descriptive same-task same-replicate comparison; not a randomized causal estimate.
phase1_v2_task_012,1,solver_only,solver_plus_online_generic_intervention,raw,FileHit@3,1.0,1.0,0.0,Descriptive same-task same-replicate comparison; not a randomized causal estimate.
phase1_v2_task_012,2,solver_only,solver_plus_online_generic_intervention,raw,FileHit@3,1.0,1.0,0.0,Descriptive same-task same-replicate comparison; not a randomized causal estimate.
phase1_v2_task_013,1,solver_only,solver_plus_online_generic_intervention,raw,FileHit@3,1.0,1.0,0.0,Descriptive same-task same-replicate comparison; not a randomized causal estimate.
phase1_v2_task_013,2,solver_only,solver_plus_online_generic_intervention,raw,FileHit@3,1.0,1.0,0.0,Descriptive same-task same-replicate comparison; not a randomized causal estimate.
phase1_v2_task_014,1,solver_only,solver_plus_online_generic_intervention,raw,FileHit@3,1.0,0.0,-1.0,Descriptive same-task same-replicate comparison; not a randomized causal estimate.
phase1_v2_task_001,1,solver_only,solver_plus_online_generic_intervention,raw,FileHit@5,1.0,1.0,0.0,Descriptive same-task same-replicate comparison; not a randomized causal estimate.
phase1_v2_task_001,2,solver_only,solver_plus_online_generic_intervention,raw,FileHit@5,1.0,1.0,0.0,Descriptive same-task same-replicate comparison; not a randomized causal estimate.
phase1_v2_task_001,3,solver_only,solver_plus_online_generic_intervention,raw,FileHit@5,1.0,1.0,0.0,Descriptive same-task same-replicate comparison; not a randomized causal estimate.
phase1_v2_task_002,1,solver_only,solver_plus_online_generic_intervention,raw,FileHit@5,1.0,1.0,0.0,Descriptive same-task same-replicate comparison; not a randomized causal estimate.
phase1_v2_task_002,2,solver_only,solver_plus_online_generic_intervention,raw,FileHit@5,1.0,1.0,0.0,Descriptive same-task same-replicate comparison; not a randomized causal estimate.
phase1_v2_task_003,1,solver_only,solver_plus_online_generic_intervention,raw,FileHit@5,1.0,1.0,0.0,Descriptive same-task same-replicate comparison; not a randomized causal estimate.
phase1_v2_task_003,2,solver_only,solver_plus_online_generic_intervention,raw,FileHit@5,1.0,1.0,0.0,Descriptive same-task same-replicate comparison; not a randomized causal estimate.
phase1_v2_task_004,1,solver_only,solver_plus_online_generic_intervention,raw,FileHit@5,1.0,1.0,0.0,Descriptive same-task same-replicate comparison; not a randomized causal estimate.
phase1_v2_task_004,2,solver_only,solver_plus_online_generic_intervention,raw,FileHit@5,1.0,1.0,0.0,Descriptive same-task same-replicate comparison; not a randomized causal estimate.
phase1_v2_task_004,3,solver_only,solver_plus_online_generic_intervention,raw,FileHit@5,1.0,1.0,0.0,Descriptive same-task same-replicate comparison; not a randomized causal estimate.
phase1_v2_task_005,1,solver_only,solver_plus_online_generic_intervention,raw,FileHit@5,1.0,1.0,0.0,Descriptive same-task same-replicate comparison; not a randomized causal estimate.
phase1_v2_task_005,2,solver_only,solver_plus_online_generic_intervention,raw,FileHit@5,1.0,1.0,0.0,Descriptive same-task same-replicate comparison; not a randomized causal estimate.
phase1_v2_task_006,1,solver_only,solver_plus_online_generic_intervention,raw,FileHit@5,1.0,1.0,0.0,Descriptive same-task same-replicate comparison; not a randomized causal estimate.
phase1_v2_task_006,2,solver_only,solver_plus_online_generic_intervention,raw,FileHit@5,1.0,1.0,0.0,Descriptive same-task same-replicate comparison; not a randomized causal estimate.
phase1_v2_task_007,1,solver_only,solver_plus_online_generic_intervention,raw,FileHit@5,1.0,1.0,0.0,Descriptive same-task same-replicate comparison; not a randomized causal estimate.
phase1_v2_task_007,2,solver_only,solver_plus_online_generic_intervention,raw,FileHit@5,1.0,1.0,0.0,Descriptive same-task same-replicate comparison; not a randomized causal estimate.
phase1_v2_task_008,1,solver_only,solver_plus_online_generic_intervention,raw,FileHit@5,1.0,1.0,0.0,Descriptive same-task same-replicate comparison; not a randomized causal estimate.
phase1_v2_task_008,2,solver_only,solver_plus_online_generic_intervention,raw,FileHit@5,1.0,1.0,0.0,Descriptive same-task same-replicate comparison; not a randomized causal estimate.
phase1_v2_task_009,1,solver_only,solver_plus_online_generic_intervention,raw,FileHit@5,1.0,1.0,0.0,Descriptive same-task same-replicate comparison; not a randomized causal estimate.
phase1_v2_task_009,2,solver_only,solver_plus_online_generic_intervention,raw,FileHit@5,1.0,1.0,0.0,Descriptive same-task same-replicate comparison; not a randomized causal estimate.
phase1_v2_task_010,1,solver_only,solver_plus_online_generic_intervention,raw,FileHit@5,1.0,1.0,0.0,Descriptive same-task same-replicate comparison; not a randomized causal estimate.
phase1_v2_task_010,2,solver_only,solver_plus_online_generic_intervention,raw,FileHit@5,1.0,1.0,0.0,Descriptive same-task same-replicate comparison; not a randomized causal estimate.
phase1_v2_task_011,1,solver_only,solver_plus_online_generic_intervention,raw,FileHit@5,1.0,1.0,0.0,Descriptive same-task same-replicate comparison; not a randomized causal estimate.
phase1_v2_task_011,2,solver_only,solver_plus_online_generic_intervention,raw,FileHit@5,1.0,1.0,0.0,Descriptive same-task same-replicate comparison; not a randomized causal estimate.
phase1_v2_task_011,3,solver_only,solver_plus_online_generic_intervention,raw,FileHit@5,1.0,1.0,0.0,Descriptive same-task same-replicate comparison; not a randomized causal estimate.
phase1_v2_task_012,1,solver_only,solver_plus_online_generic_intervention,raw,FileHit@5,1.0,1.0,0.0,Descriptive same-task same-replicate comparison; not a randomized causal estimate.
phase1_v2_task_012,2,solver_only,solver_plus_online_generic_intervention,raw,FileHit@5,1.0,1.0,0.0,Descriptive same-task same-replicate comparison; not a randomized causal estimate.
phase1_v2_task_013,1,solver_only,solver_plus_online_generic_intervention,raw,FileHit@5,1.0,1.0,0.0,Descriptive same-task same-replicate comparison; not a randomized causal estimate.
phase1_v2_task_013,2,solver_only,solver_plus_online_generic_intervention,raw,FileHit@5,1.0,1.0,0.0,Descriptive same-task same-replicate comparison; not a randomized causal estimate.
phase1_v2_task_014,1,solver_only,solver_plus_online_generic_intervention,raw,FileHit@5,1.0,0.0,-1.0,Descriptive same-task same-replicate comparison; not a randomized causal estimate.
phase1_v2_task_001,1,solver_only,solver_plus_online_generic_intervention,raw,FileHit@6,1.0,1.0,0.0,Descriptive same-task same-replicate comparison; not a randomized causal estimate.
phase1_v2_task_001,2,solver_only,solver_plus_online_generic_intervention,raw,FileHit@6,1.0,1.0,0.0,Descriptive same-task same-replicate comparison; not a randomized causal estimate.
phase1_v2_task_001,3,solver_only,solver_plus_online_generic_intervention,raw,FileHit@6,1.0,1.0,0.0,Descriptive same-task same-replicate comparison; not a randomized causal estimate.
phase1_v2_task_002,1,solver_only,solver_plus_online_generic_intervention,raw,FileHit@6,1.0,1.0,0.0,Descriptive same-task same-replicate comparison; not a randomized causal estimate.
phase1_v2_task_002,2,solver_only,solver_plus_online_generic_intervention,raw,FileHit@6,1.0,1.0,0.0,Descriptive same-task same-replicate comparison; not a randomized causal estimate.
phase1_v2_task_003,1,solver_only,solver_plus_online_generic_intervention,raw,FileHit@6,1.0,1.0,0.0,Descriptive same-task same-replicate comparison; not a randomized causal estimate.
phase1_v2_task_003,2,solver_only,solver_plus_online_generic_intervention,raw,FileHit@6,1.0,1.0,0.0,Descriptive same-task same-replicate comparison; not a randomized causal estimate.
phase1_v2_task_004,1,solver_only,solver_plus_online_generic_intervention,raw,FileHit@6,1.0,1.0,0.0,Descriptive same-task same-replicate comparison; not a randomized causal estimate.
phase1_v2_task_004,2,solver_only,solver_plus_online_generic_intervention,raw,FileHit@6,1.0,1.0,0.0,Descriptive same-task same-replicate comparison; not a randomized causal estimate.
phase1_v2_task_004,3,solver_only,solver_plus_online_generic_intervention,raw,FileHit@6,1.0,1.0,0.0,Descriptive same-task same-replicate comparison; not a randomized causal estimate.
phase1_v2_task_005,1,solver_only,solver_plus_online_generic_intervention,raw,FileHit@6,1.0,1.0,0.0,Descriptive same-task same-replicate comparison; not a randomized causal estimate.
phase1_v2_task_005,2,solver_only,solver_plus_online_generic_intervention,raw,FileHit@6,1.0,1.0,0.0,Descriptive same-task same-replicate comparison; not a randomized causal estimate.
phase1_v2_task_006,1,solver_only,solver_plus_online_generic_intervention,raw,FileHit@6,1.0,1.0,0.0,Descriptive same-task same-replicate comparison; not a randomized causal estimate.
phase1_v2_task_006,2,solver_only,solver_plus_online_generic_intervention,raw,FileHit@6,1.0,1.0,0.0,Descriptive same-task same-replicate comparison; not a randomized causal estimate.
phase1_v2_task_007,1,solver_only,solver_plus_online_generic_intervention,raw,FileHit@6,1.0,1.0,0.0,Descriptive same-task same-replicate comparison; not a randomized causal estimate.
phase1_v2_task_007,2,solver_only,solver_plus_online_generic_intervention,raw,FileHit@6,1.0,1.0,0.0,Descriptive same-task same-replicate comparison; not a randomized causal estimate.
phase1_v2_task_008,1,solver_only,solver_plus_online_generic_intervention,raw,FileHit@6,1.0,1.0,0.0,Descriptive same-task same-replicate comparison; not a randomized causal estimate.
phase1_v2_task_008,2,solver_only,solver_plus_online_generic_intervention,raw,FileHit@6,1.0,1.0,0.0,Descriptive same-task same-replicate comparison; not a randomized causal estimate.
phase1_v2_task_009,1,solver_only,solver_plus_online_generic_intervention,raw,FileHit@6,1.0,1.0,0.0,Descriptive same-task same-replicate comparison; not a randomized causal estimate.
phase1_v2_task_009,2,solver_only,solver_plus_online_generic_intervention,raw,FileHit@6,1.0,1.0,0.0,Descriptive same-task same-replicate comparison; not a randomized causal estimate.
phase1_v2_task_010,1,solver_only,solver_plus_online_generic_intervention,raw,FileHit@6,1.0,1.0,0.0,Descriptive same-task same-replicate comparison; not a randomized causal estimate.
phase1_v2_task_010,2,solver_only,solver_plus_online_generic_intervention,raw,FileHit@6,1.0,1.0,0.0,Descriptive same-task same-replicate comparison; not a randomized causal estimate.
phase1_v2_task_011,1,solver_only,solver_plus_online_generic_intervention,raw,FileHit@6,1.0,1.0,0.0,Descriptive same-task same-replicate comparison; not a randomized causal estimate.
phase1_v2_task_011,2,solver_only,solver_plus_online_generic_intervention,raw,FileHit@6,1.0,1.0,0.0,Descriptive same-task same-replicate comparison; not a randomized causal estimate.
phase1_v2_task_011,3,solver_only,solver_plus_online_generic_intervention,raw,FileHit@6,1.0,1.0,0.0,Descriptive same-task same-replicate comparison; not a randomized causal estimate.
phase1_v2_task_012,1,solver_only,solver_plus_online_generic_intervention,raw,FileHit@6,1.0,1.0,0.0,Descriptive same-task same-replicate comparison; not a randomized causal estimate.
phase1_v2_task_012,2,solver_only,solver_plus_online_generic_intervention,raw,FileHit@6,1.0,1.0,0.0,Descriptive same-task same-replicate comparison; not a randomized causal estimate.
phase1_v2_task_013,1,solver_only,solver_plus_online_generic_intervention,raw,FileHit@6,1.0,1.0,0.0,Descriptive same-task same-replicate comparison; not a randomized causal estimate.
phase1_v2_task_013,2,solver_only,solver_plus_online_generic_intervention,raw,FileHit@6,1.0,1.0,0.0,Descriptive same-task same-replicate comparison; not a randomized causal estimate.
phase1_v2_task_014,1,solver_only,solver_plus_online_generic_intervention,raw,FileHit@6,1.0,0.0,-1.0,Descriptive same-task same-replicate comparison; not a randomized causal estimate.
phase1_v2_task_001,1,solver_only,solver_plus_online_generic_intervention,raw,MRR@3,1.0,1.0,0.0,Descriptive same-task same-replicate comparison; not a randomized causal estimate.
phase1_v2_task_001,2,solver_only,solver_plus_online_generic_intervention,raw,MRR@3,1.0,1.0,0.0,Descriptive same-task same-replicate comparison; not a randomized causal estimate.
phase1_v2_task_001,3,solver_only,solver_plus_online_generic_intervention,raw,MRR@3,1.0,1.0,0.0,Descriptive same-task same-replicate comparison; not a randomized causal estimate.
phase1_v2_task_002,1,solver_only,solver_plus_online_generic_intervention,raw,MRR@3,1.0,1.0,0.0,Descriptive same-task same-replicate comparison; not a randomized causal estimate.
phase1_v2_task_002,2,solver_only,solver_plus_online_generic_intervention,raw,MRR@3,1.0,1.0,0.0,Descriptive same-task same-replicate comparison; not a randomized causal estimate.
phase1_v2_task_003,1,solver_only,solver_plus_online_generic_intervention,raw,MRR@3,1.0,1.0,0.0,Descriptive same-task same-replicate comparison; not a randomized causal estimate.
phase1_v2_task_003,2,solver_only,solver_plus_online_generic_intervention,raw,MRR@3,1.0,1.0,0.0,Descriptive same-task same-replicate comparison; not a randomized causal estimate.
phase1_v2_task_004,1,solver_only,solver_plus_online_generic_intervention,raw,MRR@3,1.0,1.0,0.0,Descriptive same-task same-replicate comparison; not a randomized causal estimate.
phase1_v2_task_004,2,solver_only,solver_plus_online_generic_intervention,raw,MRR@3,1.0,1.0,0.0,Descriptive same-task same-replicate comparison; not a randomized causal estimate.
phase1_v2_task_004,3,solver_only,solver_plus_online_generic_intervention,raw,MRR@3,1.0,1.0,0.0,Descriptive same-task same-replicate comparison; not a randomized causal estimate.
phase1_v2_task_005,1,solver_only,solver_plus_online_generic_intervention,raw,MRR@3,1.0,1.0,0.0,Descriptive same-task same-replicate comparison; not a randomized causal estimate.
phase1_v2_task_005,2,solver_only,solver_plus_online_generic_intervention,raw,MRR@3,1.0,1.0,0.0,Descriptive same-task same-replicate comparison; not a randomized causal estimate.
phase1_v2_task_006,1,solver_only,solver_plus_online_generic_intervention,raw,MRR@3,1.0,1.0,0.0,Descriptive same-task same-replicate comparison; not a randomized causal estimate.
phase1_v2_task_006,2,solver_only,solver_plus_online_generic_intervention,raw,MRR@3,1.0,1.0,0.0,Descriptive same-task same-replicate comparison; not a randomized causal estimate.
phase1_v2_task_007,1,solver_only,solver_plus_online_generic_intervention,raw,MRR@3,1.0,1.0,0.0,Descriptive same-task same-replicate comparison; not a randomized causal estimate.
phase1_v2_task_007,2,solver_only,solver_plus_online_generic_intervention,raw,MRR@3,1.0,1.0,0.0,Descriptive same-task same-replicate comparison; not a randomized causal estimate.
phase1_v2_task_008,1,solver_only,solver_plus_online_generic_intervention,raw,MRR@3,1.0,1.0,0.0,Descriptive same-task same-replicate comparison; not a randomized causal estimate.
phase1_v2_task_008,2,solver_only,solver_plus_online_generic_intervention,raw,MRR@3,1.0,1.0,0.0,Descriptive same-task same-replicate comparison; not a randomized causal estimate.
phase1_v2_task_009,1,solver_only,solver_plus_online_generic_intervention,raw,MRR@3,1.0,1.0,0.0,Descriptive same-task same-replicate comparison; not a randomized causal estimate.
phase1_v2_task_009,2,solver_only,solver_plus_online_generic_intervention,raw,MRR@3,1.0,1.0,0.0,Descriptive same-task same-replicate comparison; not a randomized causal estimate.
phase1_v2_task_010,1,solver_only,solver_plus_online_generic_intervention,raw,MRR@3,1.0,1.0,0.0,Descriptive same-task same-replicate comparison; not a randomized causal estimate.
phase1_v2_task_010,2,solver_only,solver_plus_online_generic_intervention,raw,MRR@3,1.0,1.0,0.0,Descriptive same-task same-replicate comparison; not a randomized causal estimate.
phase1_v2_task_011,1,solver_only,solver_plus_online_generic_intervention,raw,MRR@3,1.0,1.0,0.0,Descriptive same-task same-replicate comparison; not a randomized causal estimate.
phase1_v2_task_011,2,solver_only,solver_plus_online_generic_intervention,raw,MRR@3,1.0,1.0,0.0,Descriptive same-task same-replicate comparison; not a randomized causal estimate.
phase1_v2_task_011,3,solver_only,solver_plus_online_generic_intervention,raw,MRR@3,1.0,1.0,0.0,Descriptive same-task same-replicate comparison; not a randomized causal estimate.
phase1_v2_task_012,1,solver_only,solver_plus_online_generic_intervention,raw,MRR@3,1.0,1.0,0.0,Descriptive same-task same-replicate comparison; not a randomized causal estimate.
phase1_v2_task_012,2,solver_only,solver_plus_online_generic_intervention,raw,MRR@3,1.0,1.0,0.0,Descriptive same-task same-replicate comparison; not a randomized causal estimate.
phase1_v2_task_013,1,solver_only,solver_plus_online_generic_intervention,raw,MRR@3,1.0,1.0,0.0,Descriptive same-task same-replicate comparison; not a randomized causal estimate.
phase1_v2_task_013,2,solver_only,solver_plus_online_generic_intervention,raw,MRR@3,1.0,1.0,0.0,Descriptive same-task same-replicate comparison; not a randomized causal estimate.
phase1_v2_task_014,1,solver_only,solver_plus_online_generic_intervention,raw,MRR@3,1.0,0.0,-1.0,Descriptive same-task same-replicate comparison; not a randomized causal estimate.
phase1_v2_task_001,1,solver_only,solver_plus_online_generic_intervention,raw,MultiFileRecall@6,0.25,0.25,0.0,Descriptive same-task same-replicate comparison; not a randomized causal estimate.
phase1_v2_task_001,2,solver_only,solver_plus_online_generic_intervention,raw,MultiFileRecall@6,0.25,0.25,0.0,Descriptive same-task same-replicate comparison; not a randomized causal estimate.
phase1_v2_task_001,3,solver_only,solver_plus_online_generic_intervention,raw,MultiFileRecall@6,0.5,0.5,0.0,Descriptive same-task same-replicate comparison; not a randomized causal estimate.
phase1_v2_task_002,1,solver_only,solver_plus_online_generic_intervention,raw,MultiFileRecall@6,0.5,0.5,0.0,Descriptive same-task same-replicate comparison; not a randomized causal estimate.
phase1_v2_task_002,2,solver_only,solver_plus_online_generic_intervention,raw,MultiFileRecall@6,0.5,0.5,0.0,Descriptive same-task same-replicate comparison; not a randomized causal estimate.
phase1_v2_task_003,1,solver_only,solver_plus_online_generic_intervention,raw,MultiFileRecall@6,0.285714,0.142857,-0.142857,Descriptive same-task same-replicate comparison; not a randomized causal estimate.
phase1_v2_task_003,2,solver_only,solver_plus_online_generic_intervention,raw,MultiFileRecall@6,0.142857,0.285714,0.142857,Descriptive same-task same-replicate comparison; not a randomized causal estimate.
phase1_v2_task_004,1,solver_only,solver_plus_online_generic_intervention,raw,MultiFileRecall@6,0.25,0.25,0.0,Descriptive same-task same-replicate comparison; not a randomized causal estimate.
phase1_v2_task_004,2,solver_only,solver_plus_online_generic_intervention,raw,MultiFileRecall@6,0.25,0.25,0.0,Descriptive same-task same-replicate comparison; not a randomized causal estimate.
phase1_v2_task_004,3,solver_only,solver_plus_online_generic_intervention,raw,MultiFileRecall@6,0.25,0.25,0.0,Descriptive same-task same-replicate comparison; not a randomized causal estimate.
phase1_v2_task_005,1,solver_only,solver_plus_online_generic_intervention,raw,MultiFileRecall@6,0.5,0.5,0.0,Descriptive same-task same-replicate comparison; not a randomized causal estimate.
phase1_v2_task_005,2,solver_only,solver_plus_online_generic_intervention,raw,MultiFileRecall@6,0.5,0.5,0.0,Descriptive same-task same-replicate comparison; not a randomized causal estimate.
phase1_v2_task_006,1,solver_only,solver_plus_online_generic_intervention,raw,MultiFileRecall@6,1.0,1.0,0.0,Descriptive same-task same-replicate comparison; not a randomized causal estimate.
phase1_v2_task_006,2,solver_only,solver_plus_online_generic_intervention,raw,MultiFileRecall@6,1.0,1.0,0.0,Descriptive same-task same-replicate comparison; not a randomized causal estimate.
phase1_v2_task_007,1,solver_only,solver_plus_online_generic_intervention,raw,MultiFileRecall@6,0.5,0.5,0.0,Descriptive same-task same-replicate comparison; not a randomized causal estimate.
phase1_v2_task_007,2,solver_only,solver_plus_online_generic_intervention,raw,MultiFileRecall@6,0.5,0.5,0.0,Descriptive same-task same-replicate comparison; not a randomized causal estimate.
phase1_v2_task_008,1,solver_only,solver_plus_online_generic_intervention,raw,MultiFileRecall@6,0.4,0.4,0.0,Descriptive same-task same-replicate comparison; not a randomized causal estimate.
phase1_v2_task_008,2,solver_only,solver_plus_online_generic_intervention,raw,MultiFileRecall@6,0.4,0.4,0.0,Descriptive same-task same-replicate comparison; not a randomized causal estimate.
phase1_v2_task_009,1,solver_only,solver_plus_online_generic_intervention,raw,MultiFileRecall@6,0.5,0.5,0.0,Descriptive same-task same-replicate comparison; not a randomized causal estimate.
phase1_v2_task_009,2,solver_only,solver_plus_online_generic_intervention,raw,MultiFileRecall@6,0.5,0.5,0.0,Descriptive same-task same-replicate comparison; not a randomized causal estimate.
phase1_v2_task_010,1,solver_only,solver_plus_online_generic_intervention,raw,MultiFileRecall@6,0.5,0.5,0.0,Descriptive same-task same-replicate comparison; not a randomized causal estimate.
phase1_v2_task_010,2,solver_only,solver_plus_online_generic_intervention,raw,MultiFileRecall@6,0.5,0.5,0.0,Descriptive same-task same-replicate comparison; not a randomized causal estimate.
phase1_v2_task_011,1,solver_only,solver_plus_online_generic_intervention,raw,MultiFileRecall@6,0.571429,0.571429,0.0,Descriptive same-task same-replicate comparison; not a randomized causal estimate.
phase1_v2_task_011,2,solver_only,solver_plus_online_generic_intervention,raw,MultiFileRecall@6,0.571429,0.428571,-0.142858,Descriptive same-task same-replicate comparison; not a randomized causal estimate.
phase1_v2_task_011,3,solver_only,solver_plus_online_generic_intervention,raw,MultiFileRecall@6,0.571429,0.714286,0.142857,Descriptive same-task same-replicate comparison; not a randomized causal estimate.
phase1_v2_task_012,1,solver_only,solver_plus_online_generic_intervention,raw,MultiFileRecall@6,0.5,0.5,0.0,Descriptive same-task same-replicate comparison; not a randomized causal estimate.
phase1_v2_task_012,2,solver_only,solver_plus_online_generic_intervention,raw,MultiFileRecall@6,0.5,0.5,0.0,Descriptive same-task same-replicate comparison; not a randomized causal estimate.
phase1_v2_task_013,1,solver_only,solver_plus_online_generic_intervention,raw,MultiFileRecall@6,0.25,0.25,0.0,Descriptive same-task same-replicate comparison; not a randomized causal estimate.
phase1_v2_task_013,2,solver_only,solver_plus_online_generic_intervention,raw,MultiFileRecall@6,0.25,0.25,0.0,Descriptive same-task same-replicate comparison; not a randomized causal estimate.
phase1_v2_task_014,1,solver_only,solver_plus_online_generic_intervention,raw,MultiFileRecall@6,0.666667,0.0,-0.666667,Descriptive same-task same-replicate comparison; not a randomized causal estimate.
phase1_v2_task_001,1,solver_only,solver_plus_online_generic_intervention,audit,FileHit@1,1.0,1.0,0.0,Descriptive same-task same-replicate comparison; not a randomized causal estimate.
phase1_v2_task_001,2,solver_only,solver_plus_online_generic_intervention,audit,FileHit@1,1.0,1.0,0.0,Descriptive same-task same-replicate comparison; not a randomized causal estimate.
phase1_v2_task_001,3,solver_only,solver_plus_online_generic_intervention,audit,FileHit@1,1.0,1.0,0.0,Descriptive same-task same-replicate comparison; not a randomized causal estimate.
phase1_v2_task_002,1,solver_only,solver_plus_online_generic_intervention,audit,FileHit@1,1.0,1.0,0.0,Descriptive same-task same-replicate comparison; not a randomized causal estimate.
phase1_v2_task_002,2,solver_only,solver_plus_online_generic_intervention,audit,FileHit@1,1.0,1.0,0.0,Descriptive same-task same-replicate comparison; not a randomized causal estimate.
phase1_v2_task_003,1,solver_only,solver_plus_online_generic_intervention,audit,FileHit@1,1.0,1.0,0.0,Descriptive same-task same-replicate comparison; not a randomized causal estimate.
phase1_v2_task_003,2,solver_only,solver_plus_online_generic_intervention,audit,FileHit@1,1.0,1.0,0.0,Descriptive same-task same-replicate comparison; not a randomized causal estimate.
phase1_v2_task_004,1,solver_only,solver_plus_online_generic_intervention,audit,FileHit@1,1.0,1.0,0.0,Descriptive same-task same-replicate comparison; not a randomized causal estimate.
phase1_v2_task_004,2,solver_only,solver_plus_online_generic_intervention,audit,FileHit@1,1.0,1.0,0.0,Descriptive same-task same-replicate comparison; not a randomized causal estimate.
phase1_v2_task_004,3,solver_only,solver_plus_online_generic_intervention,audit,FileHit@1,1.0,1.0,0.0,Descriptive same-task same-replicate comparison; not a randomized causal estimate.
phase1_v2_task_005,1,solver_only,solver_plus_online_generic_intervention,audit,FileHit@1,1.0,1.0,0.0,Descriptive same-task same-replicate comparison; not a randomized causal estimate.
phase1_v2_task_005,2,solver_only,solver_plus_online_generic_intervention,audit,FileHit@1,1.0,1.0,0.0,Descriptive same-task same-replicate comparison; not a randomized causal estimate.
phase1_v2_task_006,1,solver_only,solver_plus_online_generic_intervention,audit,FileHit@1,1.0,1.0,0.0,Descriptive same-task same-replicate comparison; not a randomized causal estimate.
phase1_v2_task_006,2,solver_only,solver_plus_online_generic_intervention,audit,FileHit@1,1.0,1.0,0.0,Descriptive same-task same-replicate comparison; not a randomized causal estimate.
phase1_v2_task_007,1,solver_only,solver_plus_online_generic_intervention,audit,FileHit@1,1.0,1.0,0.0,Descriptive same-task same-replicate comparison; not a randomized causal estimate.
phase1_v2_task_007,2,solver_only,solver_plus_online_generic_intervention,audit,FileHit@1,1.0,1.0,0.0,Descriptive same-task same-replicate comparison; not a randomized causal estimate.
phase1_v2_task_008,1,solver_only,solver_plus_online_generic_intervention,audit,FileHit@1,1.0,1.0,0.0,Descriptive same-task same-replicate comparison; not a randomized causal estimate.
phase1_v2_task_008,2,solver_only,solver_plus_online_generic_intervention,audit,FileHit@1,1.0,1.0,0.0,Descriptive same-task same-replicate comparison; not a randomized causal estimate.
phase1_v2_task_009,1,solver_only,solver_plus_online_generic_intervention,audit,FileHit@1,1.0,1.0,0.0,Descriptive same-task same-replicate comparison; not a randomized causal estimate.
phase1_v2_task_009,2,solver_only,solver_plus_online_generic_intervention,audit,FileHit@1,1.0,1.0,0.0,Descriptive same-task same-replicate comparison; not a randomized causal estimate.
phase1_v2_task_010,1,solver_only,solver_plus_online_generic_intervention,audit,FileHit@1,1.0,1.0,0.0,Descriptive same-task same-replicate comparison; not a randomized causal estimate.
phase1_v2_task_010,2,solver_only,solver_plus_online_generic_intervention,audit,FileHit@1,1.0,1.0,0.0,Descriptive same-task same-replicate comparison; not a randomized causal estimate.
phase1_v2_task_011,1,solver_only,solver_plus_online_generic_intervention,audit,FileHit@1,1.0,1.0,0.0,Descriptive same-task same-replicate comparison; not a randomized causal estimate.
phase1_v2_task_011,2,solver_only,solver_plus_online_generic_intervention,audit,FileHit@1,1.0,1.0,0.0,Descriptive same-task same-replicate comparison; not a randomized causal estimate.
phase1_v2_task_011,3,solver_only,solver_plus_online_generic_intervention,audit,FileHit@1,1.0,1.0,0.0,Descriptive same-task same-replicate comparison; not a randomized causal estimate.
phase1_v2_task_012,1,solver_only,solver_plus_online_generic_intervention,audit,FileHit@1,1.0,1.0,0.0,Descriptive same-task same-replicate comparison; not a randomized causal estimate.
phase1_v2_task_012,2,solver_only,solver_plus_online_generic_intervention,audit,FileHit@1,1.0,1.0,0.0,Descriptive same-task same-replicate comparison; not a randomized causal estimate.
phase1_v2_task_013,1,solver_only,solver_plus_online_generic_intervention,audit,FileHit@1,1.0,1.0,0.0,Descriptive same-task same-replicate comparison; not a randomized causal estimate.
phase1_v2_task_013,2,solver_only,solver_plus_online_generic_intervention,audit,FileHit@1,1.0,1.0,0.0,Descriptive same-task same-replicate comparison; not a randomized causal estimate.
phase1_v2_task_014,1,solver_only,solver_plus_online_generic_intervention,audit,FileHit@1,1.0,0.0,-1.0,Descriptive same-task same-replicate comparison; not a randomized causal estimate.
phase1_v2_task_001,1,solver_only,solver_plus_online_generic_intervention,audit,FileHit@3,1.0,1.0,0.0,Descriptive same-task same-replicate comparison; not a randomized causal estimate.
phase1_v2_task_001,2,solver_only,solver_plus_online_generic_intervention,audit,FileHit@3,1.0,1.0,0.0,Descriptive same-task same-replicate comparison; not a randomized causal estimate.
phase1_v2_task_001,3,solver_only,solver_plus_online_generic_intervention,audit,FileHit@3,1.0,1.0,0.0,Descriptive same-task same-replicate comparison; not a randomized causal estimate.
phase1_v2_task_002,1,solver_only,solver_plus_online_generic_intervention,audit,FileHit@3,1.0,1.0,0.0,Descriptive same-task same-replicate comparison; not a randomized causal estimate.
phase1_v2_task_002,2,solver_only,solver_plus_online_generic_intervention,audit,FileHit@3,1.0,1.0,0.0,Descriptive same-task same-replicate comparison; not a randomized causal estimate.
phase1_v2_task_003,1,solver_only,solver_plus_online_generic_intervention,audit,FileHit@3,1.0,1.0,0.0,Descriptive same-task same-replicate comparison; not a randomized causal estimate.
phase1_v2_task_003,2,solver_only,solver_plus_online_generic_intervention,audit,FileHit@3,1.0,1.0,0.0,Descriptive same-task same-replicate comparison; not a randomized causal estimate.
phase1_v2_task_004,1,solver_only,solver_plus_online_generic_intervention,audit,FileHit@3,1.0,1.0,0.0,Descriptive same-task same-replicate comparison; not a randomized causal estimate.
phase1_v2_task_004,2,solver_only,solver_plus_online_generic_intervention,audit,FileHit@3,1.0,1.0,0.0,Descriptive same-task same-replicate comparison; not a randomized causal estimate.
phase1_v2_task_004,3,solver_only,solver_plus_online_generic_intervention,audit,FileHit@3,1.0,1.0,0.0,Descriptive same-task same-replicate comparison; not a randomized causal estimate.
phase1_v2_task_005,1,solver_only,solver_plus_online_generic_intervention,audit,FileHit@3,1.0,1.0,0.0,Descriptive same-task same-replicate comparison; not a randomized causal estimate.
phase1_v2_task_005,2,solver_only,solver_plus_online_generic_intervention,audit,FileHit@3,1.0,1.0,0.0,Descriptive same-task same-replicate comparison; not a randomized causal estimate.
phase1_v2_task_006,1,solver_only,solver_plus_online_generic_intervention,audit,FileHit@3,1.0,1.0,0.0,Descriptive same-task same-replicate comparison; not a randomized causal estimate.
phase1_v2_task_006,2,solver_only,solver_plus_online_generic_intervention,audit,FileHit@3,1.0,1.0,0.0,Descriptive same-task same-replicate comparison; not a randomized causal estimate.
phase1_v2_task_007,1,solver_only,solver_plus_online_generic_intervention,audit,FileHit@3,1.0,1.0,0.0,Descriptive same-task same-replicate comparison; not a randomized causal estimate.
phase1_v2_task_007,2,solver_only,solver_plus_online_generic_intervention,audit,FileHit@3,1.0,1.0,0.0,Descriptive same-task same-replicate comparison; not a randomized causal estimate.
phase1_v2_task_008,1,solver_only,solver_plus_online_generic_intervention,audit,FileHit@3,1.0,1.0,0.0,Descriptive same-task same-replicate comparison; not a randomized causal estimate.
phase1_v2_task_008,2,solver_only,solver_plus_online_generic_intervention,audit,FileHit@3,1.0,1.0,0.0,Descriptive same-task same-replicate comparison; not a randomized causal estimate.
phase1_v2_task_009,1,solver_only,solver_plus_online_generic_intervention,audit,FileHit@3,1.0,1.0,0.0,Descriptive same-task same-replicate comparison; not a randomized causal estimate.
phase1_v2_task_009,2,solver_only,solver_plus_online_generic_intervention,audit,FileHit@3,1.0,1.0,0.0,Descriptive same-task same-replicate comparison; not a randomized causal estimate.
phase1_v2_task_010,1,solver_only,solver_plus_online_generic_intervention,audit,FileHit@3,1.0,1.0,0.0,Descriptive same-task same-replicate comparison; not a randomized causal estimate.
phase1_v2_task_010,2,solver_only,solver_plus_online_generic_intervention,audit,FileHit@3,1.0,1.0,0.0,Descriptive same-task same-replicate comparison; not a randomized causal estimate.
phase1_v2_task_011,1,solver_only,solver_plus_online_generic_intervention,audit,FileHit@3,1.0,1.0,0.0,Descriptive same-task same-replicate comparison; not a randomized causal estimate.
phase1_v2_task_011,2,solver_only,solver_plus_online_generic_intervention,audit,FileHit@3,1.0,1.0,0.0,Descriptive same-task same-replicate comparison; not a randomized causal estimate.
phase1_v2_task_011,3,solver_only,solver_plus_online_generic_intervention,audit,FileHit@3,1.0,1.0,0.0,Descriptive same-task same-replicate comparison; not a randomized causal estimate.
phase1_v2_task_012,1,solver_only,solver_plus_online_generic_intervention,audit,FileHit@3,1.0,1.0,0.0,Descriptive same-task same-replicate comparison; not a randomized causal estimate.
phase1_v2_task_012,2,solver_only,solver_plus_online_generic_intervention,audit,FileHit@3,1.0,1.0,0.0,Descriptive same-task same-replicate comparison; not a randomized causal estimate.
phase1_v2_task_013,1,solver_only,solver_plus_online_generic_intervention,audit,FileHit@3,1.0,1.0,0.0,Descriptive same-task same-replicate comparison; not a randomized causal estimate.
phase1_v2_task_013,2,solver_only,solver_plus_online_generic_intervention,audit,FileHit@3,1.0,1.0,0.0,Descriptive same-task same-replicate comparison; not a randomized causal estimate.
phase1_v2_task_014,1,solver_only,solver_plus_online_generic_intervention,audit,FileHit@3,1.0,0.0,-1.0,Descriptive same-task same-replicate comparison; not a randomized causal estimate.
phase1_v2_task_001,1,solver_only,solver_plus_online_generic_intervention,audit,FileHit@5,1.0,1.0,0.0,Descriptive same-task same-replicate comparison; not a randomized causal estimate.
phase1_v2_task_001,2,solver_only,solver_plus_online_generic_intervention,audit,FileHit@5,1.0,1.0,0.0,Descriptive same-task same-replicate comparison; not a randomized causal estimate.
phase1_v2_task_001,3,solver_only,solver_plus_online_generic_intervention,audit,FileHit@5,1.0,1.0,0.0,Descriptive same-task same-replicate comparison; not a randomized causal estimate.
phase1_v2_task_002,1,solver_only,solver_plus_online_generic_intervention,audit,FileHit@5,1.0,1.0,0.0,Descriptive same-task same-replicate comparison; not a randomized causal estimate.
phase1_v2_task_002,2,solver_only,solver_plus_online_generic_intervention,audit,FileHit@5,1.0,1.0,0.0,Descriptive same-task same-replicate comparison; not a randomized causal estimate.
phase1_v2_task_003,1,solver_only,solver_plus_online_generic_intervention,audit,FileHit@5,1.0,1.0,0.0,Descriptive same-task same-replicate comparison; not a randomized causal estimate.
phase1_v2_task_003,2,solver_only,solver_plus_online_generic_intervention,audit,FileHit@5,1.0,1.0,0.0,Descriptive same-task same-replicate comparison; not a randomized causal estimate.
phase1_v2_task_004,1,solver_only,solver_plus_online_generic_intervention,audit,FileHit@5,1.0,1.0,0.0,Descriptive same-task same-replicate comparison; not a randomized causal estimate.
phase1_v2_task_004,2,solver_only,solver_plus_online_generic_intervention,audit,FileHit@5,1.0,1.0,0.0,Descriptive same-task same-replicate comparison; not a randomized causal estimate.
phase1_v2_task_004,3,solver_only,solver_plus_online_generic_intervention,audit,FileHit@5,1.0,1.0,0.0,Descriptive same-task same-replicate comparison; not a randomized causal estimate.
phase1_v2_task_005,1,solver_only,solver_plus_online_generic_intervention,audit,FileHit@5,1.0,1.0,0.0,Descriptive same-task same-replicate comparison; not a randomized causal estimate.
phase1_v2_task_005,2,solver_only,solver_plus_online_generic_intervention,audit,FileHit@5,1.0,1.0,0.0,Descriptive same-task same-replicate comparison; not a randomized causal estimate.
phase1_v2_task_006,1,solver_only,solver_plus_online_generic_intervention,audit,FileHit@5,1.0,1.0,0.0,Descriptive same-task same-replicate comparison; not a randomized causal estimate.
phase1_v2_task_006,2,solver_only,solver_plus_online_generic_intervention,audit,FileHit@5,1.0,1.0,0.0,Descriptive same-task same-replicate comparison; not a randomized causal estimate.
phase1_v2_task_007,1,solver_only,solver_plus_online_generic_intervention,audit,FileHit@5,1.0,1.0,0.0,Descriptive same-task same-replicate comparison; not a randomized causal estimate.
phase1_v2_task_007,2,solver_only,solver_plus_online_generic_intervention,audit,FileHit@5,1.0,1.0,0.0,Descriptive same-task same-replicate comparison; not a randomized causal estimate.
phase1_v2_task_008,1,solver_only,solver_plus_online_generic_intervention,audit,FileHit@5,1.0,1.0,0.0,Descriptive same-task same-replicate comparison; not a randomized causal estimate.
phase1_v2_task_008,2,solver_only,solver_plus_online_generic_intervention,audit,FileHit@5,1.0,1.0,0.0,Descriptive same-task same-replicate comparison; not a randomized causal estimate.
phase1_v2_task_009,1,solver_only,solver_plus_online_generic_intervention,audit,FileHit@5,1.0,1.0,0.0,Descriptive same-task same-replicate comparison; not a randomized causal estimate.
phase1_v2_task_009,2,solver_only,solver_plus_online_generic_intervention,audit,FileHit@5,1.0,1.0,0.0,Descriptive same-task same-replicate comparison; not a randomized causal estimate.
phase1_v2_task_010,1,solver_only,solver_plus_online_generic_intervention,audit,FileHit@5,1.0,1.0,0.0,Descriptive same-task same-replicate comparison; not a randomized causal estimate.
phase1_v2_task_010,2,solver_only,solver_plus_online_generic_intervention,audit,FileHit@5,1.0,1.0,0.0,Descriptive same-task same-replicate comparison; not a randomized causal estimate.
phase1_v2_task_011,1,solver_only,solver_plus_online_generic_intervention,audit,FileHit@5,1.0,1.0,0.0,Descriptive same-task same-replicate comparison; not a randomized causal estimate.
phase1_v2_task_011,2,solver_only,solver_plus_online_generic_intervention,audit,FileHit@5,1.0,1.0,0.0,Descriptive same-task same-replicate comparison; not a randomized causal estimate.
phase1_v2_task_011,3,solver_only,solver_plus_online_generic_intervention,audit,FileHit@5,1.0,1.0,0.0,Descriptive same-task same-replicate comparison; not a randomized causal estimate.
phase1_v2_task_012,1,solver_only,solver_plus_online_generic_intervention,audit,FileHit@5,1.0,1.0,0.0,Descriptive same-task same-replicate comparison; not a randomized causal estimate.
phase1_v2_task_012,2,solver_only,solver_plus_online_generic_intervention,audit,FileHit@5,1.0,1.0,0.0,Descriptive same-task same-replicate comparison; not a randomized causal estimate.
phase1_v2_task_013,1,solver_only,solver_plus_online_generic_intervention,audit,FileHit@5,1.0,1.0,0.0,Descriptive same-task same-replicate comparison; not a randomized causal estimate.
phase1_v2_task_013,2,solver_only,solver_plus_online_generic_intervention,audit,FileHit@5,1.0,1.0,0.0,Descriptive same-task same-replicate comparison; not a randomized causal estimate.
phase1_v2_task_014,1,solver_only,solver_plus_online_generic_intervention,audit,FileHit@5,1.0,0.0,-1.0,Descriptive same-task same-replicate comparison; not a randomized causal estimate.
phase1_v2_task_001,1,solver_only,solver_plus_online_generic_intervention,audit,FileHit@6,1.0,1.0,0.0,Descriptive same-task same-replicate comparison; not a randomized causal estimate.
phase1_v2_task_001,2,solver_only,solver_plus_online_generic_intervention,audit,FileHit@6,1.0,1.0,0.0,Descriptive same-task same-replicate comparison; not a randomized causal estimate.
phase1_v2_task_001,3,solver_only,solver_plus_online_generic_intervention,audit,FileHit@6,1.0,1.0,0.0,Descriptive same-task same-replicate comparison; not a randomized causal estimate.
phase1_v2_task_002,1,solver_only,solver_plus_online_generic_intervention,audit,FileHit@6,1.0,1.0,0.0,Descriptive same-task same-replicate comparison; not a randomized causal estimate.
phase1_v2_task_002,2,solver_only,solver_plus_online_generic_intervention,audit,FileHit@6,1.0,1.0,0.0,Descriptive same-task same-replicate comparison; not a randomized causal estimate.
phase1_v2_task_003,1,solver_only,solver_plus_online_generic_intervention,audit,FileHit@6,1.0,1.0,0.0,Descriptive same-task same-replicate comparison; not a randomized causal estimate.
phase1_v2_task_003,2,solver_only,solver_plus_online_generic_intervention,audit,FileHit@6,1.0,1.0,0.0,Descriptive same-task same-replicate comparison; not a randomized causal estimate.
phase1_v2_task_004,1,solver_only,solver_plus_online_generic_intervention,audit,FileHit@6,1.0,1.0,0.0,Descriptive same-task same-replicate comparison; not a randomized causal estimate.
phase1_v2_task_004,2,solver_only,solver_plus_online_generic_intervention,audit,FileHit@6,1.0,1.0,0.0,Descriptive same-task same-replicate comparison; not a randomized causal estimate.
phase1_v2_task_004,3,solver_only,solver_plus_online_generic_intervention,audit,FileHit@6,1.0,1.0,0.0,Descriptive same-task same-replicate comparison; not a randomized causal estimate.
phase1_v2_task_005,1,solver_only,solver_plus_online_generic_intervention,audit,FileHit@6,1.0,1.0,0.0,Descriptive same-task same-replicate comparison; not a randomized causal estimate.
phase1_v2_task_005,2,solver_only,solver_plus_online_generic_intervention,audit,FileHit@6,1.0,1.0,0.0,Descriptive same-task same-replicate comparison; not a randomized causal estimate.
phase1_v2_task_006,1,solver_only,solver_plus_online_generic_intervention,audit,FileHit@6,1.0,1.0,0.0,Descriptive same-task same-replicate comparison; not a randomized causal estimate.
phase1_v2_task_006,2,solver_only,solver_plus_online_generic_intervention,audit,FileHit@6,1.0,1.0,0.0,Descriptive same-task same-replicate comparison; not a randomized causal estimate.
phase1_v2_task_007,1,solver_only,solver_plus_online_generic_intervention,audit,FileHit@6,1.0,1.0,0.0,Descriptive same-task same-replicate comparison; not a randomized causal estimate.
phase1_v2_task_007,2,solver_only,solver_plus_online_generic_intervention,audit,FileHit@6,1.0,1.0,0.0,Descriptive same-task same-replicate comparison; not a randomized causal estimate.
phase1_v2_task_008,1,solver_only,solver_plus_online_generic_intervention,audit,FileHit@6,1.0,1.0,0.0,Descriptive same-task same-replicate comparison; not a randomized causal estimate.
phase1_v2_task_008,2,solver_only,solver_plus_online_generic_intervention,audit,FileHit@6,1.0,1.0,0.0,Descriptive same-task same-replicate comparison; not a randomized causal estimate.
phase1_v2_task_009,1,solver_only,solver_plus_online_generic_intervention,audit,FileHit@6,1.0,1.0,0.0,Descriptive same-task same-replicate comparison; not a randomized causal estimate.
phase1_v2_task_009,2,solver_only,solver_plus_online_generic_intervention,audit,FileHit@6,1.0,1.0,0.0,Descriptive same-task same-replicate comparison; not a randomized causal estimate.
phase1_v2_task_010,1,solver_only,solver_plus_online_generic_intervention,audit,FileHit@6,1.0,1.0,0.0,Descriptive same-task same-replicate comparison; not a randomized causal estimate.
phase1_v2_task_010,2,solver_only,solver_plus_online_generic_intervention,audit,FileHit@6,1.0,1.0,0.0,Descriptive same-task same-replicate comparison; not a randomized causal estimate.
phase1_v2_task_011,1,solver_only,solver_plus_online_generic_intervention,audit,FileHit@6,1.0,1.0,0.0,Descriptive same-task same-replicate comparison; not a randomized causal estimate.
phase1_v2_task_011,2,solver_only,solver_plus_online_generic_intervention,audit,FileHit@6,1.0,1.0,0.0,Descriptive same-task same-replicate comparison; not a randomized causal estimate.
phase1_v2_task_011,3,solver_only,solver_plus_online_generic_intervention,audit,FileHit@6,1.0,1.0,0.0,Descriptive same-task same-replicate comparison; not a randomized causal estimate.
phase1_v2_task_012,1,solver_only,solver_plus_online_generic_intervention,audit,FileHit@6,1.0,1.0,0.0,Descriptive same-task same-replicate comparison; not a randomized causal estimate.
phase1_v2_task_012,2,solver_only,solver_plus_online_generic_intervention,audit,FileHit@6,1.0,1.0,0.0,Descriptive same-task same-replicate comparison; not a randomized causal estimate.
phase1_v2_task_013,1,solver_only,solver_plus_online_generic_intervention,audit,FileHit@6,1.0,1.0,0.0,Descriptive same-task same-replicate comparison; not a randomized causal estimate.
phase1_v2_task_013,2,solver_only,solver_plus_online_generic_intervention,audit,FileHit@6,1.0,1.0,0.0,Descriptive same-task same-replicate comparison; not a randomized causal estimate.
phase1_v2_task_014,1,solver_only,solver_plus_online_generic_intervention,audit,FileHit@6,1.0,0.0,-1.0,Descriptive same-task same-replicate comparison; not a randomized causal estimate.
phase1_v2_task_001,1,solver_only,solver_plus_online_generic_intervention,audit,MRR@3,1.0,1.0,0.0,Descriptive same-task same-replicate comparison; not a randomized causal estimate.
phase1_v2_task_001,2,solver_only,solver_plus_online_generic_intervention,audit,MRR@3,1.0,1.0,0.0,Descriptive same-task same-replicate comparison; not a randomized causal estimate.
phase1_v2_task_001,3,solver_only,solver_plus_online_generic_intervention,audit,MRR@3,1.0,1.0,0.0,Descriptive same-task same-replicate comparison; not a randomized causal estimate.
phase1_v2_task_002,1,solver_only,solver_plus_online_generic_intervention,audit,MRR@3,1.0,1.0,0.0,Descriptive same-task same-replicate comparison; not a randomized causal estimate.
phase1_v2_task_002,2,solver_only,solver_plus_online_generic_intervention,audit,MRR@3,1.0,1.0,0.0,Descriptive same-task same-replicate comparison; not a randomized causal estimate.
phase1_v2_task_003,1,solver_only,solver_plus_online_generic_intervention,audit,MRR@3,1.0,1.0,0.0,Descriptive same-task same-replicate comparison; not a randomized causal estimate.
phase1_v2_task_003,2,solver_only,solver_plus_online_generic_intervention,audit,MRR@3,1.0,1.0,0.0,Descriptive same-task same-replicate comparison; not a randomized causal estimate.
phase1_v2_task_004,1,solver_only,solver_plus_online_generic_intervention,audit,MRR@3,1.0,1.0,0.0,Descriptive same-task same-replicate comparison; not a randomized causal estimate.
phase1_v2_task_004,2,solver_only,solver_plus_online_generic_intervention,audit,MRR@3,1.0,1.0,0.0,Descriptive same-task same-replicate comparison; not a randomized causal estimate.
phase1_v2_task_004,3,solver_only,solver_plus_online_generic_intervention,audit,MRR@3,1.0,1.0,0.0,Descriptive same-task same-replicate comparison; not a randomized causal estimate.
phase1_v2_task_005,1,solver_only,solver_plus_online_generic_intervention,audit,MRR@3,1.0,1.0,0.0,Descriptive same-task same-replicate comparison; not a randomized causal estimate.
phase1_v2_task_005,2,solver_only,solver_plus_online_generic_intervention,audit,MRR@3,1.0,1.0,0.0,Descriptive same-task same-replicate comparison; not a randomized causal estimate.
phase1_v2_task_006,1,solver_only,solver_plus_online_generic_intervention,audit,MRR@3,1.0,1.0,0.0,Descriptive same-task same-replicate comparison; not a randomized causal estimate.
phase1_v2_task_006,2,solver_only,solver_plus_online_generic_intervention,audit,MRR@3,1.0,1.0,0.0,Descriptive same-task same-replicate comparison; not a randomized causal estimate.
phase1_v2_task_007,1,solver_only,solver_plus_online_generic_intervention,audit,MRR@3,1.0,1.0,0.0,Descriptive same-task same-replicate comparison; not a randomized causal estimate.
phase1_v2_task_007,2,solver_only,solver_plus_online_generic_intervention,audit,MRR@3,1.0,1.0,0.0,Descriptive same-task same-replicate comparison; not a randomized causal estimate.
phase1_v2_task_008,1,solver_only,solver_plus_online_generic_intervention,audit,MRR@3,1.0,1.0,0.0,Descriptive same-task same-replicate comparison; not a randomized causal estimate.
phase1_v2_task_008,2,solver_only,solver_plus_online_generic_intervention,audit,MRR@3,1.0,1.0,0.0,Descriptive same-task same-replicate comparison; not a randomized causal estimate.
phase1_v2_task_009,1,solver_only,solver_plus_online_generic_intervention,audit,MRR@3,1.0,1.0,0.0,Descriptive same-task same-replicate comparison; not a randomized causal estimate.
phase1_v2_task_009,2,solver_only,solver_plus_online_generic_intervention,audit,MRR@3,1.0,1.0,0.0,Descriptive same-task same-replicate comparison; not a randomized causal estimate.
phase1_v2_task_010,1,solver_only,solver_plus_online_generic_intervention,audit,MRR@3,1.0,1.0,0.0,Descriptive same-task same-replicate comparison; not a randomized causal estimate.
phase1_v2_task_010,2,solver_only,solver_plus_online_generic_intervention,audit,MRR@3,1.0,1.0,0.0,Descriptive same-task same-replicate comparison; not a randomized causal estimate.
phase1_v2_task_011,1,solver_only,solver_plus_online_generic_intervention,audit,MRR@3,1.0,1.0,0.0,Descriptive same-task same-replicate comparison; not a randomized causal estimate.
phase1_v2_task_011,2,solver_only,solver_plus_online_generic_intervention,audit,MRR@3,1.0,1.0,0.0,Descriptive same-task same-replicate comparison; not a randomized causal estimate.
phase1_v2_task_011,3,solver_only,solver_plus_online_generic_intervention,audit,MRR@3,1.0,1.0,0.0,Descriptive same-task same-replicate comparison; not a randomized causal estimate.
phase1_v2_task_012,1,solver_only,solver_plus_online_generic_intervention,audit,MRR@3,1.0,1.0,0.0,Descriptive same-task same-replicate comparison; not a randomized causal estimate.
phase1_v2_task_012,2,solver_only,solver_plus_online_generic_intervention,audit,MRR@3,1.0,1.0,0.0,Descriptive same-task same-replicate comparison; not a randomized causal estimate.
phase1_v2_task_013,1,solver_only,solver_plus_online_generic_intervention,audit,MRR@3,1.0,1.0,0.0,Descriptive same-task same-replicate comparison; not a randomized causal estimate.
phase1_v2_task_013,2,solver_only,solver_plus_online_generic_intervention,audit,MRR@3,1.0,1.0,0.0,Descriptive same-task same-replicate comparison; not a randomized causal estimate.
phase1_v2_task_014,1,solver_only,solver_plus_online_generic_intervention,audit,MRR@3,1.0,0.0,-1.0,Descriptive same-task same-replicate comparison; not a randomized causal estimate.
phase1_v2_task_001,1,solver_only,solver_plus_online_generic_intervention,audit,MultiFileRecall@6,0.25,0.25,0.0,Descriptive same-task same-replicate comparison; not a randomized causal estimate.
phase1_v2_task_001,2,solver_only,solver_plus_online_generic_intervention,audit,MultiFileRecall@6,0.25,0.25,0.0,Descriptive same-task same-replicate comparison; not a randomized causal estimate.
phase1_v2_task_001,3,solver_only,solver_plus_online_generic_intervention,audit,MultiFileRecall@6,0.5,0.5,0.0,Descriptive same-task same-replicate comparison; not a randomized causal estimate.
phase1_v2_task_002,1,solver_only,solver_plus_online_generic_intervention,audit,MultiFileRecall@6,0.5,0.5,0.0,Descriptive same-task same-replicate comparison; not a randomized causal estimate.
phase1_v2_task_002,2,solver_only,solver_plus_online_generic_intervention,audit,MultiFileRecall@6,0.5,0.5,0.0,Descriptive same-task same-replicate comparison; not a randomized causal estimate.
phase1_v2_task_003,1,solver_only,solver_plus_online_generic_intervention,audit,MultiFileRecall@6,0.285714,0.142857,-0.142857,Descriptive same-task same-replicate comparison; not a randomized causal estimate.
phase1_v2_task_003,2,solver_only,solver_plus_online_generic_intervention,audit,MultiFileRecall@6,0.142857,0.285714,0.142857,Descriptive same-task same-replicate comparison; not a randomized causal estimate.
phase1_v2_task_004,1,solver_only,solver_plus_online_generic_intervention,audit,MultiFileRecall@6,0.25,0.25,0.0,Descriptive same-task same-replicate comparison; not a randomized causal estimate.
phase1_v2_task_004,2,solver_only,solver_plus_online_generic_intervention,audit,MultiFileRecall@6,0.25,0.25,0.0,Descriptive same-task same-replicate comparison; not a randomized causal estimate.
phase1_v2_task_004,3,solver_only,solver_plus_online_generic_intervention,audit,MultiFileRecall@6,0.25,0.25,0.0,Descriptive same-task same-replicate comparison; not a randomized causal estimate.
phase1_v2_task_005,1,solver_only,solver_plus_online_generic_intervention,audit,MultiFileRecall@6,0.5,0.5,0.0,Descriptive same-task same-replicate comparison; not a randomized causal estimate.
phase1_v2_task_005,2,solver_only,solver_plus_online_generic_intervention,audit,MultiFileRecall@6,0.5,0.5,0.0,Descriptive same-task same-replicate comparison; not a randomized causal estimate.
phase1_v2_task_006,1,solver_only,solver_plus_online_generic_intervention,audit,MultiFileRecall@6,1.0,1.0,0.0,Descriptive same-task same-replicate comparison; not a randomized causal estimate.
phase1_v2_task_006,2,solver_only,solver_plus_online_generic_intervention,audit,MultiFileRecall@6,1.0,1.0,0.0,Descriptive same-task same-replicate comparison; not a randomized causal estimate.
phase1_v2_task_007,1,solver_only,solver_plus_online_generic_intervention,audit,MultiFileRecall@6,0.5,0.5,0.0,Descriptive same-task same-replicate comparison; not a randomized causal estimate.
phase1_v2_task_007,2,solver_only,solver_plus_online_generic_intervention,audit,MultiFileRecall@6,0.5,0.5,0.0,Descriptive same-task same-replicate comparison; not a randomized causal estimate.
phase1_v2_task_008,1,solver_only,solver_plus_online_generic_intervention,audit,MultiFileRecall@6,0.4,0.4,0.0,Descriptive same-task same-replicate comparison; not a randomized causal estimate.
phase1_v2_task_008,2,solver_only,solver_plus_online_generic_intervention,audit,MultiFileRecall@6,0.4,0.4,0.0,Descriptive same-task same-replicate comparison; not a randomized causal estimate.
phase1_v2_task_009,1,solver_only,solver_plus_online_generic_intervention,audit,MultiFileRecall@6,0.5,0.5,0.0,Descriptive same-task same-replicate comparison; not a randomized causal estimate.
phase1_v2_task_009,2,solver_only,solver_plus_online_generic_intervention,audit,MultiFileRecall@6,0.5,0.5,0.0,Descriptive same-task same-replicate comparison; not a randomized causal estimate.
phase1_v2_task_010,1,solver_only,solver_plus_online_generic_intervention,audit,MultiFileRecall@6,0.5,0.5,0.0,Descriptive same-task same-replicate comparison; not a randomized causal estimate.
phase1_v2_task_010,2,solver_only,solver_plus_online_generic_intervention,audit,MultiFileRecall@6,0.5,0.5,0.0,Descriptive same-task same-replicate comparison; not a randomized causal estimate.
phase1_v2_task_011,1,solver_only,solver_plus_online_generic_intervention,audit,MultiFileRecall@6,0.571429,0.571429,0.0,Descriptive same-task same-replicate comparison; not a randomized causal estimate.
phase1_v2_task_011,2,solver_only,solver_plus_online_generic_intervention,audit,MultiFileRecall@6,0.571429,0.428571,-0.142858,Descriptive same-task same-replicate comparison; not a randomized causal estimate.
phase1_v2_task_011,3,solver_only,solver_plus_online_generic_intervention,audit,MultiFileRecall@6,0.571429,0.714286,0.142857,Descriptive same-task same-replicate comparison; not a randomized causal estimate.
phase1_v2_task_012,1,solver_only,solver_plus_online_generic_intervention,audit,MultiFileRecall@6,0.5,0.5,0.0,Descriptive same-task same-replicate comparison; not a randomized causal estimate.
phase1_v2_task_012,2,solver_only,solver_plus_online_generic_intervention,audit,MultiFileRecall@6,0.5,0.5,0.0,Descriptive same-task same-replicate comparison; not a randomized causal estimate.
phase1_v2_task_013,1,solver_only,solver_plus_online_generic_intervention,audit,MultiFileRecall@6,0.25,0.25,0.0,Descriptive same-task same-replicate comparison; not a randomized causal estimate.
phase1_v2_task_013,2,solver_only,solver_plus_online_generic_intervention,audit,MultiFileRecall@6,0.25,0.25,0.0,Descriptive same-task same-replicate comparison; not a randomized causal estimate.
phase1_v2_task_014,1,solver_only,solver_plus_online_generic_intervention,audit,MultiFileRecall@6,0.666667,0.0,-0.666667,Descriptive same-task same-replicate comparison; not a randomized causal estimate.
phase1_v2_task_001,1,solver_only,solver_plus_online_generic_intervention,intervention,FileHit@1,1.0,1.0,0.0,Descriptive same-task same-replicate comparison; not a randomized causal estimate.
phase1_v2_task_001,2,solver_only,solver_plus_online_generic_intervention,intervention,FileHit@1,1.0,1.0,0.0,Descriptive same-task same-replicate comparison; not a randomized causal estimate.
phase1_v2_task_001,3,solver_only,solver_plus_online_generic_intervention,intervention,FileHit@1,1.0,1.0,0.0,Descriptive same-task same-replicate comparison; not a randomized causal estimate.
phase1_v2_task_002,1,solver_only,solver_plus_online_generic_intervention,intervention,FileHit@1,1.0,1.0,0.0,Descriptive same-task same-replicate comparison; not a randomized causal estimate.
phase1_v2_task_002,2,solver_only,solver_plus_online_generic_intervention,intervention,FileHit@1,1.0,1.0,0.0,Descriptive same-task same-replicate comparison; not a randomized causal estimate.
phase1_v2_task_003,1,solver_only,solver_plus_online_generic_intervention,intervention,FileHit@1,1.0,1.0,0.0,Descriptive same-task same-replicate comparison; not a randomized causal estimate.
phase1_v2_task_003,2,solver_only,solver_plus_online_generic_intervention,intervention,FileHit@1,1.0,1.0,0.0,Descriptive same-task same-replicate comparison; not a randomized causal estimate.
phase1_v2_task_004,1,solver_only,solver_plus_online_generic_intervention,intervention,FileHit@1,1.0,1.0,0.0,Descriptive same-task same-replicate comparison; not a randomized causal estimate.
phase1_v2_task_004,2,solver_only,solver_plus_online_generic_intervention,intervention,FileHit@1,1.0,1.0,0.0,Descriptive same-task same-replicate comparison; not a randomized causal estimate.
phase1_v2_task_004,3,solver_only,solver_plus_online_generic_intervention,intervention,FileHit@1,1.0,1.0,0.0,Descriptive same-task same-replicate comparison; not a randomized causal estimate.
phase1_v2_task_005,1,solver_only,solver_plus_online_generic_intervention,intervention,FileHit@1,1.0,1.0,0.0,Descriptive same-task same-replicate comparison; not a randomized causal estimate.
phase1_v2_task_005,2,solver_only,solver_plus_online_generic_intervention,intervention,FileHit@1,1.0,1.0,0.0,Descriptive same-task same-replicate comparison; not a randomized causal estimate.
phase1_v2_task_006,1,solver_only,solver_plus_online_generic_intervention,intervention,FileHit@1,1.0,1.0,0.0,Descriptive same-task same-replicate comparison; not a randomized causal estimate.
phase1_v2_task_006,2,solver_only,solver_plus_online_generic_intervention,intervention,FileHit@1,1.0,1.0,0.0,Descriptive same-task same-replicate comparison; not a randomized causal estimate.
phase1_v2_task_007,1,solver_only,solver_plus_online_generic_intervention,intervention,FileHit@1,1.0,1.0,0.0,Descriptive same-task same-replicate comparison; not a randomized causal estimate.
phase1_v2_task_007,2,solver_only,solver_plus_online_generic_intervention,intervention,FileHit@1,1.0,1.0,0.0,Descriptive same-task same-replicate comparison; not a randomized causal estimate.
phase1_v2_task_008,1,solver_only,solver_plus_online_generic_intervention,intervention,FileHit@1,1.0,1.0,0.0,Descriptive same-task same-replicate comparison; not a randomized causal estimate.
phase1_v2_task_008,2,solver_only,solver_plus_online_generic_intervention,intervention,FileHit@1,1.0,1.0,0.0,Descriptive same-task same-replicate comparison; not a randomized causal estimate.
phase1_v2_task_009,1,solver_only,solver_plus_online_generic_intervention,intervention,FileHit@1,1.0,1.0,0.0,Descriptive same-task same-replicate comparison; not a randomized causal estimate.
phase1_v2_task_009,2,solver_only,solver_plus_online_generic_intervention,intervention,FileHit@1,1.0,1.0,0.0,Descriptive same-task same-replicate comparison; not a randomized causal estimate.
phase1_v2_task_010,1,solver_only,solver_plus_online_generic_intervention,intervention,FileHit@1,1.0,1.0,0.0,Descriptive same-task same-replicate comparison; not a randomized causal estimate.
phase1_v2_task_010,2,solver_only,solver_plus_online_generic_intervention,intervention,FileHit@1,1.0,1.0,0.0,Descriptive same-task same-replicate comparison; not a randomized causal estimate.
phase1_v2_task_011,1,solver_only,solver_plus_online_generic_intervention,intervention,FileHit@1,1.0,1.0,0.0,Descriptive same-task same-replicate comparison; not a randomized causal estimate.
phase1_v2_task_011,2,solver_only,solver_plus_online_generic_intervention,intervention,FileHit@1,1.0,1.0,0.0,Descriptive same-task same-replicate comparison; not a randomized causal estimate.
phase1_v2_task_011,3,solver_only,solver_plus_online_generic_intervention,intervention,FileHit@1,1.0,1.0,0.0,Descriptive same-task same-replicate comparison; not a randomized causal estimate.
phase1_v2_task_012,1,solver_only,solver_plus_online_generic_intervention,intervention,FileHit@1,1.0,1.0,0.0,Descriptive same-task same-replicate comparison; not a randomized causal estimate.
phase1_v2_task_012,2,solver_only,solver_plus_online_generic_intervention,intervention,FileHit@1,1.0,1.0,0.0,Descriptive same-task same-replicate comparison; not a randomized causal estimate.
phase1_v2_task_013,1,solver_only,solver_plus_online_generic_intervention,intervention,FileHit@1,1.0,1.0,0.0,Descriptive same-task same-replicate comparison; not a randomized causal estimate.
phase1_v2_task_013,2,solver_only,solver_plus_online_generic_intervention,intervention,FileHit@1,1.0,1.0,0.0,Descriptive same-task same-replicate comparison; not a randomized causal estimate.
phase1_v2_task_014,1,solver_only,solver_plus_online_generic_intervention,intervention,FileHit@1,1.0,0.0,-1.0,Descriptive same-task same-replicate comparison; not a randomized causal estimate.
phase1_v2_task_001,1,solver_only,solver_plus_online_generic_intervention,intervention,FileHit@3,1.0,1.0,0.0,Descriptive same-task same-replicate comparison; not a randomized causal estimate.
phase1_v2_task_001,2,solver_only,solver_plus_online_generic_intervention,intervention,FileHit@3,1.0,1.0,0.0,Descriptive same-task same-replicate comparison; not a randomized causal estimate.
phase1_v2_task_001,3,solver_only,solver_plus_online_generic_intervention,intervention,FileHit@3,1.0,1.0,0.0,Descriptive same-task same-replicate comparison; not a randomized causal estimate.
phase1_v2_task_002,1,solver_only,solver_plus_online_generic_intervention,intervention,FileHit@3,1.0,1.0,0.0,Descriptive same-task same-replicate comparison; not a randomized causal estimate.
phase1_v2_task_002,2,solver_only,solver_plus_online_generic_intervention,intervention,FileHit@3,1.0,1.0,0.0,Descriptive same-task same-replicate comparison; not a randomized causal estimate.
phase1_v2_task_003,1,solver_only,solver_plus_online_generic_intervention,intervention,FileHit@3,1.0,1.0,0.0,Descriptive same-task same-replicate comparison; not a randomized causal estimate.
phase1_v2_task_003,2,solver_only,solver_plus_online_generic_intervention,intervention,FileHit@3,1.0,1.0,0.0,Descriptive same-task same-replicate comparison; not a randomized causal estimate.
phase1_v2_task_004,1,solver_only,solver_plus_online_generic_intervention,intervention,FileHit@3,1.0,1.0,0.0,Descriptive same-task same-replicate comparison; not a randomized causal estimate.
phase1_v2_task_004,2,solver_only,solver_plus_online_generic_intervention,intervention,FileHit@3,1.0,1.0,0.0,Descriptive same-task same-replicate comparison; not a randomized causal estimate.
phase1_v2_task_004,3,solver_only,solver_plus_online_generic_intervention,intervention,FileHit@3,1.0,1.0,0.0,Descriptive same-task same-replicate comparison; not a randomized causal estimate.
phase1_v2_task_005,1,solver_only,solver_plus_online_generic_intervention,intervention,FileHit@3,1.0,1.0,0.0,Descriptive same-task same-replicate comparison; not a randomized causal estimate.
phase1_v2_task_005,2,solver_only,solver_plus_online_generic_intervention,intervention,FileHit@3,1.0,1.0,0.0,Descriptive same-task same-replicate comparison; not a randomized causal estimate.
phase1_v2_task_006,1,solver_only,solver_plus_online_generic_intervention,intervention,FileHit@3,1.0,1.0,0.0,Descriptive same-task same-replicate comparison; not a randomized causal estimate.
phase1_v2_task_006,2,solver_only,solver_plus_online_generic_intervention,intervention,FileHit@3,1.0,1.0,0.0,Descriptive same-task same-replicate comparison; not a randomized causal estimate.
phase1_v2_task_007,1,solver_only,solver_plus_online_generic_intervention,intervention,FileHit@3,1.0,1.0,0.0,Descriptive same-task same-replicate comparison; not a randomized causal estimate.
phase1_v2_task_007,2,solver_only,solver_plus_online_generic_intervention,intervention,FileHit@3,1.0,1.0,0.0,Descriptive same-task same-replicate comparison; not a randomized causal estimate.
phase1_v2_task_008,1,solver_only,solver_plus_online_generic_intervention,intervention,FileHit@3,1.0,1.0,0.0,Descriptive same-task same-replicate comparison; not a randomized causal estimate.
phase1_v2_task_008,2,solver_only,solver_plus_online_generic_intervention,intervention,FileHit@3,1.0,1.0,0.0,Descriptive same-task same-replicate comparison; not a randomized causal estimate.
phase1_v2_task_009,1,solver_only,solver_plus_online_generic_intervention,intervention,FileHit@3,1.0,1.0,0.0,Descriptive same-task same-replicate comparison; not a randomized causal estimate.
phase1_v2_task_009,2,solver_only,solver_plus_online_generic_intervention,intervention,FileHit@3,1.0,1.0,0.0,Descriptive same-task same-replicate comparison; not a randomized causal estimate.
phase1_v2_task_010,1,solver_only,solver_plus_online_generic_intervention,intervention,FileHit@3,1.0,1.0,0.0,Descriptive same-task same-replicate comparison; not a randomized causal estimate.
phase1_v2_task_010,2,solver_only,solver_plus_online_generic_intervention,intervention,FileHit@3,1.0,1.0,0.0,Descriptive same-task same-replicate comparison; not a randomized causal estimate.
phase1_v2_task_011,1,solver_only,solver_plus_online_generic_intervention,intervention,FileHit@3,1.0,1.0,0.0,Descriptive same-task same-replicate comparison; not a randomized causal estimate.
phase1_v2_task_011,2,solver_only,solver_plus_online_generic_intervention,intervention,FileHit@3,1.0,1.0,0.0,Descriptive same-task same-replicate comparison; not a randomized causal estimate.
phase1_v2_task_011,3,solver_only,solver_plus_online_generic_intervention,intervention,FileHit@3,1.0,1.0,0.0,Descriptive same-task same-replicate comparison; not a randomized causal estimate.
phase1_v2_task_012,1,solver_only,solver_plus_online_generic_intervention,intervention,FileHit@3,1.0,1.0,0.0,Descriptive same-task same-replicate comparison; not a randomized causal estimate.
phase1_v2_task_012,2,solver_only,solver_plus_online_generic_intervention,intervention,FileHit@3,1.0,1.0,0.0,Descriptive same-task same-replicate comparison; not a randomized causal estimate.
phase1_v2_task_013,1,solver_only,solver_plus_online_generic_intervention,intervention,FileHit@3,1.0,1.0,0.0,Descriptive same-task same-replicate comparison; not a randomized causal estimate.
phase1_v2_task_013,2,solver_only,solver_plus_online_generic_intervention,intervention,FileHit@3,1.0,1.0,0.0,Descriptive same-task same-replicate comparison; not a randomized causal estimate.
phase1_v2_task_014,1,solver_only,solver_plus_online_generic_intervention,intervention,FileHit@3,1.0,0.0,-1.0,Descriptive same-task same-replicate comparison; not a randomized causal estimate.
phase1_v2_task_001,1,solver_only,solver_plus_online_generic_intervention,intervention,FileHit@5,1.0,1.0,0.0,Descriptive same-task same-replicate comparison; not a randomized causal estimate.
phase1_v2_task_001,2,solver_only,solver_plus_online_generic_intervention,intervention,FileHit@5,1.0,1.0,0.0,Descriptive same-task same-replicate comparison; not a randomized causal estimate.
phase1_v2_task_001,3,solver_only,solver_plus_online_generic_intervention,intervention,FileHit@5,1.0,1.0,0.0,Descriptive same-task same-replicate comparison; not a randomized causal estimate.
phase1_v2_task_002,1,solver_only,solver_plus_online_generic_intervention,intervention,FileHit@5,1.0,1.0,0.0,Descriptive same-task same-replicate comparison; not a randomized causal estimate.
phase1_v2_task_002,2,solver_only,solver_plus_online_generic_intervention,intervention,FileHit@5,1.0,1.0,0.0,Descriptive same-task same-replicate comparison; not a randomized causal estimate.
phase1_v2_task_003,1,solver_only,solver_plus_online_generic_intervention,intervention,FileHit@5,1.0,1.0,0.0,Descriptive same-task same-replicate comparison; not a randomized causal estimate.
phase1_v2_task_003,2,solver_only,solver_plus_online_generic_intervention,intervention,FileHit@5,1.0,1.0,0.0,Descriptive same-task same-replicate comparison; not a randomized causal estimate.
phase1_v2_task_004,1,solver_only,solver_plus_online_generic_intervention,intervention,FileHit@5,1.0,1.0,0.0,Descriptive same-task same-replicate comparison; not a randomized causal estimate.
phase1_v2_task_004,2,solver_only,solver_plus_online_generic_intervention,intervention,FileHit@5,1.0,1.0,0.0,Descriptive same-task same-replicate comparison; not a randomized causal estimate.
phase1_v2_task_004,3,solver_only,solver_plus_online_generic_intervention,intervention,FileHit@5,1.0,1.0,0.0,Descriptive same-task same-replicate comparison; not a randomized causal estimate.
phase1_v2_task_005,1,solver_only,solver_plus_online_generic_intervention,intervention,FileHit@5,1.0,1.0,0.0,Descriptive same-task same-replicate comparison; not a randomized causal estimate.
phase1_v2_task_005,2,solver_only,solver_plus_online_generic_intervention,intervention,FileHit@5,1.0,1.0,0.0,Descriptive same-task same-replicate comparison; not a randomized causal estimate.
phase1_v2_task_006,1,solver_only,solver_plus_online_generic_intervention,intervention,FileHit@5,1.0,1.0,0.0,Descriptive same-task same-replicate comparison; not a randomized causal estimate.
phase1_v2_task_006,2,solver_only,solver_plus_online_generic_intervention,intervention,FileHit@5,1.0,1.0,0.0,Descriptive same-task same-replicate comparison; not a randomized causal estimate.
phase1_v2_task_007,1,solver_only,solver_plus_online_generic_intervention,intervention,FileHit@5,1.0,1.0,0.0,Descriptive same-task same-replicate comparison; not a randomized causal estimate.
phase1_v2_task_007,2,solver_only,solver_plus_online_generic_intervention,intervention,FileHit@5,1.0,1.0,0.0,Descriptive same-task same-replicate comparison; not a randomized causal estimate.
phase1_v2_task_008,1,solver_only,solver_plus_online_generic_intervention,intervention,FileHit@5,1.0,1.0,0.0,Descriptive same-task same-replicate comparison; not a randomized causal estimate.
phase1_v2_task_008,2,solver_only,solver_plus_online_generic_intervention,intervention,FileHit@5,1.0,1.0,0.0,Descriptive same-task same-replicate comparison; not a randomized causal estimate.
phase1_v2_task_009,1,solver_only,solver_plus_online_generic_intervention,intervention,FileHit@5,1.0,1.0,0.0,Descriptive same-task same-replicate comparison; not a randomized causal estimate.
phase1_v2_task_009,2,solver_only,solver_plus_online_generic_intervention,intervention,FileHit@5,1.0,1.0,0.0,Descriptive same-task same-replicate comparison; not a randomized causal estimate.
phase1_v2_task_010,1,solver_only,solver_plus_online_generic_intervention,intervention,FileHit@5,1.0,1.0,0.0,Descriptive same-task same-replicate comparison; not a randomized causal estimate.
phase1_v2_task_010,2,solver_only,solver_plus_online_generic_intervention,intervention,FileHit@5,1.0,1.0,0.0,Descriptive same-task same-replicate comparison; not a randomized causal estimate.
phase1_v2_task_011,1,solver_only,solver_plus_online_generic_intervention,intervention,FileHit@5,1.0,1.0,0.0,Descriptive same-task same-replicate comparison; not a randomized causal estimate.
phase1_v2_task_011,2,solver_only,solver_plus_online_generic_intervention,intervention,FileHit@5,1.0,1.0,0.0,Descriptive same-task same-replicate comparison; not a randomized causal estimate.
phase1_v2_task_011,3,solver_only,solver_plus_online_generic_intervention,intervention,FileHit@5,1.0,1.0,0.0,Descriptive same-task same-replicate comparison; not a randomized causal estimate.
phase1_v2_task_012,1,solver_only,solver_plus_online_generic_intervention,intervention,FileHit@5,1.0,1.0,0.0,Descriptive same-task same-replicate comparison; not a randomized causal estimate.
phase1_v2_task_012,2,solver_only,solver_plus_online_generic_intervention,intervention,FileHit@5,1.0,1.0,0.0,Descriptive same-task same-replicate comparison; not a randomized causal estimate.
phase1_v2_task_013,1,solver_only,solver_plus_online_generic_intervention,intervention,FileHit@5,1.0,1.0,0.0,Descriptive same-task same-replicate comparison; not a randomized causal estimate.
phase1_v2_task_013,2,solver_only,solver_plus_online_generic_intervention,intervention,FileHit@5,1.0,1.0,0.0,Descriptive same-task same-replicate comparison; not a randomized causal estimate.
phase1_v2_task_014,1,solver_only,solver_plus_online_generic_intervention,intervention,FileHit@5,1.0,0.0,-1.0,Descriptive same-task same-replicate comparison; not a randomized causal estimate.
phase1_v2_task_001,1,solver_only,solver_plus_online_generic_intervention,intervention,FileHit@6,1.0,1.0,0.0,Descriptive same-task same-replicate comparison; not a randomized causal estimate.
phase1_v2_task_001,2,solver_only,solver_plus_online_generic_intervention,intervention,FileHit@6,1.0,1.0,0.0,Descriptive same-task same-replicate comparison; not a randomized causal estimate.
phase1_v2_task_001,3,solver_only,solver_plus_online_generic_intervention,intervention,FileHit@6,1.0,1.0,0.0,Descriptive same-task same-replicate comparison; not a randomized causal estimate.
phase1_v2_task_002,1,solver_only,solver_plus_online_generic_intervention,intervention,FileHit@6,1.0,1.0,0.0,Descriptive same-task same-replicate comparison; not a randomized causal estimate.
phase1_v2_task_002,2,solver_only,solver_plus_online_generic_intervention,intervention,FileHit@6,1.0,1.0,0.0,Descriptive same-task same-replicate comparison; not a randomized causal estimate.
phase1_v2_task_003,1,solver_only,solver_plus_online_generic_intervention,intervention,FileHit@6,1.0,1.0,0.0,Descriptive same-task same-replicate comparison; not a randomized causal estimate.
phase1_v2_task_003,2,solver_only,solver_plus_online_generic_intervention,intervention,FileHit@6,1.0,1.0,0.0,Descriptive same-task same-replicate comparison; not a randomized causal estimate.
phase1_v2_task_004,1,solver_only,solver_plus_online_generic_intervention,intervention,FileHit@6,1.0,1.0,0.0,Descriptive same-task same-replicate comparison; not a randomized causal estimate.
phase1_v2_task_004,2,solver_only,solver_plus_online_generic_intervention,intervention,FileHit@6,1.0,1.0,0.0,Descriptive same-task same-replicate comparison; not a randomized causal estimate.
phase1_v2_task_004,3,solver_only,solver_plus_online_generic_intervention,intervention,FileHit@6,1.0,1.0,0.0,Descriptive same-task same-replicate comparison; not a randomized causal estimate.
phase1_v2_task_005,1,solver_only,solver_plus_online_generic_intervention,intervention,FileHit@6,1.0,1.0,0.0,Descriptive same-task same-replicate comparison; not a randomized causal estimate.
phase1_v2_task_005,2,solver_only,solver_plus_online_generic_intervention,intervention,FileHit@6,1.0,1.0,0.0,Descriptive same-task same-replicate comparison; not a randomized causal estimate.
phase1_v2_task_006,1,solver_only,solver_plus_online_generic_intervention,intervention,FileHit@6,1.0,1.0,0.0,Descriptive same-task same-replicate comparison; not a randomized causal estimate.
phase1_v2_task_006,2,solver_only,solver_plus_online_generic_intervention,intervention,FileHit@6,1.0,1.0,0.0,Descriptive same-task same-replicate comparison; not a randomized causal estimate.
phase1_v2_task_007,1,solver_only,solver_plus_online_generic_intervention,intervention,FileHit@6,1.0,1.0,0.0,Descriptive same-task same-replicate comparison; not a randomized causal estimate.
phase1_v2_task_007,2,solver_only,solver_plus_online_generic_intervention,intervention,FileHit@6,1.0,1.0,0.0,Descriptive same-task same-replicate comparison; not a randomized causal estimate.
phase1_v2_task_008,1,solver_only,solver_plus_online_generic_intervention,intervention,FileHit@6,1.0,1.0,0.0,Descriptive same-task same-replicate comparison; not a randomized causal estimate.
phase1_v2_task_008,2,solver_only,solver_plus_online_generic_intervention,intervention,FileHit@6,1.0,1.0,0.0,Descriptive same-task same-replicate comparison; not a randomized causal estimate.
phase1_v2_task_009,1,solver_only,solver_plus_online_generic_intervention,intervention,FileHit@6,1.0,1.0,0.0,Descriptive same-task same-replicate comparison; not a randomized causal estimate.
phase1_v2_task_009,2,solver_only,solver_plus_online_generic_intervention,intervention,FileHit@6,1.0,1.0,0.0,Descriptive same-task same-replicate comparison; not a randomized causal estimate.
phase1_v2_task_010,1,solver_only,solver_plus_online_generic_intervention,intervention,FileHit@6,1.0,1.0,0.0,Descriptive same-task same-replicate comparison; not a randomized causal estimate.
phase1_v2_task_010,2,solver_only,solver_plus_online_generic_intervention,intervention,FileHit@6,1.0,1.0,0.0,Descriptive same-task same-replicate comparison; not a randomized causal estimate.
phase1_v2_task_011,1,solver_only,solver_plus_online_generic_intervention,intervention,FileHit@6,1.0,1.0,0.0,Descriptive same-task same-replicate comparison; not a randomized causal estimate.
phase1_v2_task_011,2,solver_only,solver_plus_online_generic_intervention,intervention,FileHit@6,1.0,1.0,0.0,Descriptive same-task same-replicate comparison; not a randomized causal estimate.
phase1_v2_task_011,3,solver_only,solver_plus_online_generic_intervention,intervention,FileHit@6,1.0,1.0,0.0,Descriptive same-task same-replicate comparison; not a randomized causal estimate.
phase1_v2_task_012,1,solver_only,solver_plus_online_generic_intervention,intervention,FileHit@6,1.0,1.0,0.0,Descriptive same-task same-replicate comparison; not a randomized causal estimate.
phase1_v2_task_012,2,solver_only,solver_plus_online_generic_intervention,intervention,FileHit@6,1.0,1.0,0.0,Descriptive same-task same-replicate comparison; not a randomized causal estimate.
phase1_v2_task_013,1,solver_only,solver_plus_online_generic_intervention,intervention,FileHit@6,1.0,1.0,0.0,Descriptive same-task same-replicate comparison; not a randomized causal estimate.
phase1_v2_task_013,2,solver_only,solver_plus_online_generic_intervention,intervention,FileHit@6,1.0,1.0,0.0,Descriptive same-task same-replicate comparison; not a randomized causal estimate.
phase1_v2_task_014,1,solver_only,solver_plus_online_generic_intervention,intervention,FileHit@6,1.0,0.0,-1.0,Descriptive same-task same-replicate comparison; not a randomized causal estimate.
phase1_v2_task_001,1,solver_only,solver_plus_online_generic_intervention,intervention,MRR@3,1.0,1.0,0.0,Descriptive same-task same-replicate comparison; not a randomized causal estimate.
phase1_v2_task_001,2,solver_only,solver_plus_online_generic_intervention,intervention,MRR@3,1.0,1.0,0.0,Descriptive same-task same-replicate comparison; not a randomized causal estimate.
phase1_v2_task_001,3,solver_only,solver_plus_online_generic_intervention,intervention,MRR@3,1.0,1.0,0.0,Descriptive same-task same-replicate comparison; not a randomized causal estimate.
phase1_v2_task_002,1,solver_only,solver_plus_online_generic_intervention,intervention,MRR@3,1.0,1.0,0.0,Descriptive same-task same-replicate comparison; not a randomized causal estimate.
phase1_v2_task_002,2,solver_only,solver_plus_online_generic_intervention,intervention,MRR@3,1.0,1.0,0.0,Descriptive same-task same-replicate comparison; not a randomized causal estimate.
phase1_v2_task_003,1,solver_only,solver_plus_online_generic_intervention,intervention,MRR@3,1.0,1.0,0.0,Descriptive same-task same-replicate comparison; not a randomized causal estimate.
phase1_v2_task_003,2,solver_only,solver_plus_online_generic_intervention,intervention,MRR@3,1.0,1.0,0.0,Descriptive same-task same-replicate comparison; not a randomized causal estimate.
phase1_v2_task_004,1,solver_only,solver_plus_online_generic_intervention,intervention,MRR@3,1.0,1.0,0.0,Descriptive same-task same-replicate comparison; not a randomized causal estimate.
phase1_v2_task_004,2,solver_only,solver_plus_online_generic_intervention,intervention,MRR@3,1.0,1.0,0.0,Descriptive same-task same-replicate comparison; not a randomized causal estimate.
phase1_v2_task_004,3,solver_only,solver_plus_online_generic_intervention,intervention,MRR@3,1.0,1.0,0.0,Descriptive same-task same-replicate comparison; not a randomized causal estimate.
phase1_v2_task_005,1,solver_only,solver_plus_online_generic_intervention,intervention,MRR@3,1.0,1.0,0.0,Descriptive same-task same-replicate comparison; not a randomized causal estimate.
phase1_v2_task_005,2,solver_only,solver_plus_online_generic_intervention,intervention,MRR@3,1.0,1.0,0.0,Descriptive same-task same-replicate comparison; not a randomized causal estimate.
phase1_v2_task_006,1,solver_only,solver_plus_online_generic_intervention,intervention,MRR@3,1.0,1.0,0.0,Descriptive same-task same-replicate comparison; not a randomized causal estimate.
phase1_v2_task_006,2,solver_only,solver_plus_online_generic_intervention,intervention,MRR@3,1.0,1.0,0.0,Descriptive same-task same-replicate comparison; not a randomized causal estimate.
phase1_v2_task_007,1,solver_only,solver_plus_online_generic_intervention,intervention,MRR@3,1.0,1.0,0.0,Descriptive same-task same-replicate comparison; not a randomized causal estimate.
phase1_v2_task_007,2,solver_only,solver_plus_online_generic_intervention,intervention,MRR@3,1.0,1.0,0.0,Descriptive same-task same-replicate comparison; not a randomized causal estimate.
phase1_v2_task_008,1,solver_only,solver_plus_online_generic_intervention,intervention,MRR@3,1.0,1.0,0.0,Descriptive same-task same-replicate comparison; not a randomized causal estimate.
phase1_v2_task_008,2,solver_only,solver_plus_online_generic_intervention,intervention,MRR@3,1.0,1.0,0.0,Descriptive same-task same-replicate comparison; not a randomized causal estimate.
phase1_v2_task_009,1,solver_only,solver_plus_online_generic_intervention,intervention,MRR@3,1.0,1.0,0.0,Descriptive same-task same-replicate comparison; not a randomized causal estimate.
phase1_v2_task_009,2,solver_only,solver_plus_online_generic_intervention,intervention,MRR@3,1.0,1.0,0.0,Descriptive same-task same-replicate comparison; not a randomized causal estimate.
phase1_v2_task_010,1,solver_only,solver_plus_online_generic_intervention,intervention,MRR@3,1.0,1.0,0.0,Descriptive same-task same-replicate comparison; not a randomized causal estimate.
phase1_v2_task_010,2,solver_only,solver_plus_online_generic_intervention,intervention,MRR@3,1.0,1.0,0.0,Descriptive same-task same-replicate comparison; not a randomized causal estimate.
phase1_v2_task_011,1,solver_only,solver_plus_online_generic_intervention,intervention,MRR@3,1.0,1.0,0.0,Descriptive same-task same-replicate comparison; not a randomized causal estimate.
phase1_v2_task_011,2,solver_only,solver_plus_online_generic_intervention,intervention,MRR@3,1.0,1.0,0.0,Descriptive same-task same-replicate comparison; not a randomized causal estimate.
phase1_v2_task_011,3,solver_only,solver_plus_online_generic_intervention,intervention,MRR@3,1.0,1.0,0.0,Descriptive same-task same-replicate comparison; not a randomized causal estimate.
phase1_v2_task_012,1,solver_only,solver_plus_online_generic_intervention,intervention,MRR@3,1.0,1.0,0.0,Descriptive same-task same-replicate comparison; not a randomized causal estimate.
phase1_v2_task_012,2,solver_only,solver_plus_online_generic_intervention,intervention,MRR@3,1.0,1.0,0.0,Descriptive same-task same-replicate comparison; not a randomized causal estimate.
phase1_v2_task_013,1,solver_only,solver_plus_online_generic_intervention,intervention,MRR@3,1.0,1.0,0.0,Descriptive same-task same-replicate comparison; not a randomized causal estimate.
phase1_v2_task_013,2,solver_only,solver_plus_online_generic_intervention,intervention,MRR@3,1.0,1.0,0.0,Descriptive same-task same-replicate comparison; not a randomized causal estimate.
phase1_v2_task_014,1,solver_only,solver_plus_online_generic_intervention,intervention,MRR@3,1.0,0.0,-1.0,Descriptive same-task same-replicate comparison; not a randomized causal estimate.
phase1_v2_task_001,1,solver_only,solver_plus_online_generic_intervention,intervention,MultiFileRecall@6,0.25,0.25,0.0,Descriptive same-task same-replicate comparison; not a randomized causal estimate.
phase1_v2_task_001,2,solver_only,solver_plus_online_generic_intervention,intervention,MultiFileRecall@6,0.25,0.25,0.0,Descriptive same-task same-replicate comparison; not a randomized causal estimate.
phase1_v2_task_001,3,solver_only,solver_plus_online_generic_intervention,intervention,MultiFileRecall@6,0.5,0.5,0.0,Descriptive same-task same-replicate comparison; not a randomized causal estimate.
phase1_v2_task_002,1,solver_only,solver_plus_online_generic_intervention,intervention,MultiFileRecall@6,0.5,0.5,0.0,Descriptive same-task same-replicate comparison; not a randomized causal estimate.
phase1_v2_task_002,2,solver_only,solver_plus_online_generic_intervention,intervention,MultiFileRecall@6,0.5,0.5,0.0,Descriptive same-task same-replicate comparison; not a randomized causal estimate.
phase1_v2_task_003,1,solver_only,solver_plus_online_generic_intervention,intervention,MultiFileRecall@6,0.285714,0.142857,-0.142857,Descriptive same-task same-replicate comparison; not a randomized causal estimate.
phase1_v2_task_003,2,solver_only,solver_plus_online_generic_intervention,intervention,MultiFileRecall@6,0.142857,0.285714,0.142857,Descriptive same-task same-replicate comparison; not a randomized causal estimate.
phase1_v2_task_004,1,solver_only,solver_plus_online_generic_intervention,intervention,MultiFileRecall@6,0.25,0.25,0.0,Descriptive same-task same-replicate comparison; not a randomized causal estimate.
phase1_v2_task_004,2,solver_only,solver_plus_online_generic_intervention,intervention,MultiFileRecall@6,0.25,0.25,0.0,Descriptive same-task same-replicate comparison; not a randomized causal estimate.
phase1_v2_task_004,3,solver_only,solver_plus_online_generic_intervention,intervention,MultiFileRecall@6,0.25,0.25,0.0,Descriptive same-task same-replicate comparison; not a randomized causal estimate.
phase1_v2_task_005,1,solver_only,solver_plus_online_generic_intervention,intervention,MultiFileRecall@6,0.5,0.5,0.0,Descriptive same-task same-replicate comparison; not a randomized causal estimate.
phase1_v2_task_005,2,solver_only,solver_plus_online_generic_intervention,intervention,MultiFileRecall@6,0.5,0.5,0.0,Descriptive same-task same-replicate comparison; not a randomized causal estimate.
phase1_v2_task_006,1,solver_only,solver_plus_online_generic_intervention,intervention,MultiFileRecall@6,1.0,1.0,0.0,Descriptive same-task same-replicate comparison; not a randomized causal estimate.
phase1_v2_task_006,2,solver_only,solver_plus_online_generic_intervention,intervention,MultiFileRecall@6,1.0,1.0,0.0,Descriptive same-task same-replicate comparison; not a randomized causal estimate.
phase1_v2_task_007,1,solver_only,solver_plus_online_generic_intervention,intervention,MultiFileRecall@6,0.5,0.5,0.0,Descriptive same-task same-replicate comparison; not a randomized causal estimate.
phase1_v2_task_007,2,solver_only,solver_plus_online_generic_intervention,intervention,MultiFileRecall@6,0.5,0.5,0.0,Descriptive same-task same-replicate comparison; not a randomized causal estimate.
phase1_v2_task_008,1,solver_only,solver_plus_online_generic_intervention,intervention,MultiFileRecall@6,0.4,0.4,0.0,Descriptive same-task same-replicate comparison; not a randomized causal estimate.
phase1_v2_task_008,2,solver_only,solver_plus_online_generic_intervention,intervention,MultiFileRecall@6,0.4,0.4,0.0,Descriptive same-task same-replicate comparison; not a randomized causal estimate.
phase1_v2_task_009,1,solver_only,solver_plus_online_generic_intervention,intervention,MultiFileRecall@6,0.5,0.5,0.0,Descriptive same-task same-replicate comparison; not a randomized causal estimate.
phase1_v2_task_009,2,solver_only,solver_plus_online_generic_intervention,intervention,MultiFileRecall@6,0.5,0.5,0.0,Descriptive same-task same-replicate comparison; not a randomized causal estimate.
phase1_v2_task_010,1,solver_only,solver_plus_online_generic_intervention,intervention,MultiFileRecall@6,0.5,0.5,0.0,Descriptive same-task same-replicate comparison; not a randomized causal estimate.
phase1_v2_task_010,2,solver_only,solver_plus_online_generic_intervention,intervention,MultiFileRecall@6,0.5,0.5,0.0,Descriptive same-task same-replicate comparison; not a randomized causal estimate.
phase1_v2_task_011,1,solver_only,solver_plus_online_generic_intervention,intervention,MultiFileRecall@6,0.571429,0.571429,0.0,Descriptive same-task same-replicate comparison; not a randomized causal estimate.
phase1_v2_task_011,2,solver_only,solver_plus_online_generic_intervention,intervention,MultiFileRecall@6,0.571429,0.428571,-0.142858,Descriptive same-task same-replicate comparison; not a randomized causal estimate.
phase1_v2_task_011,3,solver_only,solver_plus_online_generic_intervention,intervention,MultiFileRecall@6,0.571429,0.714286,0.142857,Descriptive same-task same-replicate comparison; not a randomized causal estimate.
phase1_v2_task_012,1,solver_only,solver_plus_online_generic_intervention,intervention,MultiFileRecall@6,0.5,0.5,0.0,Descriptive same-task same-replicate comparison; not a randomized causal estimate.
phase1_v2_task_012,2,solver_only,solver_plus_online_generic_intervention,intervention,MultiFileRecall@6,0.5,0.5,0.0,Descriptive same-task same-replicate comparison; not a randomized causal estimate.
phase1_v2_task_013,1,solver_only,solver_plus_online_generic_intervention,intervention,MultiFileRecall@6,0.25,0.25,0.0,Descriptive same-task same-replicate comparison; not a randomized causal estimate.
phase1_v2_task_013,2,solver_only,solver_plus_online_generic_intervention,intervention,MultiFileRecall@6,0.25,0.25,0.0,Descriptive same-task same-replicate comparison; not a randomized causal estimate.
phase1_v2_task_014,1,solver_only,solver_plus_online_generic_intervention,intervention,MultiFileRecall@6,0.666667,0.0,-0.666667,Descriptive same-task same-replicate comparison; not a randomized causal estimate.
phase1_v2_task_001,1,solver_only,solver_plus_evidence_grounded_intervention,raw,FileHit@1,1.0,1.0,0.0,Descriptive same-task same-replicate comparison; not a randomized causal estimate.
phase1_v2_task_001,2,solver_only,solver_plus_evidence_grounded_intervention,raw,FileHit@1,1.0,1.0,0.0,Descriptive same-task same-replicate comparison; not a randomized causal estimate.
phase1_v2_task_001,3,solver_only,solver_plus_evidence_grounded_intervention,raw,FileHit@1,1.0,1.0,0.0,Descriptive same-task same-replicate comparison; not a randomized causal estimate.
phase1_v2_task_002,1,solver_only,solver_plus_evidence_grounded_intervention,raw,FileHit@1,1.0,1.0,0.0,Descriptive same-task same-replicate comparison; not a randomized causal estimate.
phase1_v2_task_002,2,solver_only,solver_plus_evidence_grounded_intervention,raw,FileHit@1,1.0,1.0,0.0,Descriptive same-task same-replicate comparison; not a randomized causal estimate.
phase1_v2_task_003,1,solver_only,solver_plus_evidence_grounded_intervention,raw,FileHit@1,1.0,1.0,0.0,Descriptive same-task same-replicate comparison; not a randomized causal estimate.
phase1_v2_task_003,2,solver_only,solver_plus_evidence_grounded_intervention,raw,FileHit@1,1.0,1.0,0.0,Descriptive same-task same-replicate comparison; not a randomized causal estimate.
phase1_v2_task_004,1,solver_only,solver_plus_evidence_grounded_intervention,raw,FileHit@1,1.0,1.0,0.0,Descriptive same-task same-replicate comparison; not a randomized causal estimate.
phase1_v2_task_004,2,solver_only,solver_plus_evidence_grounded_intervention,raw,FileHit@1,1.0,1.0,0.0,Descriptive same-task same-replicate comparison; not a randomized causal estimate.
phase1_v2_task_004,3,solver_only,solver_plus_evidence_grounded_intervention,raw,FileHit@1,1.0,1.0,0.0,Descriptive same-task same-replicate comparison; not a randomized causal estimate.
phase1_v2_task_005,1,solver_only,solver_plus_evidence_grounded_intervention,raw,FileHit@1,1.0,1.0,0.0,Descriptive same-task same-replicate comparison; not a randomized causal estimate.
phase1_v2_task_005,2,solver_only,solver_plus_evidence_grounded_intervention,raw,FileHit@1,1.0,1.0,0.0,Descriptive same-task same-replicate comparison; not a randomized causal estimate.
phase1_v2_task_006,1,solver_only,solver_plus_evidence_grounded_intervention,raw,FileHit@1,1.0,1.0,0.0,Descriptive same-task same-replicate comparison; not a randomized causal estimate.
phase1_v2_task_006,2,solver_only,solver_plus_evidence_grounded_intervention,raw,FileHit@1,1.0,1.0,0.0,Descriptive same-task same-replicate comparison; not a randomized causal estimate.
phase1_v2_task_007,1,solver_only,solver_plus_evidence_grounded_intervention,raw,FileHit@1,1.0,1.0,0.0,Descriptive same-task same-replicate comparison; not a randomized causal estimate.
phase1_v2_task_007,2,solver_only,solver_plus_evidence_grounded_intervention,raw,FileHit@1,1.0,0.0,-1.0,Descriptive same-task same-replicate comparison; not a randomized causal estimate.
phase1_v2_task_008,1,solver_only,solver_plus_evidence_grounded_intervention,raw,FileHit@1,1.0,1.0,0.0,Descriptive same-task same-replicate comparison; not a randomized causal estimate.
phase1_v2_task_008,2,solver_only,solver_plus_evidence_grounded_intervention,raw,FileHit@1,1.0,1.0,0.0,Descriptive same-task same-replicate comparison; not a randomized causal estimate.
phase1_v2_task_009,1,solver_only,solver_plus_evidence_grounded_intervention,raw,FileHit@1,1.0,1.0,0.0,Descriptive same-task same-replicate comparison; not a randomized causal estimate.
phase1_v2_task_009,2,solver_only,solver_plus_evidence_grounded_intervention,raw,FileHit@1,1.0,1.0,0.0,Descriptive same-task same-replicate comparison; not a randomized causal estimate.
phase1_v2_task_010,1,solver_only,solver_plus_evidence_grounded_intervention,raw,FileHit@1,1.0,1.0,0.0,Descriptive same-task same-replicate comparison; not a randomized causal estimate.
phase1_v2_task_010,2,solver_only,solver_plus_evidence_grounded_intervention,raw,FileHit@1,1.0,1.0,0.0,Descriptive same-task same-replicate comparison; not a randomized causal estimate.
phase1_v2_task_011,1,solver_only,solver_plus_evidence_grounded_intervention,raw,FileHit@1,1.0,1.0,0.0,Descriptive same-task same-replicate comparison; not a randomized causal estimate.
phase1_v2_task_011,2,solver_only,solver_plus_evidence_grounded_intervention,raw,FileHit@1,1.0,1.0,0.0,Descriptive same-task same-replicate comparison; not a randomized causal estimate.
phase1_v2_task_011,3,solver_only,solver_plus_evidence_grounded_intervention,raw,FileHit@1,1.0,1.0,0.0,Descriptive same-task same-replicate comparison; not a randomized causal estimate.
phase1_v2_task_012,1,solver_only,solver_plus_evidence_grounded_intervention,raw,FileHit@1,1.0,1.0,0.0,Descriptive same-task same-replicate comparison; not a randomized causal estimate.
phase1_v2_task_012,2,solver_only,solver_plus_evidence_grounded_intervention,raw,FileHit@1,1.0,1.0,0.0,Descriptive same-task same-replicate comparison; not a randomized causal estimate.
phase1_v2_task_013,1,solver_only,solver_plus_evidence_grounded_intervention,raw,FileHit@1,1.0,1.0,0.0,Descriptive same-task same-replicate comparison; not a randomized causal estimate.
phase1_v2_task_013,2,solver_only,solver_plus_evidence_grounded_intervention,raw,FileHit@1,1.0,1.0,0.0,Descriptive same-task same-replicate comparison; not a randomized causal estimate.
phase1_v2_task_014,1,solver_only,solver_plus_evidence_grounded_intervention,raw,FileHit@1,1.0,1.0,0.0,Descriptive same-task same-replicate comparison; not a randomized causal estimate.
phase1_v2_task_001,1,solver_only,solver_plus_evidence_grounded_intervention,raw,FileHit@3,1.0,1.0,0.0,Descriptive same-task same-replicate comparison; not a randomized causal estimate.
phase1_v2_task_001,2,solver_only,solver_plus_evidence_grounded_intervention,raw,FileHit@3,1.0,1.0,0.0,Descriptive same-task same-replicate comparison; not a randomized causal estimate.
phase1_v2_task_001,3,solver_only,solver_plus_evidence_grounded_intervention,raw,FileHit@3,1.0,1.0,0.0,Descriptive same-task same-replicate comparison; not a randomized causal estimate.
phase1_v2_task_002,1,solver_only,solver_plus_evidence_grounded_intervention,raw,FileHit@3,1.0,1.0,0.0,Descriptive same-task same-replicate comparison; not a randomized causal estimate.
phase1_v2_task_002,2,solver_only,solver_plus_evidence_grounded_intervention,raw,FileHit@3,1.0,1.0,0.0,Descriptive same-task same-replicate comparison; not a randomized causal estimate.
phase1_v2_task_003,1,solver_only,solver_plus_evidence_grounded_intervention,raw,FileHit@3,1.0,1.0,0.0,Descriptive same-task same-replicate comparison; not a randomized causal estimate.
phase1_v2_task_003,2,solver_only,solver_plus_evidence_grounded_intervention,raw,FileHit@3,1.0,1.0,0.0,Descriptive same-task same-replicate comparison; not a randomized causal estimate.
phase1_v2_task_004,1,solver_only,solver_plus_evidence_grounded_intervention,raw,FileHit@3,1.0,1.0,0.0,Descriptive same-task same-replicate comparison; not a randomized causal estimate.
phase1_v2_task_004,2,solver_only,solver_plus_evidence_grounded_intervention,raw,FileHit@3,1.0,1.0,0.0,Descriptive same-task same-replicate comparison; not a randomized causal estimate.
phase1_v2_task_004,3,solver_only,solver_plus_evidence_grounded_intervention,raw,FileHit@3,1.0,1.0,0.0,Descriptive same-task same-replicate comparison; not a randomized causal estimate.
phase1_v2_task_005,1,solver_only,solver_plus_evidence_grounded_intervention,raw,FileHit@3,1.0,1.0,0.0,Descriptive same-task same-replicate comparison; not a randomized causal estimate.
phase1_v2_task_005,2,solver_only,solver_plus_evidence_grounded_intervention,raw,FileHit@3,1.0,1.0,0.0,Descriptive same-task same-replicate comparison; not a randomized causal estimate.
phase1_v2_task_006,1,solver_only,solver_plus_evidence_grounded_intervention,raw,FileHit@3,1.0,1.0,0.0,Descriptive same-task same-replicate comparison; not a randomized causal estimate.
phase1_v2_task_006,2,solver_only,solver_plus_evidence_grounded_intervention,raw,FileHit@3,1.0,1.0,0.0,Descriptive same-task same-replicate comparison; not a randomized causal estimate.
phase1_v2_task_007,1,solver_only,solver_plus_evidence_grounded_intervention,raw,FileHit@3,1.0,1.0,0.0,Descriptive same-task same-replicate comparison; not a randomized causal estimate.
phase1_v2_task_007,2,solver_only,solver_plus_evidence_grounded_intervention,raw,FileHit@3,1.0,1.0,0.0,Descriptive same-task same-replicate comparison; not a randomized causal estimate.
phase1_v2_task_008,1,solver_only,solver_plus_evidence_grounded_intervention,raw,FileHit@3,1.0,1.0,0.0,Descriptive same-task same-replicate comparison; not a randomized causal estimate.
phase1_v2_task_008,2,solver_only,solver_plus_evidence_grounded_intervention,raw,FileHit@3,1.0,1.0,0.0,Descriptive same-task same-replicate comparison; not a randomized causal estimate.
phase1_v2_task_009,1,solver_only,solver_plus_evidence_grounded_intervention,raw,FileHit@3,1.0,1.0,0.0,Descriptive same-task same-replicate comparison; not a randomized causal estimate.
phase1_v2_task_009,2,solver_only,solver_plus_evidence_grounded_intervention,raw,FileHit@3,1.0,1.0,0.0,Descriptive same-task same-replicate comparison; not a randomized causal estimate.
phase1_v2_task_010,1,solver_only,solver_plus_evidence_grounded_intervention,raw,FileHit@3,1.0,1.0,0.0,Descriptive same-task same-replicate comparison; not a randomized causal estimate.
phase1_v2_task_010,2,solver_only,solver_plus_evidence_grounded_intervention,raw,FileHit@3,1.0,1.0,0.0,Descriptive same-task same-replicate comparison; not a randomized causal estimate.
phase1_v2_task_011,1,solver_only,solver_plus_evidence_grounded_intervention,raw,FileHit@3,1.0,1.0,0.0,Descriptive same-task same-replicate comparison; not a randomized causal estimate.
phase1_v2_task_011,2,solver_only,solver_plus_evidence_grounded_intervention,raw,FileHit@3,1.0,1.0,0.0,Descriptive same-task same-replicate comparison; not a randomized causal estimate.
phase1_v2_task_011,3,solver_only,solver_plus_evidence_grounded_intervention,raw,FileHit@3,1.0,1.0,0.0,Descriptive same-task same-replicate comparison; not a randomized causal estimate.
phase1_v2_task_012,1,solver_only,solver_plus_evidence_grounded_intervention,raw,FileHit@3,1.0,1.0,0.0,Descriptive same-task same-replicate comparison; not a randomized causal estimate.
phase1_v2_task_012,2,solver_only,solver_plus_evidence_grounded_intervention,raw,FileHit@3,1.0,1.0,0.0,Descriptive same-task same-replicate comparison; not a randomized causal estimate.
phase1_v2_task_013,1,solver_only,solver_plus_evidence_grounded_intervention,raw,FileHit@3,1.0,1.0,0.0,Descriptive same-task same-replicate comparison; not a randomized causal estimate.
phase1_v2_task_013,2,solver_only,solver_plus_evidence_grounded_intervention,raw,FileHit@3,1.0,1.0,0.0,Descriptive same-task same-replicate comparison; not a randomized causal estimate.
phase1_v2_task_014,1,solver_only,solver_plus_evidence_grounded_intervention,raw,FileHit@3,1.0,1.0,0.0,Descriptive same-task same-replicate comparison; not a randomized causal estimate.
phase1_v2_task_001,1,solver_only,solver_plus_evidence_grounded_intervention,raw,FileHit@5,1.0,1.0,0.0,Descriptive same-task same-replicate comparison; not a randomized causal estimate.
phase1_v2_task_001,2,solver_only,solver_plus_evidence_grounded_intervention,raw,FileHit@5,1.0,1.0,0.0,Descriptive same-task same-replicate comparison; not a randomized causal estimate.
phase1_v2_task_001,3,solver_only,solver_plus_evidence_grounded_intervention,raw,FileHit@5,1.0,1.0,0.0,Descriptive same-task same-replicate comparison; not a randomized causal estimate.
phase1_v2_task_002,1,solver_only,solver_plus_evidence_grounded_intervention,raw,FileHit@5,1.0,1.0,0.0,Descriptive same-task same-replicate comparison; not a randomized causal estimate.
phase1_v2_task_002,2,solver_only,solver_plus_evidence_grounded_intervention,raw,FileHit@5,1.0,1.0,0.0,Descriptive same-task same-replicate comparison; not a randomized causal estimate.
phase1_v2_task_003,1,solver_only,solver_plus_evidence_grounded_intervention,raw,FileHit@5,1.0,1.0,0.0,Descriptive same-task same-replicate comparison; not a randomized causal estimate.
phase1_v2_task_003,2,solver_only,solver_plus_evidence_grounded_intervention,raw,FileHit@5,1.0,1.0,0.0,Descriptive same-task same-replicate comparison; not a randomized causal estimate.
phase1_v2_task_004,1,solver_only,solver_plus_evidence_grounded_intervention,raw,FileHit@5,1.0,1.0,0.0,Descriptive same-task same-replicate comparison; not a randomized causal estimate.
phase1_v2_task_004,2,solver_only,solver_plus_evidence_grounded_intervention,raw,FileHit@5,1.0,1.0,0.0,Descriptive same-task same-replicate comparison; not a randomized causal estimate.
phase1_v2_task_004,3,solver_only,solver_plus_evidence_grounded_intervention,raw,FileHit@5,1.0,1.0,0.0,Descriptive same-task same-replicate comparison; not a randomized causal estimate.
phase1_v2_task_005,1,solver_only,solver_plus_evidence_grounded_intervention,raw,FileHit@5,1.0,1.0,0.0,Descriptive same-task same-replicate comparison; not a randomized causal estimate.
phase1_v2_task_005,2,solver_only,solver_plus_evidence_grounded_intervention,raw,FileHit@5,1.0,1.0,0.0,Descriptive same-task same-replicate comparison; not a randomized causal estimate.
phase1_v2_task_006,1,solver_only,solver_plus_evidence_grounded_intervention,raw,FileHit@5,1.0,1.0,0.0,Descriptive same-task same-replicate comparison; not a randomized causal estimate.
phase1_v2_task_006,2,solver_only,solver_plus_evidence_grounded_intervention,raw,FileHit@5,1.0,1.0,0.0,Descriptive same-task same-replicate comparison; not a randomized causal estimate.
phase1_v2_task_007,1,solver_only,solver_plus_evidence_grounded_intervention,raw,FileHit@5,1.0,1.0,0.0,Descriptive same-task same-replicate comparison; not a randomized causal estimate.
phase1_v2_task_007,2,solver_only,solver_plus_evidence_grounded_intervention,raw,FileHit@5,1.0,1.0,0.0,Descriptive same-task same-replicate comparison; not a randomized causal estimate.
phase1_v2_task_008,1,solver_only,solver_plus_evidence_grounded_intervention,raw,FileHit@5,1.0,1.0,0.0,Descriptive same-task same-replicate comparison; not a randomized causal estimate.
phase1_v2_task_008,2,solver_only,solver_plus_evidence_grounded_intervention,raw,FileHit@5,1.0,1.0,0.0,Descriptive same-task same-replicate comparison; not a randomized causal estimate.
phase1_v2_task_009,1,solver_only,solver_plus_evidence_grounded_intervention,raw,FileHit@5,1.0,1.0,0.0,Descriptive same-task same-replicate comparison; not a randomized causal estimate.
phase1_v2_task_009,2,solver_only,solver_plus_evidence_grounded_intervention,raw,FileHit@5,1.0,1.0,0.0,Descriptive same-task same-replicate comparison; not a randomized causal estimate.
phase1_v2_task_010,1,solver_only,solver_plus_evidence_grounded_intervention,raw,FileHit@5,1.0,1.0,0.0,Descriptive same-task same-replicate comparison; not a randomized causal estimate.
phase1_v2_task_010,2,solver_only,solver_plus_evidence_grounded_intervention,raw,FileHit@5,1.0,1.0,0.0,Descriptive same-task same-replicate comparison; not a randomized causal estimate.
phase1_v2_task_011,1,solver_only,solver_plus_evidence_grounded_intervention,raw,FileHit@5,1.0,1.0,0.0,Descriptive same-task same-replicate comparison; not a randomized causal estimate.
phase1_v2_task_011,2,solver_only,solver_plus_evidence_grounded_intervention,raw,FileHit@5,1.0,1.0,0.0,Descriptive same-task same-replicate comparison; not a randomized causal estimate.
phase1_v2_task_011,3,solver_only,solver_plus_evidence_grounded_intervention,raw,FileHit@5,1.0,1.0,0.0,Descriptive same-task same-replicate comparison; not a randomized causal estimate.
phase1_v2_task_012,1,solver_only,solver_plus_evidence_grounded_intervention,raw,FileHit@5,1.0,1.0,0.0,Descriptive same-task same-replicate comparison; not a randomized causal estimate.
phase1_v2_task_012,2,solver_only,solver_plus_evidence_grounded_intervention,raw,FileHit@5,1.0,1.0,0.0,Descriptive same-task same-replicate comparison; not a randomized causal estimate.
phase1_v2_task_013,1,solver_only,solver_plus_evidence_grounded_intervention,raw,FileHit@5,1.0,1.0,0.0,Descriptive same-task same-replicate comparison; not a randomized causal estimate.
phase1_v2_task_013,2,solver_only,solver_plus_evidence_grounded_intervention,raw,FileHit@5,1.0,1.0,0.0,Descriptive same-task same-replicate comparison; not a randomized causal estimate.
phase1_v2_task_014,1,solver_only,solver_plus_evidence_grounded_intervention,raw,FileHit@5,1.0,1.0,0.0,Descriptive same-task same-replicate comparison; not a randomized causal estimate.
phase1_v2_task_001,1,solver_only,solver_plus_evidence_grounded_intervention,raw,FileHit@6,1.0,1.0,0.0,Descriptive same-task same-replicate comparison; not a randomized causal estimate.
phase1_v2_task_001,2,solver_only,solver_plus_evidence_grounded_intervention,raw,FileHit@6,1.0,1.0,0.0,Descriptive same-task same-replicate comparison; not a randomized causal estimate.
phase1_v2_task_001,3,solver_only,solver_plus_evidence_grounded_intervention,raw,FileHit@6,1.0,1.0,0.0,Descriptive same-task same-replicate comparison; not a randomized causal estimate.
phase1_v2_task_002,1,solver_only,solver_plus_evidence_grounded_intervention,raw,FileHit@6,1.0,1.0,0.0,Descriptive same-task same-replicate comparison; not a randomized causal estimate.
phase1_v2_task_002,2,solver_only,solver_plus_evidence_grounded_intervention,raw,FileHit@6,1.0,1.0,0.0,Descriptive same-task same-replicate comparison; not a randomized causal estimate.
phase1_v2_task_003,1,solver_only,solver_plus_evidence_grounded_intervention,raw,FileHit@6,1.0,1.0,0.0,Descriptive same-task same-replicate comparison; not a randomized causal estimate.
phase1_v2_task_003,2,solver_only,solver_plus_evidence_grounded_intervention,raw,FileHit@6,1.0,1.0,0.0,Descriptive same-task same-replicate comparison; not a randomized causal estimate.
phase1_v2_task_004,1,solver_only,solver_plus_evidence_grounded_intervention,raw,FileHit@6,1.0,1.0,0.0,Descriptive same-task same-replicate comparison; not a randomized causal estimate.
phase1_v2_task_004,2,solver_only,solver_plus_evidence_grounded_intervention,raw,FileHit@6,1.0,1.0,0.0,Descriptive same-task same-replicate comparison; not a randomized causal estimate.
phase1_v2_task_004,3,solver_only,solver_plus_evidence_grounded_intervention,raw,FileHit@6,1.0,1.0,0.0,Descriptive same-task same-replicate comparison; not a randomized causal estimate.
phase1_v2_task_005,1,solver_only,solver_plus_evidence_grounded_intervention,raw,FileHit@6,1.0,1.0,0.0,Descriptive same-task same-replicate comparison; not a randomized causal estimate.
phase1_v2_task_005,2,solver_only,solver_plus_evidence_grounded_intervention,raw,FileHit@6,1.0,1.0,0.0,Descriptive same-task same-replicate comparison; not a randomized causal estimate.
phase1_v2_task_006,1,solver_only,solver_plus_evidence_grounded_intervention,raw,FileHit@6,1.0,1.0,0.0,Descriptive same-task same-replicate comparison; not a randomized causal estimate.
phase1_v2_task_006,2,solver_only,solver_plus_evidence_grounded_intervention,raw,FileHit@6,1.0,1.0,0.0,Descriptive same-task same-replicate comparison; not a randomized causal estimate.
phase1_v2_task_007,1,solver_only,solver_plus_evidence_grounded_intervention,raw,FileHit@6,1.0,1.0,0.0,Descriptive same-task same-replicate comparison; not a randomized causal estimate.
phase1_v2_task_007,2,solver_only,solver_plus_evidence_grounded_intervention,raw,FileHit@6,1.0,1.0,0.0,Descriptive same-task same-replicate comparison; not a randomized causal estimate.
phase1_v2_task_008,1,solver_only,solver_plus_evidence_grounded_intervention,raw,FileHit@6,1.0,1.0,0.0,Descriptive same-task same-replicate comparison; not a randomized causal estimate.
phase1_v2_task_008,2,solver_only,solver_plus_evidence_grounded_intervention,raw,FileHit@6,1.0,1.0,0.0,Descriptive same-task same-replicate comparison; not a randomized causal estimate.
phase1_v2_task_009,1,solver_only,solver_plus_evidence_grounded_intervention,raw,FileHit@6,1.0,1.0,0.0,Descriptive same-task same-replicate comparison; not a randomized causal estimate.
phase1_v2_task_009,2,solver_only,solver_plus_evidence_grounded_intervention,raw,FileHit@6,1.0,1.0,0.0,Descriptive same-task same-replicate comparison; not a randomized causal estimate.
phase1_v2_task_010,1,solver_only,solver_plus_evidence_grounded_intervention,raw,FileHit@6,1.0,1.0,0.0,Descriptive same-task same-replicate comparison; not a randomized causal estimate.
phase1_v2_task_010,2,solver_only,solver_plus_evidence_grounded_intervention,raw,FileHit@6,1.0,1.0,0.0,Descriptive same-task same-replicate comparison; not a randomized causal estimate.
phase1_v2_task_011,1,solver_only,solver_plus_evidence_grounded_intervention,raw,FileHit@6,1.0,1.0,0.0,Descriptive same-task same-replicate comparison; not a randomized causal estimate.
phase1_v2_task_011,2,solver_only,solver_plus_evidence_grounded_intervention,raw,FileHit@6,1.0,1.0,0.0,Descriptive same-task same-replicate comparison; not a randomized causal estimate.
phase1_v2_task_011,3,solver_only,solver_plus_evidence_grounded_intervention,raw,FileHit@6,1.0,1.0,0.0,Descriptive same-task same-replicate comparison; not a randomized causal estimate.
phase1_v2_task_012,1,solver_only,solver_plus_evidence_grounded_intervention,raw,FileHit@6,1.0,1.0,0.0,Descriptive same-task same-replicate comparison; not a randomized causal estimate.
phase1_v2_task_012,2,solver_only,solver_plus_evidence_grounded_intervention,raw,FileHit@6,1.0,1.0,0.0,Descriptive same-task same-replicate comparison; not a randomized causal estimate.
phase1_v2_task_013,1,solver_only,solver_plus_evidence_grounded_intervention,raw,FileHit@6,1.0,1.0,0.0,Descriptive same-task same-replicate comparison; not a randomized causal estimate.
phase1_v2_task_013,2,solver_only,solver_plus_evidence_grounded_intervention,raw,FileHit@6,1.0,1.0,0.0,Descriptive same-task same-replicate comparison; not a randomized causal estimate.
phase1_v2_task_014,1,solver_only,solver_plus_evidence_grounded_intervention,raw,FileHit@6,1.0,1.0,0.0,Descriptive same-task same-replicate comparison; not a randomized causal estimate.
phase1_v2_task_001,1,solver_only,solver_plus_evidence_grounded_intervention,raw,MRR@3,1.0,1.0,0.0,Descriptive same-task same-replicate comparison; not a randomized causal estimate.
phase1_v2_task_001,2,solver_only,solver_plus_evidence_grounded_intervention,raw,MRR@3,1.0,1.0,0.0,Descriptive same-task same-replicate comparison; not a randomized causal estimate.
phase1_v2_task_001,3,solver_only,solver_plus_evidence_grounded_intervention,raw,MRR@3,1.0,1.0,0.0,Descriptive same-task same-replicate comparison; not a randomized causal estimate.
phase1_v2_task_002,1,solver_only,solver_plus_evidence_grounded_intervention,raw,MRR@3,1.0,1.0,0.0,Descriptive same-task same-replicate comparison; not a randomized causal estimate.
phase1_v2_task_002,2,solver_only,solver_plus_evidence_grounded_intervention,raw,MRR@3,1.0,1.0,0.0,Descriptive same-task same-replicate comparison; not a randomized causal estimate.
phase1_v2_task_003,1,solver_only,solver_plus_evidence_grounded_intervention,raw,MRR@3,1.0,1.0,0.0,Descriptive same-task same-replicate comparison; not a randomized causal estimate.
phase1_v2_task_003,2,solver_only,solver_plus_evidence_grounded_intervention,raw,MRR@3,1.0,1.0,0.0,Descriptive same-task same-replicate comparison; not a randomized causal estimate.
phase1_v2_task_004,1,solver_only,solver_plus_evidence_grounded_intervention,raw,MRR@3,1.0,1.0,0.0,Descriptive same-task same-replicate comparison; not a randomized causal estimate.
phase1_v2_task_004,2,solver_only,solver_plus_evidence_grounded_intervention,raw,MRR@3,1.0,1.0,0.0,Descriptive same-task same-replicate comparison; not a randomized causal estimate.
phase1_v2_task_004,3,solver_only,solver_plus_evidence_grounded_intervention,raw,MRR@3,1.0,1.0,0.0,Descriptive same-task same-replicate comparison; not a randomized causal estimate.
phase1_v2_task_005,1,solver_only,solver_plus_evidence_grounded_intervention,raw,MRR@3,1.0,1.0,0.0,Descriptive same-task same-replicate comparison; not a randomized causal estimate.
phase1_v2_task_005,2,solver_only,solver_plus_evidence_grounded_intervention,raw,MRR@3,1.0,1.0,0.0,Descriptive same-task same-replicate comparison; not a randomized causal estimate.
phase1_v2_task_006,1,solver_only,solver_plus_evidence_grounded_intervention,raw,MRR@3,1.0,1.0,0.0,Descriptive same-task same-replicate comparison; not a randomized causal estimate.
phase1_v2_task_006,2,solver_only,solver_plus_evidence_grounded_intervention,raw,MRR@3,1.0,1.0,0.0,Descriptive same-task same-replicate comparison; not a randomized causal estimate.
phase1_v2_task_007,1,solver_only,solver_plus_evidence_grounded_intervention,raw,MRR@3,1.0,1.0,0.0,Descriptive same-task same-replicate comparison; not a randomized causal estimate.
phase1_v2_task_007,2,solver_only,solver_plus_evidence_grounded_intervention,raw,MRR@3,1.0,0.5,-0.5,Descriptive same-task same-replicate comparison; not a randomized causal estimate.
phase1_v2_task_008,1,solver_only,solver_plus_evidence_grounded_intervention,raw,MRR@3,1.0,1.0,0.0,Descriptive same-task same-replicate comparison; not a randomized causal estimate.
phase1_v2_task_008,2,solver_only,solver_plus_evidence_grounded_intervention,raw,MRR@3,1.0,1.0,0.0,Descriptive same-task same-replicate comparison; not a randomized causal estimate.
phase1_v2_task_009,1,solver_only,solver_plus_evidence_grounded_intervention,raw,MRR@3,1.0,1.0,0.0,Descriptive same-task same-replicate comparison; not a randomized causal estimate.
phase1_v2_task_009,2,solver_only,solver_plus_evidence_grounded_intervention,raw,MRR@3,1.0,1.0,0.0,Descriptive same-task same-replicate comparison; not a randomized causal estimate.
phase1_v2_task_010,1,solver_only,solver_plus_evidence_grounded_intervention,raw,MRR@3,1.0,1.0,0.0,Descriptive same-task same-replicate comparison; not a randomized causal estimate.
phase1_v2_task_010,2,solver_only,solver_plus_evidence_grounded_intervention,raw,MRR@3,1.0,1.0,0.0,Descriptive same-task same-replicate comparison; not a randomized causal estimate.
phase1_v2_task_011,1,solver_only,solver_plus_evidence_grounded_intervention,raw,MRR@3,1.0,1.0,0.0,Descriptive same-task same-replicate comparison; not a randomized causal estimate.
phase1_v2_task_011,2,solver_only,solver_plus_evidence_grounded_intervention,raw,MRR@3,1.0,1.0,0.0,Descriptive same-task same-replicate comparison; not a randomized causal estimate.
phase1_v2_task_011,3,solver_only,solver_plus_evidence_grounded_intervention,raw,MRR@3,1.0,1.0,0.0,Descriptive same-task same-replicate comparison; not a randomized causal estimate.
phase1_v2_task_012,1,solver_only,solver_plus_evidence_grounded_intervention,raw,MRR@3,1.0,1.0,0.0,Descriptive same-task same-replicate comparison; not a randomized causal estimate.
phase1_v2_task_012,2,solver_only,solver_plus_evidence_grounded_intervention,raw,MRR@3,1.0,1.0,0.0,Descriptive same-task same-replicate comparison; not a randomized causal estimate.
phase1_v2_task_013,1,solver_only,solver_plus_evidence_grounded_intervention,raw,MRR@3,1.0,1.0,0.0,Descriptive same-task same-replicate comparison; not a randomized causal estimate.
phase1_v2_task_013,2,solver_only,solver_plus_evidence_grounded_intervention,raw,MRR@3,1.0,1.0,0.0,Descriptive same-task same-replicate comparison; not a randomized causal estimate.
phase1_v2_task_014,1,solver_only,solver_plus_evidence_grounded_intervention,raw,MRR@3,1.0,1.0,0.0,Descriptive same-task same-replicate comparison; not a randomized causal estimate.
phase1_v2_task_001,1,solver_only,solver_plus_evidence_grounded_intervention,raw,MultiFileRecall@6,0.25,0.25,0.0,Descriptive same-task same-replicate comparison; not a randomized causal estimate.
phase1_v2_task_001,2,solver_only,solver_plus_evidence_grounded_intervention,raw,MultiFileRecall@6,0.25,0.5,0.25,Descriptive same-task same-replicate comparison; not a randomized causal estimate.
phase1_v2_task_001,3,solver_only,solver_plus_evidence_grounded_intervention,raw,MultiFileRecall@6,0.5,0.5,0.0,Descriptive same-task same-replicate comparison; not a randomized causal estimate.
phase1_v2_task_002,1,solver_only,solver_plus_evidence_grounded_intervention,raw,MultiFileRecall@6,0.5,0.5,0.0,Descriptive same-task same-replicate comparison; not a randomized causal estimate.
phase1_v2_task_002,2,solver_only,solver_plus_evidence_grounded_intervention,raw,MultiFileRecall@6,0.5,0.5,0.0,Descriptive same-task same-replicate comparison; not a randomized causal estimate.
phase1_v2_task_003,1,solver_only,solver_plus_evidence_grounded_intervention,raw,MultiFileRecall@6,0.285714,0.142857,-0.142857,Descriptive same-task same-replicate comparison; not a randomized causal estimate.
phase1_v2_task_003,2,solver_only,solver_plus_evidence_grounded_intervention,raw,MultiFileRecall@6,0.142857,0.142857,0.0,Descriptive same-task same-replicate comparison; not a randomized causal estimate.
phase1_v2_task_004,1,solver_only,solver_plus_evidence_grounded_intervention,raw,MultiFileRecall@6,0.25,0.25,0.0,Descriptive same-task same-replicate comparison; not a randomized causal estimate.
phase1_v2_task_004,2,solver_only,solver_plus_evidence_grounded_intervention,raw,MultiFileRecall@6,0.25,0.25,0.0,Descriptive same-task same-replicate comparison; not a randomized causal estimate.
phase1_v2_task_004,3,solver_only,solver_plus_evidence_grounded_intervention,raw,MultiFileRecall@6,0.25,0.25,0.0,Descriptive same-task same-replicate comparison; not a randomized causal estimate.
phase1_v2_task_005,1,solver_only,solver_plus_evidence_grounded_intervention,raw,MultiFileRecall@6,0.5,0.5,0.0,Descriptive same-task same-replicate comparison; not a randomized causal estimate.
phase1_v2_task_005,2,solver_only,solver_plus_evidence_grounded_intervention,raw,MultiFileRecall@6,0.5,0.5,0.0,Descriptive same-task same-replicate comparison; not a randomized causal estimate.
phase1_v2_task_006,1,solver_only,solver_plus_evidence_grounded_intervention,raw,MultiFileRecall@6,1.0,1.0,0.0,Descriptive same-task same-replicate comparison; not a randomized causal estimate.
phase1_v2_task_006,2,solver_only,solver_plus_evidence_grounded_intervention,raw,MultiFileRecall@6,1.0,1.0,0.0,Descriptive same-task same-replicate comparison; not a randomized causal estimate.
phase1_v2_task_007,1,solver_only,solver_plus_evidence_grounded_intervention,raw,MultiFileRecall@6,0.5,0.5,0.0,Descriptive same-task same-replicate comparison; not a randomized causal estimate.
phase1_v2_task_007,2,solver_only,solver_plus_evidence_grounded_intervention,raw,MultiFileRecall@6,0.5,0.5,0.0,Descriptive same-task same-replicate comparison; not a randomized causal estimate.
phase1_v2_task_008,1,solver_only,solver_plus_evidence_grounded_intervention,raw,MultiFileRecall@6,0.4,0.4,0.0,Descriptive same-task same-replicate comparison; not a randomized causal estimate.
phase1_v2_task_008,2,solver_only,solver_plus_evidence_grounded_intervention,raw,MultiFileRecall@6,0.4,0.4,0.0,Descriptive same-task same-replicate comparison; not a randomized causal estimate.
phase1_v2_task_009,1,solver_only,solver_plus_evidence_grounded_intervention,raw,MultiFileRecall@6,0.5,0.5,0.0,Descriptive same-task same-replicate comparison; not a randomized causal estimate.
phase1_v2_task_009,2,solver_only,solver_plus_evidence_grounded_intervention,raw,MultiFileRecall@6,0.5,0.5,0.0,Descriptive same-task same-replicate comparison; not a randomized causal estimate.
phase1_v2_task_010,1,solver_only,solver_plus_evidence_grounded_intervention,raw,MultiFileRecall@6,0.5,0.5,0.0,Descriptive same-task same-replicate comparison; not a randomized causal estimate.
phase1_v2_task_010,2,solver_only,solver_plus_evidence_grounded_intervention,raw,MultiFileRecall@6,0.5,0.5,0.0,Descriptive same-task same-replicate comparison; not a randomized causal estimate.
phase1_v2_task_011,1,solver_only,solver_plus_evidence_grounded_intervention,raw,MultiFileRecall@6,0.571429,0.571429,0.0,Descriptive same-task same-replicate comparison; not a randomized causal estimate.
phase1_v2_task_011,2,solver_only,solver_plus_evidence_grounded_intervention,raw,MultiFileRecall@6,0.571429,0.428571,-0.142858,Descriptive same-task same-replicate comparison; not a randomized causal estimate.
phase1_v2_task_011,3,solver_only,solver_plus_evidence_grounded_intervention,raw,MultiFileRecall@6,0.571429,0.571429,0.0,Descriptive same-task same-replicate comparison; not a randomized causal estimate.
phase1_v2_task_012,1,solver_only,solver_plus_evidence_grounded_intervention,raw,MultiFileRecall@6,0.5,0.5,0.0,Descriptive same-task same-replicate comparison; not a randomized causal estimate.
phase1_v2_task_012,2,solver_only,solver_plus_evidence_grounded_intervention,raw,MultiFileRecall@6,0.5,0.5,0.0,Descriptive same-task same-replicate comparison; not a randomized causal estimate.
phase1_v2_task_013,1,solver_only,solver_plus_evidence_grounded_intervention,raw,MultiFileRecall@6,0.25,0.25,0.0,Descriptive same-task same-replicate comparison; not a randomized causal estimate.
phase1_v2_task_013,2,solver_only,solver_plus_evidence_grounded_intervention,raw,MultiFileRecall@6,0.25,0.25,0.0,Descriptive same-task same-replicate comparison; not a randomized causal estimate.
phase1_v2_task_014,1,solver_only,solver_plus_evidence_grounded_intervention,raw,MultiFileRecall@6,0.666667,0.666667,0.0,Descriptive same-task same-replicate comparison; not a randomized causal estimate.
phase1_v2_task_001,1,solver_only,solver_plus_evidence_grounded_intervention,audit,FileHit@1,1.0,1.0,0.0,Descriptive same-task same-replicate comparison; not a randomized causal estimate.
phase1_v2_task_001,2,solver_only,solver_plus_evidence_grounded_intervention,audit,FileHit@1,1.0,1.0,0.0,Descriptive same-task same-replicate comparison; not a randomized causal estimate.
phase1_v2_task_001,3,solver_only,solver_plus_evidence_grounded_intervention,audit,FileHit@1,1.0,1.0,0.0,Descriptive same-task same-replicate comparison; not a randomized causal estimate.
phase1_v2_task_002,1,solver_only,solver_plus_evidence_grounded_intervention,audit,FileHit@1,1.0,1.0,0.0,Descriptive same-task same-replicate comparison; not a randomized causal estimate.
phase1_v2_task_002,2,solver_only,solver_plus_evidence_grounded_intervention,audit,FileHit@1,1.0,1.0,0.0,Descriptive same-task same-replicate comparison; not a randomized causal estimate.
phase1_v2_task_003,1,solver_only,solver_plus_evidence_grounded_intervention,audit,FileHit@1,1.0,1.0,0.0,Descriptive same-task same-replicate comparison; not a randomized causal estimate.
phase1_v2_task_003,2,solver_only,solver_plus_evidence_grounded_intervention,audit,FileHit@1,1.0,1.0,0.0,Descriptive same-task same-replicate comparison; not a randomized causal estimate.
phase1_v2_task_004,1,solver_only,solver_plus_evidence_grounded_intervention,audit,FileHit@1,1.0,1.0,0.0,Descriptive same-task same-replicate comparison; not a randomized causal estimate.
phase1_v2_task_004,2,solver_only,solver_plus_evidence_grounded_intervention,audit,FileHit@1,1.0,1.0,0.0,Descriptive same-task same-replicate comparison; not a randomized causal estimate.
phase1_v2_task_004,3,solver_only,solver_plus_evidence_grounded_intervention,audit,FileHit@1,1.0,1.0,0.0,Descriptive same-task same-replicate comparison; not a randomized causal estimate.
phase1_v2_task_005,1,solver_only,solver_plus_evidence_grounded_intervention,audit,FileHit@1,1.0,1.0,0.0,Descriptive same-task same-replicate comparison; not a randomized causal estimate.
phase1_v2_task_005,2,solver_only,solver_plus_evidence_grounded_intervention,audit,FileHit@1,1.0,1.0,0.0,Descriptive same-task same-replicate comparison; not a randomized causal estimate.
phase1_v2_task_006,1,solver_only,solver_plus_evidence_grounded_intervention,audit,FileHit@1,1.0,1.0,0.0,Descriptive same-task same-replicate comparison; not a randomized causal estimate.
phase1_v2_task_006,2,solver_only,solver_plus_evidence_grounded_intervention,audit,FileHit@1,1.0,1.0,0.0,Descriptive same-task same-replicate comparison; not a randomized causal estimate.
phase1_v2_task_007,1,solver_only,solver_plus_evidence_grounded_intervention,audit,FileHit@1,1.0,1.0,0.0,Descriptive same-task same-replicate comparison; not a randomized causal estimate.
phase1_v2_task_007,2,solver_only,solver_plus_evidence_grounded_intervention,audit,FileHit@1,1.0,0.0,-1.0,Descriptive same-task same-replicate comparison; not a randomized causal estimate.
phase1_v2_task_008,1,solver_only,solver_plus_evidence_grounded_intervention,audit,FileHit@1,1.0,1.0,0.0,Descriptive same-task same-replicate comparison; not a randomized causal estimate.
phase1_v2_task_008,2,solver_only,solver_plus_evidence_grounded_intervention,audit,FileHit@1,1.0,1.0,0.0,Descriptive same-task same-replicate comparison; not a randomized causal estimate.
phase1_v2_task_009,1,solver_only,solver_plus_evidence_grounded_intervention,audit,FileHit@1,1.0,1.0,0.0,Descriptive same-task same-replicate comparison; not a randomized causal estimate.
phase1_v2_task_009,2,solver_only,solver_plus_evidence_grounded_intervention,audit,FileHit@1,1.0,1.0,0.0,Descriptive same-task same-replicate comparison; not a randomized causal estimate.
phase1_v2_task_010,1,solver_only,solver_plus_evidence_grounded_intervention,audit,FileHit@1,1.0,1.0,0.0,Descriptive same-task same-replicate comparison; not a randomized causal estimate.
phase1_v2_task_010,2,solver_only,solver_plus_evidence_grounded_intervention,audit,FileHit@1,1.0,1.0,0.0,Descriptive same-task same-replicate comparison; not a randomized causal estimate.
phase1_v2_task_011,1,solver_only,solver_plus_evidence_grounded_intervention,audit,FileHit@1,1.0,1.0,0.0,Descriptive same-task same-replicate comparison; not a randomized causal estimate.
phase1_v2_task_011,2,solver_only,solver_plus_evidence_grounded_intervention,audit,FileHit@1,1.0,1.0,0.0,Descriptive same-task same-replicate comparison; not a randomized causal estimate.
phase1_v2_task_011,3,solver_only,solver_plus_evidence_grounded_intervention,audit,FileHit@1,1.0,1.0,0.0,Descriptive same-task same-replicate comparison; not a randomized causal estimate.
phase1_v2_task_012,1,solver_only,solver_plus_evidence_grounded_intervention,audit,FileHit@1,1.0,1.0,0.0,Descriptive same-task same-replicate comparison; not a randomized causal estimate.
phase1_v2_task_012,2,solver_only,solver_plus_evidence_grounded_intervention,audit,FileHit@1,1.0,1.0,0.0,Descriptive same-task same-replicate comparison; not a randomized causal estimate.
phase1_v2_task_013,1,solver_only,solver_plus_evidence_grounded_intervention,audit,FileHit@1,1.0,1.0,0.0,Descriptive same-task same-replicate comparison; not a randomized causal estimate.
phase1_v2_task_013,2,solver_only,solver_plus_evidence_grounded_intervention,audit,FileHit@1,1.0,1.0,0.0,Descriptive same-task same-replicate comparison; not a randomized causal estimate.
phase1_v2_task_014,1,solver_only,solver_plus_evidence_grounded_intervention,audit,FileHit@1,1.0,1.0,0.0,Descriptive same-task same-replicate comparison; not a randomized causal estimate.
phase1_v2_task_001,1,solver_only,solver_plus_evidence_grounded_intervention,audit,FileHit@3,1.0,1.0,0.0,Descriptive same-task same-replicate comparison; not a randomized causal estimate.
phase1_v2_task_001,2,solver_only,solver_plus_evidence_grounded_intervention,audit,FileHit@3,1.0,1.0,0.0,Descriptive same-task same-replicate comparison; not a randomized causal estimate.
phase1_v2_task_001,3,solver_only,solver_plus_evidence_grounded_intervention,audit,FileHit@3,1.0,1.0,0.0,Descriptive same-task same-replicate comparison; not a randomized causal estimate.
phase1_v2_task_002,1,solver_only,solver_plus_evidence_grounded_intervention,audit,FileHit@3,1.0,1.0,0.0,Descriptive same-task same-replicate comparison; not a randomized causal estimate.
phase1_v2_task_002,2,solver_only,solver_plus_evidence_grounded_intervention,audit,FileHit@3,1.0,1.0,0.0,Descriptive same-task same-replicate comparison; not a randomized causal estimate.
phase1_v2_task_003,1,solver_only,solver_plus_evidence_grounded_intervention,audit,FileHit@3,1.0,1.0,0.0,Descriptive same-task same-replicate comparison; not a randomized causal estimate.
phase1_v2_task_003,2,solver_only,solver_plus_evidence_grounded_intervention,audit,FileHit@3,1.0,1.0,0.0,Descriptive same-task same-replicate comparison; not a randomized causal estimate.
phase1_v2_task_004,1,solver_only,solver_plus_evidence_grounded_intervention,audit,FileHit@3,1.0,1.0,0.0,Descriptive same-task same-replicate comparison; not a randomized causal estimate.
phase1_v2_task_004,2,solver_only,solver_plus_evidence_grounded_intervention,audit,FileHit@3,1.0,1.0,0.0,Descriptive same-task same-replicate comparison; not a randomized causal estimate.
phase1_v2_task_004,3,solver_only,solver_plus_evidence_grounded_intervention,audit,FileHit@3,1.0,1.0,0.0,Descriptive same-task same-replicate comparison; not a randomized causal estimate.
phase1_v2_task_005,1,solver_only,solver_plus_evidence_grounded_intervention,audit,FileHit@3,1.0,1.0,0.0,Descriptive same-task same-replicate comparison; not a randomized causal estimate.
phase1_v2_task_005,2,solver_only,solver_plus_evidence_grounded_intervention,audit,FileHit@3,1.0,1.0,0.0,Descriptive same-task same-replicate comparison; not a randomized causal estimate.
phase1_v2_task_006,1,solver_only,solver_plus_evidence_grounded_intervention,audit,FileHit@3,1.0,1.0,0.0,Descriptive same-task same-replicate comparison; not a randomized causal estimate.
phase1_v2_task_006,2,solver_only,solver_plus_evidence_grounded_intervention,audit,FileHit@3,1.0,1.0,0.0,Descriptive same-task same-replicate comparison; not a randomized causal estimate.
phase1_v2_task_007,1,solver_only,solver_plus_evidence_grounded_intervention,audit,FileHit@3,1.0,1.0,0.0,Descriptive same-task same-replicate comparison; not a randomized causal estimate.
phase1_v2_task_007,2,solver_only,solver_plus_evidence_grounded_intervention,audit,FileHit@3,1.0,1.0,0.0,Descriptive same-task same-replicate comparison; not a randomized causal estimate.
phase1_v2_task_008,1,solver_only,solver_plus_evidence_grounded_intervention,audit,FileHit@3,1.0,1.0,0.0,Descriptive same-task same-replicate comparison; not a randomized causal estimate.
phase1_v2_task_008,2,solver_only,solver_plus_evidence_grounded_intervention,audit,FileHit@3,1.0,1.0,0.0,Descriptive same-task same-replicate comparison; not a randomized causal estimate.
phase1_v2_task_009,1,solver_only,solver_plus_evidence_grounded_intervention,audit,FileHit@3,1.0,1.0,0.0,Descriptive same-task same-replicate comparison; not a randomized causal estimate.
phase1_v2_task_009,2,solver_only,solver_plus_evidence_grounded_intervention,audit,FileHit@3,1.0,1.0,0.0,Descriptive same-task same-replicate comparison; not a randomized causal estimate.
phase1_v2_task_010,1,solver_only,solver_plus_evidence_grounded_intervention,audit,FileHit@3,1.0,1.0,0.0,Descriptive same-task same-replicate comparison; not a randomized causal estimate.
phase1_v2_task_010,2,solver_only,solver_plus_evidence_grounded_intervention,audit,FileHit@3,1.0,1.0,0.0,Descriptive same-task same-replicate comparison; not a randomized causal estimate.
phase1_v2_task_011,1,solver_only,solver_plus_evidence_grounded_intervention,audit,FileHit@3,1.0,1.0,0.0,Descriptive same-task same-replicate comparison; not a randomized causal estimate.
phase1_v2_task_011,2,solver_only,solver_plus_evidence_grounded_intervention,audit,FileHit@3,1.0,1.0,0.0,Descriptive same-task same-replicate comparison; not a randomized causal estimate.
phase1_v2_task_011,3,solver_only,solver_plus_evidence_grounded_intervention,audit,FileHit@3,1.0,1.0,0.0,Descriptive same-task same-replicate comparison; not a randomized causal estimate.
phase1_v2_task_012,1,solver_only,solver_plus_evidence_grounded_intervention,audit,FileHit@3,1.0,1.0,0.0,Descriptive same-task same-replicate comparison; not a randomized causal estimate.
phase1_v2_task_012,2,solver_only,solver_plus_evidence_grounded_intervention,audit,FileHit@3,1.0,1.0,0.0,Descriptive same-task same-replicate comparison; not a randomized causal estimate.
phase1_v2_task_013,1,solver_only,solver_plus_evidence_grounded_intervention,audit,FileHit@3,1.0,1.0,0.0,Descriptive same-task same-replicate comparison; not a randomized causal estimate.
phase1_v2_task_013,2,solver_only,solver_plus_evidence_grounded_intervention,audit,FileHit@3,1.0,1.0,0.0,Descriptive same-task same-replicate comparison; not a randomized causal estimate.
phase1_v2_task_014,1,solver_only,solver_plus_evidence_grounded_intervention,audit,FileHit@3,1.0,1.0,0.0,Descriptive same-task same-replicate comparison; not a randomized causal estimate.
phase1_v2_task_001,1,solver_only,solver_plus_evidence_grounded_intervention,audit,FileHit@5,1.0,1.0,0.0,Descriptive same-task same-replicate comparison; not a randomized causal estimate.
phase1_v2_task_001,2,solver_only,solver_plus_evidence_grounded_intervention,audit,FileHit@5,1.0,1.0,0.0,Descriptive same-task same-replicate comparison; not a randomized causal estimate.
phase1_v2_task_001,3,solver_only,solver_plus_evidence_grounded_intervention,audit,FileHit@5,1.0,1.0,0.0,Descriptive same-task same-replicate comparison; not a randomized causal estimate.
phase1_v2_task_002,1,solver_only,solver_plus_evidence_grounded_intervention,audit,FileHit@5,1.0,1.0,0.0,Descriptive same-task same-replicate comparison; not a randomized causal estimate.
phase1_v2_task_002,2,solver_only,solver_plus_evidence_grounded_intervention,audit,FileHit@5,1.0,1.0,0.0,Descriptive same-task same-replicate comparison; not a randomized causal estimate.
phase1_v2_task_003,1,solver_only,solver_plus_evidence_grounded_intervention,audit,FileHit@5,1.0,1.0,0.0,Descriptive same-task same-replicate comparison; not a randomized causal estimate.
phase1_v2_task_003,2,solver_only,solver_plus_evidence_grounded_intervention,audit,FileHit@5,1.0,1.0,0.0,Descriptive same-task same-replicate comparison; not a randomized causal estimate.
phase1_v2_task_004,1,solver_only,solver_plus_evidence_grounded_intervention,audit,FileHit@5,1.0,1.0,0.0,Descriptive same-task same-replicate comparison; not a randomized causal estimate.
phase1_v2_task_004,2,solver_only,solver_plus_evidence_grounded_intervention,audit,FileHit@5,1.0,1.0,0.0,Descriptive same-task same-replicate comparison; not a randomized causal estimate.
phase1_v2_task_004,3,solver_only,solver_plus_evidence_grounded_intervention,audit,FileHit@5,1.0,1.0,0.0,Descriptive same-task same-replicate comparison; not a randomized causal estimate.
phase1_v2_task_005,1,solver_only,solver_plus_evidence_grounded_intervention,audit,FileHit@5,1.0,1.0,0.0,Descriptive same-task same-replicate comparison; not a randomized causal estimate.
phase1_v2_task_005,2,solver_only,solver_plus_evidence_grounded_intervention,audit,FileHit@5,1.0,1.0,0.0,Descriptive same-task same-replicate comparison; not a randomized causal estimate.
phase1_v2_task_006,1,solver_only,solver_plus_evidence_grounded_intervention,audit,FileHit@5,1.0,1.0,0.0,Descriptive same-task same-replicate comparison; not a randomized causal estimate.
phase1_v2_task_006,2,solver_only,solver_plus_evidence_grounded_intervention,audit,FileHit@5,1.0,1.0,0.0,Descriptive same-task same-replicate comparison; not a randomized causal estimate.
phase1_v2_task_007,1,solver_only,solver_plus_evidence_grounded_intervention,audit,FileHit@5,1.0,1.0,0.0,Descriptive same-task same-replicate comparison; not a randomized causal estimate.
phase1_v2_task_007,2,solver_only,solver_plus_evidence_grounded_intervention,audit,FileHit@5,1.0,1.0,0.0,Descriptive same-task same-replicate comparison; not a randomized causal estimate.
phase1_v2_task_008,1,solver_only,solver_plus_evidence_grounded_intervention,audit,FileHit@5,1.0,1.0,0.0,Descriptive same-task same-replicate comparison; not a randomized causal estimate.
phase1_v2_task_008,2,solver_only,solver_plus_evidence_grounded_intervention,audit,FileHit@5,1.0,1.0,0.0,Descriptive same-task same-replicate comparison; not a randomized causal estimate.
phase1_v2_task_009,1,solver_only,solver_plus_evidence_grounded_intervention,audit,FileHit@5,1.0,1.0,0.0,Descriptive same-task same-replicate comparison; not a randomized causal estimate.
phase1_v2_task_009,2,solver_only,solver_plus_evidence_grounded_intervention,audit,FileHit@5,1.0,1.0,0.0,Descriptive same-task same-replicate comparison; not a randomized causal estimate.
phase1_v2_task_010,1,solver_only,solver_plus_evidence_grounded_intervention,audit,FileHit@5,1.0,1.0,0.0,Descriptive same-task same-replicate comparison; not a randomized causal estimate.
phase1_v2_task_010,2,solver_only,solver_plus_evidence_grounded_intervention,audit,FileHit@5,1.0,1.0,0.0,Descriptive same-task same-replicate comparison; not a randomized causal estimate.
phase1_v2_task_011,1,solver_only,solver_plus_evidence_grounded_intervention,audit,FileHit@5,1.0,1.0,0.0,Descriptive same-task same-replicate comparison; not a randomized causal estimate.
phase1_v2_task_011,2,solver_only,solver_plus_evidence_grounded_intervention,audit,FileHit@5,1.0,1.0,0.0,Descriptive same-task same-replicate comparison; not a randomized causal estimate.
phase1_v2_task_011,3,solver_only,solver_plus_evidence_grounded_intervention,audit,FileHit@5,1.0,1.0,0.0,Descriptive same-task same-replicate comparison; not a randomized causal estimate.
phase1_v2_task_012,1,solver_only,solver_plus_evidence_grounded_intervention,audit,FileHit@5,1.0,1.0,0.0,Descriptive same-task same-replicate comparison; not a randomized causal estimate.
phase1_v2_task_012,2,solver_only,solver_plus_evidence_grounded_intervention,audit,FileHit@5,1.0,1.0,0.0,Descriptive same-task same-replicate comparison; not a randomized causal estimate.
phase1_v2_task_013,1,solver_only,solver_plus_evidence_grounded_intervention,audit,FileHit@5,1.0,1.0,0.0,Descriptive same-task same-replicate comparison; not a randomized causal estimate.
phase1_v2_task_013,2,solver_only,solver_plus_evidence_grounded_intervention,audit,FileHit@5,1.0,1.0,0.0,Descriptive same-task same-replicate comparison; not a randomized causal estimate.
phase1_v2_task_014,1,solver_only,solver_plus_evidence_grounded_intervention,audit,FileHit@5,1.0,1.0,0.0,Descriptive same-task same-replicate comparison; not a randomized causal estimate.
phase1_v2_task_001,1,solver_only,solver_plus_evidence_grounded_intervention,audit,FileHit@6,1.0,1.0,0.0,Descriptive same-task same-replicate comparison; not a randomized causal estimate.
phase1_v2_task_001,2,solver_only,solver_plus_evidence_grounded_intervention,audit,FileHit@6,1.0,1.0,0.0,Descriptive same-task same-replicate comparison; not a randomized causal estimate.
phase1_v2_task_001,3,solver_only,solver_plus_evidence_grounded_intervention,audit,FileHit@6,1.0,1.0,0.0,Descriptive same-task same-replicate comparison; not a randomized causal estimate.
phase1_v2_task_002,1,solver_only,solver_plus_evidence_grounded_intervention,audit,FileHit@6,1.0,1.0,0.0,Descriptive same-task same-replicate comparison; not a randomized causal estimate.
phase1_v2_task_002,2,solver_only,solver_plus_evidence_grounded_intervention,audit,FileHit@6,1.0,1.0,0.0,Descriptive same-task same-replicate comparison; not a randomized causal estimate.
phase1_v2_task_003,1,solver_only,solver_plus_evidence_grounded_intervention,audit,FileHit@6,1.0,1.0,0.0,Descriptive same-task same-replicate comparison; not a randomized causal estimate.
phase1_v2_task_003,2,solver_only,solver_plus_evidence_grounded_intervention,audit,FileHit@6,1.0,1.0,0.0,Descriptive same-task same-replicate comparison; not a randomized causal estimate.
phase1_v2_task_004,1,solver_only,solver_plus_evidence_grounded_intervention,audit,FileHit@6,1.0,1.0,0.0,Descriptive same-task same-replicate comparison; not a randomized causal estimate.
phase1_v2_task_004,2,solver_only,solver_plus_evidence_grounded_intervention,audit,FileHit@6,1.0,1.0,0.0,Descriptive same-task same-replicate comparison; not a randomized causal estimate.
phase1_v2_task_004,3,solver_only,solver_plus_evidence_grounded_intervention,audit,FileHit@6,1.0,1.0,0.0,Descriptive same-task same-replicate comparison; not a randomized causal estimate.
phase1_v2_task_005,1,solver_only,solver_plus_evidence_grounded_intervention,audit,FileHit@6,1.0,1.0,0.0,Descriptive same-task same-replicate comparison; not a randomized causal estimate.
phase1_v2_task_005,2,solver_only,solver_plus_evidence_grounded_intervention,audit,FileHit@6,1.0,1.0,0.0,Descriptive same-task same-replicate comparison; not a randomized causal estimate.
phase1_v2_task_006,1,solver_only,solver_plus_evidence_grounded_intervention,audit,FileHit@6,1.0,1.0,0.0,Descriptive same-task same-replicate comparison; not a randomized causal estimate.
phase1_v2_task_006,2,solver_only,solver_plus_evidence_grounded_intervention,audit,FileHit@6,1.0,1.0,0.0,Descriptive same-task same-replicate comparison; not a randomized causal estimate.
phase1_v2_task_007,1,solver_only,solver_plus_evidence_grounded_intervention,audit,FileHit@6,1.0,1.0,0.0,Descriptive same-task same-replicate comparison; not a randomized causal estimate.
phase1_v2_task_007,2,solver_only,solver_plus_evidence_grounded_intervention,audit,FileHit@6,1.0,1.0,0.0,Descriptive same-task same-replicate comparison; not a randomized causal estimate.
phase1_v2_task_008,1,solver_only,solver_plus_evidence_grounded_intervention,audit,FileHit@6,1.0,1.0,0.0,Descriptive same-task same-replicate comparison; not a randomized causal estimate.
phase1_v2_task_008,2,solver_only,solver_plus_evidence_grounded_intervention,audit,FileHit@6,1.0,1.0,0.0,Descriptive same-task same-replicate comparison; not a randomized causal estimate.
phase1_v2_task_009,1,solver_only,solver_plus_evidence_grounded_intervention,audit,FileHit@6,1.0,1.0,0.0,Descriptive same-task same-replicate comparison; not a randomized causal estimate.
phase1_v2_task_009,2,solver_only,solver_plus_evidence_grounded_intervention,audit,FileHit@6,1.0,1.0,0.0,Descriptive same-task same-replicate comparison; not a randomized causal estimate.
phase1_v2_task_010,1,solver_only,solver_plus_evidence_grounded_intervention,audit,FileHit@6,1.0,1.0,0.0,Descriptive same-task same-replicate comparison; not a randomized causal estimate.
phase1_v2_task_010,2,solver_only,solver_plus_evidence_grounded_intervention,audit,FileHit@6,1.0,1.0,0.0,Descriptive same-task same-replicate comparison; not a randomized causal estimate.
phase1_v2_task_011,1,solver_only,solver_plus_evidence_grounded_intervention,audit,FileHit@6,1.0,1.0,0.0,Descriptive same-task same-replicate comparison; not a randomized causal estimate.
phase1_v2_task_011,2,solver_only,solver_plus_evidence_grounded_intervention,audit,FileHit@6,1.0,1.0,0.0,Descriptive same-task same-replicate comparison; not a randomized causal estimate.
phase1_v2_task_011,3,solver_only,solver_plus_evidence_grounded_intervention,audit,FileHit@6,1.0,1.0,0.0,Descriptive same-task same-replicate comparison; not a randomized causal estimate.
phase1_v2_task_012,1,solver_only,solver_plus_evidence_grounded_intervention,audit,FileHit@6,1.0,1.0,0.0,Descriptive same-task same-replicate comparison; not a randomized causal estimate.
phase1_v2_task_012,2,solver_only,solver_plus_evidence_grounded_intervention,audit,FileHit@6,1.0,1.0,0.0,Descriptive same-task same-replicate comparison; not a randomized causal estimate.
phase1_v2_task_013,1,solver_only,solver_plus_evidence_grounded_intervention,audit,FileHit@6,1.0,1.0,0.0,Descriptive same-task same-replicate comparison; not a randomized causal estimate.
phase1_v2_task_013,2,solver_only,solver_plus_evidence_grounded_intervention,audit,FileHit@6,1.0,1.0,0.0,Descriptive same-task same-replicate comparison; not a randomized causal estimate.
phase1_v2_task_014,1,solver_only,solver_plus_evidence_grounded_intervention,audit,FileHit@6,1.0,1.0,0.0,Descriptive same-task same-replicate comparison; not a randomized causal estimate.
phase1_v2_task_001,1,solver_only,solver_plus_evidence_grounded_intervention,audit,MRR@3,1.0,1.0,0.0,Descriptive same-task same-replicate comparison; not a randomized causal estimate.
phase1_v2_task_001,2,solver_only,solver_plus_evidence_grounded_intervention,audit,MRR@3,1.0,1.0,0.0,Descriptive same-task same-replicate comparison; not a randomized causal estimate.
phase1_v2_task_001,3,solver_only,solver_plus_evidence_grounded_intervention,audit,MRR@3,1.0,1.0,0.0,Descriptive same-task same-replicate comparison; not a randomized causal estimate.
phase1_v2_task_002,1,solver_only,solver_plus_evidence_grounded_intervention,audit,MRR@3,1.0,1.0,0.0,Descriptive same-task same-replicate comparison; not a randomized causal estimate.
phase1_v2_task_002,2,solver_only,solver_plus_evidence_grounded_intervention,audit,MRR@3,1.0,1.0,0.0,Descriptive same-task same-replicate comparison; not a randomized causal estimate.
phase1_v2_task_003,1,solver_only,solver_plus_evidence_grounded_intervention,audit,MRR@3,1.0,1.0,0.0,Descriptive same-task same-replicate comparison; not a randomized causal estimate.
phase1_v2_task_003,2,solver_only,solver_plus_evidence_grounded_intervention,audit,MRR@3,1.0,1.0,0.0,Descriptive same-task same-replicate comparison; not a randomized causal estimate.
phase1_v2_task_004,1,solver_only,solver_plus_evidence_grounded_intervention,audit,MRR@3,1.0,1.0,0.0,Descriptive same-task same-replicate comparison; not a randomized causal estimate.
phase1_v2_task_004,2,solver_only,solver_plus_evidence_grounded_intervention,audit,MRR@3,1.0,1.0,0.0,Descriptive same-task same-replicate comparison; not a randomized causal estimate.
phase1_v2_task_004,3,solver_only,solver_plus_evidence_grounded_intervention,audit,MRR@3,1.0,1.0,0.0,Descriptive same-task same-replicate comparison; not a randomized causal estimate.
phase1_v2_task_005,1,solver_only,solver_plus_evidence_grounded_intervention,audit,MRR@3,1.0,1.0,0.0,Descriptive same-task same-replicate comparison; not a randomized causal estimate.
phase1_v2_task_005,2,solver_only,solver_plus_evidence_grounded_intervention,audit,MRR@3,1.0,1.0,0.0,Descriptive same-task same-replicate comparison; not a randomized causal estimate.
phase1_v2_task_006,1,solver_only,solver_plus_evidence_grounded_intervention,audit,MRR@3,1.0,1.0,0.0,Descriptive same-task same-replicate comparison; not a randomized causal estimate.
phase1_v2_task_006,2,solver_only,solver_plus_evidence_grounded_intervention,audit,MRR@3,1.0,1.0,0.0,Descriptive same-task same-replicate comparison; not a randomized causal estimate.
phase1_v2_task_007,1,solver_only,solver_plus_evidence_grounded_intervention,audit,MRR@3,1.0,1.0,0.0,Descriptive same-task same-replicate comparison; not a randomized causal estimate.
phase1_v2_task_007,2,solver_only,solver_plus_evidence_grounded_intervention,audit,MRR@3,1.0,0.5,-0.5,Descriptive same-task same-replicate comparison; not a randomized causal estimate.
phase1_v2_task_008,1,solver_only,solver_plus_evidence_grounded_intervention,audit,MRR@3,1.0,1.0,0.0,Descriptive same-task same-replicate comparison; not a randomized causal estimate.
phase1_v2_task_008,2,solver_only,solver_plus_evidence_grounded_intervention,audit,MRR@3,1.0,1.0,0.0,Descriptive same-task same-replicate comparison; not a randomized causal estimate.
phase1_v2_task_009,1,solver_only,solver_plus_evidence_grounded_intervention,audit,MRR@3,1.0,1.0,0.0,Descriptive same-task same-replicate comparison; not a randomized causal estimate.
phase1_v2_task_009,2,solver_only,solver_plus_evidence_grounded_intervention,audit,MRR@3,1.0,1.0,0.0,Descriptive same-task same-replicate comparison; not a randomized causal estimate.
phase1_v2_task_010,1,solver_only,solver_plus_evidence_grounded_intervention,audit,MRR@3,1.0,1.0,0.0,Descriptive same-task same-replicate comparison; not a randomized causal estimate.
phase1_v2_task_010,2,solver_only,solver_plus_evidence_grounded_intervention,audit,MRR@3,1.0,1.0,0.0,Descriptive same-task same-replicate comparison; not a randomized causal estimate.
phase1_v2_task_011,1,solver_only,solver_plus_evidence_grounded_intervention,audit,MRR@3,1.0,1.0,0.0,Descriptive same-task same-replicate comparison; not a randomized causal estimate.
phase1_v2_task_011,2,solver_only,solver_plus_evidence_grounded_intervention,audit,MRR@3,1.0,1.0,0.0,Descriptive same-task same-replicate comparison; not a randomized causal estimate.
phase1_v2_task_011,3,solver_only,solver_plus_evidence_grounded_intervention,audit,MRR@3,1.0,1.0,0.0,Descriptive same-task same-replicate comparison; not a randomized causal estimate.
phase1_v2_task_012,1,solver_only,solver_plus_evidence_grounded_intervention,audit,MRR@3,1.0,1.0,0.0,Descriptive same-task same-replicate comparison; not a randomized causal estimate.
phase1_v2_task_012,2,solver_only,solver_plus_evidence_grounded_intervention,audit,MRR@3,1.0,1.0,0.0,Descriptive same-task same-replicate comparison; not a randomized causal estimate.
phase1_v2_task_013,1,solver_only,solver_plus_evidence_grounded_intervention,audit,MRR@3,1.0,1.0,0.0,Descriptive same-task same-replicate comparison; not a randomized causal estimate.
phase1_v2_task_013,2,solver_only,solver_plus_evidence_grounded_intervention,audit,MRR@3,1.0,1.0,0.0,Descriptive same-task same-replicate comparison; not a randomized causal estimate.
phase1_v2_task_014,1,solver_only,solver_plus_evidence_grounded_intervention,audit,MRR@3,1.0,1.0,0.0,Descriptive same-task same-replicate comparison; not a randomized causal estimate.
phase1_v2_task_001,1,solver_only,solver_plus_evidence_grounded_intervention,audit,MultiFileRecall@6,0.25,0.25,0.0,Descriptive same-task same-replicate comparison; not a randomized causal estimate.
phase1_v2_task_001,2,solver_only,solver_plus_evidence_grounded_intervention,audit,MultiFileRecall@6,0.25,0.5,0.25,Descriptive same-task same-replicate comparison; not a randomized causal estimate.
phase1_v2_task_001,3,solver_only,solver_plus_evidence_grounded_intervention,audit,MultiFileRecall@6,0.5,0.5,0.0,Descriptive same-task same-replicate comparison; not a randomized causal estimate.
phase1_v2_task_002,1,solver_only,solver_plus_evidence_grounded_intervention,audit,MultiFileRecall@6,0.5,0.5,0.0,Descriptive same-task same-replicate comparison; not a randomized causal estimate.
phase1_v2_task_002,2,solver_only,solver_plus_evidence_grounded_intervention,audit,MultiFileRecall@6,0.5,0.5,0.0,Descriptive same-task same-replicate comparison; not a randomized causal estimate.
phase1_v2_task_003,1,solver_only,solver_plus_evidence_grounded_intervention,audit,MultiFileRecall@6,0.285714,0.142857,-0.142857,Descriptive same-task same-replicate comparison; not a randomized causal estimate.
phase1_v2_task_003,2,solver_only,solver_plus_evidence_grounded_intervention,audit,MultiFileRecall@6,0.142857,0.142857,0.0,Descriptive same-task same-replicate comparison; not a randomized causal estimate.
phase1_v2_task_004,1,solver_only,solver_plus_evidence_grounded_intervention,audit,MultiFileRecall@6,0.25,0.25,0.0,Descriptive same-task same-replicate comparison; not a randomized causal estimate.
phase1_v2_task_004,2,solver_only,solver_plus_evidence_grounded_intervention,audit,MultiFileRecall@6,0.25,0.25,0.0,Descriptive same-task same-replicate comparison; not a randomized causal estimate.
phase1_v2_task_004,3,solver_only,solver_plus_evidence_grounded_intervention,audit,MultiFileRecall@6,0.25,0.25,0.0,Descriptive same-task same-replicate comparison; not a randomized causal estimate.
phase1_v2_task_005,1,solver_only,solver_plus_evidence_grounded_intervention,audit,MultiFileRecall@6,0.5,0.5,0.0,Descriptive same-task same-replicate comparison; not a randomized causal estimate.
phase1_v2_task_005,2,solver_only,solver_plus_evidence_grounded_intervention,audit,MultiFileRecall@6,0.5,0.5,0.0,Descriptive same-task same-replicate comparison; not a randomized causal estimate.
phase1_v2_task_006,1,solver_only,solver_plus_evidence_grounded_intervention,audit,MultiFileRecall@6,1.0,1.0,0.0,Descriptive same-task same-replicate comparison; not a randomized causal estimate.
phase1_v2_task_006,2,solver_only,solver_plus_evidence_grounded_intervention,audit,MultiFileRecall@6,1.0,1.0,0.0,Descriptive same-task same-replicate comparison; not a randomized causal estimate.
phase1_v2_task_007,1,solver_only,solver_plus_evidence_grounded_intervention,audit,MultiFileRecall@6,0.5,0.5,0.0,Descriptive same-task same-replicate comparison; not a randomized causal estimate.
phase1_v2_task_007,2,solver_only,solver_plus_evidence_grounded_intervention,audit,MultiFileRecall@6,0.5,0.5,0.0,Descriptive same-task same-replicate comparison; not a randomized causal estimate.
phase1_v2_task_008,1,solver_only,solver_plus_evidence_grounded_intervention,audit,MultiFileRecall@6,0.4,0.4,0.0,Descriptive same-task same-replicate comparison; not a randomized causal estimate.
phase1_v2_task_008,2,solver_only,solver_plus_evidence_grounded_intervention,audit,MultiFileRecall@6,0.4,0.4,0.0,Descriptive same-task same-replicate comparison; not a randomized causal estimate.
phase1_v2_task_009,1,solver_only,solver_plus_evidence_grounded_intervention,audit,MultiFileRecall@6,0.5,0.5,0.0,Descriptive same-task same-replicate comparison; not a randomized causal estimate.
phase1_v2_task_009,2,solver_only,solver_plus_evidence_grounded_intervention,audit,MultiFileRecall@6,0.5,0.5,0.0,Descriptive same-task same-replicate comparison; not a randomized causal estimate.
phase1_v2_task_010,1,solver_only,solver_plus_evidence_grounded_intervention,audit,MultiFileRecall@6,0.5,0.5,0.0,Descriptive same-task same-replicate comparison; not a randomized causal estimate.
phase1_v2_task_010,2,solver_only,solver_plus_evidence_grounded_intervention,audit,MultiFileRecall@6,0.5,0.5,0.0,Descriptive same-task same-replicate comparison; not a randomized causal estimate.
phase1_v2_task_011,1,solver_only,solver_plus_evidence_grounded_intervention,audit,MultiFileRecall@6,0.571429,0.571429,0.0,Descriptive same-task same-replicate comparison; not a randomized causal estimate.
phase1_v2_task_011,2,solver_only,solver_plus_evidence_grounded_intervention,audit,MultiFileRecall@6,0.571429,0.428571,-0.142858,Descriptive same-task same-replicate comparison; not a randomized causal estimate.
phase1_v2_task_011,3,solver_only,solver_plus_evidence_grounded_intervention,audit,MultiFileRecall@6,0.571429,0.571429,0.0,Descriptive same-task same-replicate comparison; not a randomized causal estimate.
phase1_v2_task_012,1,solver_only,solver_plus_evidence_grounded_intervention,audit,MultiFileRecall@6,0.5,0.5,0.0,Descriptive same-task same-replicate comparison; not a randomized causal estimate.
phase1_v2_task_012,2,solver_only,solver_plus_evidence_grounded_intervention,audit,MultiFileRecall@6,0.5,0.5,0.0,Descriptive same-task same-replicate comparison; not a randomized causal estimate.
phase1_v2_task_013,1,solver_only,solver_plus_evidence_grounded_intervention,audit,MultiFileRecall@6,0.25,0.25,0.0,Descriptive same-task same-replicate comparison; not a randomized causal estimate.
phase1_v2_task_013,2,solver_only,solver_plus_evidence_grounded_intervention,audit,MultiFileRecall@6,0.25,0.25,0.0,Descriptive same-task same-replicate comparison; not a randomized causal estimate.
phase1_v2_task_014,1,solver_only,solver_plus_evidence_grounded_intervention,audit,MultiFileRecall@6,0.666667,0.666667,0.0,Descriptive same-task same-replicate comparison; not a randomized causal estimate.
phase1_v2_task_001,1,solver_only,solver_plus_evidence_grounded_intervention,intervention,FileHit@1,1.0,1.0,0.0,Descriptive same-task same-replicate comparison; not a randomized causal estimate.
phase1_v2_task_001,2,solver_only,solver_plus_evidence_grounded_intervention,intervention,FileHit@1,1.0,1.0,0.0,Descriptive same-task same-replicate comparison; not a randomized causal estimate.
phase1_v2_task_001,3,solver_only,solver_plus_evidence_grounded_intervention,intervention,FileHit@1,1.0,1.0,0.0,Descriptive same-task same-replicate comparison; not a randomized causal estimate.
phase1_v2_task_002,1,solver_only,solver_plus_evidence_grounded_intervention,intervention,FileHit@1,1.0,1.0,0.0,Descriptive same-task same-replicate comparison; not a randomized causal estimate.
phase1_v2_task_002,2,solver_only,solver_plus_evidence_grounded_intervention,intervention,FileHit@1,1.0,1.0,0.0,Descriptive same-task same-replicate comparison; not a randomized causal estimate.
phase1_v2_task_003,1,solver_only,solver_plus_evidence_grounded_intervention,intervention,FileHit@1,1.0,1.0,0.0,Descriptive same-task same-replicate comparison; not a randomized causal estimate.
phase1_v2_task_003,2,solver_only,solver_plus_evidence_grounded_intervention,intervention,FileHit@1,1.0,1.0,0.0,Descriptive same-task same-replicate comparison; not a randomized causal estimate.
phase1_v2_task_004,1,solver_only,solver_plus_evidence_grounded_intervention,intervention,FileHit@1,1.0,1.0,0.0,Descriptive same-task same-replicate comparison; not a randomized causal estimate.
phase1_v2_task_004,2,solver_only,solver_plus_evidence_grounded_intervention,intervention,FileHit@1,1.0,1.0,0.0,Descriptive same-task same-replicate comparison; not a randomized causal estimate.
phase1_v2_task_004,3,solver_only,solver_plus_evidence_grounded_intervention,intervention,FileHit@1,1.0,1.0,0.0,Descriptive same-task same-replicate comparison; not a randomized causal estimate.
phase1_v2_task_005,1,solver_only,solver_plus_evidence_grounded_intervention,intervention,FileHit@1,1.0,1.0,0.0,Descriptive same-task same-replicate comparison; not a randomized causal estimate.
phase1_v2_task_005,2,solver_only,solver_plus_evidence_grounded_intervention,intervention,FileHit@1,1.0,1.0,0.0,Descriptive same-task same-replicate comparison; not a randomized causal estimate.
phase1_v2_task_006,1,solver_only,solver_plus_evidence_grounded_intervention,intervention,FileHit@1,1.0,1.0,0.0,Descriptive same-task same-replicate comparison; not a randomized causal estimate.
phase1_v2_task_006,2,solver_only,solver_plus_evidence_grounded_intervention,intervention,FileHit@1,1.0,1.0,0.0,Descriptive same-task same-replicate comparison; not a randomized causal estimate.
phase1_v2_task_007,1,solver_only,solver_plus_evidence_grounded_intervention,intervention,FileHit@1,1.0,1.0,0.0,Descriptive same-task same-replicate comparison; not a randomized causal estimate.
phase1_v2_task_007,2,solver_only,solver_plus_evidence_grounded_intervention,intervention,FileHit@1,1.0,0.0,-1.0,Descriptive same-task same-replicate comparison; not a randomized causal estimate.
phase1_v2_task_008,1,solver_only,solver_plus_evidence_grounded_intervention,intervention,FileHit@1,1.0,1.0,0.0,Descriptive same-task same-replicate comparison; not a randomized causal estimate.
phase1_v2_task_008,2,solver_only,solver_plus_evidence_grounded_intervention,intervention,FileHit@1,1.0,1.0,0.0,Descriptive same-task same-replicate comparison; not a randomized causal estimate.
phase1_v2_task_009,1,solver_only,solver_plus_evidence_grounded_intervention,intervention,FileHit@1,1.0,1.0,0.0,Descriptive same-task same-replicate comparison; not a randomized causal estimate.
phase1_v2_task_009,2,solver_only,solver_plus_evidence_grounded_intervention,intervention,FileHit@1,1.0,1.0,0.0,Descriptive same-task same-replicate comparison; not a randomized causal estimate.
phase1_v2_task_010,1,solver_only,solver_plus_evidence_grounded_intervention,intervention,FileHit@1,1.0,1.0,0.0,Descriptive same-task same-replicate comparison; not a randomized causal estimate.
phase1_v2_task_010,2,solver_only,solver_plus_evidence_grounded_intervention,intervention,FileHit@1,1.0,1.0,0.0,Descriptive same-task same-replicate comparison; not a randomized causal estimate.
phase1_v2_task_011,1,solver_only,solver_plus_evidence_grounded_intervention,intervention,FileHit@1,1.0,1.0,0.0,Descriptive same-task same-replicate comparison; not a randomized causal estimate.
phase1_v2_task_011,2,solver_only,solver_plus_evidence_grounded_intervention,intervention,FileHit@1,1.0,1.0,0.0,Descriptive same-task same-replicate comparison; not a randomized causal estimate.
phase1_v2_task_011,3,solver_only,solver_plus_evidence_grounded_intervention,intervention,FileHit@1,1.0,1.0,0.0,Descriptive same-task same-replicate comparison; not a randomized causal estimate.
phase1_v2_task_012,1,solver_only,solver_plus_evidence_grounded_intervention,intervention,FileHit@1,1.0,1.0,0.0,Descriptive same-task same-replicate comparison; not a randomized causal estimate.
phase1_v2_task_012,2,solver_only,solver_plus_evidence_grounded_intervention,intervention,FileHit@1,1.0,1.0,0.0,Descriptive same-task same-replicate comparison; not a randomized causal estimate.
phase1_v2_task_013,1,solver_only,solver_plus_evidence_grounded_intervention,intervention,FileHit@1,1.0,1.0,0.0,Descriptive same-task same-replicate comparison; not a randomized causal estimate.
phase1_v2_task_013,2,solver_only,solver_plus_evidence_grounded_intervention,intervention,FileHit@1,1.0,1.0,0.0,Descriptive same-task same-replicate comparison; not a randomized causal estimate.
phase1_v2_task_014,1,solver_only,solver_plus_evidence_grounded_intervention,intervention,FileHit@1,1.0,1.0,0.0,Descriptive same-task same-replicate comparison; not a randomized causal estimate.
phase1_v2_task_001,1,solver_only,solver_plus_evidence_grounded_intervention,intervention,FileHit@3,1.0,1.0,0.0,Descriptive same-task same-replicate comparison; not a randomized causal estimate.
phase1_v2_task_001,2,solver_only,solver_plus_evidence_grounded_intervention,intervention,FileHit@3,1.0,1.0,0.0,Descriptive same-task same-replicate comparison; not a randomized causal estimate.
phase1_v2_task_001,3,solver_only,solver_plus_evidence_grounded_intervention,intervention,FileHit@3,1.0,1.0,0.0,Descriptive same-task same-replicate comparison; not a randomized causal estimate.
phase1_v2_task_002,1,solver_only,solver_plus_evidence_grounded_intervention,intervention,FileHit@3,1.0,1.0,0.0,Descriptive same-task same-replicate comparison; not a randomized causal estimate.
phase1_v2_task_002,2,solver_only,solver_plus_evidence_grounded_intervention,intervention,FileHit@3,1.0,1.0,0.0,Descriptive same-task same-replicate comparison; not a randomized causal estimate.
phase1_v2_task_003,1,solver_only,solver_plus_evidence_grounded_intervention,intervention,FileHit@3,1.0,1.0,0.0,Descriptive same-task same-replicate comparison; not a randomized causal estimate.
phase1_v2_task_003,2,solver_only,solver_plus_evidence_grounded_intervention,intervention,FileHit@3,1.0,1.0,0.0,Descriptive same-task same-replicate comparison; not a randomized causal estimate.
phase1_v2_task_004,1,solver_only,solver_plus_evidence_grounded_intervention,intervention,FileHit@3,1.0,1.0,0.0,Descriptive same-task same-replicate comparison; not a randomized causal estimate.
phase1_v2_task_004,2,solver_only,solver_plus_evidence_grounded_intervention,intervention,FileHit@3,1.0,1.0,0.0,Descriptive same-task same-replicate comparison; not a randomized causal estimate.
phase1_v2_task_004,3,solver_only,solver_plus_evidence_grounded_intervention,intervention,FileHit@3,1.0,1.0,0.0,Descriptive same-task same-replicate comparison; not a randomized causal estimate.
phase1_v2_task_005,1,solver_only,solver_plus_evidence_grounded_intervention,intervention,FileHit@3,1.0,1.0,0.0,Descriptive same-task same-replicate comparison; not a randomized causal estimate.
phase1_v2_task_005,2,solver_only,solver_plus_evidence_grounded_intervention,intervention,FileHit@3,1.0,1.0,0.0,Descriptive same-task same-replicate comparison; not a randomized causal estimate.
phase1_v2_task_006,1,solver_only,solver_plus_evidence_grounded_intervention,intervention,FileHit@3,1.0,1.0,0.0,Descriptive same-task same-replicate comparison; not a randomized causal estimate.
phase1_v2_task_006,2,solver_only,solver_plus_evidence_grounded_intervention,intervention,FileHit@3,1.0,1.0,0.0,Descriptive same-task same-replicate comparison; not a randomized causal estimate.
phase1_v2_task_007,1,solver_only,solver_plus_evidence_grounded_intervention,intervention,FileHit@3,1.0,1.0,0.0,Descriptive same-task same-replicate comparison; not a randomized causal estimate.
phase1_v2_task_007,2,solver_only,solver_plus_evidence_grounded_intervention,intervention,FileHit@3,1.0,1.0,0.0,Descriptive same-task same-replicate comparison; not a randomized causal estimate.
phase1_v2_task_008,1,solver_only,solver_plus_evidence_grounded_intervention,intervention,FileHit@3,1.0,1.0,0.0,Descriptive same-task same-replicate comparison; not a randomized causal estimate.
phase1_v2_task_008,2,solver_only,solver_plus_evidence_grounded_intervention,intervention,FileHit@3,1.0,1.0,0.0,Descriptive same-task same-replicate comparison; not a randomized causal estimate.
phase1_v2_task_009,1,solver_only,solver_plus_evidence_grounded_intervention,intervention,FileHit@3,1.0,1.0,0.0,Descriptive same-task same-replicate comparison; not a randomized causal estimate.
phase1_v2_task_009,2,solver_only,solver_plus_evidence_grounded_intervention,intervention,FileHit@3,1.0,1.0,0.0,Descriptive same-task same-replicate comparison; not a randomized causal estimate.
phase1_v2_task_010,1,solver_only,solver_plus_evidence_grounded_intervention,intervention,FileHit@3,1.0,1.0,0.0,Descriptive same-task same-replicate comparison; not a randomized causal estimate.
phase1_v2_task_010,2,solver_only,solver_plus_evidence_grounded_intervention,intervention,FileHit@3,1.0,1.0,0.0,Descriptive same-task same-replicate comparison; not a randomized causal estimate.
phase1_v2_task_011,1,solver_only,solver_plus_evidence_grounded_intervention,intervention,FileHit@3,1.0,1.0,0.0,Descriptive same-task same-replicate comparison; not a randomized causal estimate.
phase1_v2_task_011,2,solver_only,solver_plus_evidence_grounded_intervention,intervention,FileHit@3,1.0,1.0,0.0,Descriptive same-task same-replicate comparison; not a randomized causal estimate.
phase1_v2_task_011,3,solver_only,solver_plus_evidence_grounded_intervention,intervention,FileHit@3,1.0,1.0,0.0,Descriptive same-task same-replicate comparison; not a randomized causal estimate.
phase1_v2_task_012,1,solver_only,solver_plus_evidence_grounded_intervention,intervention,FileHit@3,1.0,1.0,0.0,Descriptive same-task same-replicate comparison; not a randomized causal estimate.
phase1_v2_task_012,2,solver_only,solver_plus_evidence_grounded_intervention,intervention,FileHit@3,1.0,1.0,0.0,Descriptive same-task same-replicate comparison; not a randomized causal estimate.
phase1_v2_task_013,1,solver_only,solver_plus_evidence_grounded_intervention,intervention,FileHit@3,1.0,1.0,0.0,Descriptive same-task same-replicate comparison; not a randomized causal estimate.
phase1_v2_task_013,2,solver_only,solver_plus_evidence_grounded_intervention,intervention,FileHit@3,1.0,1.0,0.0,Descriptive same-task same-replicate comparison; not a randomized causal estimate.
phase1_v2_task_014,1,solver_only,solver_plus_evidence_grounded_intervention,intervention,FileHit@3,1.0,1.0,0.0,Descriptive same-task same-replicate comparison; not a randomized causal estimate.
phase1_v2_task_001,1,solver_only,solver_plus_evidence_grounded_intervention,intervention,FileHit@5,1.0,1.0,0.0,Descriptive same-task same-replicate comparison; not a randomized causal estimate.
phase1_v2_task_001,2,solver_only,solver_plus_evidence_grounded_intervention,intervention,FileHit@5,1.0,1.0,0.0,Descriptive same-task same-replicate comparison; not a randomized causal estimate.
phase1_v2_task_001,3,solver_only,solver_plus_evidence_grounded_intervention,intervention,FileHit@5,1.0,1.0,0.0,Descriptive same-task same-replicate comparison; not a randomized causal estimate.
phase1_v2_task_002,1,solver_only,solver_plus_evidence_grounded_intervention,intervention,FileHit@5,1.0,1.0,0.0,Descriptive same-task same-replicate comparison; not a randomized causal estimate.
phase1_v2_task_002,2,solver_only,solver_plus_evidence_grounded_intervention,intervention,FileHit@5,1.0,1.0,0.0,Descriptive same-task same-replicate comparison; not a randomized causal estimate.
phase1_v2_task_003,1,solver_only,solver_plus_evidence_grounded_intervention,intervention,FileHit@5,1.0,1.0,0.0,Descriptive same-task same-replicate comparison; not a randomized causal estimate.
phase1_v2_task_003,2,solver_only,solver_plus_evidence_grounded_intervention,intervention,FileHit@5,1.0,1.0,0.0,Descriptive same-task same-replicate comparison; not a randomized causal estimate.
phase1_v2_task_004,1,solver_only,solver_plus_evidence_grounded_intervention,intervention,FileHit@5,1.0,1.0,0.0,Descriptive same-task same-replicate comparison; not a randomized causal estimate.
phase1_v2_task_004,2,solver_only,solver_plus_evidence_grounded_intervention,intervention,FileHit@5,1.0,1.0,0.0,Descriptive same-task same-replicate comparison; not a randomized causal estimate.
phase1_v2_task_004,3,solver_only,solver_plus_evidence_grounded_intervention,intervention,FileHit@5,1.0,1.0,0.0,Descriptive same-task same-replicate comparison; not a randomized causal estimate.
phase1_v2_task_005,1,solver_only,solver_plus_evidence_grounded_intervention,intervention,FileHit@5,1.0,1.0,0.0,Descriptive same-task same-replicate comparison; not a randomized causal estimate.
phase1_v2_task_005,2,solver_only,solver_plus_evidence_grounded_intervention,intervention,FileHit@5,1.0,1.0,0.0,Descriptive same-task same-replicate comparison; not a randomized causal estimate.
phase1_v2_task_006,1,solver_only,solver_plus_evidence_grounded_intervention,intervention,FileHit@5,1.0,1.0,0.0,Descriptive same-task same-replicate comparison; not a randomized causal estimate.
phase1_v2_task_006,2,solver_only,solver_plus_evidence_grounded_intervention,intervention,FileHit@5,1.0,1.0,0.0,Descriptive same-task same-replicate comparison; not a randomized causal estimate.
phase1_v2_task_007,1,solver_only,solver_plus_evidence_grounded_intervention,intervention,FileHit@5,1.0,1.0,0.0,Descriptive same-task same-replicate comparison; not a randomized causal estimate.
phase1_v2_task_007,2,solver_only,solver_plus_evidence_grounded_intervention,intervention,FileHit@5,1.0,1.0,0.0,Descriptive same-task same-replicate comparison; not a randomized causal estimate.
phase1_v2_task_008,1,solver_only,solver_plus_evidence_grounded_intervention,intervention,FileHit@5,1.0,1.0,0.0,Descriptive same-task same-replicate comparison; not a randomized causal estimate.
phase1_v2_task_008,2,solver_only,solver_plus_evidence_grounded_intervention,intervention,FileHit@5,1.0,1.0,0.0,Descriptive same-task same-replicate comparison; not a randomized causal estimate.
phase1_v2_task_009,1,solver_only,solver_plus_evidence_grounded_intervention,intervention,FileHit@5,1.0,1.0,0.0,Descriptive same-task same-replicate comparison; not a randomized causal estimate.
phase1_v2_task_009,2,solver_only,solver_plus_evidence_grounded_intervention,intervention,FileHit@5,1.0,1.0,0.0,Descriptive same-task same-replicate comparison; not a randomized causal estimate.
phase1_v2_task_010,1,solver_only,solver_plus_evidence_grounded_intervention,intervention,FileHit@5,1.0,1.0,0.0,Descriptive same-task same-replicate comparison; not a randomized causal estimate.
phase1_v2_task_010,2,solver_only,solver_plus_evidence_grounded_intervention,intervention,FileHit@5,1.0,1.0,0.0,Descriptive same-task same-replicate comparison; not a randomized causal estimate.
phase1_v2_task_011,1,solver_only,solver_plus_evidence_grounded_intervention,intervention,FileHit@5,1.0,1.0,0.0,Descriptive same-task same-replicate comparison; not a randomized causal estimate.
phase1_v2_task_011,2,solver_only,solver_plus_evidence_grounded_intervention,intervention,FileHit@5,1.0,1.0,0.0,Descriptive same-task same-replicate comparison; not a randomized causal estimate.
phase1_v2_task_011,3,solver_only,solver_plus_evidence_grounded_intervention,intervention,FileHit@5,1.0,1.0,0.0,Descriptive same-task same-replicate comparison; not a randomized causal estimate.
phase1_v2_task_012,1,solver_only,solver_plus_evidence_grounded_intervention,intervention,FileHit@5,1.0,1.0,0.0,Descriptive same-task same-replicate comparison; not a randomized causal estimate.
phase1_v2_task_012,2,solver_only,solver_plus_evidence_grounded_intervention,intervention,FileHit@5,1.0,1.0,0.0,Descriptive same-task same-replicate comparison; not a randomized causal estimate.
phase1_v2_task_013,1,solver_only,solver_plus_evidence_grounded_intervention,intervention,FileHit@5,1.0,1.0,0.0,Descriptive same-task same-replicate comparison; not a randomized causal estimate.
phase1_v2_task_013,2,solver_only,solver_plus_evidence_grounded_intervention,intervention,FileHit@5,1.0,1.0,0.0,Descriptive same-task same-replicate comparison; not a randomized causal estimate.
phase1_v2_task_014,1,solver_only,solver_plus_evidence_grounded_intervention,intervention,FileHit@5,1.0,1.0,0.0,Descriptive same-task same-replicate comparison; not a randomized causal estimate.
phase1_v2_task_001,1,solver_only,solver_plus_evidence_grounded_intervention,intervention,FileHit@6,1.0,1.0,0.0,Descriptive same-task same-replicate comparison; not a randomized causal estimate.
phase1_v2_task_001,2,solver_only,solver_plus_evidence_grounded_intervention,intervention,FileHit@6,1.0,1.0,0.0,Descriptive same-task same-replicate comparison; not a randomized causal estimate.
phase1_v2_task_001,3,solver_only,solver_plus_evidence_grounded_intervention,intervention,FileHit@6,1.0,1.0,0.0,Descriptive same-task same-replicate comparison; not a randomized causal estimate.
phase1_v2_task_002,1,solver_only,solver_plus_evidence_grounded_intervention,intervention,FileHit@6,1.0,1.0,0.0,Descriptive same-task same-replicate comparison; not a randomized causal estimate.
phase1_v2_task_002,2,solver_only,solver_plus_evidence_grounded_intervention,intervention,FileHit@6,1.0,1.0,0.0,Descriptive same-task same-replicate comparison; not a randomized causal estimate.
phase1_v2_task_003,1,solver_only,solver_plus_evidence_grounded_intervention,intervention,FileHit@6,1.0,1.0,0.0,Descriptive same-task same-replicate comparison; not a randomized causal estimate.
phase1_v2_task_003,2,solver_only,solver_plus_evidence_grounded_intervention,intervention,FileHit@6,1.0,1.0,0.0,Descriptive same-task same-replicate comparison; not a randomized causal estimate.
phase1_v2_task_004,1,solver_only,solver_plus_evidence_grounded_intervention,intervention,FileHit@6,1.0,1.0,0.0,Descriptive same-task same-replicate comparison; not a randomized causal estimate.
phase1_v2_task_004,2,solver_only,solver_plus_evidence_grounded_intervention,intervention,FileHit@6,1.0,1.0,0.0,Descriptive same-task same-replicate comparison; not a randomized causal estimate.
phase1_v2_task_004,3,solver_only,solver_plus_evidence_grounded_intervention,intervention,FileHit@6,1.0,1.0,0.0,Descriptive same-task same-replicate comparison; not a randomized causal estimate.
phase1_v2_task_005,1,solver_only,solver_plus_evidence_grounded_intervention,intervention,FileHit@6,1.0,1.0,0.0,Descriptive same-task same-replicate comparison; not a randomized causal estimate.
phase1_v2_task_005,2,solver_only,solver_plus_evidence_grounded_intervention,intervention,FileHit@6,1.0,1.0,0.0,Descriptive same-task same-replicate comparison; not a randomized causal estimate.
phase1_v2_task_006,1,solver_only,solver_plus_evidence_grounded_intervention,intervention,FileHit@6,1.0,1.0,0.0,Descriptive same-task same-replicate comparison; not a randomized causal estimate.
phase1_v2_task_006,2,solver_only,solver_plus_evidence_grounded_intervention,intervention,FileHit@6,1.0,1.0,0.0,Descriptive same-task same-replicate comparison; not a randomized causal estimate.
phase1_v2_task_007,1,solver_only,solver_plus_evidence_grounded_intervention,intervention,FileHit@6,1.0,1.0,0.0,Descriptive same-task same-replicate comparison; not a randomized causal estimate.
phase1_v2_task_007,2,solver_only,solver_plus_evidence_grounded_intervention,intervention,FileHit@6,1.0,1.0,0.0,Descriptive same-task same-replicate comparison; not a randomized causal estimate.
phase1_v2_task_008,1,solver_only,solver_plus_evidence_grounded_intervention,intervention,FileHit@6,1.0,1.0,0.0,Descriptive same-task same-replicate comparison; not a randomized causal estimate.
phase1_v2_task_008,2,solver_only,solver_plus_evidence_grounded_intervention,intervention,FileHit@6,1.0,1.0,0.0,Descriptive same-task same-replicate comparison; not a randomized causal estimate.
phase1_v2_task_009,1,solver_only,solver_plus_evidence_grounded_intervention,intervention,FileHit@6,1.0,1.0,0.0,Descriptive same-task same-replicate comparison; not a randomized causal estimate.
phase1_v2_task_009,2,solver_only,solver_plus_evidence_grounded_intervention,intervention,FileHit@6,1.0,1.0,0.0,Descriptive same-task same-replicate comparison; not a randomized causal estimate.
phase1_v2_task_010,1,solver_only,solver_plus_evidence_grounded_intervention,intervention,FileHit@6,1.0,1.0,0.0,Descriptive same-task same-replicate comparison; not a randomized causal estimate.
phase1_v2_task_010,2,solver_only,solver_plus_evidence_grounded_intervention,intervention,FileHit@6,1.0,1.0,0.0,Descriptive same-task same-replicate comparison; not a randomized causal estimate.
phase1_v2_task_011,1,solver_only,solver_plus_evidence_grounded_intervention,intervention,FileHit@6,1.0,1.0,0.0,Descriptive same-task same-replicate comparison; not a randomized causal estimate.
phase1_v2_task_011,2,solver_only,solver_plus_evidence_grounded_intervention,intervention,FileHit@6,1.0,1.0,0.0,Descriptive same-task same-replicate comparison; not a randomized causal estimate.
phase1_v2_task_011,3,solver_only,solver_plus_evidence_grounded_intervention,intervention,FileHit@6,1.0,1.0,0.0,Descriptive same-task same-replicate comparison; not a randomized causal estimate.
phase1_v2_task_012,1,solver_only,solver_plus_evidence_grounded_intervention,intervention,FileHit@6,1.0,1.0,0.0,Descriptive same-task same-replicate comparison; not a randomized causal estimate.
phase1_v2_task_012,2,solver_only,solver_plus_evidence_grounded_intervention,intervention,FileHit@6,1.0,1.0,0.0,Descriptive same-task same-replicate comparison; not a randomized causal estimate.
phase1_v2_task_013,1,solver_only,solver_plus_evidence_grounded_intervention,intervention,FileHit@6,1.0,1.0,0.0,Descriptive same-task same-replicate comparison; not a randomized causal estimate.
phase1_v2_task_013,2,solver_only,solver_plus_evidence_grounded_intervention,intervention,FileHit@6,1.0,1.0,0.0,Descriptive same-task same-replicate comparison; not a randomized causal estimate.
phase1_v2_task_014,1,solver_only,solver_plus_evidence_grounded_intervention,intervention,FileHit@6,1.0,1.0,0.0,Descriptive same-task same-replicate comparison; not a randomized causal estimate.
phase1_v2_task_001,1,solver_only,solver_plus_evidence_grounded_intervention,intervention,MRR@3,1.0,1.0,0.0,Descriptive same-task same-replicate comparison; not a randomized causal estimate.
phase1_v2_task_001,2,solver_only,solver_plus_evidence_grounded_intervention,intervention,MRR@3,1.0,1.0,0.0,Descriptive same-task same-replicate comparison; not a randomized causal estimate.
phase1_v2_task_001,3,solver_only,solver_plus_evidence_grounded_intervention,intervention,MRR@3,1.0,1.0,0.0,Descriptive same-task same-replicate comparison; not a randomized causal estimate.
phase1_v2_task_002,1,solver_only,solver_plus_evidence_grounded_intervention,intervention,MRR@3,1.0,1.0,0.0,Descriptive same-task same-replicate comparison; not a randomized causal estimate.
phase1_v2_task_002,2,solver_only,solver_plus_evidence_grounded_intervention,intervention,MRR@3,1.0,1.0,0.0,Descriptive same-task same-replicate comparison; not a randomized causal estimate.
phase1_v2_task_003,1,solver_only,solver_plus_evidence_grounded_intervention,intervention,MRR@3,1.0,1.0,0.0,Descriptive same-task same-replicate comparison; not a randomized causal estimate.
phase1_v2_task_003,2,solver_only,solver_plus_evidence_grounded_intervention,intervention,MRR@3,1.0,1.0,0.0,Descriptive same-task same-replicate comparison; not a randomized causal estimate.
phase1_v2_task_004,1,solver_only,solver_plus_evidence_grounded_intervention,intervention,MRR@3,1.0,1.0,0.0,Descriptive same-task same-replicate comparison; not a randomized causal estimate.
phase1_v2_task_004,2,solver_only,solver_plus_evidence_grounded_intervention,intervention,MRR@3,1.0,1.0,0.0,Descriptive same-task same-replicate comparison; not a randomized causal estimate.
phase1_v2_task_004,3,solver_only,solver_plus_evidence_grounded_intervention,intervention,MRR@3,1.0,1.0,0.0,Descriptive same-task same-replicate comparison; not a randomized causal estimate.
phase1_v2_task_005,1,solver_only,solver_plus_evidence_grounded_intervention,intervention,MRR@3,1.0,1.0,0.0,Descriptive same-task same-replicate comparison; not a randomized causal estimate.
phase1_v2_task_005,2,solver_only,solver_plus_evidence_grounded_intervention,intervention,MRR@3,1.0,1.0,0.0,Descriptive same-task same-replicate comparison; not a randomized causal estimate.
phase1_v2_task_006,1,solver_only,solver_plus_evidence_grounded_intervention,intervention,MRR@3,1.0,1.0,0.0,Descriptive same-task same-replicate comparison; not a randomized causal estimate.
phase1_v2_task_006,2,solver_only,solver_plus_evidence_grounded_intervention,intervention,MRR@3,1.0,1.0,0.0,Descriptive same-task same-replicate comparison; not a randomized causal estimate.
phase1_v2_task_007,1,solver_only,solver_plus_evidence_grounded_intervention,intervention,MRR@3,1.0,1.0,0.0,Descriptive same-task same-replicate comparison; not a randomized causal estimate.
phase1_v2_task_007,2,solver_only,solver_plus_evidence_grounded_intervention,intervention,MRR@3,1.0,0.5,-0.5,Descriptive same-task same-replicate comparison; not a randomized causal estimate.
phase1_v2_task_008,1,solver_only,solver_plus_evidence_grounded_intervention,intervention,MRR@3,1.0,1.0,0.0,Descriptive same-task same-replicate comparison; not a randomized causal estimate.
phase1_v2_task_008,2,solver_only,solver_plus_evidence_grounded_intervention,intervention,MRR@3,1.0,1.0,0.0,Descriptive same-task same-replicate comparison; not a randomized causal estimate.
phase1_v2_task_009,1,solver_only,solver_plus_evidence_grounded_intervention,intervention,MRR@3,1.0,1.0,0.0,Descriptive same-task same-replicate comparison; not a randomized causal estimate.
phase1_v2_task_009,2,solver_only,solver_plus_evidence_grounded_intervention,intervention,MRR@3,1.0,1.0,0.0,Descriptive same-task same-replicate comparison; not a randomized causal estimate.
phase1_v2_task_010,1,solver_only,solver_plus_evidence_grounded_intervention,intervention,MRR@3,1.0,1.0,0.0,Descriptive same-task same-replicate comparison; not a randomized causal estimate.
phase1_v2_task_010,2,solver_only,solver_plus_evidence_grounded_intervention,intervention,MRR@3,1.0,1.0,0.0,Descriptive same-task same-replicate comparison; not a randomized causal estimate.
phase1_v2_task_011,1,solver_only,solver_plus_evidence_grounded_intervention,intervention,MRR@3,1.0,1.0,0.0,Descriptive same-task same-replicate comparison; not a randomized causal estimate.
phase1_v2_task_011,2,solver_only,solver_plus_evidence_grounded_intervention,intervention,MRR@3,1.0,1.0,0.0,Descriptive same-task same-replicate comparison; not a randomized causal estimate.
phase1_v2_task_011,3,solver_only,solver_plus_evidence_grounded_intervention,intervention,MRR@3,1.0,1.0,0.0,Descriptive same-task same-replicate comparison; not a randomized causal estimate.
phase1_v2_task_012,1,solver_only,solver_plus_evidence_grounded_intervention,intervention,MRR@3,1.0,1.0,0.0,Descriptive same-task same-replicate comparison; not a randomized causal estimate.
phase1_v2_task_012,2,solver_only,solver_plus_evidence_grounded_intervention,intervention,MRR@3,1.0,1.0,0.0,Descriptive same-task same-replicate comparison; not a randomized causal estimate.
phase1_v2_task_013,1,solver_only,solver_plus_evidence_grounded_intervention,intervention,MRR@3,1.0,1.0,0.0,Descriptive same-task same-replicate comparison; not a randomized causal estimate.
phase1_v2_task_013,2,solver_only,solver_plus_evidence_grounded_intervention,intervention,MRR@3,1.0,1.0,0.0,Descriptive same-task same-replicate comparison; not a randomized causal estimate.
phase1_v2_task_014,1,solver_only,solver_plus_evidence_grounded_intervention,intervention,MRR@3,1.0,1.0,0.0,Descriptive same-task same-replicate comparison; not a randomized causal estimate.
phase1_v2_task_001,1,solver_only,solver_plus_evidence_grounded_intervention,intervention,MultiFileRecall@6,0.25,0.25,0.0,Descriptive same-task same-replicate comparison; not a randomized causal estimate.
phase1_v2_task_001,2,solver_only,solver_plus_evidence_grounded_intervention,intervention,MultiFileRecall@6,0.25,0.5,0.25,Descriptive same-task same-replicate comparison; not a randomized causal estimate.
phase1_v2_task_001,3,solver_only,solver_plus_evidence_grounded_intervention,intervention,MultiFileRecall@6,0.5,0.5,0.0,Descriptive same-task same-replicate comparison; not a randomized causal estimate.
phase1_v2_task_002,1,solver_only,solver_plus_evidence_grounded_intervention,intervention,MultiFileRecall@6,0.5,0.5,0.0,Descriptive same-task same-replicate comparison; not a randomized causal estimate.
phase1_v2_task_002,2,solver_only,solver_plus_evidence_grounded_intervention,intervention,MultiFileRecall@6,0.5,0.5,0.0,Descriptive same-task same-replicate comparison; not a randomized causal estimate.
phase1_v2_task_003,1,solver_only,solver_plus_evidence_grounded_intervention,intervention,MultiFileRecall@6,0.285714,0.142857,-0.142857,Descriptive same-task same-replicate comparison; not a randomized causal estimate.
phase1_v2_task_003,2,solver_only,solver_plus_evidence_grounded_intervention,intervention,MultiFileRecall@6,0.142857,0.142857,0.0,Descriptive same-task same-replicate comparison; not a randomized causal estimate.
phase1_v2_task_004,1,solver_only,solver_plus_evidence_grounded_intervention,intervention,MultiFileRecall@6,0.25,0.25,0.0,Descriptive same-task same-replicate comparison; not a randomized causal estimate.
phase1_v2_task_004,2,solver_only,solver_plus_evidence_grounded_intervention,intervention,MultiFileRecall@6,0.25,0.25,0.0,Descriptive same-task same-replicate comparison; not a randomized causal estimate.
phase1_v2_task_004,3,solver_only,solver_plus_evidence_grounded_intervention,intervention,MultiFileRecall@6,0.25,0.25,0.0,Descriptive same-task same-replicate comparison; not a randomized causal estimate.
phase1_v2_task_005,1,solver_only,solver_plus_evidence_grounded_intervention,intervention,MultiFileRecall@6,0.5,0.5,0.0,Descriptive same-task same-replicate comparison; not a randomized causal estimate.
phase1_v2_task_005,2,solver_only,solver_plus_evidence_grounded_intervention,intervention,MultiFileRecall@6,0.5,0.5,0.0,Descriptive same-task same-replicate comparison; not a randomized causal estimate.
phase1_v2_task_006,1,solver_only,solver_plus_evidence_grounded_intervention,intervention,MultiFileRecall@6,1.0,1.0,0.0,Descriptive same-task same-replicate comparison; not a randomized causal estimate.
phase1_v2_task_006,2,solver_only,solver_plus_evidence_grounded_intervention,intervention,MultiFileRecall@6,1.0,1.0,0.0,Descriptive same-task same-replicate comparison; not a randomized causal estimate.
phase1_v2_task_007,1,solver_only,solver_plus_evidence_grounded_intervention,intervention,MultiFileRecall@6,0.5,0.5,0.0,Descriptive same-task same-replicate comparison; not a randomized causal estimate.
phase1_v2_task_007,2,solver_only,solver_plus_evidence_grounded_intervention,intervention,MultiFileRecall@6,0.5,0.5,0.0,Descriptive same-task same-replicate comparison; not a randomized causal estimate.
phase1_v2_task_008,1,solver_only,solver_plus_evidence_grounded_intervention,intervention,MultiFileRecall@6,0.4,0.4,0.0,Descriptive same-task same-replicate comparison; not a randomized causal estimate.
phase1_v2_task_008,2,solver_only,solver_plus_evidence_grounded_intervention,intervention,MultiFileRecall@6,0.4,0.4,0.0,Descriptive same-task same-replicate comparison; not a randomized causal estimate.
phase1_v2_task_009,1,solver_only,solver_plus_evidence_grounded_intervention,intervention,MultiFileRecall@6,0.5,0.5,0.0,Descriptive same-task same-replicate comparison; not a randomized causal estimate.
phase1_v2_task_009,2,solver_only,solver_plus_evidence_grounded_intervention,intervention,MultiFileRecall@6,0.5,0.5,0.0,Descriptive same-task same-replicate comparison; not a randomized causal estimate.
phase1_v2_task_010,1,solver_only,solver_plus_evidence_grounded_intervention,intervention,MultiFileRecall@6,0.5,0.5,0.0,Descriptive same-task same-replicate comparison; not a randomized causal estimate.
phase1_v2_task_010,2,solver_only,solver_plus_evidence_grounded_intervention,intervention,MultiFileRecall@6,0.5,0.5,0.0,Descriptive same-task same-replicate comparison; not a randomized causal estimate.
phase1_v2_task_011,1,solver_only,solver_plus_evidence_grounded_intervention,intervention,MultiFileRecall@6,0.571429,0.571429,0.0,Descriptive same-task same-replicate comparison; not a randomized causal estimate.
phase1_v2_task_011,2,solver_only,solver_plus_evidence_grounded_intervention,intervention,MultiFileRecall@6,0.571429,0.428571,-0.142858,Descriptive same-task same-replicate comparison; not a randomized causal estimate.
phase1_v2_task_011,3,solver_only,solver_plus_evidence_grounded_intervention,intervention,MultiFileRecall@6,0.571429,0.571429,0.0,Descriptive same-task same-replicate comparison; not a randomized causal estimate.
phase1_v2_task_012,1,solver_only,solver_plus_evidence_grounded_intervention,intervention,MultiFileRecall@6,0.5,0.5,0.0,Descriptive same-task same-replicate comparison; not a randomized causal estimate.
phase1_v2_task_012,2,solver_only,solver_plus_evidence_grounded_intervention,intervention,MultiFileRecall@6,0.5,0.5,0.0,Descriptive same-task same-replicate comparison; not a randomized causal estimate.
phase1_v2_task_013,1,solver_only,solver_plus_evidence_grounded_intervention,intervention,MultiFileRecall@6,0.25,0.25,0.0,Descriptive same-task same-replicate comparison; not a randomized causal estimate.
phase1_v2_task_013,2,solver_only,solver_plus_evidence_grounded_intervention,intervention,MultiFileRecall@6,0.25,0.25,0.0,Descriptive same-task same-replicate comparison; not a randomized causal estimate.
phase1_v2_task_014,1,solver_only,solver_plus_evidence_grounded_intervention,intervention,MultiFileRecall@6,0.666667,0.666667,0.0,Descriptive same-task same-replicate comparison; not a randomized causal estimate.
phase1_v2_task_001,1,solver_only,solver_plus_full_shenji,raw,FileHit@1,1.0,1.0,0.0,Descriptive same-task same-replicate comparison; not a randomized causal estimate.
phase1_v2_task_001,2,solver_only,solver_plus_full_shenji,raw,FileHit@1,1.0,1.0,0.0,Descriptive same-task same-replicate comparison; not a randomized causal estimate.
phase1_v2_task_001,3,solver_only,solver_plus_full_shenji,raw,FileHit@1,1.0,1.0,0.0,Descriptive same-task same-replicate comparison; not a randomized causal estimate.
phase1_v2_task_002,1,solver_only,solver_plus_full_shenji,raw,FileHit@1,1.0,1.0,0.0,Descriptive same-task same-replicate comparison; not a randomized causal estimate.
phase1_v2_task_002,2,solver_only,solver_plus_full_shenji,raw,FileHit@1,1.0,1.0,0.0,Descriptive same-task same-replicate comparison; not a randomized causal estimate.
phase1_v2_task_003,1,solver_only,solver_plus_full_shenji,raw,FileHit@1,1.0,1.0,0.0,Descriptive same-task same-replicate comparison; not a randomized causal estimate.
phase1_v2_task_003,2,solver_only,solver_plus_full_shenji,raw,FileHit@1,1.0,1.0,0.0,Descriptive same-task same-replicate comparison; not a randomized causal estimate.
phase1_v2_task_004,1,solver_only,solver_plus_full_shenji,raw,FileHit@1,1.0,1.0,0.0,Descriptive same-task same-replicate comparison; not a randomized causal estimate.
phase1_v2_task_004,2,solver_only,solver_plus_full_shenji,raw,FileHit@1,1.0,1.0,0.0,Descriptive same-task same-replicate comparison; not a randomized causal estimate.
phase1_v2_task_004,3,solver_only,solver_plus_full_shenji,raw,FileHit@1,1.0,1.0,0.0,Descriptive same-task same-replicate comparison; not a randomized causal estimate.
phase1_v2_task_005,1,solver_only,solver_plus_full_shenji,raw,FileHit@1,1.0,1.0,0.0,Descriptive same-task same-replicate comparison; not a randomized causal estimate.
phase1_v2_task_005,2,solver_only,solver_plus_full_shenji,raw,FileHit@1,1.0,1.0,0.0,Descriptive same-task same-replicate comparison; not a randomized causal estimate.
phase1_v2_task_006,1,solver_only,solver_plus_full_shenji,raw,FileHit@1,1.0,1.0,0.0,Descriptive same-task same-replicate comparison; not a randomized causal estimate.
phase1_v2_task_006,2,solver_only,solver_plus_full_shenji,raw,FileHit@1,1.0,1.0,0.0,Descriptive same-task same-replicate comparison; not a randomized causal estimate.
phase1_v2_task_007,1,solver_only,solver_plus_full_shenji,raw,FileHit@1,1.0,1.0,0.0,Descriptive same-task same-replicate comparison; not a randomized causal estimate.
phase1_v2_task_007,2,solver_only,solver_plus_full_shenji,raw,FileHit@1,1.0,1.0,0.0,Descriptive same-task same-replicate comparison; not a randomized causal estimate.
phase1_v2_task_008,1,solver_only,solver_plus_full_shenji,raw,FileHit@1,1.0,1.0,0.0,Descriptive same-task same-replicate comparison; not a randomized causal estimate.
phase1_v2_task_008,2,solver_only,solver_plus_full_shenji,raw,FileHit@1,1.0,1.0,0.0,Descriptive same-task same-replicate comparison; not a randomized causal estimate.
phase1_v2_task_009,1,solver_only,solver_plus_full_shenji,raw,FileHit@1,1.0,1.0,0.0,Descriptive same-task same-replicate comparison; not a randomized causal estimate.
phase1_v2_task_009,2,solver_only,solver_plus_full_shenji,raw,FileHit@1,1.0,1.0,0.0,Descriptive same-task same-replicate comparison; not a randomized causal estimate.
phase1_v2_task_010,1,solver_only,solver_plus_full_shenji,raw,FileHit@1,1.0,1.0,0.0,Descriptive same-task same-replicate comparison; not a randomized causal estimate.
phase1_v2_task_010,2,solver_only,solver_plus_full_shenji,raw,FileHit@1,1.0,1.0,0.0,Descriptive same-task same-replicate comparison; not a randomized causal estimate.
phase1_v2_task_011,1,solver_only,solver_plus_full_shenji,raw,FileHit@1,1.0,1.0,0.0,Descriptive same-task same-replicate comparison; not a randomized causal estimate.
phase1_v2_task_011,2,solver_only,solver_plus_full_shenji,raw,FileHit@1,1.0,1.0,0.0,Descriptive same-task same-replicate comparison; not a randomized causal estimate.
phase1_v2_task_011,3,solver_only,solver_plus_full_shenji,raw,FileHit@1,1.0,1.0,0.0,Descriptive same-task same-replicate comparison; not a randomized causal estimate.
phase1_v2_task_012,1,solver_only,solver_plus_full_shenji,raw,FileHit@1,1.0,1.0,0.0,Descriptive same-task same-replicate comparison; not a randomized causal estimate.
phase1_v2_task_012,2,solver_only,solver_plus_full_shenji,raw,FileHit@1,1.0,1.0,0.0,Descriptive same-task same-replicate comparison; not a randomized causal estimate.
phase1_v2_task_013,1,solver_only,solver_plus_full_shenji,raw,FileHit@1,1.0,1.0,0.0,Descriptive same-task same-replicate comparison; not a randomized causal estimate.
phase1_v2_task_013,2,solver_only,solver_plus_full_shenji,raw,FileHit@1,1.0,1.0,0.0,Descriptive same-task same-replicate comparison; not a randomized causal estimate.
phase1_v2_task_014,1,solver_only,solver_plus_full_shenji,raw,FileHit@1,1.0,0.0,-1.0,Descriptive same-task same-replicate comparison; not a randomized causal estimate.
phase1_v2_task_001,1,solver_only,solver_plus_full_shenji,raw,FileHit@3,1.0,1.0,0.0,Descriptive same-task same-replicate comparison; not a randomized causal estimate.
phase1_v2_task_001,2,solver_only,solver_plus_full_shenji,raw,FileHit@3,1.0,1.0,0.0,Descriptive same-task same-replicate comparison; not a randomized causal estimate.
phase1_v2_task_001,3,solver_only,solver_plus_full_shenji,raw,FileHit@3,1.0,1.0,0.0,Descriptive same-task same-replicate comparison; not a randomized causal estimate.
phase1_v2_task_002,1,solver_only,solver_plus_full_shenji,raw,FileHit@3,1.0,1.0,0.0,Descriptive same-task same-replicate comparison; not a randomized causal estimate.
phase1_v2_task_002,2,solver_only,solver_plus_full_shenji,raw,FileHit@3,1.0,1.0,0.0,Descriptive same-task same-replicate comparison; not a randomized causal estimate.
phase1_v2_task_003,1,solver_only,solver_plus_full_shenji,raw,FileHit@3,1.0,1.0,0.0,Descriptive same-task same-replicate comparison; not a randomized causal estimate.
phase1_v2_task_003,2,solver_only,solver_plus_full_shenji,raw,FileHit@3,1.0,1.0,0.0,Descriptive same-task same-replicate comparison; not a randomized causal estimate.
phase1_v2_task_004,1,solver_only,solver_plus_full_shenji,raw,FileHit@3,1.0,1.0,0.0,Descriptive same-task same-replicate comparison; not a randomized causal estimate.
phase1_v2_task_004,2,solver_only,solver_plus_full_shenji,raw,FileHit@3,1.0,1.0,0.0,Descriptive same-task same-replicate comparison; not a randomized causal estimate.
phase1_v2_task_004,3,solver_only,solver_plus_full_shenji,raw,FileHit@3,1.0,1.0,0.0,Descriptive same-task same-replicate comparison; not a randomized causal estimate.
phase1_v2_task_005,1,solver_only,solver_plus_full_shenji,raw,FileHit@3,1.0,1.0,0.0,Descriptive same-task same-replicate comparison; not a randomized causal estimate.
phase1_v2_task_005,2,solver_only,solver_plus_full_shenji,raw,FileHit@3,1.0,1.0,0.0,Descriptive same-task same-replicate comparison; not a randomized causal estimate.
phase1_v2_task_006,1,solver_only,solver_plus_full_shenji,raw,FileHit@3,1.0,1.0,0.0,Descriptive same-task same-replicate comparison; not a randomized causal estimate.
phase1_v2_task_006,2,solver_only,solver_plus_full_shenji,raw,FileHit@3,1.0,1.0,0.0,Descriptive same-task same-replicate comparison; not a randomized causal estimate.
phase1_v2_task_007,1,solver_only,solver_plus_full_shenji,raw,FileHit@3,1.0,1.0,0.0,Descriptive same-task same-replicate comparison; not a randomized causal estimate.
phase1_v2_task_007,2,solver_only,solver_plus_full_shenji,raw,FileHit@3,1.0,1.0,0.0,Descriptive same-task same-replicate comparison; not a randomized causal estimate.
phase1_v2_task_008,1,solver_only,solver_plus_full_shenji,raw,FileHit@3,1.0,1.0,0.0,Descriptive same-task same-replicate comparison; not a randomized causal estimate.
phase1_v2_task_008,2,solver_only,solver_plus_full_shenji,raw,FileHit@3,1.0,1.0,0.0,Descriptive same-task same-replicate comparison; not a randomized causal estimate.
phase1_v2_task_009,1,solver_only,solver_plus_full_shenji,raw,FileHit@3,1.0,1.0,0.0,Descriptive same-task same-replicate comparison; not a randomized causal estimate.
phase1_v2_task_009,2,solver_only,solver_plus_full_shenji,raw,FileHit@3,1.0,1.0,0.0,Descriptive same-task same-replicate comparison; not a randomized causal estimate.
phase1_v2_task_010,1,solver_only,solver_plus_full_shenji,raw,FileHit@3,1.0,1.0,0.0,Descriptive same-task same-replicate comparison; not a randomized causal estimate.
phase1_v2_task_010,2,solver_only,solver_plus_full_shenji,raw,FileHit@3,1.0,1.0,0.0,Descriptive same-task same-replicate comparison; not a randomized causal estimate.
phase1_v2_task_011,1,solver_only,solver_plus_full_shenji,raw,FileHit@3,1.0,1.0,0.0,Descriptive same-task same-replicate comparison; not a randomized causal estimate.
phase1_v2_task_011,2,solver_only,solver_plus_full_shenji,raw,FileHit@3,1.0,1.0,0.0,Descriptive same-task same-replicate comparison; not a randomized causal estimate.
phase1_v2_task_011,3,solver_only,solver_plus_full_shenji,raw,FileHit@3,1.0,1.0,0.0,Descriptive same-task same-replicate comparison; not a randomized causal estimate.
phase1_v2_task_012,1,solver_only,solver_plus_full_shenji,raw,FileHit@3,1.0,1.0,0.0,Descriptive same-task same-replicate comparison; not a randomized causal estimate.
phase1_v2_task_012,2,solver_only,solver_plus_full_shenji,raw,FileHit@3,1.0,1.0,0.0,Descriptive same-task same-replicate comparison; not a randomized causal estimate.
phase1_v2_task_013,1,solver_only,solver_plus_full_shenji,raw,FileHit@3,1.0,1.0,0.0,Descriptive same-task same-replicate comparison; not a randomized causal estimate.
phase1_v2_task_013,2,solver_only,solver_plus_full_shenji,raw,FileHit@3,1.0,1.0,0.0,Descriptive same-task same-replicate comparison; not a randomized causal estimate.
phase1_v2_task_014,1,solver_only,solver_plus_full_shenji,raw,FileHit@3,1.0,0.0,-1.0,Descriptive same-task same-replicate comparison; not a randomized causal estimate.
phase1_v2_task_001,1,solver_only,solver_plus_full_shenji,raw,FileHit@5,1.0,1.0,0.0,Descriptive same-task same-replicate comparison; not a randomized causal estimate.
phase1_v2_task_001,2,solver_only,solver_plus_full_shenji,raw,FileHit@5,1.0,1.0,0.0,Descriptive same-task same-replicate comparison; not a randomized causal estimate.
phase1_v2_task_001,3,solver_only,solver_plus_full_shenji,raw,FileHit@5,1.0,1.0,0.0,Descriptive same-task same-replicate comparison; not a randomized causal estimate.
phase1_v2_task_002,1,solver_only,solver_plus_full_shenji,raw,FileHit@5,1.0,1.0,0.0,Descriptive same-task same-replicate comparison; not a randomized causal estimate.
phase1_v2_task_002,2,solver_only,solver_plus_full_shenji,raw,FileHit@5,1.0,1.0,0.0,Descriptive same-task same-replicate comparison; not a randomized causal estimate.
phase1_v2_task_003,1,solver_only,solver_plus_full_shenji,raw,FileHit@5,1.0,1.0,0.0,Descriptive same-task same-replicate comparison; not a randomized causal estimate.
phase1_v2_task_003,2,solver_only,solver_plus_full_shenji,raw,FileHit@5,1.0,1.0,0.0,Descriptive same-task same-replicate comparison; not a randomized causal estimate.
phase1_v2_task_004,1,solver_only,solver_plus_full_shenji,raw,FileHit@5,1.0,1.0,0.0,Descriptive same-task same-replicate comparison; not a randomized causal estimate.
phase1_v2_task_004,2,solver_only,solver_plus_full_shenji,raw,FileHit@5,1.0,1.0,0.0,Descriptive same-task same-replicate comparison; not a randomized causal estimate.
phase1_v2_task_004,3,solver_only,solver_plus_full_shenji,raw,FileHit@5,1.0,1.0,0.0,Descriptive same-task same-replicate comparison; not a randomized causal estimate.
phase1_v2_task_005,1,solver_only,solver_plus_full_shenji,raw,FileHit@5,1.0,1.0,0.0,Descriptive same-task same-replicate comparison; not a randomized causal estimate.
phase1_v2_task_005,2,solver_only,solver_plus_full_shenji,raw,FileHit@5,1.0,1.0,0.0,Descriptive same-task same-replicate comparison; not a randomized causal estimate.
phase1_v2_task_006,1,solver_only,solver_plus_full_shenji,raw,FileHit@5,1.0,1.0,0.0,Descriptive same-task same-replicate comparison; not a randomized causal estimate.
phase1_v2_task_006,2,solver_only,solver_plus_full_shenji,raw,FileHit@5,1.0,1.0,0.0,Descriptive same-task same-replicate comparison; not a randomized causal estimate.
phase1_v2_task_007,1,solver_only,solver_plus_full_shenji,raw,FileHit@5,1.0,1.0,0.0,Descriptive same-task same-replicate comparison; not a randomized causal estimate.
phase1_v2_task_007,2,solver_only,solver_plus_full_shenji,raw,FileHit@5,1.0,1.0,0.0,Descriptive same-task same-replicate comparison; not a randomized causal estimate.
phase1_v2_task_008,1,solver_only,solver_plus_full_shenji,raw,FileHit@5,1.0,1.0,0.0,Descriptive same-task same-replicate comparison; not a randomized causal estimate.
phase1_v2_task_008,2,solver_only,solver_plus_full_shenji,raw,FileHit@5,1.0,1.0,0.0,Descriptive same-task same-replicate comparison; not a randomized causal estimate.
phase1_v2_task_009,1,solver_only,solver_plus_full_shenji,raw,FileHit@5,1.0,1.0,0.0,Descriptive same-task same-replicate comparison; not a randomized causal estimate.
phase1_v2_task_009,2,solver_only,solver_plus_full_shenji,raw,FileHit@5,1.0,1.0,0.0,Descriptive same-task same-replicate comparison; not a randomized causal estimate.
phase1_v2_task_010,1,solver_only,solver_plus_full_shenji,raw,FileHit@5,1.0,1.0,0.0,Descriptive same-task same-replicate comparison; not a randomized causal estimate.
phase1_v2_task_010,2,solver_only,solver_plus_full_shenji,raw,FileHit@5,1.0,1.0,0.0,Descriptive same-task same-replicate comparison; not a randomized causal estimate.
phase1_v2_task_011,1,solver_only,solver_plus_full_shenji,raw,FileHit@5,1.0,1.0,0.0,Descriptive same-task same-replicate comparison; not a randomized causal estimate.
phase1_v2_task_011,2,solver_only,solver_plus_full_shenji,raw,FileHit@5,1.0,1.0,0.0,Descriptive same-task same-replicate comparison; not a randomized causal estimate.
phase1_v2_task_011,3,solver_only,solver_plus_full_shenji,raw,FileHit@5,1.0,1.0,0.0,Descriptive same-task same-replicate comparison; not a randomized causal estimate.
phase1_v2_task_012,1,solver_only,solver_plus_full_shenji,raw,FileHit@5,1.0,1.0,0.0,Descriptive same-task same-replicate comparison; not a randomized causal estimate.
phase1_v2_task_012,2,solver_only,solver_plus_full_shenji,raw,FileHit@5,1.0,1.0,0.0,Descriptive same-task same-replicate comparison; not a randomized causal estimate.
phase1_v2_task_013,1,solver_only,solver_plus_full_shenji,raw,FileHit@5,1.0,1.0,0.0,Descriptive same-task same-replicate comparison; not a randomized causal estimate.
phase1_v2_task_013,2,solver_only,solver_plus_full_shenji,raw,FileHit@5,1.0,1.0,0.0,Descriptive same-task same-replicate comparison; not a randomized causal estimate.
phase1_v2_task_014,1,solver_only,solver_plus_full_shenji,raw,FileHit@5,1.0,0.0,-1.0,Descriptive same-task same-replicate comparison; not a randomized causal estimate.
phase1_v2_task_001,1,solver_only,solver_plus_full_shenji,raw,FileHit@6,1.0,1.0,0.0,Descriptive same-task same-replicate comparison; not a randomized causal estimate.
phase1_v2_task_001,2,solver_only,solver_plus_full_shenji,raw,FileHit@6,1.0,1.0,0.0,Descriptive same-task same-replicate comparison; not a randomized causal estimate.
phase1_v2_task_001,3,solver_only,solver_plus_full_shenji,raw,FileHit@6,1.0,1.0,0.0,Descriptive same-task same-replicate comparison; not a randomized causal estimate.
phase1_v2_task_002,1,solver_only,solver_plus_full_shenji,raw,FileHit@6,1.0,1.0,0.0,Descriptive same-task same-replicate comparison; not a randomized causal estimate.
phase1_v2_task_002,2,solver_only,solver_plus_full_shenji,raw,FileHit@6,1.0,1.0,0.0,Descriptive same-task same-replicate comparison; not a randomized causal estimate.
phase1_v2_task_003,1,solver_only,solver_plus_full_shenji,raw,FileHit@6,1.0,1.0,0.0,Descriptive same-task same-replicate comparison; not a randomized causal estimate.
phase1_v2_task_003,2,solver_only,solver_plus_full_shenji,raw,FileHit@6,1.0,1.0,0.0,Descriptive same-task same-replicate comparison; not a randomized causal estimate.
phase1_v2_task_004,1,solver_only,solver_plus_full_shenji,raw,FileHit@6,1.0,1.0,0.0,Descriptive same-task same-replicate comparison; not a randomized causal estimate.
phase1_v2_task_004,2,solver_only,solver_plus_full_shenji,raw,FileHit@6,1.0,1.0,0.0,Descriptive same-task same-replicate comparison; not a randomized causal estimate.
phase1_v2_task_004,3,solver_only,solver_plus_full_shenji,raw,FileHit@6,1.0,1.0,0.0,Descriptive same-task same-replicate comparison; not a randomized causal estimate.
phase1_v2_task_005,1,solver_only,solver_plus_full_shenji,raw,FileHit@6,1.0,1.0,0.0,Descriptive same-task same-replicate comparison; not a randomized causal estimate.
phase1_v2_task_005,2,solver_only,solver_plus_full_shenji,raw,FileHit@6,1.0,1.0,0.0,Descriptive same-task same-replicate comparison; not a randomized causal estimate.
phase1_v2_task_006,1,solver_only,solver_plus_full_shenji,raw,FileHit@6,1.0,1.0,0.0,Descriptive same-task same-replicate comparison; not a randomized causal estimate.
phase1_v2_task_006,2,solver_only,solver_plus_full_shenji,raw,FileHit@6,1.0,1.0,0.0,Descriptive same-task same-replicate comparison; not a randomized causal estimate.
phase1_v2_task_007,1,solver_only,solver_plus_full_shenji,raw,FileHit@6,1.0,1.0,0.0,Descriptive same-task same-replicate comparison; not a randomized causal estimate.
phase1_v2_task_007,2,solver_only,solver_plus_full_shenji,raw,FileHit@6,1.0,1.0,0.0,Descriptive same-task same-replicate comparison; not a randomized causal estimate.
phase1_v2_task_008,1,solver_only,solver_plus_full_shenji,raw,FileHit@6,1.0,1.0,0.0,Descriptive same-task same-replicate comparison; not a randomized causal estimate.
phase1_v2_task_008,2,solver_only,solver_plus_full_shenji,raw,FileHit@6,1.0,1.0,0.0,Descriptive same-task same-replicate comparison; not a randomized causal estimate.
phase1_v2_task_009,1,solver_only,solver_plus_full_shenji,raw,FileHit@6,1.0,1.0,0.0,Descriptive same-task same-replicate comparison; not a randomized causal estimate.
phase1_v2_task_009,2,solver_only,solver_plus_full_shenji,raw,FileHit@6,1.0,1.0,0.0,Descriptive same-task same-replicate comparison; not a randomized causal estimate.
phase1_v2_task_010,1,solver_only,solver_plus_full_shenji,raw,FileHit@6,1.0,1.0,0.0,Descriptive same-task same-replicate comparison; not a randomized causal estimate.
phase1_v2_task_010,2,solver_only,solver_plus_full_shenji,raw,FileHit@6,1.0,1.0,0.0,Descriptive same-task same-replicate comparison; not a randomized causal estimate.
phase1_v2_task_011,1,solver_only,solver_plus_full_shenji,raw,FileHit@6,1.0,1.0,0.0,Descriptive same-task same-replicate comparison; not a randomized causal estimate.
phase1_v2_task_011,2,solver_only,solver_plus_full_shenji,raw,FileHit@6,1.0,1.0,0.0,Descriptive same-task same-replicate comparison; not a randomized causal estimate.
phase1_v2_task_011,3,solver_only,solver_plus_full_shenji,raw,FileHit@6,1.0,1.0,0.0,Descriptive same-task same-replicate comparison; not a randomized causal estimate.
phase1_v2_task_012,1,solver_only,solver_plus_full_shenji,raw,FileHit@6,1.0,1.0,0.0,Descriptive same-task same-replicate comparison; not a randomized causal estimate.
phase1_v2_task_012,2,solver_only,solver_plus_full_shenji,raw,FileHit@6,1.0,1.0,0.0,Descriptive same-task same-replicate comparison; not a randomized causal estimate.
phase1_v2_task_013,1,solver_only,solver_plus_full_shenji,raw,FileHit@6,1.0,1.0,0.0,Descriptive same-task same-replicate comparison; not a randomized causal estimate.
phase1_v2_task_013,2,solver_only,solver_plus_full_shenji,raw,FileHit@6,1.0,1.0,0.0,Descriptive same-task same-replicate comparison; not a randomized causal estimate.
phase1_v2_task_014,1,solver_only,solver_plus_full_shenji,raw,FileHit@6,1.0,0.0,-1.0,Descriptive same-task same-replicate comparison; not a randomized causal estimate.
phase1_v2_task_001,1,solver_only,solver_plus_full_shenji,raw,MRR@3,1.0,1.0,0.0,Descriptive same-task same-replicate comparison; not a randomized causal estimate.
phase1_v2_task_001,2,solver_only,solver_plus_full_shenji,raw,MRR@3,1.0,1.0,0.0,Descriptive same-task same-replicate comparison; not a randomized causal estimate.
phase1_v2_task_001,3,solver_only,solver_plus_full_shenji,raw,MRR@3,1.0,1.0,0.0,Descriptive same-task same-replicate comparison; not a randomized causal estimate.
phase1_v2_task_002,1,solver_only,solver_plus_full_shenji,raw,MRR@3,1.0,1.0,0.0,Descriptive same-task same-replicate comparison; not a randomized causal estimate.
phase1_v2_task_002,2,solver_only,solver_plus_full_shenji,raw,MRR@3,1.0,1.0,0.0,Descriptive same-task same-replicate comparison; not a randomized causal estimate.
phase1_v2_task_003,1,solver_only,solver_plus_full_shenji,raw,MRR@3,1.0,1.0,0.0,Descriptive same-task same-replicate comparison; not a randomized causal estimate.
phase1_v2_task_003,2,solver_only,solver_plus_full_shenji,raw,MRR@3,1.0,1.0,0.0,Descriptive same-task same-replicate comparison; not a randomized causal estimate.
phase1_v2_task_004,1,solver_only,solver_plus_full_shenji,raw,MRR@3,1.0,1.0,0.0,Descriptive same-task same-replicate comparison; not a randomized causal estimate.
phase1_v2_task_004,2,solver_only,solver_plus_full_shenji,raw,MRR@3,1.0,1.0,0.0,Descriptive same-task same-replicate comparison; not a randomized causal estimate.
phase1_v2_task_004,3,solver_only,solver_plus_full_shenji,raw,MRR@3,1.0,1.0,0.0,Descriptive same-task same-replicate comparison; not a randomized causal estimate.
phase1_v2_task_005,1,solver_only,solver_plus_full_shenji,raw,MRR@3,1.0,1.0,0.0,Descriptive same-task same-replicate comparison; not a randomized causal estimate.
phase1_v2_task_005,2,solver_only,solver_plus_full_shenji,raw,MRR@3,1.0,1.0,0.0,Descriptive same-task same-replicate comparison; not a randomized causal estimate.
phase1_v2_task_006,1,solver_only,solver_plus_full_shenji,raw,MRR@3,1.0,1.0,0.0,Descriptive same-task same-replicate comparison; not a randomized causal estimate.
phase1_v2_task_006,2,solver_only,solver_plus_full_shenji,raw,MRR@3,1.0,1.0,0.0,Descriptive same-task same-replicate comparison; not a randomized causal estimate.
phase1_v2_task_007,1,solver_only,solver_plus_full_shenji,raw,MRR@3,1.0,1.0,0.0,Descriptive same-task same-replicate comparison; not a randomized causal estimate.
phase1_v2_task_007,2,solver_only,solver_plus_full_shenji,raw,MRR@3,1.0,1.0,0.0,Descriptive same-task same-replicate comparison; not a randomized causal estimate.
phase1_v2_task_008,1,solver_only,solver_plus_full_shenji,raw,MRR@3,1.0,1.0,0.0,Descriptive same-task same-replicate comparison; not a randomized causal estimate.
phase1_v2_task_008,2,solver_only,solver_plus_full_shenji,raw,MRR@3,1.0,1.0,0.0,Descriptive same-task same-replicate comparison; not a randomized causal estimate.
phase1_v2_task_009,1,solver_only,solver_plus_full_shenji,raw,MRR@3,1.0,1.0,0.0,Descriptive same-task same-replicate comparison; not a randomized causal estimate.
phase1_v2_task_009,2,solver_only,solver_plus_full_shenji,raw,MRR@3,1.0,1.0,0.0,Descriptive same-task same-replicate comparison; not a randomized causal estimate.
phase1_v2_task_010,1,solver_only,solver_plus_full_shenji,raw,MRR@3,1.0,1.0,0.0,Descriptive same-task same-replicate comparison; not a randomized causal estimate.
phase1_v2_task_010,2,solver_only,solver_plus_full_shenji,raw,MRR@3,1.0,1.0,0.0,Descriptive same-task same-replicate comparison; not a randomized causal estimate.
phase1_v2_task_011,1,solver_only,solver_plus_full_shenji,raw,MRR@3,1.0,1.0,0.0,Descriptive same-task same-replicate comparison; not a randomized causal estimate.
phase1_v2_task_011,2,solver_only,solver_plus_full_shenji,raw,MRR@3,1.0,1.0,0.0,Descriptive same-task same-replicate comparison; not a randomized causal estimate.
phase1_v2_task_011,3,solver_only,solver_plus_full_shenji,raw,MRR@3,1.0,1.0,0.0,Descriptive same-task same-replicate comparison; not a randomized causal estimate.
phase1_v2_task_012,1,solver_only,solver_plus_full_shenji,raw,MRR@3,1.0,1.0,0.0,Descriptive same-task same-replicate comparison; not a randomized causal estimate.
phase1_v2_task_012,2,solver_only,solver_plus_full_shenji,raw,MRR@3,1.0,1.0,0.0,Descriptive same-task same-replicate comparison; not a randomized causal estimate.
phase1_v2_task_013,1,solver_only,solver_plus_full_shenji,raw,MRR@3,1.0,1.0,0.0,Descriptive same-task same-replicate comparison; not a randomized causal estimate.
phase1_v2_task_013,2,solver_only,solver_plus_full_shenji,raw,MRR@3,1.0,1.0,0.0,Descriptive same-task same-replicate comparison; not a randomized causal estimate.
phase1_v2_task_014,1,solver_only,solver_plus_full_shenji,raw,MRR@3,1.0,0.0,-1.0,Descriptive same-task same-replicate comparison; not a randomized causal estimate.
phase1_v2_task_001,1,solver_only,solver_plus_full_shenji,raw,MultiFileRecall@6,0.25,0.25,0.0,Descriptive same-task same-replicate comparison; not a randomized causal estimate.
phase1_v2_task_001,2,solver_only,solver_plus_full_shenji,raw,MultiFileRecall@6,0.25,0.25,0.0,Descriptive same-task same-replicate comparison; not a randomized causal estimate.
phase1_v2_task_001,3,solver_only,solver_plus_full_shenji,raw,MultiFileRecall@6,0.5,0.5,0.0,Descriptive same-task same-replicate comparison; not a randomized causal estimate.
phase1_v2_task_002,1,solver_only,solver_plus_full_shenji,raw,MultiFileRecall@6,0.5,0.5,0.0,Descriptive same-task same-replicate comparison; not a randomized causal estimate.
phase1_v2_task_002,2,solver_only,solver_plus_full_shenji,raw,MultiFileRecall@6,0.5,0.5,0.0,Descriptive same-task same-replicate comparison; not a randomized causal estimate.
phase1_v2_task_003,1,solver_only,solver_plus_full_shenji,raw,MultiFileRecall@6,0.285714,0.142857,-0.142857,Descriptive same-task same-replicate comparison; not a randomized causal estimate.
phase1_v2_task_003,2,solver_only,solver_plus_full_shenji,raw,MultiFileRecall@6,0.142857,0.142857,0.0,Descriptive same-task same-replicate comparison; not a randomized causal estimate.
phase1_v2_task_004,1,solver_only,solver_plus_full_shenji,raw,MultiFileRecall@6,0.25,0.25,0.0,Descriptive same-task same-replicate comparison; not a randomized causal estimate.
phase1_v2_task_004,2,solver_only,solver_plus_full_shenji,raw,MultiFileRecall@6,0.25,0.25,0.0,Descriptive same-task same-replicate comparison; not a randomized causal estimate.
phase1_v2_task_004,3,solver_only,solver_plus_full_shenji,raw,MultiFileRecall@6,0.25,0.25,0.0,Descriptive same-task same-replicate comparison; not a randomized causal estimate.
phase1_v2_task_005,1,solver_only,solver_plus_full_shenji,raw,MultiFileRecall@6,0.5,0.166667,-0.333333,Descriptive same-task same-replicate comparison; not a randomized causal estimate.
phase1_v2_task_005,2,solver_only,solver_plus_full_shenji,raw,MultiFileRecall@6,0.5,0.5,0.0,Descriptive same-task same-replicate comparison; not a randomized causal estimate.
phase1_v2_task_006,1,solver_only,solver_plus_full_shenji,raw,MultiFileRecall@6,1.0,1.0,0.0,Descriptive same-task same-replicate comparison; not a randomized causal estimate.
phase1_v2_task_006,2,solver_only,solver_plus_full_shenji,raw,MultiFileRecall@6,1.0,1.0,0.0,Descriptive same-task same-replicate comparison; not a randomized causal estimate.
phase1_v2_task_007,1,solver_only,solver_plus_full_shenji,raw,MultiFileRecall@6,0.5,0.5,0.0,Descriptive same-task same-replicate comparison; not a randomized causal estimate.
phase1_v2_task_007,2,solver_only,solver_plus_full_shenji,raw,MultiFileRecall@6,0.5,0.5,0.0,Descriptive same-task same-replicate comparison; not a randomized causal estimate.
phase1_v2_task_008,1,solver_only,solver_plus_full_shenji,raw,MultiFileRecall@6,0.4,0.4,0.0,Descriptive same-task same-replicate comparison; not a randomized causal estimate.
phase1_v2_task_008,2,solver_only,solver_plus_full_shenji,raw,MultiFileRecall@6,0.4,0.4,0.0,Descriptive same-task same-replicate comparison; not a randomized causal estimate.
phase1_v2_task_009,1,solver_only,solver_plus_full_shenji,raw,MultiFileRecall@6,0.5,0.5,0.0,Descriptive same-task same-replicate comparison; not a randomized causal estimate.
phase1_v2_task_009,2,solver_only,solver_plus_full_shenji,raw,MultiFileRecall@6,0.5,0.5,0.0,Descriptive same-task same-replicate comparison; not a randomized causal estimate.
phase1_v2_task_010,1,solver_only,solver_plus_full_shenji,raw,MultiFileRecall@6,0.5,0.5,0.0,Descriptive same-task same-replicate comparison; not a randomized causal estimate.
phase1_v2_task_010,2,solver_only,solver_plus_full_shenji,raw,MultiFileRecall@6,0.5,0.5,0.0,Descriptive same-task same-replicate comparison; not a randomized causal estimate.
phase1_v2_task_011,1,solver_only,solver_plus_full_shenji,raw,MultiFileRecall@6,0.571429,0.571429,0.0,Descriptive same-task same-replicate comparison; not a randomized causal estimate.
phase1_v2_task_011,2,solver_only,solver_plus_full_shenji,raw,MultiFileRecall@6,0.571429,0.571429,0.0,Descriptive same-task same-replicate comparison; not a randomized causal estimate.
phase1_v2_task_011,3,solver_only,solver_plus_full_shenji,raw,MultiFileRecall@6,0.571429,0.428571,-0.142858,Descriptive same-task same-replicate comparison; not a randomized causal estimate.
phase1_v2_task_012,1,solver_only,solver_plus_full_shenji,raw,MultiFileRecall@6,0.5,0.5,0.0,Descriptive same-task same-replicate comparison; not a randomized causal estimate.
phase1_v2_task_012,2,solver_only,solver_plus_full_shenji,raw,MultiFileRecall@6,0.5,0.5,0.0,Descriptive same-task same-replicate comparison; not a randomized causal estimate.
phase1_v2_task_013,1,solver_only,solver_plus_full_shenji,raw,MultiFileRecall@6,0.25,0.25,0.0,Descriptive same-task same-replicate comparison; not a randomized causal estimate.
phase1_v2_task_013,2,solver_only,solver_plus_full_shenji,raw,MultiFileRecall@6,0.25,0.25,0.0,Descriptive same-task same-replicate comparison; not a randomized causal estimate.
phase1_v2_task_014,1,solver_only,solver_plus_full_shenji,raw,MultiFileRecall@6,0.666667,0.0,-0.666667,Descriptive same-task same-replicate comparison; not a randomized causal estimate.
phase1_v2_task_001,1,solver_only,solver_plus_full_shenji,audit,FileHit@1,1.0,1.0,0.0,Descriptive same-task same-replicate comparison; not a randomized causal estimate.
phase1_v2_task_001,2,solver_only,solver_plus_full_shenji,audit,FileHit@1,1.0,1.0,0.0,Descriptive same-task same-replicate comparison; not a randomized causal estimate.
phase1_v2_task_001,3,solver_only,solver_plus_full_shenji,audit,FileHit@1,1.0,1.0,0.0,Descriptive same-task same-replicate comparison; not a randomized causal estimate.
phase1_v2_task_002,1,solver_only,solver_plus_full_shenji,audit,FileHit@1,1.0,1.0,0.0,Descriptive same-task same-replicate comparison; not a randomized causal estimate.
phase1_v2_task_002,2,solver_only,solver_plus_full_shenji,audit,FileHit@1,1.0,1.0,0.0,Descriptive same-task same-replicate comparison; not a randomized causal estimate.
phase1_v2_task_003,1,solver_only,solver_plus_full_shenji,audit,FileHit@1,1.0,1.0,0.0,Descriptive same-task same-replicate comparison; not a randomized causal estimate.
phase1_v2_task_003,2,solver_only,solver_plus_full_shenji,audit,FileHit@1,1.0,1.0,0.0,Descriptive same-task same-replicate comparison; not a randomized causal estimate.
phase1_v2_task_004,1,solver_only,solver_plus_full_shenji,audit,FileHit@1,1.0,1.0,0.0,Descriptive same-task same-replicate comparison; not a randomized causal estimate.
phase1_v2_task_004,2,solver_only,solver_plus_full_shenji,audit,FileHit@1,1.0,1.0,0.0,Descriptive same-task same-replicate comparison; not a randomized causal estimate.
phase1_v2_task_004,3,solver_only,solver_plus_full_shenji,audit,FileHit@1,1.0,1.0,0.0,Descriptive same-task same-replicate comparison; not a randomized causal estimate.
phase1_v2_task_005,1,solver_only,solver_plus_full_shenji,audit,FileHit@1,1.0,1.0,0.0,Descriptive same-task same-replicate comparison; not a randomized causal estimate.
phase1_v2_task_005,2,solver_only,solver_plus_full_shenji,audit,FileHit@1,1.0,1.0,0.0,Descriptive same-task same-replicate comparison; not a randomized causal estimate.
phase1_v2_task_006,1,solver_only,solver_plus_full_shenji,audit,FileHit@1,1.0,1.0,0.0,Descriptive same-task same-replicate comparison; not a randomized causal estimate.
phase1_v2_task_006,2,solver_only,solver_plus_full_shenji,audit,FileHit@1,1.0,1.0,0.0,Descriptive same-task same-replicate comparison; not a randomized causal estimate.
phase1_v2_task_007,1,solver_only,solver_plus_full_shenji,audit,FileHit@1,1.0,1.0,0.0,Descriptive same-task same-replicate comparison; not a randomized causal estimate.
phase1_v2_task_007,2,solver_only,solver_plus_full_shenji,audit,FileHit@1,1.0,1.0,0.0,Descriptive same-task same-replicate comparison; not a randomized causal estimate.
phase1_v2_task_008,1,solver_only,solver_plus_full_shenji,audit,FileHit@1,1.0,1.0,0.0,Descriptive same-task same-replicate comparison; not a randomized causal estimate.
phase1_v2_task_008,2,solver_only,solver_plus_full_shenji,audit,FileHit@1,1.0,1.0,0.0,Descriptive same-task same-replicate comparison; not a randomized causal estimate.
phase1_v2_task_009,1,solver_only,solver_plus_full_shenji,audit,FileHit@1,1.0,1.0,0.0,Descriptive same-task same-replicate comparison; not a randomized causal estimate.
phase1_v2_task_009,2,solver_only,solver_plus_full_shenji,audit,FileHit@1,1.0,1.0,0.0,Descriptive same-task same-replicate comparison; not a randomized causal estimate.
phase1_v2_task_010,1,solver_only,solver_plus_full_shenji,audit,FileHit@1,1.0,1.0,0.0,Descriptive same-task same-replicate comparison; not a randomized causal estimate.
phase1_v2_task_010,2,solver_only,solver_plus_full_shenji,audit,FileHit@1,1.0,1.0,0.0,Descriptive same-task same-replicate comparison; not a randomized causal estimate.
phase1_v2_task_011,1,solver_only,solver_plus_full_shenji,audit,FileHit@1,1.0,1.0,0.0,Descriptive same-task same-replicate comparison; not a randomized causal estimate.
phase1_v2_task_011,2,solver_only,solver_plus_full_shenji,audit,FileHit@1,1.0,1.0,0.0,Descriptive same-task same-replicate comparison; not a randomized causal estimate.
phase1_v2_task_011,3,solver_only,solver_plus_full_shenji,audit,FileHit@1,1.0,1.0,0.0,Descriptive same-task same-replicate comparison; not a randomized causal estimate.
phase1_v2_task_012,1,solver_only,solver_plus_full_shenji,audit,FileHit@1,1.0,1.0,0.0,Descriptive same-task same-replicate comparison; not a randomized causal estimate.
phase1_v2_task_012,2,solver_only,solver_plus_full_shenji,audit,FileHit@1,1.0,1.0,0.0,Descriptive same-task same-replicate comparison; not a randomized causal estimate.
phase1_v2_task_013,1,solver_only,solver_plus_full_shenji,audit,FileHit@1,1.0,1.0,0.0,Descriptive same-task same-replicate comparison; not a randomized causal estimate.
phase1_v2_task_013,2,solver_only,solver_plus_full_shenji,audit,FileHit@1,1.0,1.0,0.0,Descriptive same-task same-replicate comparison; not a randomized causal estimate.
phase1_v2_task_014,1,solver_only,solver_plus_full_shenji,audit,FileHit@1,1.0,0.0,-1.0,Descriptive same-task same-replicate comparison; not a randomized causal estimate.
phase1_v2_task_001,1,solver_only,solver_plus_full_shenji,audit,FileHit@3,1.0,1.0,0.0,Descriptive same-task same-replicate comparison; not a randomized causal estimate.
phase1_v2_task_001,2,solver_only,solver_plus_full_shenji,audit,FileHit@3,1.0,1.0,0.0,Descriptive same-task same-replicate comparison; not a randomized causal estimate.
phase1_v2_task_001,3,solver_only,solver_plus_full_shenji,audit,FileHit@3,1.0,1.0,0.0,Descriptive same-task same-replicate comparison; not a randomized causal estimate.
phase1_v2_task_002,1,solver_only,solver_plus_full_shenji,audit,FileHit@3,1.0,1.0,0.0,Descriptive same-task same-replicate comparison; not a randomized causal estimate.
phase1_v2_task_002,2,solver_only,solver_plus_full_shenji,audit,FileHit@3,1.0,1.0,0.0,Descriptive same-task same-replicate comparison; not a randomized causal estimate.
phase1_v2_task_003,1,solver_only,solver_plus_full_shenji,audit,FileHit@3,1.0,1.0,0.0,Descriptive same-task same-replicate comparison; not a randomized causal estimate.
phase1_v2_task_003,2,solver_only,solver_plus_full_shenji,audit,FileHit@3,1.0,1.0,0.0,Descriptive same-task same-replicate comparison; not a randomized causal estimate.
phase1_v2_task_004,1,solver_only,solver_plus_full_shenji,audit,FileHit@3,1.0,1.0,0.0,Descriptive same-task same-replicate comparison; not a randomized causal estimate.
phase1_v2_task_004,2,solver_only,solver_plus_full_shenji,audit,FileHit@3,1.0,1.0,0.0,Descriptive same-task same-replicate comparison; not a randomized causal estimate.
phase1_v2_task_004,3,solver_only,solver_plus_full_shenji,audit,FileHit@3,1.0,1.0,0.0,Descriptive same-task same-replicate comparison; not a randomized causal estimate.
phase1_v2_task_005,1,solver_only,solver_plus_full_shenji,audit,FileHit@3,1.0,1.0,0.0,Descriptive same-task same-replicate comparison; not a randomized causal estimate.
phase1_v2_task_005,2,solver_only,solver_plus_full_shenji,audit,FileHit@3,1.0,1.0,0.0,Descriptive same-task same-replicate comparison; not a randomized causal estimate.
phase1_v2_task_006,1,solver_only,solver_plus_full_shenji,audit,FileHit@3,1.0,1.0,0.0,Descriptive same-task same-replicate comparison; not a randomized causal estimate.
phase1_v2_task_006,2,solver_only,solver_plus_full_shenji,audit,FileHit@3,1.0,1.0,0.0,Descriptive same-task same-replicate comparison; not a randomized causal estimate.
phase1_v2_task_007,1,solver_only,solver_plus_full_shenji,audit,FileHit@3,1.0,1.0,0.0,Descriptive same-task same-replicate comparison; not a randomized causal estimate.
phase1_v2_task_007,2,solver_only,solver_plus_full_shenji,audit,FileHit@3,1.0,1.0,0.0,Descriptive same-task same-replicate comparison; not a randomized causal estimate.
phase1_v2_task_008,1,solver_only,solver_plus_full_shenji,audit,FileHit@3,1.0,1.0,0.0,Descriptive same-task same-replicate comparison; not a randomized causal estimate.
phase1_v2_task_008,2,solver_only,solver_plus_full_shenji,audit,FileHit@3,1.0,1.0,0.0,Descriptive same-task same-replicate comparison; not a randomized causal estimate.
phase1_v2_task_009,1,solver_only,solver_plus_full_shenji,audit,FileHit@3,1.0,1.0,0.0,Descriptive same-task same-replicate comparison; not a randomized causal estimate.
phase1_v2_task_009,2,solver_only,solver_plus_full_shenji,audit,FileHit@3,1.0,1.0,0.0,Descriptive same-task same-replicate comparison; not a randomized causal estimate.
phase1_v2_task_010,1,solver_only,solver_plus_full_shenji,audit,FileHit@3,1.0,1.0,0.0,Descriptive same-task same-replicate comparison; not a randomized causal estimate.
phase1_v2_task_010,2,solver_only,solver_plus_full_shenji,audit,FileHit@3,1.0,1.0,0.0,Descriptive same-task same-replicate comparison; not a randomized causal estimate.
phase1_v2_task_011,1,solver_only,solver_plus_full_shenji,audit,FileHit@3,1.0,1.0,0.0,Descriptive same-task same-replicate comparison; not a randomized causal estimate.
phase1_v2_task_011,2,solver_only,solver_plus_full_shenji,audit,FileHit@3,1.0,1.0,0.0,Descriptive same-task same-replicate comparison; not a randomized causal estimate.
phase1_v2_task_011,3,solver_only,solver_plus_full_shenji,audit,FileHit@3,1.0,1.0,0.0,Descriptive same-task same-replicate comparison; not a randomized causal estimate.
phase1_v2_task_012,1,solver_only,solver_plus_full_shenji,audit,FileHit@3,1.0,1.0,0.0,Descriptive same-task same-replicate comparison; not a randomized causal estimate.
phase1_v2_task_012,2,solver_only,solver_plus_full_shenji,audit,FileHit@3,1.0,1.0,0.0,Descriptive same-task same-replicate comparison; not a randomized causal estimate.
phase1_v2_task_013,1,solver_only,solver_plus_full_shenji,audit,FileHit@3,1.0,1.0,0.0,Descriptive same-task same-replicate comparison; not a randomized causal estimate.
phase1_v2_task_013,2,solver_only,solver_plus_full_shenji,audit,FileHit@3,1.0,1.0,0.0,Descriptive same-task same-replicate comparison; not a randomized causal estimate.
phase1_v2_task_014,1,solver_only,solver_plus_full_shenji,audit,FileHit@3,1.0,0.0,-1.0,Descriptive same-task same-replicate comparison; not a randomized causal estimate.
phase1_v2_task_001,1,solver_only,solver_plus_full_shenji,audit,FileHit@5,1.0,1.0,0.0,Descriptive same-task same-replicate comparison; not a randomized causal estimate.
phase1_v2_task_001,2,solver_only,solver_plus_full_shenji,audit,FileHit@5,1.0,1.0,0.0,Descriptive same-task same-replicate comparison; not a randomized causal estimate.
phase1_v2_task_001,3,solver_only,solver_plus_full_shenji,audit,FileHit@5,1.0,1.0,0.0,Descriptive same-task same-replicate comparison; not a randomized causal estimate.
phase1_v2_task_002,1,solver_only,solver_plus_full_shenji,audit,FileHit@5,1.0,1.0,0.0,Descriptive same-task same-replicate comparison; not a randomized causal estimate.
phase1_v2_task_002,2,solver_only,solver_plus_full_shenji,audit,FileHit@5,1.0,1.0,0.0,Descriptive same-task same-replicate comparison; not a randomized causal estimate.
phase1_v2_task_003,1,solver_only,solver_plus_full_shenji,audit,FileHit@5,1.0,1.0,0.0,Descriptive same-task same-replicate comparison; not a randomized causal estimate.
phase1_v2_task_003,2,solver_only,solver_plus_full_shenji,audit,FileHit@5,1.0,1.0,0.0,Descriptive same-task same-replicate comparison; not a randomized causal estimate.
phase1_v2_task_004,1,solver_only,solver_plus_full_shenji,audit,FileHit@5,1.0,1.0,0.0,Descriptive same-task same-replicate comparison; not a randomized causal estimate.
phase1_v2_task_004,2,solver_only,solver_plus_full_shenji,audit,FileHit@5,1.0,1.0,0.0,Descriptive same-task same-replicate comparison; not a randomized causal estimate.
phase1_v2_task_004,3,solver_only,solver_plus_full_shenji,audit,FileHit@5,1.0,1.0,0.0,Descriptive same-task same-replicate comparison; not a randomized causal estimate.
phase1_v2_task_005,1,solver_only,solver_plus_full_shenji,audit,FileHit@5,1.0,1.0,0.0,Descriptive same-task same-replicate comparison; not a randomized causal estimate.
phase1_v2_task_005,2,solver_only,solver_plus_full_shenji,audit,FileHit@5,1.0,1.0,0.0,Descriptive same-task same-replicate comparison; not a randomized causal estimate.
phase1_v2_task_006,1,solver_only,solver_plus_full_shenji,audit,FileHit@5,1.0,1.0,0.0,Descriptive same-task same-replicate comparison; not a randomized causal estimate.
phase1_v2_task_006,2,solver_only,solver_plus_full_shenji,audit,FileHit@5,1.0,1.0,0.0,Descriptive same-task same-replicate comparison; not a randomized causal estimate.
phase1_v2_task_007,1,solver_only,solver_plus_full_shenji,audit,FileHit@5,1.0,1.0,0.0,Descriptive same-task same-replicate comparison; not a randomized causal estimate.
phase1_v2_task_007,2,solver_only,solver_plus_full_shenji,audit,FileHit@5,1.0,1.0,0.0,Descriptive same-task same-replicate comparison; not a randomized causal estimate.
phase1_v2_task_008,1,solver_only,solver_plus_full_shenji,audit,FileHit@5,1.0,1.0,0.0,Descriptive same-task same-replicate comparison; not a randomized causal estimate.
phase1_v2_task_008,2,solver_only,solver_plus_full_shenji,audit,FileHit@5,1.0,1.0,0.0,Descriptive same-task same-replicate comparison; not a randomized causal estimate.
phase1_v2_task_009,1,solver_only,solver_plus_full_shenji,audit,FileHit@5,1.0,1.0,0.0,Descriptive same-task same-replicate comparison; not a randomized causal estimate.
phase1_v2_task_009,2,solver_only,solver_plus_full_shenji,audit,FileHit@5,1.0,1.0,0.0,Descriptive same-task same-replicate comparison; not a randomized causal estimate.
phase1_v2_task_010,1,solver_only,solver_plus_full_shenji,audit,FileHit@5,1.0,1.0,0.0,Descriptive same-task same-replicate comparison; not a randomized causal estimate.
phase1_v2_task_010,2,solver_only,solver_plus_full_shenji,audit,FileHit@5,1.0,1.0,0.0,Descriptive same-task same-replicate comparison; not a randomized causal estimate.
phase1_v2_task_011,1,solver_only,solver_plus_full_shenji,audit,FileHit@5,1.0,1.0,0.0,Descriptive same-task same-replicate comparison; not a randomized causal estimate.
phase1_v2_task_011,2,solver_only,solver_plus_full_shenji,audit,FileHit@5,1.0,1.0,0.0,Descriptive same-task same-replicate comparison; not a randomized causal estimate.
phase1_v2_task_011,3,solver_only,solver_plus_full_shenji,audit,FileHit@5,1.0,1.0,0.0,Descriptive same-task same-replicate comparison; not a randomized causal estimate.
phase1_v2_task_012,1,solver_only,solver_plus_full_shenji,audit,FileHit@5,1.0,1.0,0.0,Descriptive same-task same-replicate comparison; not a randomized causal estimate.
phase1_v2_task_012,2,solver_only,solver_plus_full_shenji,audit,FileHit@5,1.0,1.0,0.0,Descriptive same-task same-replicate comparison; not a randomized causal estimate.
phase1_v2_task_013,1,solver_only,solver_plus_full_shenji,audit,FileHit@5,1.0,1.0,0.0,Descriptive same-task same-replicate comparison; not a randomized causal estimate.
phase1_v2_task_013,2,solver_only,solver_plus_full_shenji,audit,FileHit@5,1.0,1.0,0.0,Descriptive same-task same-replicate comparison; not a randomized causal estimate.
phase1_v2_task_014,1,solver_only,solver_plus_full_shenji,audit,FileHit@5,1.0,0.0,-1.0,Descriptive same-task same-replicate comparison; not a randomized causal estimate.
phase1_v2_task_001,1,solver_only,solver_plus_full_shenji,audit,FileHit@6,1.0,1.0,0.0,Descriptive same-task same-replicate comparison; not a randomized causal estimate.
phase1_v2_task_001,2,solver_only,solver_plus_full_shenji,audit,FileHit@6,1.0,1.0,0.0,Descriptive same-task same-replicate comparison; not a randomized causal estimate.
phase1_v2_task_001,3,solver_only,solver_plus_full_shenji,audit,FileHit@6,1.0,1.0,0.0,Descriptive same-task same-replicate comparison; not a randomized causal estimate.
phase1_v2_task_002,1,solver_only,solver_plus_full_shenji,audit,FileHit@6,1.0,1.0,0.0,Descriptive same-task same-replicate comparison; not a randomized causal estimate.
phase1_v2_task_002,2,solver_only,solver_plus_full_shenji,audit,FileHit@6,1.0,1.0,0.0,Descriptive same-task same-replicate comparison; not a randomized causal estimate.
phase1_v2_task_003,1,solver_only,solver_plus_full_shenji,audit,FileHit@6,1.0,1.0,0.0,Descriptive same-task same-replicate comparison; not a randomized causal estimate.
phase1_v2_task_003,2,solver_only,solver_plus_full_shenji,audit,FileHit@6,1.0,1.0,0.0,Descriptive same-task same-replicate comparison; not a randomized causal estimate.
phase1_v2_task_004,1,solver_only,solver_plus_full_shenji,audit,FileHit@6,1.0,1.0,0.0,Descriptive same-task same-replicate comparison; not a randomized causal estimate.
phase1_v2_task_004,2,solver_only,solver_plus_full_shenji,audit,FileHit@6,1.0,1.0,0.0,Descriptive same-task same-replicate comparison; not a randomized causal estimate.
phase1_v2_task_004,3,solver_only,solver_plus_full_shenji,audit,FileHit@6,1.0,1.0,0.0,Descriptive same-task same-replicate comparison; not a randomized causal estimate.
phase1_v2_task_005,1,solver_only,solver_plus_full_shenji,audit,FileHit@6,1.0,1.0,0.0,Descriptive same-task same-replicate comparison; not a randomized causal estimate.
phase1_v2_task_005,2,solver_only,solver_plus_full_shenji,audit,FileHit@6,1.0,1.0,0.0,Descriptive same-task same-replicate comparison; not a randomized causal estimate.
phase1_v2_task_006,1,solver_only,solver_plus_full_shenji,audit,FileHit@6,1.0,1.0,0.0,Descriptive same-task same-replicate comparison; not a randomized causal estimate.
phase1_v2_task_006,2,solver_only,solver_plus_full_shenji,audit,FileHit@6,1.0,1.0,0.0,Descriptive same-task same-replicate comparison; not a randomized causal estimate.
phase1_v2_task_007,1,solver_only,solver_plus_full_shenji,audit,FileHit@6,1.0,1.0,0.0,Descriptive same-task same-replicate comparison; not a randomized causal estimate.
phase1_v2_task_007,2,solver_only,solver_plus_full_shenji,audit,FileHit@6,1.0,1.0,0.0,Descriptive same-task same-replicate comparison; not a randomized causal estimate.
phase1_v2_task_008,1,solver_only,solver_plus_full_shenji,audit,FileHit@6,1.0,1.0,0.0,Descriptive same-task same-replicate comparison; not a randomized causal estimate.
phase1_v2_task_008,2,solver_only,solver_plus_full_shenji,audit,FileHit@6,1.0,1.0,0.0,Descriptive same-task same-replicate comparison; not a randomized causal estimate.
phase1_v2_task_009,1,solver_only,solver_plus_full_shenji,audit,FileHit@6,1.0,1.0,0.0,Descriptive same-task same-replicate comparison; not a randomized causal estimate.
phase1_v2_task_009,2,solver_only,solver_plus_full_shenji,audit,FileHit@6,1.0,1.0,0.0,Descriptive same-task same-replicate comparison; not a randomized causal estimate.
phase1_v2_task_010,1,solver_only,solver_plus_full_shenji,audit,FileHit@6,1.0,1.0,0.0,Descriptive same-task same-replicate comparison; not a randomized causal estimate.
phase1_v2_task_010,2,solver_only,solver_plus_full_shenji,audit,FileHit@6,1.0,1.0,0.0,Descriptive same-task same-replicate comparison; not a randomized causal estimate.
phase1_v2_task_011,1,solver_only,solver_plus_full_shenji,audit,FileHit@6,1.0,1.0,0.0,Descriptive same-task same-replicate comparison; not a randomized causal estimate.
phase1_v2_task_011,2,solver_only,solver_plus_full_shenji,audit,FileHit@6,1.0,1.0,0.0,Descriptive same-task same-replicate comparison; not a randomized causal estimate.
phase1_v2_task_011,3,solver_only,solver_plus_full_shenji,audit,FileHit@6,1.0,1.0,0.0,Descriptive same-task same-replicate comparison; not a randomized causal estimate.
phase1_v2_task_012,1,solver_only,solver_plus_full_shenji,audit,FileHit@6,1.0,1.0,0.0,Descriptive same-task same-replicate comparison; not a randomized causal estimate.
phase1_v2_task_012,2,solver_only,solver_plus_full_shenji,audit,FileHit@6,1.0,1.0,0.0,Descriptive same-task same-replicate comparison; not a randomized causal estimate.
phase1_v2_task_013,1,solver_only,solver_plus_full_shenji,audit,FileHit@6,1.0,1.0,0.0,Descriptive same-task same-replicate comparison; not a randomized causal estimate.
phase1_v2_task_013,2,solver_only,solver_plus_full_shenji,audit,FileHit@6,1.0,1.0,0.0,Descriptive same-task same-replicate comparison; not a randomized causal estimate.
phase1_v2_task_014,1,solver_only,solver_plus_full_shenji,audit,FileHit@6,1.0,0.0,-1.0,Descriptive same-task same-replicate comparison; not a randomized causal estimate.
phase1_v2_task_001,1,solver_only,solver_plus_full_shenji,audit,MRR@3,1.0,1.0,0.0,Descriptive same-task same-replicate comparison; not a randomized causal estimate.
phase1_v2_task_001,2,solver_only,solver_plus_full_shenji,audit,MRR@3,1.0,1.0,0.0,Descriptive same-task same-replicate comparison; not a randomized causal estimate.
phase1_v2_task_001,3,solver_only,solver_plus_full_shenji,audit,MRR@3,1.0,1.0,0.0,Descriptive same-task same-replicate comparison; not a randomized causal estimate.
phase1_v2_task_002,1,solver_only,solver_plus_full_shenji,audit,MRR@3,1.0,1.0,0.0,Descriptive same-task same-replicate comparison; not a randomized causal estimate.
phase1_v2_task_002,2,solver_only,solver_plus_full_shenji,audit,MRR@3,1.0,1.0,0.0,Descriptive same-task same-replicate comparison; not a randomized causal estimate.
phase1_v2_task_003,1,solver_only,solver_plus_full_shenji,audit,MRR@3,1.0,1.0,0.0,Descriptive same-task same-replicate comparison; not a randomized causal estimate.
phase1_v2_task_003,2,solver_only,solver_plus_full_shenji,audit,MRR@3,1.0,1.0,0.0,Descriptive same-task same-replicate comparison; not a randomized causal estimate.
phase1_v2_task_004,1,solver_only,solver_plus_full_shenji,audit,MRR@3,1.0,1.0,0.0,Descriptive same-task same-replicate comparison; not a randomized causal estimate.
phase1_v2_task_004,2,solver_only,solver_plus_full_shenji,audit,MRR@3,1.0,1.0,0.0,Descriptive same-task same-replicate comparison; not a randomized causal estimate.
phase1_v2_task_004,3,solver_only,solver_plus_full_shenji,audit,MRR@3,1.0,1.0,0.0,Descriptive same-task same-replicate comparison; not a randomized causal estimate.
phase1_v2_task_005,1,solver_only,solver_plus_full_shenji,audit,MRR@3,1.0,1.0,0.0,Descriptive same-task same-replicate comparison; not a randomized causal estimate.
phase1_v2_task_005,2,solver_only,solver_plus_full_shenji,audit,MRR@3,1.0,1.0,0.0,Descriptive same-task same-replicate comparison; not a randomized causal estimate.
phase1_v2_task_006,1,solver_only,solver_plus_full_shenji,audit,MRR@3,1.0,1.0,0.0,Descriptive same-task same-replicate comparison; not a randomized causal estimate.
phase1_v2_task_006,2,solver_only,solver_plus_full_shenji,audit,MRR@3,1.0,1.0,0.0,Descriptive same-task same-replicate comparison; not a randomized causal estimate.
phase1_v2_task_007,1,solver_only,solver_plus_full_shenji,audit,MRR@3,1.0,1.0,0.0,Descriptive same-task same-replicate comparison; not a randomized causal estimate.
phase1_v2_task_007,2,solver_only,solver_plus_full_shenji,audit,MRR@3,1.0,1.0,0.0,Descriptive same-task same-replicate comparison; not a randomized causal estimate.
phase1_v2_task_008,1,solver_only,solver_plus_full_shenji,audit,MRR@3,1.0,1.0,0.0,Descriptive same-task same-replicate comparison; not a randomized causal estimate.
phase1_v2_task_008,2,solver_only,solver_plus_full_shenji,audit,MRR@3,1.0,1.0,0.0,Descriptive same-task same-replicate comparison; not a randomized causal estimate.
phase1_v2_task_009,1,solver_only,solver_plus_full_shenji,audit,MRR@3,1.0,1.0,0.0,Descriptive same-task same-replicate comparison; not a randomized causal estimate.
phase1_v2_task_009,2,solver_only,solver_plus_full_shenji,audit,MRR@3,1.0,1.0,0.0,Descriptive same-task same-replicate comparison; not a randomized causal estimate.
phase1_v2_task_010,1,solver_only,solver_plus_full_shenji,audit,MRR@3,1.0,1.0,0.0,Descriptive same-task same-replicate comparison; not a randomized causal estimate.
phase1_v2_task_010,2,solver_only,solver_plus_full_shenji,audit,MRR@3,1.0,1.0,0.0,Descriptive same-task same-replicate comparison; not a randomized causal estimate.
phase1_v2_task_011,1,solver_only,solver_plus_full_shenji,audit,MRR@3,1.0,1.0,0.0,Descriptive same-task same-replicate comparison; not a randomized causal estimate.
phase1_v2_task_011,2,solver_only,solver_plus_full_shenji,audit,MRR@3,1.0,1.0,0.0,Descriptive same-task same-replicate comparison; not a randomized causal estimate.
phase1_v2_task_011,3,solver_only,solver_plus_full_shenji,audit,MRR@3,1.0,1.0,0.0,Descriptive same-task same-replicate comparison; not a randomized causal estimate.
phase1_v2_task_012,1,solver_only,solver_plus_full_shenji,audit,MRR@3,1.0,1.0,0.0,Descriptive same-task same-replicate comparison; not a randomized causal estimate.
phase1_v2_task_012,2,solver_only,solver_plus_full_shenji,audit,MRR@3,1.0,1.0,0.0,Descriptive same-task same-replicate comparison; not a randomized causal estimate.
phase1_v2_task_013,1,solver_only,solver_plus_full_shenji,audit,MRR@3,1.0,1.0,0.0,Descriptive same-task same-replicate comparison; not a randomized causal estimate.
phase1_v2_task_013,2,solver_only,solver_plus_full_shenji,audit,MRR@3,1.0,1.0,0.0,Descriptive same-task same-replicate comparison; not a randomized causal estimate.
phase1_v2_task_014,1,solver_only,solver_plus_full_shenji,audit,MRR@3,1.0,0.0,-1.0,Descriptive same-task same-replicate comparison; not a randomized causal estimate.
phase1_v2_task_001,1,solver_only,solver_plus_full_shenji,audit,MultiFileRecall@6,0.25,0.25,0.0,Descriptive same-task same-replicate comparison; not a randomized causal estimate.
phase1_v2_task_001,2,solver_only,solver_plus_full_shenji,audit,MultiFileRecall@6,0.25,0.25,0.0,Descriptive same-task same-replicate comparison; not a randomized causal estimate.
phase1_v2_task_001,3,solver_only,solver_plus_full_shenji,audit,MultiFileRecall@6,0.5,0.5,0.0,Descriptive same-task same-replicate comparison; not a randomized causal estimate.
phase1_v2_task_002,1,solver_only,solver_plus_full_shenji,audit,MultiFileRecall@6,0.5,0.5,0.0,Descriptive same-task same-replicate comparison; not a randomized causal estimate.
phase1_v2_task_002,2,solver_only,solver_plus_full_shenji,audit,MultiFileRecall@6,0.5,0.5,0.0,Descriptive same-task same-replicate comparison; not a randomized causal estimate.
phase1_v2_task_003,1,solver_only,solver_plus_full_shenji,audit,MultiFileRecall@6,0.285714,0.142857,-0.142857,Descriptive same-task same-replicate comparison; not a randomized causal estimate.
phase1_v2_task_003,2,solver_only,solver_plus_full_shenji,audit,MultiFileRecall@6,0.142857,0.142857,0.0,Descriptive same-task same-replicate comparison; not a randomized causal estimate.
phase1_v2_task_004,1,solver_only,solver_plus_full_shenji,audit,MultiFileRecall@6,0.25,0.25,0.0,Descriptive same-task same-replicate comparison; not a randomized causal estimate.
phase1_v2_task_004,2,solver_only,solver_plus_full_shenji,audit,MultiFileRecall@6,0.25,0.25,0.0,Descriptive same-task same-replicate comparison; not a randomized causal estimate.
phase1_v2_task_004,3,solver_only,solver_plus_full_shenji,audit,MultiFileRecall@6,0.25,0.25,0.0,Descriptive same-task same-replicate comparison; not a randomized causal estimate.
phase1_v2_task_005,1,solver_only,solver_plus_full_shenji,audit,MultiFileRecall@6,0.5,0.5,0.0,Descriptive same-task same-replicate comparison; not a randomized causal estimate.
phase1_v2_task_005,2,solver_only,solver_plus_full_shenji,audit,MultiFileRecall@6,0.5,0.5,0.0,Descriptive same-task same-replicate comparison; not a randomized causal estimate.
phase1_v2_task_006,1,solver_only,solver_plus_full_shenji,audit,MultiFileRecall@6,1.0,1.0,0.0,Descriptive same-task same-replicate comparison; not a randomized causal estimate.
phase1_v2_task_006,2,solver_only,solver_plus_full_shenji,audit,MultiFileRecall@6,1.0,1.0,0.0,Descriptive same-task same-replicate comparison; not a randomized causal estimate.
phase1_v2_task_007,1,solver_only,solver_plus_full_shenji,audit,MultiFileRecall@6,0.5,0.5,0.0,Descriptive same-task same-replicate comparison; not a randomized causal estimate.
phase1_v2_task_007,2,solver_only,solver_plus_full_shenji,audit,MultiFileRecall@6,0.5,0.5,0.0,Descriptive same-task same-replicate comparison; not a randomized causal estimate.
phase1_v2_task_008,1,solver_only,solver_plus_full_shenji,audit,MultiFileRecall@6,0.4,0.4,0.0,Descriptive same-task same-replicate comparison; not a randomized causal estimate.
phase1_v2_task_008,2,solver_only,solver_plus_full_shenji,audit,MultiFileRecall@6,0.4,0.4,0.0,Descriptive same-task same-replicate comparison; not a randomized causal estimate.
phase1_v2_task_009,1,solver_only,solver_plus_full_shenji,audit,MultiFileRecall@6,0.5,0.5,0.0,Descriptive same-task same-replicate comparison; not a randomized causal estimate.
phase1_v2_task_009,2,solver_only,solver_plus_full_shenji,audit,MultiFileRecall@6,0.5,0.5,0.0,Descriptive same-task same-replicate comparison; not a randomized causal estimate.
phase1_v2_task_010,1,solver_only,solver_plus_full_shenji,audit,MultiFileRecall@6,0.5,0.5,0.0,Descriptive same-task same-replicate comparison; not a randomized causal estimate.
phase1_v2_task_010,2,solver_only,solver_plus_full_shenji,audit,MultiFileRecall@6,0.5,0.5,0.0,Descriptive same-task same-replicate comparison; not a randomized causal estimate.
phase1_v2_task_011,1,solver_only,solver_plus_full_shenji,audit,MultiFileRecall@6,0.571429,0.571429,0.0,Descriptive same-task same-replicate comparison; not a randomized causal estimate.
phase1_v2_task_011,2,solver_only,solver_plus_full_shenji,audit,MultiFileRecall@6,0.571429,0.571429,0.0,Descriptive same-task same-replicate comparison; not a randomized causal estimate.
phase1_v2_task_011,3,solver_only,solver_plus_full_shenji,audit,MultiFileRecall@6,0.571429,0.428571,-0.142858,Descriptive same-task same-replicate comparison; not a randomized causal estimate.
phase1_v2_task_012,1,solver_only,solver_plus_full_shenji,audit,MultiFileRecall@6,0.5,0.5,0.0,Descriptive same-task same-replicate comparison; not a randomized causal estimate.
phase1_v2_task_012,2,solver_only,solver_plus_full_shenji,audit,MultiFileRecall@6,0.5,0.5,0.0,Descriptive same-task same-replicate comparison; not a randomized causal estimate.
phase1_v2_task_013,1,solver_only,solver_plus_full_shenji,audit,MultiFileRecall@6,0.25,0.25,0.0,Descriptive same-task same-replicate comparison; not a randomized causal estimate.
phase1_v2_task_013,2,solver_only,solver_plus_full_shenji,audit,MultiFileRecall@6,0.25,0.25,0.0,Descriptive same-task same-replicate comparison; not a randomized causal estimate.
phase1_v2_task_014,1,solver_only,solver_plus_full_shenji,audit,MultiFileRecall@6,0.666667,0.0,-0.666667,Descriptive same-task same-replicate comparison; not a randomized causal estimate.
phase1_v2_task_001,1,solver_only,solver_plus_full_shenji,intervention,FileHit@1,1.0,1.0,0.0,Descriptive same-task same-replicate comparison; not a randomized causal estimate.
phase1_v2_task_001,2,solver_only,solver_plus_full_shenji,intervention,FileHit@1,1.0,1.0,0.0,Descriptive same-task same-replicate comparison; not a randomized causal estimate.
phase1_v2_task_001,3,solver_only,solver_plus_full_shenji,intervention,FileHit@1,1.0,1.0,0.0,Descriptive same-task same-replicate comparison; not a randomized causal estimate.
phase1_v2_task_002,1,solver_only,solver_plus_full_shenji,intervention,FileHit@1,1.0,1.0,0.0,Descriptive same-task same-replicate comparison; not a randomized causal estimate.
phase1_v2_task_002,2,solver_only,solver_plus_full_shenji,intervention,FileHit@1,1.0,1.0,0.0,Descriptive same-task same-replicate comparison; not a randomized causal estimate.
phase1_v2_task_003,1,solver_only,solver_plus_full_shenji,intervention,FileHit@1,1.0,1.0,0.0,Descriptive same-task same-replicate comparison; not a randomized causal estimate.
phase1_v2_task_003,2,solver_only,solver_plus_full_shenji,intervention,FileHit@1,1.0,1.0,0.0,Descriptive same-task same-replicate comparison; not a randomized causal estimate.
phase1_v2_task_004,1,solver_only,solver_plus_full_shenji,intervention,FileHit@1,1.0,1.0,0.0,Descriptive same-task same-replicate comparison; not a randomized causal estimate.
phase1_v2_task_004,2,solver_only,solver_plus_full_shenji,intervention,FileHit@1,1.0,1.0,0.0,Descriptive same-task same-replicate comparison; not a randomized causal estimate.
phase1_v2_task_004,3,solver_only,solver_plus_full_shenji,intervention,FileHit@1,1.0,1.0,0.0,Descriptive same-task same-replicate comparison; not a randomized causal estimate.
phase1_v2_task_005,1,solver_only,solver_plus_full_shenji,intervention,FileHit@1,1.0,1.0,0.0,Descriptive same-task same-replicate comparison; not a randomized causal estimate.
phase1_v2_task_005,2,solver_only,solver_plus_full_shenji,intervention,FileHit@1,1.0,1.0,0.0,Descriptive same-task same-replicate comparison; not a randomized causal estimate.
phase1_v2_task_006,1,solver_only,solver_plus_full_shenji,intervention,FileHit@1,1.0,1.0,0.0,Descriptive same-task same-replicate comparison; not a randomized causal estimate.
phase1_v2_task_006,2,solver_only,solver_plus_full_shenji,intervention,FileHit@1,1.0,1.0,0.0,Descriptive same-task same-replicate comparison; not a randomized causal estimate.
phase1_v2_task_007,1,solver_only,solver_plus_full_shenji,intervention,FileHit@1,1.0,1.0,0.0,Descriptive same-task same-replicate comparison; not a randomized causal estimate.
phase1_v2_task_007,2,solver_only,solver_plus_full_shenji,intervention,FileHit@1,1.0,1.0,0.0,Descriptive same-task same-replicate comparison; not a randomized causal estimate.
phase1_v2_task_008,1,solver_only,solver_plus_full_shenji,intervention,FileHit@1,1.0,1.0,0.0,Descriptive same-task same-replicate comparison; not a randomized causal estimate.
phase1_v2_task_008,2,solver_only,solver_plus_full_shenji,intervention,FileHit@1,1.0,1.0,0.0,Descriptive same-task same-replicate comparison; not a randomized causal estimate.
phase1_v2_task_009,1,solver_only,solver_plus_full_shenji,intervention,FileHit@1,1.0,1.0,0.0,Descriptive same-task same-replicate comparison; not a randomized causal estimate.
phase1_v2_task_009,2,solver_only,solver_plus_full_shenji,intervention,FileHit@1,1.0,1.0,0.0,Descriptive same-task same-replicate comparison; not a randomized causal estimate.
phase1_v2_task_010,1,solver_only,solver_plus_full_shenji,intervention,FileHit@1,1.0,1.0,0.0,Descriptive same-task same-replicate comparison; not a randomized causal estimate.
phase1_v2_task_010,2,solver_only,solver_plus_full_shenji,intervention,FileHit@1,1.0,1.0,0.0,Descriptive same-task same-replicate comparison; not a randomized causal estimate.
phase1_v2_task_011,1,solver_only,solver_plus_full_shenji,intervention,FileHit@1,1.0,1.0,0.0,Descriptive same-task same-replicate comparison; not a randomized causal estimate.
phase1_v2_task_011,2,solver_only,solver_plus_full_shenji,intervention,FileHit@1,1.0,1.0,0.0,Descriptive same-task same-replicate comparison; not a randomized causal estimate.
phase1_v2_task_011,3,solver_only,solver_plus_full_shenji,intervention,FileHit@1,1.0,1.0,0.0,Descriptive same-task same-replicate comparison; not a randomized causal estimate.
phase1_v2_task_012,1,solver_only,solver_plus_full_shenji,intervention,FileHit@1,1.0,1.0,0.0,Descriptive same-task same-replicate comparison; not a randomized causal estimate.
phase1_v2_task_012,2,solver_only,solver_plus_full_shenji,intervention,FileHit@1,1.0,1.0,0.0,Descriptive same-task same-replicate comparison; not a randomized causal estimate.
phase1_v2_task_013,1,solver_only,solver_plus_full_shenji,intervention,FileHit@1,1.0,1.0,0.0,Descriptive same-task same-replicate comparison; not a randomized causal estimate.
phase1_v2_task_013,2,solver_only,solver_plus_full_shenji,intervention,FileHit@1,1.0,1.0,0.0,Descriptive same-task same-replicate comparison; not a randomized causal estimate.
phase1_v2_task_014,1,solver_only,solver_plus_full_shenji,intervention,FileHit@1,1.0,0.0,-1.0,Descriptive same-task same-replicate comparison; not a randomized causal estimate.
phase1_v2_task_001,1,solver_only,solver_plus_full_shenji,intervention,FileHit@3,1.0,1.0,0.0,Descriptive same-task same-replicate comparison; not a randomized causal estimate.
phase1_v2_task_001,2,solver_only,solver_plus_full_shenji,intervention,FileHit@3,1.0,1.0,0.0,Descriptive same-task same-replicate comparison; not a randomized causal estimate.
phase1_v2_task_001,3,solver_only,solver_plus_full_shenji,intervention,FileHit@3,1.0,1.0,0.0,Descriptive same-task same-replicate comparison; not a randomized causal estimate.
phase1_v2_task_002,1,solver_only,solver_plus_full_shenji,intervention,FileHit@3,1.0,1.0,0.0,Descriptive same-task same-replicate comparison; not a randomized causal estimate.
phase1_v2_task_002,2,solver_only,solver_plus_full_shenji,intervention,FileHit@3,1.0,1.0,0.0,Descriptive same-task same-replicate comparison; not a randomized causal estimate.
phase1_v2_task_003,1,solver_only,solver_plus_full_shenji,intervention,FileHit@3,1.0,1.0,0.0,Descriptive same-task same-replicate comparison; not a randomized causal estimate.
phase1_v2_task_003,2,solver_only,solver_plus_full_shenji,intervention,FileHit@3,1.0,1.0,0.0,Descriptive same-task same-replicate comparison; not a randomized causal estimate.
phase1_v2_task_004,1,solver_only,solver_plus_full_shenji,intervention,FileHit@3,1.0,1.0,0.0,Descriptive same-task same-replicate comparison; not a randomized causal estimate.
phase1_v2_task_004,2,solver_only,solver_plus_full_shenji,intervention,FileHit@3,1.0,1.0,0.0,Descriptive same-task same-replicate comparison; not a randomized causal estimate.
phase1_v2_task_004,3,solver_only,solver_plus_full_shenji,intervention,FileHit@3,1.0,1.0,0.0,Descriptive same-task same-replicate comparison; not a randomized causal estimate.
phase1_v2_task_005,1,solver_only,solver_plus_full_shenji,intervention,FileHit@3,1.0,1.0,0.0,Descriptive same-task same-replicate comparison; not a randomized causal estimate.
phase1_v2_task_005,2,solver_only,solver_plus_full_shenji,intervention,FileHit@3,1.0,1.0,0.0,Descriptive same-task same-replicate comparison; not a randomized causal estimate.
phase1_v2_task_006,1,solver_only,solver_plus_full_shenji,intervention,FileHit@3,1.0,1.0,0.0,Descriptive same-task same-replicate comparison; not a randomized causal estimate.
phase1_v2_task_006,2,solver_only,solver_plus_full_shenji,intervention,FileHit@3,1.0,1.0,0.0,Descriptive same-task same-replicate comparison; not a randomized causal estimate.
phase1_v2_task_007,1,solver_only,solver_plus_full_shenji,intervention,FileHit@3,1.0,1.0,0.0,Descriptive same-task same-replicate comparison; not a randomized causal estimate.
phase1_v2_task_007,2,solver_only,solver_plus_full_shenji,intervention,FileHit@3,1.0,1.0,0.0,Descriptive same-task same-replicate comparison; not a randomized causal estimate.
phase1_v2_task_008,1,solver_only,solver_plus_full_shenji,intervention,FileHit@3,1.0,1.0,0.0,Descriptive same-task same-replicate comparison; not a randomized causal estimate.
phase1_v2_task_008,2,solver_only,solver_plus_full_shenji,intervention,FileHit@3,1.0,1.0,0.0,Descriptive same-task same-replicate comparison; not a randomized causal estimate.
phase1_v2_task_009,1,solver_only,solver_plus_full_shenji,intervention,FileHit@3,1.0,1.0,0.0,Descriptive same-task same-replicate comparison; not a randomized causal estimate.
phase1_v2_task_009,2,solver_only,solver_plus_full_shenji,intervention,FileHit@3,1.0,1.0,0.0,Descriptive same-task same-replicate comparison; not a randomized causal estimate.
phase1_v2_task_010,1,solver_only,solver_plus_full_shenji,intervention,FileHit@3,1.0,1.0,0.0,Descriptive same-task same-replicate comparison; not a randomized causal estimate.
phase1_v2_task_010,2,solver_only,solver_plus_full_shenji,intervention,FileHit@3,1.0,1.0,0.0,Descriptive same-task same-replicate comparison; not a randomized causal estimate.
phase1_v2_task_011,1,solver_only,solver_plus_full_shenji,intervention,FileHit@3,1.0,1.0,0.0,Descriptive same-task same-replicate comparison; not a randomized causal estimate.
phase1_v2_task_011,2,solver_only,solver_plus_full_shenji,intervention,FileHit@3,1.0,1.0,0.0,Descriptive same-task same-replicate comparison; not a randomized causal estimate.
phase1_v2_task_011,3,solver_only,solver_plus_full_shenji,intervention,FileHit@3,1.0,1.0,0.0,Descriptive same-task same-replicate comparison; not a randomized causal estimate.
phase1_v2_task_012,1,solver_only,solver_plus_full_shenji,intervention,FileHit@3,1.0,1.0,0.0,Descriptive same-task same-replicate comparison; not a randomized causal estimate.
phase1_v2_task_012,2,solver_only,solver_plus_full_shenji,intervention,FileHit@3,1.0,1.0,0.0,Descriptive same-task same-replicate comparison; not a randomized causal estimate.
phase1_v2_task_013,1,solver_only,solver_plus_full_shenji,intervention,FileHit@3,1.0,1.0,0.0,Descriptive same-task same-replicate comparison; not a randomized causal estimate.
phase1_v2_task_013,2,solver_only,solver_plus_full_shenji,intervention,FileHit@3,1.0,1.0,0.0,Descriptive same-task same-replicate comparison; not a randomized causal estimate.
phase1_v2_task_014,1,solver_only,solver_plus_full_shenji,intervention,FileHit@3,1.0,0.0,-1.0,Descriptive same-task same-replicate comparison; not a randomized causal estimate.
phase1_v2_task_001,1,solver_only,solver_plus_full_shenji,intervention,FileHit@5,1.0,1.0,0.0,Descriptive same-task same-replicate comparison; not a randomized causal estimate.
phase1_v2_task_001,2,solver_only,solver_plus_full_shenji,intervention,FileHit@5,1.0,1.0,0.0,Descriptive same-task same-replicate comparison; not a randomized causal estimate.
phase1_v2_task_001,3,solver_only,solver_plus_full_shenji,intervention,FileHit@5,1.0,1.0,0.0,Descriptive same-task same-replicate comparison; not a randomized causal estimate.
phase1_v2_task_002,1,solver_only,solver_plus_full_shenji,intervention,FileHit@5,1.0,1.0,0.0,Descriptive same-task same-replicate comparison; not a randomized causal estimate.
phase1_v2_task_002,2,solver_only,solver_plus_full_shenji,intervention,FileHit@5,1.0,1.0,0.0,Descriptive same-task same-replicate comparison; not a randomized causal estimate.
phase1_v2_task_003,1,solver_only,solver_plus_full_shenji,intervention,FileHit@5,1.0,1.0,0.0,Descriptive same-task same-replicate comparison; not a randomized causal estimate.
phase1_v2_task_003,2,solver_only,solver_plus_full_shenji,intervention,FileHit@5,1.0,1.0,0.0,Descriptive same-task same-replicate comparison; not a randomized causal estimate.
phase1_v2_task_004,1,solver_only,solver_plus_full_shenji,intervention,FileHit@5,1.0,1.0,0.0,Descriptive same-task same-replicate comparison; not a randomized causal estimate.
phase1_v2_task_004,2,solver_only,solver_plus_full_shenji,intervention,FileHit@5,1.0,1.0,0.0,Descriptive same-task same-replicate comparison; not a randomized causal estimate.
phase1_v2_task_004,3,solver_only,solver_plus_full_shenji,intervention,FileHit@5,1.0,1.0,0.0,Descriptive same-task same-replicate comparison; not a randomized causal estimate.
phase1_v2_task_005,1,solver_only,solver_plus_full_shenji,intervention,FileHit@5,1.0,1.0,0.0,Descriptive same-task same-replicate comparison; not a randomized causal estimate.
phase1_v2_task_005,2,solver_only,solver_plus_full_shenji,intervention,FileHit@5,1.0,1.0,0.0,Descriptive same-task same-replicate comparison; not a randomized causal estimate.
phase1_v2_task_006,1,solver_only,solver_plus_full_shenji,intervention,FileHit@5,1.0,1.0,0.0,Descriptive same-task same-replicate comparison; not a randomized causal estimate.
phase1_v2_task_006,2,solver_only,solver_plus_full_shenji,intervention,FileHit@5,1.0,1.0,0.0,Descriptive same-task same-replicate comparison; not a randomized causal estimate.
phase1_v2_task_007,1,solver_only,solver_plus_full_shenji,intervention,FileHit@5,1.0,1.0,0.0,Descriptive same-task same-replicate comparison; not a randomized causal estimate.
phase1_v2_task_007,2,solver_only,solver_plus_full_shenji,intervention,FileHit@5,1.0,1.0,0.0,Descriptive same-task same-replicate comparison; not a randomized causal estimate.
phase1_v2_task_008,1,solver_only,solver_plus_full_shenji,intervention,FileHit@5,1.0,1.0,0.0,Descriptive same-task same-replicate comparison; not a randomized causal estimate.
phase1_v2_task_008,2,solver_only,solver_plus_full_shenji,intervention,FileHit@5,1.0,1.0,0.0,Descriptive same-task same-replicate comparison; not a randomized causal estimate.
phase1_v2_task_009,1,solver_only,solver_plus_full_shenji,intervention,FileHit@5,1.0,1.0,0.0,Descriptive same-task same-replicate comparison; not a randomized causal estimate.
phase1_v2_task_009,2,solver_only,solver_plus_full_shenji,intervention,FileHit@5,1.0,1.0,0.0,Descriptive same-task same-replicate comparison; not a randomized causal estimate.
phase1_v2_task_010,1,solver_only,solver_plus_full_shenji,intervention,FileHit@5,1.0,1.0,0.0,Descriptive same-task same-replicate comparison; not a randomized causal estimate.
phase1_v2_task_010,2,solver_only,solver_plus_full_shenji,intervention,FileHit@5,1.0,1.0,0.0,Descriptive same-task same-replicate comparison; not a randomized causal estimate.
phase1_v2_task_011,1,solver_only,solver_plus_full_shenji,intervention,FileHit@5,1.0,1.0,0.0,Descriptive same-task same-replicate comparison; not a randomized causal estimate.
phase1_v2_task_011,2,solver_only,solver_plus_full_shenji,intervention,FileHit@5,1.0,1.0,0.0,Descriptive same-task same-replicate comparison; not a randomized causal estimate.
phase1_v2_task_011,3,solver_only,solver_plus_full_shenji,intervention,FileHit@5,1.0,1.0,0.0,Descriptive same-task same-replicate comparison; not a randomized causal estimate.
phase1_v2_task_012,1,solver_only,solver_plus_full_shenji,intervention,FileHit@5,1.0,1.0,0.0,Descriptive same-task same-replicate comparison; not a randomized causal estimate.
phase1_v2_task_012,2,solver_only,solver_plus_full_shenji,intervention,FileHit@5,1.0,1.0,0.0,Descriptive same-task same-replicate comparison; not a randomized causal estimate.
phase1_v2_task_013,1,solver_only,solver_plus_full_shenji,intervention,FileHit@5,1.0,1.0,0.0,Descriptive same-task same-replicate comparison; not a randomized causal estimate.
phase1_v2_task_013,2,solver_only,solver_plus_full_shenji,intervention,FileHit@5,1.0,1.0,0.0,Descriptive same-task same-replicate comparison; not a randomized causal estimate.
phase1_v2_task_014,1,solver_only,solver_plus_full_shenji,intervention,FileHit@5,1.0,0.0,-1.0,Descriptive same-task same-replicate comparison; not a randomized causal estimate.
phase1_v2_task_001,1,solver_only,solver_plus_full_shenji,intervention,FileHit@6,1.0,1.0,0.0,Descriptive same-task same-replicate comparison; not a randomized causal estimate.
phase1_v2_task_001,2,solver_only,solver_plus_full_shenji,intervention,FileHit@6,1.0,1.0,0.0,Descriptive same-task same-replicate comparison; not a randomized causal estimate.
phase1_v2_task_001,3,solver_only,solver_plus_full_shenji,intervention,FileHit@6,1.0,1.0,0.0,Descriptive same-task same-replicate comparison; not a randomized causal estimate.
phase1_v2_task_002,1,solver_only,solver_plus_full_shenji,intervention,FileHit@6,1.0,1.0,0.0,Descriptive same-task same-replicate comparison; not a randomized causal estimate.
phase1_v2_task_002,2,solver_only,solver_plus_full_shenji,intervention,FileHit@6,1.0,1.0,0.0,Descriptive same-task same-replicate comparison; not a randomized causal estimate.
phase1_v2_task_003,1,solver_only,solver_plus_full_shenji,intervention,FileHit@6,1.0,1.0,0.0,Descriptive same-task same-replicate comparison; not a randomized causal estimate.
phase1_v2_task_003,2,solver_only,solver_plus_full_shenji,intervention,FileHit@6,1.0,1.0,0.0,Descriptive same-task same-replicate comparison; not a randomized causal estimate.
phase1_v2_task_004,1,solver_only,solver_plus_full_shenji,intervention,FileHit@6,1.0,1.0,0.0,Descriptive same-task same-replicate comparison; not a randomized causal estimate.
phase1_v2_task_004,2,solver_only,solver_plus_full_shenji,intervention,FileHit@6,1.0,1.0,0.0,Descriptive same-task same-replicate comparison; not a randomized causal estimate.
phase1_v2_task_004,3,solver_only,solver_plus_full_shenji,intervention,FileHit@6,1.0,1.0,0.0,Descriptive same-task same-replicate comparison; not a randomized causal estimate.
phase1_v2_task_005,1,solver_only,solver_plus_full_shenji,intervention,FileHit@6,1.0,1.0,0.0,Descriptive same-task same-replicate comparison; not a randomized causal estimate.
phase1_v2_task_005,2,solver_only,solver_plus_full_shenji,intervention,FileHit@6,1.0,1.0,0.0,Descriptive same-task same-replicate comparison; not a randomized causal estimate.
phase1_v2_task_006,1,solver_only,solver_plus_full_shenji,intervention,FileHit@6,1.0,1.0,0.0,Descriptive same-task same-replicate comparison; not a randomized causal estimate.
phase1_v2_task_006,2,solver_only,solver_plus_full_shenji,intervention,FileHit@6,1.0,1.0,0.0,Descriptive same-task same-replicate comparison; not a randomized causal estimate.
phase1_v2_task_007,1,solver_only,solver_plus_full_shenji,intervention,FileHit@6,1.0,1.0,0.0,Descriptive same-task same-replicate comparison; not a randomized causal estimate.
phase1_v2_task_007,2,solver_only,solver_plus_full_shenji,intervention,FileHit@6,1.0,1.0,0.0,Descriptive same-task same-replicate comparison; not a randomized causal estimate.
phase1_v2_task_008,1,solver_only,solver_plus_full_shenji,intervention,FileHit@6,1.0,1.0,0.0,Descriptive same-task same-replicate comparison; not a randomized causal estimate.
phase1_v2_task_008,2,solver_only,solver_plus_full_shenji,intervention,FileHit@6,1.0,1.0,0.0,Descriptive same-task same-replicate comparison; not a randomized causal estimate.
phase1_v2_task_009,1,solver_only,solver_plus_full_shenji,intervention,FileHit@6,1.0,1.0,0.0,Descriptive same-task same-replicate comparison; not a randomized causal estimate.
phase1_v2_task_009,2,solver_only,solver_plus_full_shenji,intervention,FileHit@6,1.0,1.0,0.0,Descriptive same-task same-replicate comparison; not a randomized causal estimate.
phase1_v2_task_010,1,solver_only,solver_plus_full_shenji,intervention,FileHit@6,1.0,1.0,0.0,Descriptive same-task same-replicate comparison; not a randomized causal estimate.
phase1_v2_task_010,2,solver_only,solver_plus_full_shenji,intervention,FileHit@6,1.0,1.0,0.0,Descriptive same-task same-replicate comparison; not a randomized causal estimate.
phase1_v2_task_011,1,solver_only,solver_plus_full_shenji,intervention,FileHit@6,1.0,1.0,0.0,Descriptive same-task same-replicate comparison; not a randomized causal estimate.
phase1_v2_task_011,2,solver_only,solver_plus_full_shenji,intervention,FileHit@6,1.0,1.0,0.0,Descriptive same-task same-replicate comparison; not a randomized causal estimate.
phase1_v2_task_011,3,solver_only,solver_plus_full_shenji,intervention,FileHit@6,1.0,1.0,0.0,Descriptive same-task same-replicate comparison; not a randomized causal estimate.
phase1_v2_task_012,1,solver_only,solver_plus_full_shenji,intervention,FileHit@6,1.0,1.0,0.0,Descriptive same-task same-replicate comparison; not a randomized causal estimate.
phase1_v2_task_012,2,solver_only,solver_plus_full_shenji,intervention,FileHit@6,1.0,1.0,0.0,Descriptive same-task same-replicate comparison; not a randomized causal estimate.
phase1_v2_task_013,1,solver_only,solver_plus_full_shenji,intervention,FileHit@6,1.0,1.0,0.0,Descriptive same-task same-replicate comparison; not a randomized causal estimate.
phase1_v2_task_013,2,solver_only,solver_plus_full_shenji,intervention,FileHit@6,1.0,1.0,0.0,Descriptive same-task same-replicate comparison; not a randomized causal estimate.
phase1_v2_task_014,1,solver_only,solver_plus_full_shenji,intervention,FileHit@6,1.0,0.0,-1.0,Descriptive same-task same-replicate comparison; not a randomized causal estimate.
phase1_v2_task_001,1,solver_only,solver_plus_full_shenji,intervention,MRR@3,1.0,1.0,0.0,Descriptive same-task same-replicate comparison; not a randomized causal estimate.
phase1_v2_task_001,2,solver_only,solver_plus_full_shenji,intervention,MRR@3,1.0,1.0,0.0,Descriptive same-task same-replicate comparison; not a randomized causal estimate.
phase1_v2_task_001,3,solver_only,solver_plus_full_shenji,intervention,MRR@3,1.0,1.0,0.0,Descriptive same-task same-replicate comparison; not a randomized causal estimate.
phase1_v2_task_002,1,solver_only,solver_plus_full_shenji,intervention,MRR@3,1.0,1.0,0.0,Descriptive same-task same-replicate comparison; not a randomized causal estimate.
phase1_v2_task_002,2,solver_only,solver_plus_full_shenji,intervention,MRR@3,1.0,1.0,0.0,Descriptive same-task same-replicate comparison; not a randomized causal estimate.
phase1_v2_task_003,1,solver_only,solver_plus_full_shenji,intervention,MRR@3,1.0,1.0,0.0,Descriptive same-task same-replicate comparison; not a randomized causal estimate.
phase1_v2_task_003,2,solver_only,solver_plus_full_shenji,intervention,MRR@3,1.0,1.0,0.0,Descriptive same-task same-replicate comparison; not a randomized causal estimate.
phase1_v2_task_004,1,solver_only,solver_plus_full_shenji,intervention,MRR@3,1.0,1.0,0.0,Descriptive same-task same-replicate comparison; not a randomized causal estimate.
phase1_v2_task_004,2,solver_only,solver_plus_full_shenji,intervention,MRR@3,1.0,1.0,0.0,Descriptive same-task same-replicate comparison; not a randomized causal estimate.
phase1_v2_task_004,3,solver_only,solver_plus_full_shenji,intervention,MRR@3,1.0,1.0,0.0,Descriptive same-task same-replicate comparison; not a randomized causal estimate.
phase1_v2_task_005,1,solver_only,solver_plus_full_shenji,intervention,MRR@3,1.0,1.0,0.0,Descriptive same-task same-replicate comparison; not a randomized causal estimate.
phase1_v2_task_005,2,solver_only,solver_plus_full_shenji,intervention,MRR@3,1.0,1.0,0.0,Descriptive same-task same-replicate comparison; not a randomized causal estimate.
phase1_v2_task_006,1,solver_only,solver_plus_full_shenji,intervention,MRR@3,1.0,1.0,0.0,Descriptive same-task same-replicate comparison; not a randomized causal estimate.
phase1_v2_task_006,2,solver_only,solver_plus_full_shenji,intervention,MRR@3,1.0,1.0,0.0,Descriptive same-task same-replicate comparison; not a randomized causal estimate.
phase1_v2_task_007,1,solver_only,solver_plus_full_shenji,intervention,MRR@3,1.0,1.0,0.0,Descriptive same-task same-replicate comparison; not a randomized causal estimate.
phase1_v2_task_007,2,solver_only,solver_plus_full_shenji,intervention,MRR@3,1.0,1.0,0.0,Descriptive same-task same-replicate comparison; not a randomized causal estimate.
phase1_v2_task_008,1,solver_only,solver_plus_full_shenji,intervention,MRR@3,1.0,1.0,0.0,Descriptive same-task same-replicate comparison; not a randomized causal estimate.
phase1_v2_task_008,2,solver_only,solver_plus_full_shenji,intervention,MRR@3,1.0,1.0,0.0,Descriptive same-task same-replicate comparison; not a randomized causal estimate.
phase1_v2_task_009,1,solver_only,solver_plus_full_shenji,intervention,MRR@3,1.0,1.0,0.0,Descriptive same-task same-replicate comparison; not a randomized causal estimate.
phase1_v2_task_009,2,solver_only,solver_plus_full_shenji,intervention,MRR@3,1.0,1.0,0.0,Descriptive same-task same-replicate comparison; not a randomized causal estimate.
phase1_v2_task_010,1,solver_only,solver_plus_full_shenji,intervention,MRR@3,1.0,1.0,0.0,Descriptive same-task same-replicate comparison; not a randomized causal estimate.
phase1_v2_task_010,2,solver_only,solver_plus_full_shenji,intervention,MRR@3,1.0,1.0,0.0,Descriptive same-task same-replicate comparison; not a randomized causal estimate.
phase1_v2_task_011,1,solver_only,solver_plus_full_shenji,intervention,MRR@3,1.0,1.0,0.0,Descriptive same-task same-replicate comparison; not a randomized causal estimate.
phase1_v2_task_011,2,solver_only,solver_plus_full_shenji,intervention,MRR@3,1.0,1.0,0.0,Descriptive same-task same-replicate comparison; not a randomized causal estimate.
phase1_v2_task_011,3,solver_only,solver_plus_full_shenji,intervention,MRR@3,1.0,1.0,0.0,Descriptive same-task same-replicate comparison; not a randomized causal estimate.
phase1_v2_task_012,1,solver_only,solver_plus_full_shenji,intervention,MRR@3,1.0,1.0,0.0,Descriptive same-task same-replicate comparison; not a randomized causal estimate.
phase1_v2_task_012,2,solver_only,solver_plus_full_shenji,intervention,MRR@3,1.0,1.0,0.0,Descriptive same-task same-replicate comparison; not a randomized causal estimate.
phase1_v2_task_013,1,solver_only,solver_plus_full_shenji,intervention,MRR@3,1.0,1.0,0.0,Descriptive same-task same-replicate comparison; not a randomized causal estimate.
phase1_v2_task_013,2,solver_only,solver_plus_full_shenji,intervention,MRR@3,1.0,1.0,0.0,Descriptive same-task same-replicate comparison; not a randomized causal estimate.
phase1_v2_task_014,1,solver_only,solver_plus_full_shenji,intervention,MRR@3,1.0,0.0,-1.0,Descriptive same-task same-replicate comparison; not a randomized causal estimate.
phase1_v2_task_001,1,solver_only,solver_plus_full_shenji,intervention,MultiFileRecall@6,0.25,0.25,0.0,Descriptive same-task same-replicate comparison; not a randomized causal estimate.
phase1_v2_task_001,2,solver_only,solver_plus_full_shenji,intervention,MultiFileRecall@6,0.25,0.25,0.0,Descriptive same-task same-replicate comparison; not a randomized causal estimate.
phase1_v2_task_001,3,solver_only,solver_plus_full_shenji,intervention,MultiFileRecall@6,0.5,0.5,0.0,Descriptive same-task same-replicate comparison; not a randomized causal estimate.
phase1_v2_task_002,1,solver_only,solver_plus_full_shenji,intervention,MultiFileRecall@6,0.5,0.5,0.0,Descriptive same-task same-replicate comparison; not a randomized causal estimate.
phase1_v2_task_002,2,solver_only,solver_plus_full_shenji,intervention,MultiFileRecall@6,0.5,0.5,0.0,Descriptive same-task same-replicate comparison; not a randomized causal estimate.
phase1_v2_task_003,1,solver_only,solver_plus_full_shenji,intervention,MultiFileRecall@6,0.285714,0.142857,-0.142857,Descriptive same-task same-replicate comparison; not a randomized causal estimate.
phase1_v2_task_003,2,solver_only,solver_plus_full_shenji,intervention,MultiFileRecall@6,0.142857,0.142857,0.0,Descriptive same-task same-replicate comparison; not a randomized causal estimate.
phase1_v2_task_004,1,solver_only,solver_plus_full_shenji,intervention,MultiFileRecall@6,0.25,0.25,0.0,Descriptive same-task same-replicate comparison; not a randomized causal estimate.
phase1_v2_task_004,2,solver_only,solver_plus_full_shenji,intervention,MultiFileRecall@6,0.25,0.25,0.0,Descriptive same-task same-replicate comparison; not a randomized causal estimate.
phase1_v2_task_004,3,solver_only,solver_plus_full_shenji,intervention,MultiFileRecall@6,0.25,0.25,0.0,Descriptive same-task same-replicate comparison; not a randomized causal estimate.
phase1_v2_task_005,1,solver_only,solver_plus_full_shenji,intervention,MultiFileRecall@6,0.5,0.5,0.0,Descriptive same-task same-replicate comparison; not a randomized causal estimate.
phase1_v2_task_005,2,solver_only,solver_plus_full_shenji,intervention,MultiFileRecall@6,0.5,0.5,0.0,Descriptive same-task same-replicate comparison; not a randomized causal estimate.
phase1_v2_task_006,1,solver_only,solver_plus_full_shenji,intervention,MultiFileRecall@6,1.0,1.0,0.0,Descriptive same-task same-replicate comparison; not a randomized causal estimate.
phase1_v2_task_006,2,solver_only,solver_plus_full_shenji,intervention,MultiFileRecall@6,1.0,1.0,0.0,Descriptive same-task same-replicate comparison; not a randomized causal estimate.
phase1_v2_task_007,1,solver_only,solver_plus_full_shenji,intervention,MultiFileRecall@6,0.5,0.5,0.0,Descriptive same-task same-replicate comparison; not a randomized causal estimate.
phase1_v2_task_007,2,solver_only,solver_plus_full_shenji,intervention,MultiFileRecall@6,0.5,0.5,0.0,Descriptive same-task same-replicate comparison; not a randomized causal estimate.
phase1_v2_task_008,1,solver_only,solver_plus_full_shenji,intervention,MultiFileRecall@6,0.4,0.4,0.0,Descriptive same-task same-replicate comparison; not a randomized causal estimate.
phase1_v2_task_008,2,solver_only,solver_plus_full_shenji,intervention,MultiFileRecall@6,0.4,0.4,0.0,Descriptive same-task same-replicate comparison; not a randomized causal estimate.
phase1_v2_task_009,1,solver_only,solver_plus_full_shenji,intervention,MultiFileRecall@6,0.5,0.5,0.0,Descriptive same-task same-replicate comparison; not a randomized causal estimate.
phase1_v2_task_009,2,solver_only,solver_plus_full_shenji,intervention,MultiFileRecall@6,0.5,0.5,0.0,Descriptive same-task same-replicate comparison; not a randomized causal estimate.
phase1_v2_task_010,1,solver_only,solver_plus_full_shenji,intervention,MultiFileRecall@6,0.5,0.5,0.0,Descriptive same-task same-replicate comparison; not a randomized causal estimate.
phase1_v2_task_010,2,solver_only,solver_plus_full_shenji,intervention,MultiFileRecall@6,0.5,0.5,0.0,Descriptive same-task same-replicate comparison; not a randomized causal estimate.
phase1_v2_task_011,1,solver_only,solver_plus_full_shenji,intervention,MultiFileRecall@6,0.571429,0.571429,0.0,Descriptive same-task same-replicate comparison; not a randomized causal estimate.
phase1_v2_task_011,2,solver_only,solver_plus_full_shenji,intervention,MultiFileRecall@6,0.571429,0.571429,0.0,Descriptive same-task same-replicate comparison; not a randomized causal estimate.
phase1_v2_task_011,3,solver_only,solver_plus_full_shenji,intervention,MultiFileRecall@6,0.571429,0.428571,-0.142858,Descriptive same-task same-replicate comparison; not a randomized causal estimate.
phase1_v2_task_012,1,solver_only,solver_plus_full_shenji,intervention,MultiFileRecall@6,0.5,0.5,0.0,Descriptive same-task same-replicate comparison; not a randomized causal estimate.
phase1_v2_task_012,2,solver_only,solver_plus_full_shenji,intervention,MultiFileRecall@6,0.5,0.5,0.0,Descriptive same-task same-replicate comparison; not a randomized causal estimate.
phase1_v2_task_013,1,solver_only,solver_plus_full_shenji,intervention,MultiFileRecall@6,0.25,0.25,0.0,Descriptive same-task same-replicate comparison; not a randomized causal estimate.
phase1_v2_task_013,2,solver_only,solver_plus_full_shenji,intervention,MultiFileRecall@6,0.25,0.25,0.0,Descriptive same-task same-replicate comparison; not a randomized causal estimate.
phase1_v2_task_014,1,solver_only,solver_plus_full_shenji,intervention,MultiFileRecall@6,0.666667,0.0,-0.666667,Descriptive same-task same-replicate comparison; not a randomized causal estimate.
